origin_index,history_start_index,origin_timestamp,history_start_timestamp,split,resolution,resolution_minutes,feature_set,history_hours,history_steps,n_features,history_interpolated_fraction,target_index_h60,target_timestamp_h60,target_index_h120,target_timestamp_h120,target_index_h240,target_timestamp_h240,target_index_h480,target_timestamp_h480
24545,24366,2026-05-29 04:20:00,2026-05-28 16:24:00,train,4min,4,SHT_AUX_TIME,12,180,8,0.03888888888888889,24560,2026-05-29 05:20:00,24575,2026-05-29 06:20:00,24605,2026-05-29 08:20:00,24665,2026-05-29 12:20:00
24546,24367,2026-05-29 04:24:00,2026-05-28 16:28:00,train,4min,4,SHT_AUX_TIME,12,180,8,0.03888888888888889,24561,2026-05-29 05:24:00,24576,2026-05-29 06:24:00,24606,2026-05-29 08:24:00,24666,2026-05-29 12:24:00
24547,24368,2026-05-29 04:28:00,2026-05-28 16:32:00,train,4min,4,SHT_AUX_TIME,12,180,8,0.03888888888888889,24562,2026-05-29 05:28:00,24577,2026-05-29 06:28:00,24607,2026-05-29 08:28:00,24667,2026-05-29 12:28:00
24548,24369,2026-05-29 04:32:00,2026-05-28 16:36:00,train,4min,4,SHT_AUX_TIME,12,180,8,0.03888888888888889,24563,2026-05-29 05:32:00,24578,2026-05-29 06:32:00,24608,2026-05-29 08:32:00,24668,2026-05-29 12:32:00
24549,24370,2026-05-29 04:36:00,2026-05-28 16:40:00,train,4min,4,SHT_AUX_TIME,12,180,8,0.03888888888888889,24564,2026-05-29 05:36:00,24579,2026-05-29 06:36:00,24609,2026-05-29 08:36:00,24669,2026-05-29 12:36:00
24550,24371,2026-05-29 04:40:00,2026-05-28 16:44:00,train,4min,4,SHT_AUX_TIME,12,180,8,0.03888888888888889,24565,2026-05-29 05:40:00,24580,2026-05-29 06:40:00,24610,2026-05-29 08:40:00,24670,2026-05-29 12:40:00
24551,24372,2026-05-29 04:44:00,2026-05-28 16:48:00,train,4min,4,SHT_AUX_TIME,12,180,8,0.03888888888888889,24566,2026-05-29 05:44:00,24581,2026-05-29 06:44:00,24611,2026-05-29 08:44:00,24671,2026-05-29 12:44:00
24552,24373,2026-05-29 04:48:00,2026-05-28 16:52:00,train,4min,4,SHT_AUX_TIME,12,180,8,0.03888888888888889,24567,2026-05-29 05:48:00,24582,2026-05-29 06:48:00,24612,2026-05-29 08:48:00,24672,2026-05-29 12:48:00
24553,24374,2026-05-29 04:52:00,2026-05-28 16:56:00,train,4min,4,SHT_AUX_TIME,12,180,8,0.03888888888888889,24568,2026-05-29 05:52:00,24583,2026-05-29 06:52:00,24613,2026-05-29 08:52:00,24673,2026-05-29 12:52:00
24554,24375,2026-05-29 04:56:00,2026-05-28 17:00:00,train,4min,4,SHT_AUX_TIME,12,180,8,0.03888888888888889,24569,2026-05-29 05:56:00,24584,2026-05-29 06:56:00,24614,2026-05-29 08:56:00,24674,2026-05-29 12:56:00
24555,24376,2026-05-29 05:00:00,2026-05-28 17:04:00,train,4min,4,SHT_AUX_TIME,12,180,8,0.03888888888888889,24570,2026-05-29 06:00:00,24585,2026-05-29 07:00:00,24615,2026-05-29 09:00:00,24675,2026-05-29 13:00:00
24556,24377,2026-05-29 05:04:00,2026-05-28 17:08:00,train,4min,4,SHT_AUX_TIME,12,180,8,0.03888888888888889,24571,2026-05-29 06:04:00,24586,2026-05-29 07:04:00,24616,2026-05-29 09:04:00,24676,2026-05-29 13:04:00
24557,24378,2026-05-29 05:08:00,2026-05-28 17:12:00,train,4min,4,SHT_AUX_TIME,12,180,8,0.03888888888888889,24572,2026-05-29 06:08:00,24587,2026-05-29 07:08:00,24617,2026-05-29 09:08:00,24677,2026-05-29 13:08:00
24558,24379,2026-05-29 05:12:00,2026-05-28 17:16:00,train,4min,4,SHT_AUX_TIME,12,180,8,0.03888888888888889,24573,2026-05-29 06:12:00,24588,2026-05-29 07:12:00,24618,2026-05-29 09:12:00,24678,2026-05-29 13:12:00
24559,24380,2026-05-29 05:16:00,2026-05-28 17:20:00,train,4min,4,SHT_AUX_TIME,12,180,8,0.044444444444444446,24574,2026-05-29 06:16:00,24589,2026-05-29 07:16:00,24619,2026-05-29 09:16:00,24679,2026-05-29 13:16:00
24560,24381,2026-05-29 05:20:00,2026-05-28 17:24:00,train,4min,4,SHT_AUX_TIME,12,180,8,0.044444444444444446,24575,2026-05-29 06:20:00,24590,2026-05-29 07:20:00,24620,2026-05-29 09:20:00,24680,2026-05-29 13:20:00
24561,24382,2026-05-29 05:24:00,2026-05-28 17:28:00,train,4min,4,SHT_AUX_TIME,12,180,8,0.044444444444444446,24576,2026-05-29 06:24:00,24591,2026-05-29 07:24:00,24621,2026-05-29 09:24:00,24681,2026-05-29 13:24:00
24562,24383,2026-05-29 05:28:00,2026-05-28 17:32:00,train,4min,4,SHT_AUX_TIME,12,180,8,0.044444444444444446,24577,2026-05-29 06:28:00,24592,2026-05-29 07:28:00,24622,2026-05-29 09:28:00,24682,2026-05-29 13:28:00
24564,24385,2026-05-29 05:36:00,2026-05-28 17:40:00,train,4min,4,SHT_AUX_TIME,12,180,8,0.044444444444444446,24579,2026-05-29 06:36:00,24594,2026-05-29 07:36:00,24624,2026-05-29 09:36:00,24684,2026-05-29 13:36:00
24565,24386,2026-05-29 05:40:00,2026-05-28 17:44:00,train,4min,4,SHT_AUX_TIME,12,180,8,0.044444444444444446,24580,2026-05-29 06:40:00,24595,2026-05-29 07:40:00,24625,2026-05-29 09:40:00,24685,2026-05-29 13:40:00
24567,24388,2026-05-29 05:48:00,2026-05-28 17:52:00,train,4min,4,SHT_AUX_TIME,12,180,8,0.03888888888888889,24582,2026-05-29 06:48:00,24597,2026-05-29 07:48:00,24627,2026-05-29 09:48:00,24687,2026-05-29 13:48:00
24568,24389,2026-05-29 05:52:00,2026-05-28 17:56:00,train,4min,4,SHT_AUX_TIME,12,180,8,0.03888888888888889,24583,2026-05-29 06:52:00,24598,2026-05-29 07:52:00,24628,2026-05-29 09:52:00,24688,2026-05-29 13:52:00
24569,24390,2026-05-29 05:56:00,2026-05-28 18:00:00,train,4min,4,SHT_AUX_TIME,12,180,8,0.03888888888888889,24584,2026-05-29 06:56:00,24599,2026-05-29 07:56:00,24629,2026-05-29 09:56:00,24689,2026-05-29 13:56:00
24572,24393,2026-05-29 06:08:00,2026-05-28 18:12:00,train,4min,4,SHT_AUX_TIME,12,180,8,0.03888888888888889,24587,2026-05-29 07:08:00,24602,2026-05-29 08:08:00,24632,2026-05-29 10:08:00,24692,2026-05-29 14:08:00
24573,24394,2026-05-29 06:12:00,2026-05-28 18:16:00,train,4min,4,SHT_AUX_TIME,12,180,8,0.03888888888888889,24588,2026-05-29 07:12:00,24603,2026-05-29 08:12:00,24633,2026-05-29 10:12:00,24693,2026-05-29 14:12:00
24574,24395,2026-05-29 06:16:00,2026-05-28 18:20:00,train,4min,4,SHT_AUX_TIME,12,180,8,0.03888888888888889,24589,2026-05-29 07:16:00,24604,2026-05-29 08:16:00,24634,2026-05-29 10:16:00,24694,2026-05-29 14:16:00
24575,24396,2026-05-29 06:20:00,2026-05-28 18:24:00,train,4min,4,SHT_AUX_TIME,12,180,8,0.03888888888888889,24590,2026-05-29 07:20:00,24605,2026-05-29 08:20:00,24635,2026-05-29 10:20:00,24695,2026-05-29 14:20:00
24576,24397,2026-05-29 06:24:00,2026-05-28 18:28:00,train,4min,4,SHT_AUX_TIME,12,180,8,0.03888888888888889,24591,2026-05-29 07:24:00,24606,2026-05-29 08:24:00,24636,2026-05-29 10:24:00,24696,2026-05-29 14:24:00
24577,24398,2026-05-29 06:28:00,2026-05-28 18:32:00,train,4min,4,SHT_AUX_TIME,12,180,8,0.03888888888888889,24592,2026-05-29 07:28:00,24607,2026-05-29 08:28:00,24637,2026-05-29 10:28:00,24697,2026-05-29 14:28:00
24579,24400,2026-05-29 06:36:00,2026-05-28 18:40:00,train,4min,4,SHT_AUX_TIME,12,180,8,0.03888888888888889,24594,2026-05-29 07:36:00,24609,2026-05-29 08:36:00,24639,2026-05-29 10:36:00,24699,2026-05-29 14:36:00
24580,24401,2026-05-29 06:40:00,2026-05-28 18:44:00,train,4min,4,SHT_AUX_TIME,12,180,8,0.03888888888888889,24595,2026-05-29 07:40:00,24610,2026-05-29 08:40:00,24640,2026-05-29 10:40:00,24700,2026-05-29 14:40:00
24581,24402,2026-05-29 06:44:00,2026-05-28 18:48:00,train,4min,4,SHT_AUX_TIME,12,180,8,0.03888888888888889,24596,2026-05-29 07:44:00,24611,2026-05-29 08:44:00,24641,2026-05-29 10:44:00,24701,2026-05-29 14:44:00
24582,24403,2026-05-29 06:48:00,2026-05-28 18:52:00,train,4min,4,SHT_AUX_TIME,12,180,8,0.03888888888888889,24597,2026-05-29 07:48:00,24612,2026-05-29 08:48:00,24642,2026-05-29 10:48:00,24702,2026-05-29 14:48:00
24583,24404,2026-05-29 06:52:00,2026-05-28 18:56:00,train,4min,4,SHT_AUX_TIME,12,180,8,0.03888888888888889,24598,2026-05-29 07:52:00,24613,2026-05-29 08:52:00,24643,2026-05-29 10:52:00,24703,2026-05-29 14:52:00
24585,24406,2026-05-29 07:00:00,2026-05-28 19:04:00,train,4min,4,SHT_AUX_TIME,12,180,8,0.03888888888888889,24600,2026-05-29 08:00:00,24615,2026-05-29 09:00:00,24645,2026-05-29 11:00:00,24705,2026-05-29 15:00:00
24586,24407,2026-05-29 07:04:00,2026-05-28 19:08:00,train,4min,4,SHT_AUX_TIME,12,180,8,0.03888888888888889,24601,2026-05-29 08:04:00,24616,2026-05-29 09:04:00,24646,2026-05-29 11:04:00,24706,2026-05-29 15:04:00
24587,24408,2026-05-29 07:08:00,2026-05-28 19:12:00,train,4min,4,SHT_AUX_TIME,12,180,8,0.03888888888888889,24602,2026-05-29 08:08:00,24617,2026-05-29 09:08:00,24647,2026-05-29 11:08:00,24707,2026-05-29 15:08:00
24588,24409,2026-05-29 07:12:00,2026-05-28 19:16:00,train,4min,4,SHT_AUX_TIME,12,180,8,0.03888888888888889,24603,2026-05-29 08:12:00,24618,2026-05-29 09:12:00,24648,2026-05-29 11:12:00,24708,2026-05-29 15:12:00
24589,24410,2026-05-29 07:16:00,2026-05-28 19:20:00,train,4min,4,SHT_AUX_TIME,12,180,8,0.03888888888888889,24604,2026-05-29 08:16:00,24619,2026-05-29 09:16:00,24649,2026-05-29 11:16:00,24709,2026-05-29 15:16:00
24590,24411,2026-05-29 07:20:00,2026-05-28 19:24:00,train,4min,4,SHT_AUX_TIME,12,180,8,0.03888888888888889,24605,2026-05-29 08:20:00,24620,2026-05-29 09:20:00,24650,2026-05-29 11:20:00,24710,2026-05-29 15:20:00
24591,24412,2026-05-29 07:24:00,2026-05-28 19:28:00,train,4min,4,SHT_AUX_TIME,12,180,8,0.03888888888888889,24606,2026-05-29 08:24:00,24621,2026-05-29 09:24:00,24651,2026-05-29 11:24:00,24711,2026-05-29 15:24:00
24592,24413,2026-05-29 07:28:00,2026-05-28 19:32:00,train,4min,4,SHT_AUX_TIME,12,180,8,0.03888888888888889,24607,2026-05-29 08:28:00,24622,2026-05-29 09:28:00,24652,2026-05-29 11:28:00,24712,2026-05-29 15:28:00
24593,24414,2026-05-29 07:32:00,2026-05-28 19:36:00,train,4min,4,SHT_AUX_TIME,12,180,8,0.044444444444444446,24608,2026-05-29 08:32:00,24623,2026-05-29 09:32:00,24653,2026-05-29 11:32:00,24713,2026-05-29 15:32:00
24594,24415,2026-05-29 07:36:00,2026-05-28 19:40:00,train,4min,4,SHT_AUX_TIME,12,180,8,0.044444444444444446,24609,2026-05-29 08:36:00,24624,2026-05-29 09:36:00,24654,2026-05-29 11:36:00,24714,2026-05-29 15:36:00
24595,24416,2026-05-29 07:40:00,2026-05-28 19:44:00,train,4min,4,SHT_AUX_TIME,12,180,8,0.044444444444444446,24610,2026-05-29 08:40:00,24625,2026-05-29 09:40:00,24655,2026-05-29 11:40:00,24715,2026-05-29 15:40:00
24597,24418,2026-05-29 07:48:00,2026-05-28 19:52:00,train,4min,4,SHT_AUX_TIME,12,180,8,0.044444444444444446,24612,2026-05-29 08:48:00,24627,2026-05-29 09:48:00,24657,2026-05-29 11:48:00,24717,2026-05-29 15:48:00
24598,24419,2026-05-29 07:52:00,2026-05-28 19:56:00,train,4min,4,SHT_AUX_TIME,12,180,8,0.044444444444444446,24613,2026-05-29 08:52:00,24628,2026-05-29 09:52:00,24658,2026-05-29 11:52:00,24718,2026-05-29 15:52:00
24599,24420,2026-05-29 07:56:00,2026-05-28 20:00:00,train,4min,4,SHT_AUX_TIME,12,180,8,0.03888888888888889,24614,2026-05-29 08:56:00,24629,2026-05-29 09:56:00,24659,2026-05-29 11:56:00,24719,2026-05-29 15:56:00
24601,24422,2026-05-29 08:04:00,2026-05-28 20:08:00,train,4min,4,SHT_AUX_TIME,12,180,8,0.03888888888888889,24616,2026-05-29 09:04:00,24631,2026-05-29 10:04:00,24661,2026-05-29 12:04:00,24721,2026-05-29 16:04:00
24602,24423,2026-05-29 08:08:00,2026-05-28 20:12:00,train,4min,4,SHT_AUX_TIME,12,180,8,0.03888888888888889,24617,2026-05-29 09:08:00,24632,2026-05-29 10:08:00,24662,2026-05-29 12:08:00,24722,2026-05-29 16:08:00
24603,24424,2026-05-29 08:12:00,2026-05-28 20:16:00,train,4min,4,SHT_AUX_TIME,12,180,8,0.03888888888888889,24618,2026-05-29 09:12:00,24633,2026-05-29 10:12:00,24663,2026-05-29 12:12:00,24723,2026-05-29 16:12:00
24605,24426,2026-05-29 08:20:00,2026-05-28 20:24:00,train,4min,4,SHT_AUX_TIME,12,180,8,0.03888888888888889,24620,2026-05-29 09:20:00,24635,2026-05-29 10:20:00,24665,2026-05-29 12:20:00,24725,2026-05-29 16:20:00
24606,24427,2026-05-29 08:24:00,2026-05-28 20:28:00,train,4min,4,SHT_AUX_TIME,12,180,8,0.03888888888888889,24621,2026-05-29 09:24:00,24636,2026-05-29 10:24:00,24666,2026-05-29 12:24:00,24726,2026-05-29 16:24:00
24607,24428,2026-05-29 08:28:00,2026-05-28 20:32:00,train,4min,4,SHT_AUX_TIME,12,180,8,0.03888888888888889,24622,2026-05-29 09:28:00,24637,2026-05-29 10:28:00,24667,2026-05-29 12:28:00,24727,2026-05-29 16:28:00
24608,24429,2026-05-29 08:32:00,2026-05-28 20:36:00,train,4min,4,SHT_AUX_TIME,12,180,8,0.03888888888888889,24623,2026-05-29 09:32:00,24638,2026-05-29 10:32:00,24668,2026-05-29 12:32:00,24728,2026-05-29 16:32:00
24609,24430,2026-05-29 08:36:00,2026-05-28 20:40:00,train,4min,4,SHT_AUX_TIME,12,180,8,0.03888888888888889,24624,2026-05-29 09:36:00,24639,2026-05-29 10:36:00,24669,2026-05-29 12:36:00,24729,2026-05-29 16:36:00
24610,24431,2026-05-29 08:40:00,2026-05-28 20:44:00,train,4min,4,SHT_AUX_TIME,12,180,8,0.03888888888888889,24625,2026-05-29 09:40:00,24640,2026-05-29 10:40:00,24670,2026-05-29 12:40:00,24730,2026-05-29 16:40:00
24612,24433,2026-05-29 08:48:00,2026-05-28 20:52:00,train,4min,4,SHT_AUX_TIME,12,180,8,0.03888888888888889,24627,2026-05-29 09:48:00,24642,2026-05-29 10:48:00,24672,2026-05-29 12:48:00,24732,2026-05-29 16:48:00
24613,24434,2026-05-29 08:52:00,2026-05-28 20:56:00,train,4min,4,SHT_AUX_TIME,12,180,8,0.03888888888888889,24628,2026-05-29 09:52:00,24643,2026-05-29 10:52:00,24673,2026-05-29 12:52:00,24733,2026-05-29 16:52:00
24616,24437,2026-05-29 09:04:00,2026-05-28 21:08:00,train,4min,4,SHT_AUX_TIME,12,180,8,0.03888888888888889,24631,2026-05-29 10:04:00,24646,2026-05-29 11:04:00,24676,2026-05-29 13:04:00,24736,2026-05-29 17:04:00
24617,24438,2026-05-29 09:08:00,2026-05-28 21:12:00,train,4min,4,SHT_AUX_TIME,12,180,8,0.03888888888888889,24632,2026-05-29 10:08:00,24647,2026-05-29 11:08:00,24677,2026-05-29 13:08:00,24737,2026-05-29 17:08:00
24618,24439,2026-05-29 09:12:00,2026-05-28 21:16:00,train,4min,4,SHT_AUX_TIME,12,180,8,0.03888888888888889,24633,2026-05-29 10:12:00,24648,2026-05-29 11:12:00,24678,2026-05-29 13:12:00,24738,2026-05-29 17:12:00
24619,24440,2026-05-29 09:16:00,2026-05-28 21:20:00,train,4min,4,SHT_AUX_TIME,12,180,8,0.03888888888888889,24634,2026-05-29 10:16:00,24649,2026-05-29 11:16:00,24679,2026-05-29 13:16:00,24739,2026-05-29 17:16:00
24620,24441,2026-05-29 09:20:00,2026-05-28 21:24:00,train,4min,4,SHT_AUX_TIME,12,180,8,0.03888888888888889,24635,2026-05-29 10:20:00,24650,2026-05-29 11:20:00,24680,2026-05-29 13:20:00,24740,2026-05-29 17:20:00
24621,24442,2026-05-29 09:24:00,2026-05-28 21:28:00,train,4min,4,SHT_AUX_TIME,12,180,8,0.03888888888888889,24636,2026-05-29 10:24:00,24651,2026-05-29 11:24:00,24681,2026-05-29 13:24:00,24741,2026-05-29 17:24:00
24622,24443,2026-05-29 09:28:00,2026-05-28 21:32:00,train,4min,4,SHT_AUX_TIME,12,180,8,0.03888888888888889,24637,2026-05-29 10:28:00,24652,2026-05-29 11:28:00,24682,2026-05-29 13:28:00,24742,2026-05-29 17:28:00
24623,24444,2026-05-29 09:32:00,2026-05-28 21:36:00,train,4min,4,SHT_AUX_TIME,12,180,8,0.03888888888888889,24638,2026-05-29 10:32:00,24653,2026-05-29 11:32:00,24683,2026-05-29 13:32:00,24743,2026-05-29 17:32:00
24624,24445,2026-05-29 09:36:00,2026-05-28 21:40:00,train,4min,4,SHT_AUX_TIME,12,180,8,0.03888888888888889,24639,2026-05-29 10:36:00,24654,2026-05-29 11:36:00,24684,2026-05-29 13:36:00,24744,2026-05-29 17:36:00
24625,24446,2026-05-29 09:40:00,2026-05-28 21:44:00,train,4min,4,SHT_AUX_TIME,12,180,8,0.03888888888888889,24640,2026-05-29 10:40:00,24655,2026-05-29 11:40:00,24685,2026-05-29 13:40:00,24745,2026-05-29 17:40:00
24627,24448,2026-05-29 09:48:00,2026-05-28 21:52:00,train,4min,4,SHT_AUX_TIME,12,180,8,0.044444444444444446,24642,2026-05-29 10:48:00,24657,2026-05-29 11:48:00,24687,2026-05-29 13:48:00,24747,2026-05-29 17:48:00
24628,24449,2026-05-29 09:52:00,2026-05-28 21:56:00,train,4min,4,SHT_AUX_TIME,12,180,8,0.044444444444444446,24643,2026-05-29 10:52:00,24658,2026-05-29 11:52:00,24688,2026-05-29 13:52:00,24748,2026-05-29 17:52:00
24630,24451,2026-05-29 10:00:00,2026-05-28 22:04:00,train,4min,4,SHT_AUX_TIME,12,180,8,0.05,24645,2026-05-29 11:00:00,24660,2026-05-29 12:00:00,24690,2026-05-29 14:00:00,24750,2026-05-29 18:00:00
24632,24453,2026-05-29 10:08:00,2026-05-28 22:12:00,train,4min,4,SHT_AUX_TIME,12,180,8,0.05,24647,2026-05-29 11:08:00,24662,2026-05-29 12:08:00,24692,2026-05-29 14:08:00,24752,2026-05-29 18:08:00
24633,24454,2026-05-29 10:12:00,2026-05-28 22:16:00,train,4min,4,SHT_AUX_TIME,12,180,8,0.05,24648,2026-05-29 11:12:00,24663,2026-05-29 12:12:00,24693,2026-05-29 14:12:00,24753,2026-05-29 18:12:00
24634,24455,2026-05-29 10:16:00,2026-05-28 22:20:00,train,4min,4,SHT_AUX_TIME,12,180,8,0.05,24649,2026-05-29 11:16:00,24664,2026-05-29 12:16:00,24694,2026-05-29 14:16:00,24754,2026-05-29 18:16:00
24635,24456,2026-05-29 10:20:00,2026-05-28 22:24:00,train,4min,4,SHT_AUX_TIME,12,180,8,0.044444444444444446,24650,2026-05-29 11:20:00,24665,2026-05-29 12:20:00,24695,2026-05-29 14:20:00,24755,2026-05-29 18:20:00
24636,24457,2026-05-29 10:24:00,2026-05-28 22:28:00,train,4min,4,SHT_AUX_TIME,12,180,8,0.044444444444444446,24651,2026-05-29 11:24:00,24666,2026-05-29 12:24:00,24696,2026-05-29 14:24:00,24756,2026-05-29 18:24:00
24637,24458,2026-05-29 10:28:00,2026-05-28 22:32:00,train,4min,4,SHT_AUX_TIME,12,180,8,0.044444444444444446,24652,2026-05-29 11:28:00,24667,2026-05-29 12:28:00,24697,2026-05-29 14:28:00,24757,2026-05-29 18:28:00
24638,24459,2026-05-29 10:32:00,2026-05-28 22:36:00,train,4min,4,SHT_AUX_TIME,12,180,8,0.044444444444444446,24653,2026-05-29 11:32:00,24668,2026-05-29 12:32:00,24698,2026-05-29 14:32:00,24758,2026-05-29 18:32:00
24639,24460,2026-05-29 10:36:00,2026-05-28 22:40:00,train,4min,4,SHT_AUX_TIME,12,180,8,0.044444444444444446,24654,2026-05-29 11:36:00,24669,2026-05-29 12:36:00,24699,2026-05-29 14:36:00,24759,2026-05-29 18:36:00
24642,24463,2026-05-29 10:48:00,2026-05-28 22:52:00,train,4min,4,SHT_AUX_TIME,12,180,8,0.044444444444444446,24657,2026-05-29 11:48:00,24672,2026-05-29 12:48:00,24702,2026-05-29 14:48:00,24762,2026-05-29 18:48:00
24643,24464,2026-05-29 10:52:00,2026-05-28 22:56:00,train,4min,4,SHT_AUX_TIME,12,180,8,0.044444444444444446,24658,2026-05-29 11:52:00,24673,2026-05-29 12:52:00,24703,2026-05-29 14:52:00,24763,2026-05-29 18:52:00
24644,24465,2026-05-29 10:56:00,2026-05-28 23:00:00,train,4min,4,SHT_AUX_TIME,12,180,8,0.05,24659,2026-05-29 11:56:00,24674,2026-05-29 12:56:00,24704,2026-05-29 14:56:00,24764,2026-05-29 18:56:00
24645,24466,2026-05-29 11:00:00,2026-05-28 23:04:00,train,4min,4,SHT_AUX_TIME,12,180,8,0.05,24660,2026-05-29 12:00:00,24675,2026-05-29 13:00:00,24705,2026-05-29 15:00:00,24765,2026-05-29 19:00:00
24646,24467,2026-05-29 11:04:00,2026-05-28 23:08:00,train,4min,4,SHT_AUX_TIME,12,180,8,0.05,24661,2026-05-29 12:04:00,24676,2026-05-29 13:04:00,24706,2026-05-29 15:04:00,24766,2026-05-29 19:04:00
24647,24468,2026-05-29 11:08:00,2026-05-28 23:12:00,train,4min,4,SHT_AUX_TIME,12,180,8,0.05,24662,2026-05-29 12:08:00,24677,2026-05-29 13:08:00,24707,2026-05-29 15:08:00,24767,2026-05-29 19:08:00
24648,24469,2026-05-29 11:12:00,2026-05-28 23:16:00,train,4min,4,SHT_AUX_TIME,12,180,8,0.05,24663,2026-05-29 12:12:00,24678,2026-05-29 13:12:00,24708,2026-05-29 15:12:00,24768,2026-05-29 19:12:00
24649,24470,2026-05-29 11:16:00,2026-05-28 23:20:00,train,4min,4,SHT_AUX_TIME,12,180,8,0.05,24664,2026-05-29 12:16:00,24679,2026-05-29 13:16:00,24709,2026-05-29 15:16:00,24769,2026-05-29 19:16:00
24650,24471,2026-05-29 11:20:00,2026-05-28 23:24:00,train,4min,4,SHT_AUX_TIME,12,180,8,0.05,24665,2026-05-29 12:20:00,24680,2026-05-29 13:20:00,24710,2026-05-29 15:20:00,24770,2026-05-29 19:20:00
24651,24472,2026-05-29 11:24:00,2026-05-28 23:28:00,train,4min,4,SHT_AUX_TIME,12,180,8,0.05,24666,2026-05-29 12:24:00,24681,2026-05-29 13:24:00,24711,2026-05-29 15:24:00,24771,2026-05-29 19:24:00
24652,24473,2026-05-29 11:28:00,2026-05-28 23:32:00,train,4min,4,SHT_AUX_TIME,12,180,8,0.05,24667,2026-05-29 12:28:00,24682,2026-05-29 13:28:00,24712,2026-05-29 15:28:00,24772,2026-05-29 19:28:00
24653,24474,2026-05-29 11:32:00,2026-05-28 23:36:00,train,4min,4,SHT_AUX_TIME,12,180,8,0.05,24668,2026-05-29 12:32:00,24683,2026-05-29 13:32:00,24713,2026-05-29 15:32:00,24773,2026-05-29 19:32:00
24654,24475,2026-05-29 11:36:00,2026-05-28 23:40:00,train,4min,4,SHT_AUX_TIME,12,180,8,0.05,24669,2026-05-29 12:36:00,24684,2026-05-29 13:36:00,24714,2026-05-29 15:36:00,24774,2026-05-29 19:36:00
24655,24476,2026-05-29 11:40:00,2026-05-28 23:44:00,train,4min,4,SHT_AUX_TIME,12,180,8,0.05,24670,2026-05-29 12:40:00,24685,2026-05-29 13:40:00,24715,2026-05-29 15:40:00,24775,2026-05-29 19:40:00
24663,24484,2026-05-29 12:12:00,2026-05-29 00:16:00,train,4min,4,SHT_AUX_TIME,12,180,8,0.05,24678,2026-05-29 13:12:00,24693,2026-05-29 14:12:00,24723,2026-05-29 16:12:00,24783,2026-05-29 20:12:00
24665,24486,2026-05-29 12:20:00,2026-05-29 00:24:00,train,4min,4,SHT_AUX_TIME,12,180,8,0.05,24680,2026-05-29 13:20:00,24695,2026-05-29 14:20:00,24725,2026-05-29 16:20:00,24785,2026-05-29 20:20:00
24666,24487,2026-05-29 12:24:00,2026-05-29 00:28:00,train,4min,4,SHT_AUX_TIME,12,180,8,0.05,24681,2026-05-29 13:24:00,24696,2026-05-29 14:24:00,24726,2026-05-29 16:24:00,24786,2026-05-29 20:24:00
24667,24488,2026-05-29 12:28:00,2026-05-29 00:32:00,train,4min,4,SHT_AUX_TIME,12,180,8,0.05,24682,2026-05-29 13:28:00,24697,2026-05-29 14:28:00,24727,2026-05-29 16:28:00,24787,2026-05-29 20:28:00
24668,24489,2026-05-29 12:32:00,2026-05-29 00:36:00,train,4min,4,SHT_AUX_TIME,12,180,8,0.05,24683,2026-05-29 13:32:00,24698,2026-05-29 14:32:00,24728,2026-05-29 16:32:00,24788,2026-05-29 20:32:00
24669,24490,2026-05-29 12:36:00,2026-05-29 00:40:00,train,4min,4,SHT_AUX_TIME,12,180,8,0.05,24684,2026-05-29 13:36:00,24699,2026-05-29 14:36:00,24729,2026-05-29 16:36:00,24789,2026-05-29 20:36:00
24670,24491,2026-05-29 12:40:00,2026-05-29 00:44:00,train,4min,4,SHT_AUX_TIME,12,180,8,0.044444444444444446,24685,2026-05-29 13:40:00,24700,2026-05-29 14:40:00,24730,2026-05-29 16:40:00,24790,2026-05-29 20:40:00
24672,24493,2026-05-29 12:48:00,2026-05-29 00:52:00,train,4min,4,SHT_AUX_TIME,12,180,8,0.044444444444444446,24687,2026-05-29 13:48:00,24702,2026-05-29 14:48:00,24732,2026-05-29 16:48:00,24792,2026-05-29 20:48:00
24673,24494,2026-05-29 12:52:00,2026-05-29 00:56:00,train,4min,4,SHT_AUX_TIME,12,180,8,0.044444444444444446,24688,2026-05-29 13:52:00,24703,2026-05-29 14:52:00,24733,2026-05-29 16:52:00,24793,2026-05-29 20:52:00
24674,24495,2026-05-29 12:56:00,2026-05-29 01:00:00,train,4min,4,SHT_AUX_TIME,12,180,8,0.044444444444444446,24689,2026-05-29 13:56:00,24704,2026-05-29 14:56:00,24734,2026-05-29 16:56:00,24794,2026-05-29 20:56:00
24675,24496,2026-05-29 13:00:00,2026-05-29 01:04:00,train,4min,4,SHT_AUX_TIME,12,180,8,0.044444444444444446,24690,2026-05-29 14:00:00,24705,2026-05-29 15:00:00,24735,2026-05-29 17:00:00,24795,2026-05-29 21:00:00
24677,24498,2026-05-29 13:08:00,2026-05-29 01:12:00,train,4min,4,SHT_AUX_TIME,12,180,8,0.044444444444444446,24692,2026-05-29 14:08:00,24707,2026-05-29 15:08:00,24737,2026-05-29 17:08:00,24797,2026-05-29 21:08:00
24678,24499,2026-05-29 13:12:00,2026-05-29 01:16:00,train,4min,4,SHT_AUX_TIME,12,180,8,0.044444444444444446,24693,2026-05-29 14:12:00,24708,2026-05-29 15:12:00,24738,2026-05-29 17:12:00,24798,2026-05-29 21:12:00
24679,24500,2026-05-29 13:16:00,2026-05-29 01:20:00,train,4min,4,SHT_AUX_TIME,12,180,8,0.044444444444444446,24694,2026-05-29 14:16:00,24709,2026-05-29 15:16:00,24739,2026-05-29 17:16:00,24799,2026-05-29 21:16:00
24680,24501,2026-05-29 13:20:00,2026-05-29 01:24:00,train,4min,4,SHT_AUX_TIME,12,180,8,0.044444444444444446,24695,2026-05-29 14:20:00,24710,2026-05-29 15:20:00,24740,2026-05-29 17:20:00,24800,2026-05-29 21:20:00
24681,24502,2026-05-29 13:24:00,2026-05-29 01:28:00,train,4min,4,SHT_AUX_TIME,12,180,8,0.044444444444444446,24696,2026-05-29 14:24:00,24711,2026-05-29 15:24:00,24741,2026-05-29 17:24:00,24801,2026-05-29 21:24:00
24682,24503,2026-05-29 13:28:00,2026-05-29 01:32:00,train,4min,4,SHT_AUX_TIME,12,180,8,0.044444444444444446,24697,2026-05-29 14:28:00,24712,2026-05-29 15:28:00,24742,2026-05-29 17:28:00,24802,2026-05-29 21:28:00
24683,24504,2026-05-29 13:32:00,2026-05-29 01:36:00,train,4min,4,SHT_AUX_TIME,12,180,8,0.044444444444444446,24698,2026-05-29 14:32:00,24713,2026-05-29 15:32:00,24743,2026-05-29 17:32:00,24803,2026-05-29 21:32:00
24684,24505,2026-05-29 13:36:00,2026-05-29 01:40:00,train,4min,4,SHT_AUX_TIME,12,180,8,0.044444444444444446,24699,2026-05-29 14:36:00,24714,2026-05-29 15:36:00,24744,2026-05-29 17:36:00,24804,2026-05-29 21:36:00
24685,24506,2026-05-29 13:40:00,2026-05-29 01:44:00,train,4min,4,SHT_AUX_TIME,12,180,8,0.044444444444444446,24700,2026-05-29 14:40:00,24715,2026-05-29 15:40:00,24745,2026-05-29 17:40:00,24805,2026-05-29 21:40:00
24686,24507,2026-05-29 13:44:00,2026-05-29 01:48:00,train,4min,4,SHT_AUX_TIME,12,180,8,0.044444444444444446,24701,2026-05-29 14:44:00,24716,2026-05-29 15:44:00,24746,2026-05-29 17:44:00,24806,2026-05-29 21:44:00
24687,24508,2026-05-29 13:48:00,2026-05-29 01:52:00,train,4min,4,SHT_AUX_TIME,12,180,8,0.044444444444444446,24702,2026-05-29 14:48:00,24717,2026-05-29 15:48:00,24747,2026-05-29 17:48:00,24807,2026-05-29 21:48:00
24688,24509,2026-05-29 13:52:00,2026-05-29 01:56:00,train,4min,4,SHT_AUX_TIME,12,180,8,0.044444444444444446,24703,2026-05-29 14:52:00,24718,2026-05-29 15:52:00,24748,2026-05-29 17:52:00,24808,2026-05-29 21:52:00
24689,24510,2026-05-29 13:56:00,2026-05-29 02:00:00,train,4min,4,SHT_AUX_TIME,12,180,8,0.044444444444444446,24704,2026-05-29 14:56:00,24719,2026-05-29 15:56:00,24749,2026-05-29 17:56:00,24809,2026-05-29 21:56:00
24690,24511,2026-05-29 14:00:00,2026-05-29 02:04:00,train,4min,4,SHT_AUX_TIME,12,180,8,0.044444444444444446,24705,2026-05-29 15:00:00,24720,2026-05-29 16:00:00,24750,2026-05-29 18:00:00,24810,2026-05-29 22:00:00
24691,24512,2026-05-29 14:04:00,2026-05-29 02:08:00,train,4min,4,SHT_AUX_TIME,12,180,8,0.05,24706,2026-05-29 15:04:00,24721,2026-05-29 16:04:00,24751,2026-05-29 18:04:00,24811,2026-05-29 22:04:00
24692,24513,2026-05-29 14:08:00,2026-05-29 02:12:00,train,4min,4,SHT_AUX_TIME,12,180,8,0.05,24707,2026-05-29 15:08:00,24722,2026-05-29 16:08:00,24752,2026-05-29 18:08:00,24812,2026-05-29 22:08:00
24693,24514,2026-05-29 14:12:00,2026-05-29 02:16:00,train,4min,4,SHT_AUX_TIME,12,180,8,0.05,24708,2026-05-29 15:12:00,24723,2026-05-29 16:12:00,24753,2026-05-29 18:12:00,24813,2026-05-29 22:12:00
24695,24516,2026-05-29 14:20:00,2026-05-29 02:24:00,train,4min,4,SHT_AUX_TIME,12,180,8,0.05,24710,2026-05-29 15:20:00,24725,2026-05-29 16:20:00,24755,2026-05-29 18:20:00,24815,2026-05-29 22:20:00
24696,24517,2026-05-29 14:24:00,2026-05-29 02:28:00,train,4min,4,SHT_AUX_TIME,12,180,8,0.05,24711,2026-05-29 15:24:00,24726,2026-05-29 16:24:00,24756,2026-05-29 18:24:00,24816,2026-05-29 22:24:00
24697,24518,2026-05-29 14:28:00,2026-05-29 02:32:00,train,4min,4,SHT_AUX_TIME,12,180,8,0.05,24712,2026-05-29 15:28:00,24727,2026-05-29 16:28:00,24757,2026-05-29 18:28:00,24817,2026-05-29 22:28:00
24698,24519,2026-05-29 14:32:00,2026-05-29 02:36:00,train,4min,4,SHT_AUX_TIME,12,180,8,0.05,24713,2026-05-29 15:32:00,24728,2026-05-29 16:32:00,24758,2026-05-29 18:32:00,24818,2026-05-29 22:32:00
24699,24520,2026-05-29 14:36:00,2026-05-29 02:40:00,train,4min,4,SHT_AUX_TIME,12,180,8,0.05,24714,2026-05-29 15:36:00,24729,2026-05-29 16:36:00,24759,2026-05-29 18:36:00,24819,2026-05-29 22:36:00
24701,24522,2026-05-29 14:44:00,2026-05-29 02:48:00,train,4min,4,SHT_AUX_TIME,12,180,8,0.044444444444444446,24716,2026-05-29 15:44:00,24731,2026-05-29 16:44:00,24761,2026-05-29 18:44:00,24821,2026-05-29 22:44:00
24702,24523,2026-05-29 14:48:00,2026-05-29 02:52:00,train,4min,4,SHT_AUX_TIME,12,180,8,0.044444444444444446,24717,2026-05-29 15:48:00,24732,2026-05-29 16:48:00,24762,2026-05-29 18:48:00,24822,2026-05-29 22:48:00
24703,24524,2026-05-29 14:52:00,2026-05-29 02:56:00,train,4min,4,SHT_AUX_TIME,12,180,8,0.03888888888888889,24718,2026-05-29 15:52:00,24733,2026-05-29 16:52:00,24763,2026-05-29 18:52:00,24823,2026-05-29 22:52:00
24705,24526,2026-05-29 15:00:00,2026-05-29 03:04:00,train,4min,4,SHT_AUX_TIME,12,180,8,0.03888888888888889,24720,2026-05-29 16:00:00,24735,2026-05-29 17:00:00,24765,2026-05-29 19:00:00,24825,2026-05-29 23:00:00
24706,24527,2026-05-29 15:04:00,2026-05-29 03:08:00,train,4min,4,SHT_AUX_TIME,12,180,8,0.03888888888888889,24721,2026-05-29 16:04:00,24736,2026-05-29 17:04:00,24766,2026-05-29 19:04:00,24826,2026-05-29 23:04:00
24707,24528,2026-05-29 15:08:00,2026-05-29 03:12:00,train,4min,4,SHT_AUX_TIME,12,180,8,0.03888888888888889,24722,2026-05-29 16:08:00,24737,2026-05-29 17:08:00,24767,2026-05-29 19:08:00,24827,2026-05-29 23:08:00
24708,24529,2026-05-29 15:12:00,2026-05-29 03:16:00,train,4min,4,SHT_AUX_TIME,12,180,8,0.03888888888888889,24723,2026-05-29 16:12:00,24738,2026-05-29 17:12:00,24768,2026-05-29 19:12:00,24828,2026-05-29 23:12:00
24710,24531,2026-05-29 15:20:00,2026-05-29 03:24:00,train,4min,4,SHT_AUX_TIME,12,180,8,0.03888888888888889,24725,2026-05-29 16:20:00,24740,2026-05-29 17:20:00,24770,2026-05-29 19:20:00,24830,2026-05-29 23:20:00
24711,24532,2026-05-29 15:24:00,2026-05-29 03:28:00,train,4min,4,SHT_AUX_TIME,12,180,8,0.03888888888888889,24726,2026-05-29 16:24:00,24741,2026-05-29 17:24:00,24771,2026-05-29 19:24:00,24831,2026-05-29 23:24:00
24712,24533,2026-05-29 15:28:00,2026-05-29 03:32:00,train,4min,4,SHT_AUX_TIME,12,180,8,0.03888888888888889,24727,2026-05-29 16:28:00,24742,2026-05-29 17:28:00,24772,2026-05-29 19:28:00,24832,2026-05-29 23:28:00
24713,24534,2026-05-29 15:32:00,2026-05-29 03:36:00,train,4min,4,SHT_AUX_TIME,12,180,8,0.03888888888888889,24728,2026-05-29 16:32:00,24743,2026-05-29 17:32:00,24773,2026-05-29 19:32:00,24833,2026-05-29 23:32:00
24714,24535,2026-05-29 15:36:00,2026-05-29 03:40:00,train,4min,4,SHT_AUX_TIME,12,180,8,0.03888888888888889,24729,2026-05-29 16:36:00,24744,2026-05-29 17:36:00,24774,2026-05-29 19:36:00,24834,2026-05-29 23:36:00
24715,24536,2026-05-29 15:40:00,2026-05-29 03:44:00,train,4min,4,SHT_AUX_TIME,12,180,8,0.03888888888888889,24730,2026-05-29 16:40:00,24745,2026-05-29 17:40:00,24775,2026-05-29 19:40:00,24835,2026-05-29 23:40:00
24716,24537,2026-05-29 15:44:00,2026-05-29 03:48:00,train,4min,4,SHT_AUX_TIME,12,180,8,0.03888888888888889,24731,2026-05-29 16:44:00,24746,2026-05-29 17:44:00,24776,2026-05-29 19:44:00,24836,2026-05-29 23:44:00
24717,24538,2026-05-29 15:48:00,2026-05-29 03:52:00,train,4min,4,SHT_AUX_TIME,12,180,8,0.03888888888888889,24732,2026-05-29 16:48:00,24747,2026-05-29 17:48:00,24777,2026-05-29 19:48:00,24837,2026-05-29 23:48:00
24719,24540,2026-05-29 15:56:00,2026-05-29 04:00:00,train,4min,4,SHT_AUX_TIME,12,180,8,0.03888888888888889,24734,2026-05-29 16:56:00,24749,2026-05-29 17:56:00,24779,2026-05-29 19:56:00,24839,2026-05-29 23:56:00
24720,24541,2026-05-29 16:00:00,2026-05-29 04:04:00,train,4min,4,SHT_AUX_TIME,12,180,8,0.03888888888888889,24735,2026-05-29 17:00:00,24750,2026-05-29 18:00:00,24780,2026-05-29 20:00:00,24840,2026-05-30 00:00:00
24721,24542,2026-05-29 16:04:00,2026-05-29 04:08:00,train,4min,4,SHT_AUX_TIME,12,180,8,0.03888888888888889,24736,2026-05-29 17:04:00,24751,2026-05-29 18:04:00,24781,2026-05-29 20:04:00,24841,2026-05-30 00:04:00
24722,24543,2026-05-29 16:08:00,2026-05-29 04:12:00,train,4min,4,SHT_AUX_TIME,12,180,8,0.03888888888888889,24737,2026-05-29 17:08:00,24752,2026-05-29 18:08:00,24782,2026-05-29 20:08:00,24842,2026-05-30 00:08:00
24723,24544,2026-05-29 16:12:00,2026-05-29 04:16:00,train,4min,4,SHT_AUX_TIME,12,180,8,0.03888888888888889,24738,2026-05-29 17:12:00,24753,2026-05-29 18:12:00,24783,2026-05-29 20:12:00,24843,2026-05-30 00:12:00
24724,24545,2026-05-29 16:16:00,2026-05-29 04:20:00,train,4min,4,SHT_AUX_TIME,12,180,8,0.044444444444444446,24739,2026-05-29 17:16:00,24754,2026-05-29 18:16:00,24784,2026-05-29 20:16:00,24844,2026-05-30 00:16:00
24725,24546,2026-05-29 16:20:00,2026-05-29 04:24:00,train,4min,4,SHT_AUX_TIME,12,180,8,0.044444444444444446,24740,2026-05-29 17:20:00,24755,2026-05-29 18:20:00,24785,2026-05-29 20:20:00,24845,2026-05-30 00:20:00
24726,24547,2026-05-29 16:24:00,2026-05-29 04:28:00,train,4min,4,SHT_AUX_TIME,12,180,8,0.044444444444444446,24741,2026-05-29 17:24:00,24756,2026-05-29 18:24:00,24786,2026-05-29 20:24:00,24846,2026-05-30 00:24:00
24727,24548,2026-05-29 16:28:00,2026-05-29 04:32:00,train,4min,4,SHT_AUX_TIME,12,180,8,0.044444444444444446,24742,2026-05-29 17:28:00,24757,2026-05-29 18:28:00,24787,2026-05-29 20:28:00,24847,2026-05-30 00:28:00
24728,24549,2026-05-29 16:32:00,2026-05-29 04:36:00,train,4min,4,SHT_AUX_TIME,12,180,8,0.044444444444444446,24743,2026-05-29 17:32:00,24758,2026-05-29 18:32:00,24788,2026-05-29 20:32:00,24848,2026-05-30 00:32:00
24729,24550,2026-05-29 16:36:00,2026-05-29 04:40:00,train,4min,4,SHT_AUX_TIME,12,180,8,0.044444444444444446,24744,2026-05-29 17:36:00,24759,2026-05-29 18:36:00,24789,2026-05-29 20:36:00,24849,2026-05-30 00:36:00
24732,24553,2026-05-29 16:48:00,2026-05-29 04:52:00,train,4min,4,SHT_AUX_TIME,12,180,8,0.044444444444444446,24747,2026-05-29 17:48:00,24762,2026-05-29 18:48:00,24792,2026-05-29 20:48:00,24852,2026-05-30 00:48:00
24733,24554,2026-05-29 16:52:00,2026-05-29 04:56:00,train,4min,4,SHT_AUX_TIME,12,180,8,0.044444444444444446,24748,2026-05-29 17:52:00,24763,2026-05-29 18:52:00,24793,2026-05-29 20:52:00,24853,2026-05-30 00:52:00
24734,24555,2026-05-29 16:56:00,2026-05-29 05:00:00,train,4min,4,SHT_AUX_TIME,12,180,8,0.044444444444444446,24749,2026-05-29 17:56:00,24764,2026-05-29 18:56:00,24794,2026-05-29 20:56:00,24854,2026-05-30 00:56:00
24735,24556,2026-05-29 17:00:00,2026-05-29 05:04:00,train,4min,4,SHT_AUX_TIME,12,180,8,0.044444444444444446,24750,2026-05-29 18:00:00,24765,2026-05-29 19:00:00,24795,2026-05-29 21:00:00,24855,2026-05-30 01:00:00
24736,24557,2026-05-29 17:04:00,2026-05-29 05:08:00,train,4min,4,SHT_AUX_TIME,12,180,8,0.044444444444444446,24751,2026-05-29 18:04:00,24766,2026-05-29 19:04:00,24796,2026-05-29 21:04:00,24856,2026-05-30 01:04:00
24737,24558,2026-05-29 17:08:00,2026-05-29 05:12:00,train,4min,4,SHT_AUX_TIME,12,180,8,0.044444444444444446,24752,2026-05-29 18:08:00,24767,2026-05-29 19:08:00,24797,2026-05-29 21:08:00,24857,2026-05-30 01:08:00
24738,24559,2026-05-29 17:12:00,2026-05-29 05:16:00,train,4min,4,SHT_AUX_TIME,12,180,8,0.044444444444444446,24753,2026-05-29 18:12:00,24768,2026-05-29 19:12:00,24798,2026-05-29 21:12:00,24858,2026-05-30 01:12:00
24740,24561,2026-05-29 17:20:00,2026-05-29 05:24:00,train,4min,4,SHT_AUX_TIME,12,180,8,0.03888888888888889,24755,2026-05-29 18:20:00,24770,2026-05-29 19:20:00,24800,2026-05-29 21:20:00,24860,2026-05-30 01:20:00
24741,24562,2026-05-29 17:24:00,2026-05-29 05:28:00,train,4min,4,SHT_AUX_TIME,12,180,8,0.03888888888888889,24756,2026-05-29 18:24:00,24771,2026-05-29 19:24:00,24801,2026-05-29 21:24:00,24861,2026-05-30 01:24:00
24742,24563,2026-05-29 17:28:00,2026-05-29 05:32:00,train,4min,4,SHT_AUX_TIME,12,180,8,0.03888888888888889,24757,2026-05-29 18:28:00,24772,2026-05-29 19:28:00,24802,2026-05-29 21:28:00,24862,2026-05-30 01:28:00
24743,24564,2026-05-29 17:32:00,2026-05-29 05:36:00,train,4min,4,SHT_AUX_TIME,12,180,8,0.03888888888888889,24758,2026-05-29 18:32:00,24773,2026-05-29 19:32:00,24803,2026-05-29 21:32:00,24863,2026-05-30 01:32:00
24744,24565,2026-05-29 17:36:00,2026-05-29 05:40:00,train,4min,4,SHT_AUX_TIME,12,180,8,0.03888888888888889,24759,2026-05-29 18:36:00,24774,2026-05-29 19:36:00,24804,2026-05-29 21:36:00,24864,2026-05-30 01:36:00
24746,24567,2026-05-29 17:44:00,2026-05-29 05:48:00,train,4min,4,SHT_AUX_TIME,12,180,8,0.03888888888888889,24761,2026-05-29 18:44:00,24776,2026-05-29 19:44:00,24806,2026-05-29 21:44:00,24866,2026-05-30 01:44:00
24747,24568,2026-05-29 17:48:00,2026-05-29 05:52:00,train,4min,4,SHT_AUX_TIME,12,180,8,0.03888888888888889,24762,2026-05-29 18:48:00,24777,2026-05-29 19:48:00,24807,2026-05-29 21:48:00,24867,2026-05-30 01:48:00
24748,24569,2026-05-29 17:52:00,2026-05-29 05:56:00,train,4min,4,SHT_AUX_TIME,12,180,8,0.03888888888888889,24763,2026-05-29 18:52:00,24778,2026-05-29 19:52:00,24808,2026-05-29 21:52:00,24868,2026-05-30 01:52:00
24749,24570,2026-05-29 17:56:00,2026-05-29 06:00:00,train,4min,4,SHT_AUX_TIME,12,180,8,0.03888888888888889,24764,2026-05-29 18:56:00,24779,2026-05-29 19:56:00,24809,2026-05-29 21:56:00,24869,2026-05-30 01:56:00
24750,24571,2026-05-29 18:00:00,2026-05-29 06:04:00,train,4min,4,SHT_AUX_TIME,12,180,8,0.03888888888888889,24765,2026-05-29 19:00:00,24780,2026-05-29 20:00:00,24810,2026-05-29 22:00:00,24870,2026-05-30 02:00:00
24751,24572,2026-05-29 18:04:00,2026-05-29 06:08:00,train,4min,4,SHT_AUX_TIME,12,180,8,0.03888888888888889,24766,2026-05-29 19:04:00,24781,2026-05-29 20:04:00,24811,2026-05-29 22:04:00,24871,2026-05-30 02:04:00
24752,24573,2026-05-29 18:08:00,2026-05-29 06:12:00,train,4min,4,SHT_AUX_TIME,12,180,8,0.03888888888888889,24767,2026-05-29 19:08:00,24782,2026-05-29 20:08:00,24812,2026-05-29 22:08:00,24872,2026-05-30 02:08:00
24753,24574,2026-05-29 18:12:00,2026-05-29 06:16:00,train,4min,4,SHT_AUX_TIME,12,180,8,0.03888888888888889,24768,2026-05-29 19:12:00,24783,2026-05-29 20:12:00,24813,2026-05-29 22:12:00,24873,2026-05-30 02:12:00
24754,24575,2026-05-29 18:16:00,2026-05-29 06:20:00,train,4min,4,SHT_AUX_TIME,12,180,8,0.03888888888888889,24769,2026-05-29 19:16:00,24784,2026-05-29 20:16:00,24814,2026-05-29 22:16:00,24874,2026-05-30 02:16:00
24755,24576,2026-05-29 18:20:00,2026-05-29 06:24:00,train,4min,4,SHT_AUX_TIME,12,180,8,0.03888888888888889,24770,2026-05-29 19:20:00,24785,2026-05-29 20:20:00,24815,2026-05-29 22:20:00,24875,2026-05-30 02:20:00
24756,24577,2026-05-29 18:24:00,2026-05-29 06:28:00,train,4min,4,SHT_AUX_TIME,12,180,8,0.03888888888888889,24771,2026-05-29 19:24:00,24786,2026-05-29 20:24:00,24816,2026-05-29 22:24:00,24876,2026-05-30 02:24:00
24757,24578,2026-05-29 18:28:00,2026-05-29 06:32:00,train,4min,4,SHT_AUX_TIME,12,180,8,0.03888888888888889,24772,2026-05-29 19:28:00,24787,2026-05-29 20:28:00,24817,2026-05-29 22:28:00,24877,2026-05-30 02:28:00
24758,24579,2026-05-29 18:32:00,2026-05-29 06:36:00,train,4min,4,SHT_AUX_TIME,12,180,8,0.03888888888888889,24773,2026-05-29 19:32:00,24788,2026-05-29 20:32:00,24818,2026-05-29 22:32:00,24878,2026-05-30 02:32:00
24759,24580,2026-05-29 18:36:00,2026-05-29 06:40:00,train,4min,4,SHT_AUX_TIME,12,180,8,0.03888888888888889,24774,2026-05-29 19:36:00,24789,2026-05-29 20:36:00,24819,2026-05-29 22:36:00,24879,2026-05-30 02:36:00
24760,24581,2026-05-29 18:40:00,2026-05-29 06:44:00,train,4min,4,SHT_AUX_TIME,12,180,8,0.044444444444444446,24775,2026-05-29 19:40:00,24790,2026-05-29 20:40:00,24820,2026-05-29 22:40:00,24880,2026-05-30 02:40:00
24762,24583,2026-05-29 18:48:00,2026-05-29 06:52:00,train,4min,4,SHT_AUX_TIME,12,180,8,0.044444444444444446,24777,2026-05-29 19:48:00,24792,2026-05-29 20:48:00,24822,2026-05-29 22:48:00,24882,2026-05-30 02:48:00
24763,24584,2026-05-29 18:52:00,2026-05-29 06:56:00,train,4min,4,SHT_AUX_TIME,12,180,8,0.044444444444444446,24778,2026-05-29 19:52:00,24793,2026-05-29 20:52:00,24823,2026-05-29 22:52:00,24883,2026-05-30 02:52:00
24765,24586,2026-05-29 19:00:00,2026-05-29 07:04:00,train,4min,4,SHT_AUX_TIME,12,180,8,0.044444444444444446,24780,2026-05-29 20:00:00,24795,2026-05-29 21:00:00,24825,2026-05-29 23:00:00,24885,2026-05-30 03:00:00
24766,24587,2026-05-29 19:04:00,2026-05-29 07:08:00,train,4min,4,SHT_AUX_TIME,12,180,8,0.044444444444444446,24781,2026-05-29 20:04:00,24796,2026-05-29 21:04:00,24826,2026-05-29 23:04:00,24886,2026-05-30 03:04:00
24768,24589,2026-05-29 19:12:00,2026-05-29 07:16:00,train,4min,4,SHT_AUX_TIME,12,180,8,0.044444444444444446,24783,2026-05-29 20:12:00,24798,2026-05-29 21:12:00,24828,2026-05-29 23:12:00,24888,2026-05-30 03:12:00
24769,24590,2026-05-29 19:16:00,2026-05-29 07:20:00,train,4min,4,SHT_AUX_TIME,12,180,8,0.044444444444444446,24784,2026-05-29 20:16:00,24799,2026-05-29 21:16:00,24829,2026-05-29 23:16:00,24889,2026-05-30 03:16:00
24770,24591,2026-05-29 19:20:00,2026-05-29 07:24:00,train,4min,4,SHT_AUX_TIME,12,180,8,0.044444444444444446,24785,2026-05-29 20:20:00,24800,2026-05-29 21:20:00,24830,2026-05-29 23:20:00,24890,2026-05-30 03:20:00
24771,24592,2026-05-29 19:24:00,2026-05-29 07:28:00,train,4min,4,SHT_AUX_TIME,12,180,8,0.044444444444444446,24786,2026-05-29 20:24:00,24801,2026-05-29 21:24:00,24831,2026-05-29 23:24:00,24891,2026-05-30 03:24:00
24772,24593,2026-05-29 19:28:00,2026-05-29 07:32:00,train,4min,4,SHT_AUX_TIME,12,180,8,0.044444444444444446,24787,2026-05-29 20:28:00,24802,2026-05-29 21:28:00,24832,2026-05-29 23:28:00,24892,2026-05-30 03:28:00
24773,24594,2026-05-29 19:32:00,2026-05-29 07:36:00,train,4min,4,SHT_AUX_TIME,12,180,8,0.03888888888888889,24788,2026-05-29 20:32:00,24803,2026-05-29 21:32:00,24833,2026-05-29 23:32:00,24893,2026-05-30 03:32:00
24775,24596,2026-05-29 19:40:00,2026-05-29 07:44:00,train,4min,4,SHT_AUX_TIME,12,180,8,0.03888888888888889,24790,2026-05-29 20:40:00,24805,2026-05-29 21:40:00,24835,2026-05-29 23:40:00,24895,2026-05-30 03:40:00
24777,24598,2026-05-29 19:48:00,2026-05-29 07:52:00,train,4min,4,SHT_AUX_TIME,12,180,8,0.03888888888888889,24792,2026-05-29 20:48:00,24807,2026-05-29 21:48:00,24837,2026-05-29 23:48:00,24897,2026-05-30 03:48:00
24779,24600,2026-05-29 19:56:00,2026-05-29 08:00:00,train,4min,4,SHT_AUX_TIME,12,180,8,0.03888888888888889,24794,2026-05-29 20:56:00,24809,2026-05-29 21:56:00,24839,2026-05-29 23:56:00,24899,2026-05-30 03:56:00
24780,24601,2026-05-29 20:00:00,2026-05-29 08:04:00,train,4min,4,SHT_AUX_TIME,12,180,8,0.03888888888888889,24795,2026-05-29 21:00:00,24810,2026-05-29 22:00:00,24840,2026-05-30 00:00:00,24900,2026-05-30 04:00:00
24781,24602,2026-05-29 20:04:00,2026-05-29 08:08:00,train,4min,4,SHT_AUX_TIME,12,180,8,0.03888888888888889,24796,2026-05-29 21:04:00,24811,2026-05-29 22:04:00,24841,2026-05-30 00:04:00,24901,2026-05-30 04:04:00
24782,24603,2026-05-29 20:08:00,2026-05-29 08:12:00,train,4min,4,SHT_AUX_TIME,12,180,8,0.03888888888888889,24797,2026-05-29 21:08:00,24812,2026-05-29 22:08:00,24842,2026-05-30 00:08:00,24902,2026-05-30 04:08:00
24783,24604,2026-05-29 20:12:00,2026-05-29 08:16:00,train,4min,4,SHT_AUX_TIME,12,180,8,0.03888888888888889,24798,2026-05-29 21:12:00,24813,2026-05-29 22:12:00,24843,2026-05-30 00:12:00,24903,2026-05-30 04:12:00
24784,24605,2026-05-29 20:16:00,2026-05-29 08:20:00,train,4min,4,SHT_AUX_TIME,12,180,8,0.03888888888888889,24799,2026-05-29 21:16:00,24814,2026-05-29 22:16:00,24844,2026-05-30 00:16:00,24904,2026-05-30 04:16:00
24785,24606,2026-05-29 20:20:00,2026-05-29 08:24:00,train,4min,4,SHT_AUX_TIME,12,180,8,0.03888888888888889,24800,2026-05-29 21:20:00,24815,2026-05-29 22:20:00,24845,2026-05-30 00:20:00,24905,2026-05-30 04:20:00
24786,24607,2026-05-29 20:24:00,2026-05-29 08:28:00,train,4min,4,SHT_AUX_TIME,12,180,8,0.03888888888888889,24801,2026-05-29 21:24:00,24816,2026-05-29 22:24:00,24846,2026-05-30 00:24:00,24906,2026-05-30 04:24:00
24787,24608,2026-05-29 20:28:00,2026-05-29 08:32:00,train,4min,4,SHT_AUX_TIME,12,180,8,0.03888888888888889,24802,2026-05-29 21:28:00,24817,2026-05-29 22:28:00,24847,2026-05-30 00:28:00,24907,2026-05-30 04:28:00
24788,24609,2026-05-29 20:32:00,2026-05-29 08:36:00,train,4min,4,SHT_AUX_TIME,12,180,8,0.03888888888888889,24803,2026-05-29 21:32:00,24818,2026-05-29 22:32:00,24848,2026-05-30 00:32:00,24908,2026-05-30 04:32:00
24789,24610,2026-05-29 20:36:00,2026-05-29 08:40:00,train,4min,4,SHT_AUX_TIME,12,180,8,0.03888888888888889,24804,2026-05-29 21:36:00,24819,2026-05-29 22:36:00,24849,2026-05-30 00:36:00,24909,2026-05-30 04:36:00
24790,24611,2026-05-29 20:40:00,2026-05-29 08:44:00,train,4min,4,SHT_AUX_TIME,12,180,8,0.03888888888888889,24805,2026-05-29 21:40:00,24820,2026-05-29 22:40:00,24850,2026-05-30 00:40:00,24910,2026-05-30 04:40:00
24791,24612,2026-05-29 20:44:00,2026-05-29 08:48:00,train,4min,4,SHT_AUX_TIME,12,180,8,0.044444444444444446,24806,2026-05-29 21:44:00,24821,2026-05-29 22:44:00,24851,2026-05-30 00:44:00,24911,2026-05-30 04:44:00
24792,24613,2026-05-29 20:48:00,2026-05-29 08:52:00,train,4min,4,SHT_AUX_TIME,12,180,8,0.044444444444444446,24807,2026-05-29 21:48:00,24822,2026-05-29 22:48:00,24852,2026-05-30 00:48:00,24912,2026-05-30 04:48:00
24793,24614,2026-05-29 20:52:00,2026-05-29 08:56:00,train,4min,4,SHT_AUX_TIME,12,180,8,0.044444444444444446,24808,2026-05-29 21:52:00,24823,2026-05-29 22:52:00,24853,2026-05-30 00:52:00,24913,2026-05-30 04:52:00
24795,24616,2026-05-29 21:00:00,2026-05-29 09:04:00,train,4min,4,SHT_AUX_TIME,12,180,8,0.044444444444444446,24810,2026-05-29 22:00:00,24825,2026-05-29 23:00:00,24855,2026-05-30 01:00:00,24915,2026-05-30 05:00:00
24796,24617,2026-05-29 21:04:00,2026-05-29 09:08:00,train,4min,4,SHT_AUX_TIME,12,180,8,0.044444444444444446,24811,2026-05-29 22:04:00,24826,2026-05-29 23:04:00,24856,2026-05-30 01:04:00,24916,2026-05-30 05:04:00
24797,24618,2026-05-29 21:08:00,2026-05-29 09:12:00,train,4min,4,SHT_AUX_TIME,12,180,8,0.044444444444444446,24812,2026-05-29 22:08:00,24827,2026-05-29 23:08:00,24857,2026-05-30 01:08:00,24917,2026-05-30 05:08:00
24798,24619,2026-05-29 21:12:00,2026-05-29 09:16:00,train,4min,4,SHT_AUX_TIME,12,180,8,0.044444444444444446,24813,2026-05-29 22:12:00,24828,2026-05-29 23:12:00,24858,2026-05-30 01:12:00,24918,2026-05-30 05:12:00
24800,24621,2026-05-29 21:20:00,2026-05-29 09:24:00,train,4min,4,SHT_AUX_TIME,12,180,8,0.044444444444444446,24815,2026-05-29 22:20:00,24830,2026-05-29 23:20:00,24860,2026-05-30 01:20:00,24920,2026-05-30 05:20:00
24801,24622,2026-05-29 21:24:00,2026-05-29 09:28:00,train,4min,4,SHT_AUX_TIME,12,180,8,0.044444444444444446,24816,2026-05-29 22:24:00,24831,2026-05-29 23:24:00,24861,2026-05-30 01:24:00,24921,2026-05-30 05:24:00
24802,24623,2026-05-29 21:28:00,2026-05-29 09:32:00,train,4min,4,SHT_AUX_TIME,12,180,8,0.044444444444444446,24817,2026-05-29 22:28:00,24832,2026-05-29 23:28:00,24862,2026-05-30 01:28:00,24922,2026-05-30 05:28:00
24803,24624,2026-05-29 21:32:00,2026-05-29 09:36:00,train,4min,4,SHT_AUX_TIME,12,180,8,0.044444444444444446,24818,2026-05-29 22:32:00,24833,2026-05-29 23:32:00,24863,2026-05-30 01:32:00,24923,2026-05-30 05:32:00
24804,24625,2026-05-29 21:36:00,2026-05-29 09:40:00,train,4min,4,SHT_AUX_TIME,12,180,8,0.044444444444444446,24819,2026-05-29 22:36:00,24834,2026-05-29 23:36:00,24864,2026-05-30 01:36:00,24924,2026-05-30 05:36:00
24805,24626,2026-05-29 21:40:00,2026-05-29 09:44:00,train,4min,4,SHT_AUX_TIME,12,180,8,0.044444444444444446,24820,2026-05-29 22:40:00,24835,2026-05-29 23:40:00,24865,2026-05-30 01:40:00,24925,2026-05-30 05:40:00
24806,24627,2026-05-29 21:44:00,2026-05-29 09:48:00,train,4min,4,SHT_AUX_TIME,12,180,8,0.03888888888888889,24821,2026-05-29 22:44:00,24836,2026-05-29 23:44:00,24866,2026-05-30 01:44:00,24926,2026-05-30 05:44:00
24807,24628,2026-05-29 21:48:00,2026-05-29 09:52:00,train,4min,4,SHT_AUX_TIME,12,180,8,0.03888888888888889,24822,2026-05-29 22:48:00,24837,2026-05-29 23:48:00,24867,2026-05-30 01:48:00,24927,2026-05-30 05:48:00
24811,24632,2026-05-29 22:04:00,2026-05-29 10:08:00,train,4min,4,SHT_AUX_TIME,12,180,8,0.03333333333333333,24826,2026-05-29 23:04:00,24841,2026-05-30 00:04:00,24871,2026-05-30 02:04:00,24931,2026-05-30 06:04:00
24812,24633,2026-05-29 22:08:00,2026-05-29 10:12:00,train,4min,4,SHT_AUX_TIME,12,180,8,0.03333333333333333,24827,2026-05-29 23:08:00,24842,2026-05-30 00:08:00,24872,2026-05-30 02:08:00,24932,2026-05-30 06:08:00
24813,24634,2026-05-29 22:12:00,2026-05-29 10:16:00,train,4min,4,SHT_AUX_TIME,12,180,8,0.03333333333333333,24828,2026-05-29 23:12:00,24843,2026-05-30 00:12:00,24873,2026-05-30 02:12:00,24933,2026-05-30 06:12:00
24814,24635,2026-05-29 22:16:00,2026-05-29 10:20:00,train,4min,4,SHT_AUX_TIME,12,180,8,0.03333333333333333,24829,2026-05-29 23:16:00,24844,2026-05-30 00:16:00,24874,2026-05-30 02:16:00,24934,2026-05-30 06:16:00
24816,24637,2026-05-29 22:24:00,2026-05-29 10:28:00,train,4min,4,SHT_AUX_TIME,12,180,8,0.03333333333333333,24831,2026-05-29 23:24:00,24846,2026-05-30 00:24:00,24876,2026-05-30 02:24:00,24936,2026-05-30 06:24:00
24817,24638,2026-05-29 22:28:00,2026-05-29 10:32:00,train,4min,4,SHT_AUX_TIME,12,180,8,0.03333333333333333,24832,2026-05-29 23:28:00,24847,2026-05-30 00:28:00,24877,2026-05-30 02:28:00,24937,2026-05-30 06:28:00
24818,24639,2026-05-29 22:32:00,2026-05-29 10:36:00,train,4min,4,SHT_AUX_TIME,12,180,8,0.03333333333333333,24833,2026-05-29 23:32:00,24848,2026-05-30 00:32:00,24878,2026-05-30 02:32:00,24938,2026-05-30 06:32:00
24819,24640,2026-05-29 22:36:00,2026-05-29 10:40:00,train,4min,4,SHT_AUX_TIME,12,180,8,0.03333333333333333,24834,2026-05-29 23:36:00,24849,2026-05-30 00:36:00,24879,2026-05-30 02:36:00,24939,2026-05-30 06:36:00
24820,24641,2026-05-29 22:40:00,2026-05-29 10:44:00,train,4min,4,SHT_AUX_TIME,12,180,8,0.03333333333333333,24835,2026-05-29 23:40:00,24850,2026-05-30 00:40:00,24880,2026-05-30 02:40:00,24940,2026-05-30 06:40:00
24821,24642,2026-05-29 22:44:00,2026-05-29 10:48:00,train,4min,4,SHT_AUX_TIME,12,180,8,0.03333333333333333,24836,2026-05-29 23:44:00,24851,2026-05-30 00:44:00,24881,2026-05-30 02:44:00,24941,2026-05-30 06:44:00
24822,24643,2026-05-29 22:48:00,2026-05-29 10:52:00,train,4min,4,SHT_AUX_TIME,12,180,8,0.03333333333333333,24837,2026-05-29 23:48:00,24852,2026-05-30 00:48:00,24882,2026-05-30 02:48:00,24942,2026-05-30 06:48:00
24824,24645,2026-05-29 22:56:00,2026-05-29 11:00:00,train,4min,4,SHT_AUX_TIME,12,180,8,0.03333333333333333,24839,2026-05-29 23:56:00,24854,2026-05-30 00:56:00,24884,2026-05-30 02:56:00,24944,2026-05-30 06:56:00
24825,24646,2026-05-29 23:00:00,2026-05-29 11:04:00,train,4min,4,SHT_AUX_TIME,12,180,8,0.03333333333333333,24840,2026-05-30 00:00:00,24855,2026-05-30 01:00:00,24885,2026-05-30 03:00:00,24945,2026-05-30 07:00:00
24826,24647,2026-05-29 23:04:00,2026-05-29 11:08:00,train,4min,4,SHT_AUX_TIME,12,180,8,0.03333333333333333,24841,2026-05-30 00:04:00,24856,2026-05-30 01:04:00,24886,2026-05-30 03:04:00,24946,2026-05-30 07:04:00
24828,24649,2026-05-29 23:12:00,2026-05-29 11:16:00,train,4min,4,SHT_AUX_TIME,12,180,8,0.03333333333333333,24843,2026-05-30 00:12:00,24858,2026-05-30 01:12:00,24888,2026-05-30 03:12:00,24948,2026-05-30 07:12:00
24830,24651,2026-05-29 23:20:00,2026-05-29 11:24:00,train,4min,4,SHT_AUX_TIME,12,180,8,0.03333333333333333,24845,2026-05-30 00:20:00,24860,2026-05-30 01:20:00,24890,2026-05-30 03:20:00,24950,2026-05-30 07:20:00
24831,24652,2026-05-29 23:24:00,2026-05-29 11:28:00,train,4min,4,SHT_AUX_TIME,12,180,8,0.03333333333333333,24846,2026-05-30 00:24:00,24861,2026-05-30 01:24:00,24891,2026-05-30 03:24:00,24951,2026-05-30 07:24:00
24832,24653,2026-05-29 23:28:00,2026-05-29 11:32:00,train,4min,4,SHT_AUX_TIME,12,180,8,0.03333333333333333,24847,2026-05-30 00:28:00,24862,2026-05-30 01:28:00,24892,2026-05-30 03:28:00,24952,2026-05-30 07:28:00
24833,24654,2026-05-29 23:32:00,2026-05-29 11:36:00,train,4min,4,SHT_AUX_TIME,12,180,8,0.03333333333333333,24848,2026-05-30 00:32:00,24863,2026-05-30 01:32:00,24893,2026-05-30 03:32:00,24953,2026-05-30 07:32:00
24835,24656,2026-05-29 23:40:00,2026-05-29 11:44:00,train,4min,4,SHT_AUX_TIME,12,180,8,0.03333333333333333,24850,2026-05-30 00:40:00,24865,2026-05-30 01:40:00,24895,2026-05-30 03:40:00,24955,2026-05-30 07:40:00
24836,24657,2026-05-29 23:44:00,2026-05-29 11:48:00,train,4min,4,SHT_AUX_TIME,12,180,8,0.027777777777777776,24851,2026-05-30 00:44:00,24866,2026-05-30 01:44:00,24896,2026-05-30 03:44:00,24956,2026-05-30 07:44:00
24837,24658,2026-05-29 23:48:00,2026-05-29 11:52:00,train,4min,4,SHT_AUX_TIME,12,180,8,0.027777777777777776,24852,2026-05-30 00:48:00,24867,2026-05-30 01:48:00,24897,2026-05-30 03:48:00,24957,2026-05-30 07:48:00
24838,24659,2026-05-29 23:52:00,2026-05-29 11:56:00,train,4min,4,SHT_AUX_TIME,12,180,8,0.03333333333333333,24853,2026-05-30 00:52:00,24868,2026-05-30 01:52:00,24898,2026-05-30 03:52:00,24958,2026-05-30 07:52:00
24839,24660,2026-05-29 23:56:00,2026-05-29 12:00:00,train,4min,4,SHT_AUX_TIME,12,180,8,0.03333333333333333,24854,2026-05-30 00:56:00,24869,2026-05-30 01:56:00,24899,2026-05-30 03:56:00,24959,2026-05-30 07:56:00
24840,24661,2026-05-30 00:00:00,2026-05-29 12:04:00,train,4min,4,SHT_AUX_TIME,12,180,8,0.03333333333333333,24855,2026-05-30 01:00:00,24870,2026-05-30 02:00:00,24900,2026-05-30 04:00:00,24960,2026-05-30 08:00:00
24841,24662,2026-05-30 00:04:00,2026-05-29 12:08:00,train,4min,4,SHT_AUX_TIME,12,180,8,0.03333333333333333,24856,2026-05-30 01:04:00,24871,2026-05-30 02:04:00,24901,2026-05-30 04:04:00,24961,2026-05-30 08:04:00
24843,24664,2026-05-30 00:12:00,2026-05-29 12:16:00,train,4min,4,SHT_AUX_TIME,12,180,8,0.03333333333333333,24858,2026-05-30 01:12:00,24873,2026-05-30 02:12:00,24903,2026-05-30 04:12:00,24963,2026-05-30 08:12:00
24845,24666,2026-05-30 00:20:00,2026-05-29 12:24:00,train,4min,4,SHT_AUX_TIME,12,180,8,0.03333333333333333,24860,2026-05-30 01:20:00,24875,2026-05-30 02:20:00,24905,2026-05-30 04:20:00,24965,2026-05-30 08:20:00
24846,24667,2026-05-30 00:24:00,2026-05-29 12:28:00,train,4min,4,SHT_AUX_TIME,12,180,8,0.03333333333333333,24861,2026-05-30 01:24:00,24876,2026-05-30 02:24:00,24906,2026-05-30 04:24:00,24966,2026-05-30 08:24:00
24848,24669,2026-05-30 00:32:00,2026-05-29 12:36:00,train,4min,4,SHT_AUX_TIME,12,180,8,0.03333333333333333,24863,2026-05-30 01:32:00,24878,2026-05-30 02:32:00,24908,2026-05-30 04:32:00,24968,2026-05-30 08:32:00
24849,24670,2026-05-30 00:36:00,2026-05-29 12:40:00,train,4min,4,SHT_AUX_TIME,12,180,8,0.03333333333333333,24864,2026-05-30 01:36:00,24879,2026-05-30 02:36:00,24909,2026-05-30 04:36:00,24969,2026-05-30 08:36:00
24850,24671,2026-05-30 00:40:00,2026-05-29 12:44:00,train,4min,4,SHT_AUX_TIME,12,180,8,0.03333333333333333,24865,2026-05-30 01:40:00,24880,2026-05-30 02:40:00,24910,2026-05-30 04:40:00,24970,2026-05-30 08:40:00
24851,24672,2026-05-30 00:44:00,2026-05-29 12:48:00,train,4min,4,SHT_AUX_TIME,12,180,8,0.03333333333333333,24866,2026-05-30 01:44:00,24881,2026-05-30 02:44:00,24911,2026-05-30 04:44:00,24971,2026-05-30 08:44:00
24852,24673,2026-05-30 00:48:00,2026-05-29 12:52:00,train,4min,4,SHT_AUX_TIME,12,180,8,0.03333333333333333,24867,2026-05-30 01:48:00,24882,2026-05-30 02:48:00,24912,2026-05-30 04:48:00,24972,2026-05-30 08:48:00
24853,24674,2026-05-30 00:52:00,2026-05-29 12:56:00,train,4min,4,SHT_AUX_TIME,12,180,8,0.03333333333333333,24868,2026-05-30 01:52:00,24883,2026-05-30 02:52:00,24913,2026-05-30 04:52:00,24973,2026-05-30 08:52:00
24854,24675,2026-05-30 00:56:00,2026-05-29 13:00:00,train,4min,4,SHT_AUX_TIME,12,180,8,0.03333333333333333,24869,2026-05-30 01:56:00,24884,2026-05-30 02:56:00,24914,2026-05-30 04:56:00,24974,2026-05-30 08:56:00
24855,24676,2026-05-30 01:00:00,2026-05-29 13:04:00,train,4min,4,SHT_AUX_TIME,12,180,8,0.03333333333333333,24870,2026-05-30 02:00:00,24885,2026-05-30 03:00:00,24915,2026-05-30 05:00:00,24975,2026-05-30 09:00:00
24856,24677,2026-05-30 01:04:00,2026-05-29 13:08:00,train,4min,4,SHT_AUX_TIME,12,180,8,0.03333333333333333,24871,2026-05-30 02:04:00,24886,2026-05-30 03:04:00,24916,2026-05-30 05:04:00,24976,2026-05-30 09:04:00
24858,24679,2026-05-30 01:12:00,2026-05-29 13:16:00,train,4min,4,SHT_AUX_TIME,12,180,8,0.03333333333333333,24873,2026-05-30 02:12:00,24888,2026-05-30 03:12:00,24918,2026-05-30 05:12:00,24978,2026-05-30 09:12:00
24859,24680,2026-05-30 01:16:00,2026-05-29 13:20:00,train,4min,4,SHT_AUX_TIME,12,180,8,0.03888888888888889,24874,2026-05-30 02:16:00,24889,2026-05-30 03:16:00,24919,2026-05-30 05:16:00,24979,2026-05-30 09:16:00
24860,24681,2026-05-30 01:20:00,2026-05-29 13:24:00,train,4min,4,SHT_AUX_TIME,12,180,8,0.03888888888888889,24875,2026-05-30 02:20:00,24890,2026-05-30 03:20:00,24920,2026-05-30 05:20:00,24980,2026-05-30 09:20:00
24863,24684,2026-05-30 01:32:00,2026-05-29 13:36:00,train,4min,4,SHT_AUX_TIME,12,180,8,0.03888888888888889,24878,2026-05-30 02:32:00,24893,2026-05-30 03:32:00,24923,2026-05-30 05:32:00,24983,2026-05-30 09:32:00
24865,24686,2026-05-30 01:40:00,2026-05-29 13:44:00,train,4min,4,SHT_AUX_TIME,12,180,8,0.03888888888888889,24880,2026-05-30 02:40:00,24895,2026-05-30 03:40:00,24925,2026-05-30 05:40:00,24985,2026-05-30 09:40:00
24866,24687,2026-05-30 01:44:00,2026-05-29 13:48:00,train,4min,4,SHT_AUX_TIME,12,180,8,0.03888888888888889,24881,2026-05-30 02:44:00,24896,2026-05-30 03:44:00,24926,2026-05-30 05:44:00,24986,2026-05-30 09:44:00
24867,24688,2026-05-30 01:48:00,2026-05-29 13:52:00,train,4min,4,SHT_AUX_TIME,12,180,8,0.03888888888888889,24882,2026-05-30 02:48:00,24897,2026-05-30 03:48:00,24927,2026-05-30 05:48:00,24987,2026-05-30 09:48:00
24868,24689,2026-05-30 01:52:00,2026-05-29 13:56:00,train,4min,4,SHT_AUX_TIME,12,180,8,0.03888888888888889,24883,2026-05-30 02:52:00,24898,2026-05-30 03:52:00,24928,2026-05-30 05:52:00,24988,2026-05-30 09:52:00
24869,24690,2026-05-30 01:56:00,2026-05-29 14:00:00,train,4min,4,SHT_AUX_TIME,12,180,8,0.03888888888888889,24884,2026-05-30 02:56:00,24899,2026-05-30 03:56:00,24929,2026-05-30 05:56:00,24989,2026-05-30 09:56:00
24871,24692,2026-05-30 02:04:00,2026-05-29 14:08:00,train,4min,4,SHT_AUX_TIME,12,180,8,0.03333333333333333,24886,2026-05-30 03:04:00,24901,2026-05-30 04:04:00,24931,2026-05-30 06:04:00,24991,2026-05-30 10:04:00
24874,24695,2026-05-30 02:16:00,2026-05-29 14:20:00,train,4min,4,SHT_AUX_TIME,12,180,8,0.03333333333333333,24889,2026-05-30 03:16:00,24904,2026-05-30 04:16:00,24934,2026-05-30 06:16:00,24994,2026-05-30 10:16:00
24876,24697,2026-05-30 02:24:00,2026-05-29 14:28:00,train,4min,4,SHT_AUX_TIME,12,180,8,0.03333333333333333,24891,2026-05-30 03:24:00,24906,2026-05-30 04:24:00,24936,2026-05-30 06:24:00,24996,2026-05-30 10:24:00
24877,24698,2026-05-30 02:28:00,2026-05-29 14:32:00,train,4min,4,SHT_AUX_TIME,12,180,8,0.03333333333333333,24892,2026-05-30 03:28:00,24907,2026-05-30 04:28:00,24937,2026-05-30 06:28:00,24997,2026-05-30 10:28:00
24878,24699,2026-05-30 02:32:00,2026-05-29 14:36:00,train,4min,4,SHT_AUX_TIME,12,180,8,0.03333333333333333,24893,2026-05-30 03:32:00,24908,2026-05-30 04:32:00,24938,2026-05-30 06:32:00,24998,2026-05-30 10:32:00
24881,24702,2026-05-30 02:44:00,2026-05-29 14:48:00,train,4min,4,SHT_AUX_TIME,12,180,8,0.03333333333333333,24896,2026-05-30 03:44:00,24911,2026-05-30 04:44:00,24941,2026-05-30 06:44:00,25001,2026-05-30 10:44:00
24882,24703,2026-05-30 02:48:00,2026-05-29 14:52:00,train,4min,4,SHT_AUX_TIME,12,180,8,0.03333333333333333,24897,2026-05-30 03:48:00,24912,2026-05-30 04:48:00,24942,2026-05-30 06:48:00,25002,2026-05-30 10:48:00
24883,24704,2026-05-30 02:52:00,2026-05-29 14:56:00,train,4min,4,SHT_AUX_TIME,12,180,8,0.03333333333333333,24898,2026-05-30 03:52:00,24913,2026-05-30 04:52:00,24943,2026-05-30 06:52:00,25003,2026-05-30 10:52:00
24885,24706,2026-05-30 03:00:00,2026-05-29 15:04:00,train,4min,4,SHT_AUX_TIME,12,180,8,0.03333333333333333,24900,2026-05-30 04:00:00,24915,2026-05-30 05:00:00,24945,2026-05-30 07:00:00,25005,2026-05-30 11:00:00
24887,24708,2026-05-30 03:08:00,2026-05-29 15:12:00,train,4min,4,SHT_AUX_TIME,12,180,8,0.03888888888888889,24902,2026-05-30 04:08:00,24917,2026-05-30 05:08:00,24947,2026-05-30 07:08:00,25007,2026-05-30 11:08:00
24888,24709,2026-05-30 03:12:00,2026-05-29 15:16:00,train,4min,4,SHT_AUX_TIME,12,180,8,0.03888888888888889,24903,2026-05-30 04:12:00,24918,2026-05-30 05:12:00,24948,2026-05-30 07:12:00,25008,2026-05-30 11:12:00
24890,24711,2026-05-30 03:20:00,2026-05-29 15:24:00,train,4min,4,SHT_AUX_TIME,12,180,8,0.03888888888888889,24905,2026-05-30 04:20:00,24920,2026-05-30 05:20:00,24950,2026-05-30 07:20:00,25010,2026-05-30 11:20:00
24891,24712,2026-05-30 03:24:00,2026-05-29 15:28:00,train,4min,4,SHT_AUX_TIME,12,180,8,0.03888888888888889,24906,2026-05-30 04:24:00,24921,2026-05-30 05:24:00,24951,2026-05-30 07:24:00,25011,2026-05-30 11:24:00
24892,24713,2026-05-30 03:28:00,2026-05-29 15:32:00,train,4min,4,SHT_AUX_TIME,12,180,8,0.03888888888888889,24907,2026-05-30 04:28:00,24922,2026-05-30 05:28:00,24952,2026-05-30 07:28:00,25012,2026-05-30 11:28:00
24893,24714,2026-05-30 03:32:00,2026-05-29 15:36:00,train,4min,4,SHT_AUX_TIME,12,180,8,0.03888888888888889,24908,2026-05-30 04:32:00,24923,2026-05-30 05:32:00,24953,2026-05-30 07:32:00,25013,2026-05-30 11:32:00
24894,24715,2026-05-30 03:36:00,2026-05-29 15:40:00,train,4min,4,SHT_AUX_TIME,12,180,8,0.044444444444444446,24909,2026-05-30 04:36:00,24924,2026-05-30 05:36:00,24954,2026-05-30 07:36:00,25014,2026-05-30 11:36:00
24895,24716,2026-05-30 03:40:00,2026-05-29 15:44:00,train,4min,4,SHT_AUX_TIME,12,180,8,0.044444444444444446,24910,2026-05-30 04:40:00,24925,2026-05-30 05:40:00,24955,2026-05-30 07:40:00,25015,2026-05-30 11:40:00
24896,24717,2026-05-30 03:44:00,2026-05-29 15:48:00,train,4min,4,SHT_AUX_TIME,12,180,8,0.044444444444444446,24911,2026-05-30 04:44:00,24926,2026-05-30 05:44:00,24956,2026-05-30 07:44:00,25016,2026-05-30 11:44:00
24899,24720,2026-05-30 03:56:00,2026-05-29 16:00:00,train,4min,4,SHT_AUX_TIME,12,180,8,0.044444444444444446,24914,2026-05-30 04:56:00,24929,2026-05-30 05:56:00,24959,2026-05-30 07:56:00,25019,2026-05-30 11:56:00
24901,24722,2026-05-30 04:04:00,2026-05-29 16:08:00,train,4min,4,SHT_AUX_TIME,12,180,8,0.044444444444444446,24916,2026-05-30 05:04:00,24931,2026-05-30 06:04:00,24961,2026-05-30 08:04:00,25021,2026-05-30 12:04:00
24903,24724,2026-05-30 04:12:00,2026-05-29 16:16:00,train,4min,4,SHT_AUX_TIME,12,180,8,0.044444444444444446,24918,2026-05-30 05:12:00,24933,2026-05-30 06:12:00,24963,2026-05-30 08:12:00,25023,2026-05-30 12:12:00
24904,24725,2026-05-30 04:16:00,2026-05-29 16:20:00,train,4min,4,SHT_AUX_TIME,12,180,8,0.03888888888888889,24919,2026-05-30 05:16:00,24934,2026-05-30 06:16:00,24964,2026-05-30 08:16:00,25024,2026-05-30 12:16:00
24906,24727,2026-05-30 04:24:00,2026-05-29 16:28:00,train,4min,4,SHT_AUX_TIME,12,180,8,0.03888888888888889,24921,2026-05-30 05:24:00,24936,2026-05-30 06:24:00,24966,2026-05-30 08:24:00,25026,2026-05-30 12:24:00
24909,24730,2026-05-30 04:36:00,2026-05-29 16:40:00,train,4min,4,SHT_AUX_TIME,12,180,8,0.03888888888888889,24924,2026-05-30 05:36:00,24939,2026-05-30 06:36:00,24969,2026-05-30 08:36:00,25029,2026-05-30 12:36:00
24910,24731,2026-05-30 04:40:00,2026-05-29 16:44:00,train,4min,4,SHT_AUX_TIME,12,180,8,0.03888888888888889,24925,2026-05-30 05:40:00,24940,2026-05-30 06:40:00,24970,2026-05-30 08:40:00,25030,2026-05-30 12:40:00
24912,24733,2026-05-30 04:48:00,2026-05-29 16:52:00,train,4min,4,SHT_AUX_TIME,12,180,8,0.03888888888888889,24927,2026-05-30 05:48:00,24942,2026-05-30 06:48:00,24972,2026-05-30 08:48:00,25032,2026-05-30 12:48:00
24914,24735,2026-05-30 04:56:00,2026-05-29 17:00:00,train,4min,4,SHT_AUX_TIME,12,180,8,0.03888888888888889,24929,2026-05-30 05:56:00,24944,2026-05-30 06:56:00,24974,2026-05-30 08:56:00,25034,2026-05-30 12:56:00
24916,24737,2026-05-30 05:04:00,2026-05-29 17:08:00,train,4min,4,SHT_AUX_TIME,12,180,8,0.03888888888888889,24931,2026-05-30 06:04:00,24946,2026-05-30 07:04:00,24976,2026-05-30 09:04:00,25036,2026-05-30 13:04:00
24917,24738,2026-05-30 05:08:00,2026-05-29 17:12:00,train,4min,4,SHT_AUX_TIME,12,180,8,0.03888888888888889,24932,2026-05-30 06:08:00,24947,2026-05-30 07:08:00,24977,2026-05-30 09:08:00,25037,2026-05-30 13:08:00
24918,24739,2026-05-30 05:12:00,2026-05-29 17:16:00,train,4min,4,SHT_AUX_TIME,12,180,8,0.03888888888888889,24933,2026-05-30 06:12:00,24948,2026-05-30 07:12:00,24978,2026-05-30 09:12:00,25038,2026-05-30 13:12:00
24919,24740,2026-05-30 05:16:00,2026-05-29 17:20:00,train,4min,4,SHT_AUX_TIME,12,180,8,0.03888888888888889,24934,2026-05-30 06:16:00,24949,2026-05-30 07:16:00,24979,2026-05-30 09:16:00,25039,2026-05-30 13:16:00
24923,24744,2026-05-30 05:32:00,2026-05-29 17:36:00,train,4min,4,SHT_AUX_TIME,12,180,8,0.03888888888888889,24938,2026-05-30 06:32:00,24953,2026-05-30 07:32:00,24983,2026-05-30 09:32:00,25043,2026-05-30 13:32:00
24924,24745,2026-05-30 05:36:00,2026-05-29 17:40:00,train,4min,4,SHT_AUX_TIME,12,180,8,0.03888888888888889,24939,2026-05-30 06:36:00,24954,2026-05-30 07:36:00,24984,2026-05-30 09:36:00,25044,2026-05-30 13:36:00
24925,24746,2026-05-30 05:40:00,2026-05-29 17:44:00,train,4min,4,SHT_AUX_TIME,12,180,8,0.03888888888888889,24940,2026-05-30 06:40:00,24955,2026-05-30 07:40:00,24985,2026-05-30 09:40:00,25045,2026-05-30 13:40:00
24926,24747,2026-05-30 05:44:00,2026-05-29 17:48:00,train,4min,4,SHT_AUX_TIME,12,180,8,0.03888888888888889,24941,2026-05-30 06:44:00,24956,2026-05-30 07:44:00,24986,2026-05-30 09:44:00,25046,2026-05-30 13:44:00
24927,24748,2026-05-30 05:48:00,2026-05-29 17:52:00,train,4min,4,SHT_AUX_TIME,12,180,8,0.03888888888888889,24942,2026-05-30 06:48:00,24957,2026-05-30 07:48:00,24987,2026-05-30 09:48:00,25047,2026-05-30 13:48:00
24928,24749,2026-05-30 05:52:00,2026-05-29 17:56:00,train,4min,4,SHT_AUX_TIME,12,180,8,0.03888888888888889,24943,2026-05-30 06:52:00,24958,2026-05-30 07:52:00,24988,2026-05-30 09:52:00,25048,2026-05-30 13:52:00
24929,24750,2026-05-30 05:56:00,2026-05-29 18:00:00,train,4min,4,SHT_AUX_TIME,12,180,8,0.03888888888888889,24944,2026-05-30 06:56:00,24959,2026-05-30 07:56:00,24989,2026-05-30 09:56:00,25049,2026-05-30 13:56:00
24931,24752,2026-05-30 06:04:00,2026-05-29 18:08:00,train,4min,4,SHT_AUX_TIME,12,180,8,0.044444444444444446,24946,2026-05-30 07:04:00,24961,2026-05-30 08:04:00,24991,2026-05-30 10:04:00,25051,2026-05-30 14:04:00
24935,24756,2026-05-30 06:20:00,2026-05-29 18:24:00,train,4min,4,SHT_AUX_TIME,12,180,8,0.05,24950,2026-05-30 07:20:00,24965,2026-05-30 08:20:00,24995,2026-05-30 10:20:00,25055,2026-05-30 14:20:00
24936,24757,2026-05-30 06:24:00,2026-05-29 18:28:00,train,4min,4,SHT_AUX_TIME,12,180,8,0.05,24951,2026-05-30 07:24:00,24966,2026-05-30 08:24:00,24996,2026-05-30 10:24:00,25056,2026-05-30 14:24:00
24938,24759,2026-05-30 06:32:00,2026-05-29 18:36:00,train,4min,4,SHT_AUX_TIME,12,180,8,0.05,24953,2026-05-30 07:32:00,24968,2026-05-30 08:32:00,24998,2026-05-30 10:32:00,25058,2026-05-30 14:32:00
24939,24760,2026-05-30 06:36:00,2026-05-29 18:40:00,train,4min,4,SHT_AUX_TIME,12,180,8,0.05,24954,2026-05-30 07:36:00,24969,2026-05-30 08:36:00,24999,2026-05-30 10:36:00,25059,2026-05-30 14:36:00
24941,24762,2026-05-30 06:44:00,2026-05-29 18:48:00,train,4min,4,SHT_AUX_TIME,12,180,8,0.044444444444444446,24956,2026-05-30 07:44:00,24971,2026-05-30 08:44:00,25001,2026-05-30 10:44:00,25061,2026-05-30 14:44:00
24942,24763,2026-05-30 06:48:00,2026-05-29 18:52:00,train,4min,4,SHT_AUX_TIME,12,180,8,0.044444444444444446,24957,2026-05-30 07:48:00,24972,2026-05-30 08:48:00,25002,2026-05-30 10:48:00,25062,2026-05-30 14:48:00
24943,24764,2026-05-30 06:52:00,2026-05-29 18:56:00,train,4min,4,SHT_AUX_TIME,12,180,8,0.044444444444444446,24958,2026-05-30 07:52:00,24973,2026-05-30 08:52:00,25003,2026-05-30 10:52:00,25063,2026-05-30 14:52:00
24945,24766,2026-05-30 07:00:00,2026-05-29 19:04:00,train,4min,4,SHT_AUX_TIME,12,180,8,0.044444444444444446,24960,2026-05-30 08:00:00,24975,2026-05-30 09:00:00,25005,2026-05-30 11:00:00,25065,2026-05-30 15:00:00
24948,24769,2026-05-30 07:12:00,2026-05-29 19:16:00,train,4min,4,SHT_AUX_TIME,12,180,8,0.044444444444444446,24963,2026-05-30 08:12:00,24978,2026-05-30 09:12:00,25008,2026-05-30 11:12:00,25068,2026-05-30 15:12:00
24950,24771,2026-05-30 07:20:00,2026-05-29 19:24:00,train,4min,4,SHT_AUX_TIME,12,180,8,0.044444444444444446,24965,2026-05-30 08:20:00,24980,2026-05-30 09:20:00,25010,2026-05-30 11:20:00,25070,2026-05-30 15:20:00
24953,24774,2026-05-30 07:32:00,2026-05-29 19:36:00,train,4min,4,SHT_AUX_TIME,12,180,8,0.044444444444444446,24968,2026-05-30 08:32:00,24983,2026-05-30 09:32:00,25013,2026-05-30 11:32:00,25073,2026-05-30 15:32:00
24954,24775,2026-05-30 07:36:00,2026-05-29 19:40:00,train,4min,4,SHT_AUX_TIME,12,180,8,0.044444444444444446,24969,2026-05-30 08:36:00,24984,2026-05-30 09:36:00,25014,2026-05-30 11:36:00,25074,2026-05-30 15:36:00
24955,24776,2026-05-30 07:40:00,2026-05-29 19:44:00,train,4min,4,SHT_AUX_TIME,12,180,8,0.044444444444444446,24970,2026-05-30 08:40:00,24985,2026-05-30 09:40:00,25015,2026-05-30 11:40:00,25075,2026-05-30 15:40:00
24956,24777,2026-05-30 07:44:00,2026-05-29 19:48:00,train,4min,4,SHT_AUX_TIME,12,180,8,0.044444444444444446,24971,2026-05-30 08:44:00,24986,2026-05-30 09:44:00,25016,2026-05-30 11:44:00,25076,2026-05-30 15:44:00
24961,24782,2026-05-30 08:04:00,2026-05-29 20:08:00,train,4min,4,SHT_AUX_TIME,12,180,8,0.044444444444444446,24976,2026-05-30 09:04:00,24991,2026-05-30 10:04:00,25021,2026-05-30 12:04:00,25081,2026-05-30 16:04:00
24962,24783,2026-05-30 08:08:00,2026-05-29 20:12:00,train,4min,4,SHT_AUX_TIME,12,180,8,0.05,24977,2026-05-30 09:08:00,24992,2026-05-30 10:08:00,25022,2026-05-30 12:08:00,25082,2026-05-30 16:08:00
24964,24785,2026-05-30 08:16:00,2026-05-29 20:20:00,train,4min,4,SHT_AUX_TIME,12,180,8,0.05,24979,2026-05-30 09:16:00,24994,2026-05-30 10:16:00,25024,2026-05-30 12:16:00,25084,2026-05-30 16:16:00
24972,24793,2026-05-30 08:48:00,2026-05-29 20:52:00,train,4min,4,SHT_AUX_TIME,12,180,8,0.05,24987,2026-05-30 09:48:00,25002,2026-05-30 10:48:00,25032,2026-05-30 12:48:00,25092,2026-05-30 16:48:00
24977,24798,2026-05-30 09:08:00,2026-05-29 21:12:00,train,4min,4,SHT_AUX_TIME,12,180,8,0.05,24992,2026-05-30 10:08:00,25007,2026-05-30 11:08:00,25037,2026-05-30 13:08:00,25097,2026-05-30 17:08:00
24980,24801,2026-05-30 09:20:00,2026-05-29 21:24:00,train,4min,4,SHT_AUX_TIME,12,180,8,0.05,24995,2026-05-30 10:20:00,25010,2026-05-30 11:20:00,25040,2026-05-30 13:20:00,25100,2026-05-30 17:20:00
46392,46213,2026-07-28 20:48:00,2026-07-28 08:52:00,test,4min,4,SHT_AUX_TIME,12,180,8,0.05,46407,2026-07-28 21:48:00,46422,2026-07-28 22:48:00,46452,2026-07-29 00:48:00,46512,2026-07-29 04:48:00
46393,46214,2026-07-28 20:52:00,2026-07-28 08:56:00,test,4min,4,SHT_AUX_TIME,12,180,8,0.05,46408,2026-07-28 21:52:00,46423,2026-07-28 22:52:00,46453,2026-07-29 00:52:00,46513,2026-07-29 04:52:00
46395,46216,2026-07-28 21:00:00,2026-07-28 09:04:00,test,4min,4,SHT_AUX_TIME,12,180,8,0.044444444444444446,46410,2026-07-28 22:00:00,46425,2026-07-28 23:00:00,46455,2026-07-29 01:00:00,46515,2026-07-29 05:00:00
46396,46217,2026-07-28 21:04:00,2026-07-28 09:08:00,test,4min,4,SHT_AUX_TIME,12,180,8,0.044444444444444446,46411,2026-07-28 22:04:00,46426,2026-07-28 23:04:00,46456,2026-07-29 01:04:00,46516,2026-07-29 05:04:00
46397,46218,2026-07-28 21:08:00,2026-07-28 09:12:00,test,4min,4,SHT_AUX_TIME,12,180,8,0.044444444444444446,46412,2026-07-28 22:08:00,46427,2026-07-28 23:08:00,46457,2026-07-29 01:08:00,46517,2026-07-29 05:08:00
46398,46219,2026-07-28 21:12:00,2026-07-28 09:16:00,test,4min,4,SHT_AUX_TIME,12,180,8,0.044444444444444446,46413,2026-07-28 22:12:00,46428,2026-07-28 23:12:00,46458,2026-07-29 01:12:00,46518,2026-07-29 05:12:00
46400,46221,2026-07-28 21:20:00,2026-07-28 09:24:00,test,4min,4,SHT_AUX_TIME,12,180,8,0.044444444444444446,46415,2026-07-28 22:20:00,46430,2026-07-28 23:20:00,46460,2026-07-29 01:20:00,46520,2026-07-29 05:20:00
46401,46222,2026-07-28 21:24:00,2026-07-28 09:28:00,test,4min,4,SHT_AUX_TIME,12,180,8,0.044444444444444446,46416,2026-07-28 22:24:00,46431,2026-07-28 23:24:00,46461,2026-07-29 01:24:00,46521,2026-07-29 05:24:00
46403,46224,2026-07-28 21:32:00,2026-07-28 09:36:00,test,4min,4,SHT_AUX_TIME,12,180,8,0.044444444444444446,46418,2026-07-28 22:32:00,46433,2026-07-28 23:32:00,46463,2026-07-29 01:32:00,46523,2026-07-29 05:32:00
46404,46225,2026-07-28 21:36:00,2026-07-28 09:40:00,test,4min,4,SHT_AUX_TIME,12,180,8,0.044444444444444446,46419,2026-07-28 22:36:00,46434,2026-07-28 23:36:00,46464,2026-07-29 01:36:00,46524,2026-07-29 05:36:00
46405,46226,2026-07-28 21:40:00,2026-07-28 09:44:00,test,4min,4,SHT_AUX_TIME,12,180,8,0.044444444444444446,46420,2026-07-28 22:40:00,46435,2026-07-28 23:40:00,46465,2026-07-29 01:40:00,46525,2026-07-29 05:40:00
46407,46228,2026-07-28 21:48:00,2026-07-28 09:52:00,test,4min,4,SHT_AUX_TIME,12,180,8,0.044444444444444446,46422,2026-07-28 22:48:00,46437,2026-07-28 23:48:00,46467,2026-07-29 01:48:00,46527,2026-07-29 05:48:00
46408,46229,2026-07-28 21:52:00,2026-07-28 09:56:00,test,4min,4,SHT_AUX_TIME,12,180,8,0.044444444444444446,46423,2026-07-28 22:52:00,46438,2026-07-28 23:52:00,46468,2026-07-29 01:52:00,46528,2026-07-29 05:52:00
46410,46231,2026-07-28 22:00:00,2026-07-28 10:04:00,test,4min,4,SHT_AUX_TIME,12,180,8,0.044444444444444446,46425,2026-07-28 23:00:00,46440,2026-07-29 00:00:00,46470,2026-07-29 02:00:00,46530,2026-07-29 06:00:00
46411,46232,2026-07-28 22:04:00,2026-07-28 10:08:00,test,4min,4,SHT_AUX_TIME,12,180,8,0.044444444444444446,46426,2026-07-28 23:04:00,46441,2026-07-29 00:04:00,46471,2026-07-29 02:04:00,46531,2026-07-29 06:04:00
46414,46235,2026-07-28 22:16:00,2026-07-28 10:20:00,test,4min,4,SHT_AUX_TIME,12,180,8,0.044444444444444446,46429,2026-07-28 23:16:00,46444,2026-07-29 00:16:00,46474,2026-07-29 02:16:00,46534,2026-07-29 06:16:00
46415,46236,2026-07-28 22:20:00,2026-07-28 10:24:00,test,4min,4,SHT_AUX_TIME,12,180,8,0.044444444444444446,46430,2026-07-28 23:20:00,46445,2026-07-29 00:20:00,46475,2026-07-29 02:20:00,46535,2026-07-29 06:20:00
46416,46237,2026-07-28 22:24:00,2026-07-28 10:28:00,test,4min,4,SHT_AUX_TIME,12,180,8,0.044444444444444446,46431,2026-07-28 23:24:00,46446,2026-07-29 00:24:00,46476,2026-07-29 02:24:00,46536,2026-07-29 06:24:00
46417,46238,2026-07-28 22:28:00,2026-07-28 10:32:00,test,4min,4,SHT_AUX_TIME,12,180,8,0.044444444444444446,46432,2026-07-28 23:28:00,46447,2026-07-29 00:28:00,46477,2026-07-29 02:28:00,46537,2026-07-29 06:28:00
46418,46239,2026-07-28 22:32:00,2026-07-28 10:36:00,test,4min,4,SHT_AUX_TIME,12,180,8,0.044444444444444446,46433,2026-07-28 23:32:00,46448,2026-07-29 00:32:00,46478,2026-07-29 02:32:00,46538,2026-07-29 06:32:00
46419,46240,2026-07-28 22:36:00,2026-07-28 10:40:00,test,4min,4,SHT_AUX_TIME,12,180,8,0.044444444444444446,46434,2026-07-28 23:36:00,46449,2026-07-29 00:36:00,46479,2026-07-29 02:36:00,46539,2026-07-29 06:36:00
46420,46241,2026-07-28 22:40:00,2026-07-28 10:44:00,test,4min,4,SHT_AUX_TIME,12,180,8,0.044444444444444446,46435,2026-07-28 23:40:00,46450,2026-07-29 00:40:00,46480,2026-07-29 02:40:00,46540,2026-07-29 06:40:00
46422,46243,2026-07-28 22:48:00,2026-07-28 10:52:00,test,4min,4,SHT_AUX_TIME,12,180,8,0.044444444444444446,46437,2026-07-28 23:48:00,46452,2026-07-29 00:48:00,46482,2026-07-29 02:48:00,46542,2026-07-29 06:48:00
46423,46244,2026-07-28 22:52:00,2026-07-28 10:56:00,test,4min,4,SHT_AUX_TIME,12,180,8,0.044444444444444446,46438,2026-07-28 23:52:00,46453,2026-07-29 00:52:00,46483,2026-07-29 02:52:00,46543,2026-07-29 06:52:00
46424,46245,2026-07-28 22:56:00,2026-07-28 11:00:00,test,4min,4,SHT_AUX_TIME,12,180,8,0.05,46439,2026-07-28 23:56:00,46454,2026-07-29 00:56:00,46484,2026-07-29 02:56:00,46544,2026-07-29 06:56:00
46425,46246,2026-07-28 23:00:00,2026-07-28 11:04:00,test,4min,4,SHT_AUX_TIME,12,180,8,0.044444444444444446,46440,2026-07-29 00:00:00,46455,2026-07-29 01:00:00,46485,2026-07-29 03:00:00,46545,2026-07-29 07:00:00
46426,46247,2026-07-28 23:04:00,2026-07-28 11:08:00,test,4min,4,SHT_AUX_TIME,12,180,8,0.044444444444444446,46441,2026-07-29 00:04:00,46456,2026-07-29 01:04:00,46486,2026-07-29 03:04:00,46546,2026-07-29 07:04:00
46427,46248,2026-07-28 23:08:00,2026-07-28 11:12:00,test,4min,4,SHT_AUX_TIME,12,180,8,0.03888888888888889,46442,2026-07-29 00:08:00,46457,2026-07-29 01:08:00,46487,2026-07-29 03:08:00,46547,2026-07-29 07:08:00
46428,46249,2026-07-28 23:12:00,2026-07-28 11:16:00,test,4min,4,SHT_AUX_TIME,12,180,8,0.03888888888888889,46443,2026-07-29 00:12:00,46458,2026-07-29 01:12:00,46488,2026-07-29 03:12:00,46548,2026-07-29 07:12:00
46430,46251,2026-07-28 23:20:00,2026-07-28 11:24:00,test,4min,4,SHT_AUX_TIME,12,180,8,0.03888888888888889,46445,2026-07-29 00:20:00,46460,2026-07-29 01:20:00,46490,2026-07-29 03:20:00,46550,2026-07-29 07:20:00
46431,46252,2026-07-28 23:24:00,2026-07-28 11:28:00,test,4min,4,SHT_AUX_TIME,12,180,8,0.03888888888888889,46446,2026-07-29 00:24:00,46461,2026-07-29 01:24:00,46491,2026-07-29 03:24:00,46551,2026-07-29 07:24:00
46433,46254,2026-07-28 23:32:00,2026-07-28 11:36:00,test,4min,4,SHT_AUX_TIME,12,180,8,0.03888888888888889,46448,2026-07-29 00:32:00,46463,2026-07-29 01:32:00,46493,2026-07-29 03:32:00,46553,2026-07-29 07:32:00
46434,46255,2026-07-28 23:36:00,2026-07-28 11:40:00,test,4min,4,SHT_AUX_TIME,12,180,8,0.03888888888888889,46449,2026-07-29 00:36:00,46464,2026-07-29 01:36:00,46494,2026-07-29 03:36:00,46554,2026-07-29 07:36:00
46436,46257,2026-07-28 23:44:00,2026-07-28 11:48:00,test,4min,4,SHT_AUX_TIME,12,180,8,0.044444444444444446,46451,2026-07-29 00:44:00,46466,2026-07-29 01:44:00,46496,2026-07-29 03:44:00,46556,2026-07-29 07:44:00
46437,46258,2026-07-28 23:48:00,2026-07-28 11:52:00,test,4min,4,SHT_AUX_TIME,12,180,8,0.044444444444444446,46452,2026-07-29 00:48:00,46467,2026-07-29 01:48:00,46497,2026-07-29 03:48:00,46557,2026-07-29 07:48:00
46438,46259,2026-07-28 23:52:00,2026-07-28 11:56:00,test,4min,4,SHT_AUX_TIME,12,180,8,0.044444444444444446,46453,2026-07-29 00:52:00,46468,2026-07-29 01:52:00,46498,2026-07-29 03:52:00,46558,2026-07-29 07:52:00
46441,46262,2026-07-29 00:04:00,2026-07-28 12:08:00,test,4min,4,SHT_AUX_TIME,12,180,8,0.044444444444444446,46456,2026-07-29 01:04:00,46471,2026-07-29 02:04:00,46501,2026-07-29 04:04:00,46561,2026-07-29 08:04:00
46442,46263,2026-07-29 00:08:00,2026-07-28 12:12:00,test,4min,4,SHT_AUX_TIME,12,180,8,0.044444444444444446,46457,2026-07-29 01:08:00,46472,2026-07-29 02:08:00,46502,2026-07-29 04:08:00,46562,2026-07-29 08:08:00
46443,46264,2026-07-29 00:12:00,2026-07-28 12:16:00,test,4min,4,SHT_AUX_TIME,12,180,8,0.044444444444444446,46458,2026-07-29 01:12:00,46473,2026-07-29 02:12:00,46503,2026-07-29 04:12:00,46563,2026-07-29 08:12:00
46445,46266,2026-07-29 00:20:00,2026-07-28 12:24:00,test,4min,4,SHT_AUX_TIME,12,180,8,0.044444444444444446,46460,2026-07-29 01:20:00,46475,2026-07-29 02:20:00,46505,2026-07-29 04:20:00,46565,2026-07-29 08:20:00
46446,46267,2026-07-29 00:24:00,2026-07-28 12:28:00,test,4min,4,SHT_AUX_TIME,12,180,8,0.044444444444444446,46461,2026-07-29 01:24:00,46476,2026-07-29 02:24:00,46506,2026-07-29 04:24:00,46566,2026-07-29 08:24:00
46448,46269,2026-07-29 00:32:00,2026-07-28 12:36:00,test,4min,4,SHT_AUX_TIME,12,180,8,0.044444444444444446,46463,2026-07-29 01:32:00,46478,2026-07-29 02:32:00,46508,2026-07-29 04:32:00,46568,2026-07-29 08:32:00
46449,46270,2026-07-29 00:36:00,2026-07-28 12:40:00,test,4min,4,SHT_AUX_TIME,12,180,8,0.044444444444444446,46464,2026-07-29 01:36:00,46479,2026-07-29 02:36:00,46509,2026-07-29 04:36:00,46569,2026-07-29 08:36:00
46450,46271,2026-07-29 00:40:00,2026-07-28 12:44:00,test,4min,4,SHT_AUX_TIME,12,180,8,0.044444444444444446,46465,2026-07-29 01:40:00,46480,2026-07-29 02:40:00,46510,2026-07-29 04:40:00,46570,2026-07-29 08:40:00
46451,46272,2026-07-29 00:44:00,2026-07-28 12:48:00,test,4min,4,SHT_AUX_TIME,12,180,8,0.044444444444444446,46466,2026-07-29 01:44:00,46481,2026-07-29 02:44:00,46511,2026-07-29 04:44:00,46571,2026-07-29 08:44:00
46452,46273,2026-07-29 00:48:00,2026-07-28 12:52:00,test,4min,4,SHT_AUX_TIME,12,180,8,0.044444444444444446,46467,2026-07-29 01:48:00,46482,2026-07-29 02:48:00,46512,2026-07-29 04:48:00,46572,2026-07-29 08:48:00
46453,46274,2026-07-29 00:52:00,2026-07-28 12:56:00,test,4min,4,SHT_AUX_TIME,12,180,8,0.044444444444444446,46468,2026-07-29 01:52:00,46483,2026-07-29 02:52:00,46513,2026-07-29 04:52:00,46573,2026-07-29 08:52:00
46455,46276,2026-07-29 01:00:00,2026-07-28 13:04:00,test,4min,4,SHT_AUX_TIME,12,180,8,0.044444444444444446,46470,2026-07-29 02:00:00,46485,2026-07-29 03:00:00,46515,2026-07-29 05:00:00,46575,2026-07-29 09:00:00
46456,46277,2026-07-29 01:04:00,2026-07-28 13:08:00,test,4min,4,SHT_AUX_TIME,12,180,8,0.03888888888888889,46471,2026-07-29 02:04:00,46486,2026-07-29 03:04:00,46516,2026-07-29 05:04:00,46576,2026-07-29 09:04:00
46457,46278,2026-07-29 01:08:00,2026-07-28 13:12:00,test,4min,4,SHT_AUX_TIME,12,180,8,0.03888888888888889,46472,2026-07-29 02:08:00,46487,2026-07-29 03:08:00,46517,2026-07-29 05:08:00,46577,2026-07-29 09:08:00
46458,46279,2026-07-29 01:12:00,2026-07-28 13:16:00,test,4min,4,SHT_AUX_TIME,12,180,8,0.03888888888888889,46473,2026-07-29 02:12:00,46488,2026-07-29 03:12:00,46518,2026-07-29 05:12:00,46578,2026-07-29 09:12:00
46459,46280,2026-07-29 01:16:00,2026-07-28 13:20:00,test,4min,4,SHT_AUX_TIME,12,180,8,0.044444444444444446,46474,2026-07-29 02:16:00,46489,2026-07-29 03:16:00,46519,2026-07-29 05:16:00,46579,2026-07-29 09:16:00
46460,46281,2026-07-29 01:20:00,2026-07-28 13:24:00,test,4min,4,SHT_AUX_TIME,12,180,8,0.044444444444444446,46475,2026-07-29 02:20:00,46490,2026-07-29 03:20:00,46520,2026-07-29 05:20:00,46580,2026-07-29 09:20:00
46461,46282,2026-07-29 01:24:00,2026-07-28 13:28:00,test,4min,4,SHT_AUX_TIME,12,180,8,0.044444444444444446,46476,2026-07-29 02:24:00,46491,2026-07-29 03:24:00,46521,2026-07-29 05:24:00,46581,2026-07-29 09:24:00
46462,46283,2026-07-29 01:28:00,2026-07-28 13:32:00,test,4min,4,SHT_AUX_TIME,12,180,8,0.05,46477,2026-07-29 02:28:00,46492,2026-07-29 03:28:00,46522,2026-07-29 05:28:00,46582,2026-07-29 09:28:00
46463,46284,2026-07-29 01:32:00,2026-07-28 13:36:00,test,4min,4,SHT_AUX_TIME,12,180,8,0.05,46478,2026-07-29 02:32:00,46493,2026-07-29 03:32:00,46523,2026-07-29 05:32:00,46583,2026-07-29 09:32:00
46466,46287,2026-07-29 01:44:00,2026-07-28 13:48:00,test,4min,4,SHT_AUX_TIME,12,180,8,0.05,46481,2026-07-29 02:44:00,46496,2026-07-29 03:44:00,46526,2026-07-29 05:44:00,46586,2026-07-29 09:44:00
46467,46288,2026-07-29 01:48:00,2026-07-28 13:52:00,test,4min,4,SHT_AUX_TIME,12,180,8,0.05,46482,2026-07-29 02:48:00,46497,2026-07-29 03:48:00,46527,2026-07-29 05:48:00,46587,2026-07-29 09:48:00
46468,46289,2026-07-29 01:52:00,2026-07-28 13:56:00,test,4min,4,SHT_AUX_TIME,12,180,8,0.05,46483,2026-07-29 02:52:00,46498,2026-07-29 03:52:00,46528,2026-07-29 05:52:00,46588,2026-07-29 09:52:00
46469,46290,2026-07-29 01:56:00,2026-07-28 14:00:00,test,4min,4,SHT_AUX_TIME,12,180,8,0.05,46484,2026-07-29 02:56:00,46499,2026-07-29 03:56:00,46529,2026-07-29 05:56:00,46589,2026-07-29 09:56:00
46470,46291,2026-07-29 02:00:00,2026-07-28 14:04:00,test,4min,4,SHT_AUX_TIME,12,180,8,0.05,46485,2026-07-29 03:00:00,46500,2026-07-29 04:00:00,46530,2026-07-29 06:00:00,46590,2026-07-29 10:00:00
46471,46292,2026-07-29 02:04:00,2026-07-28 14:08:00,test,4min,4,SHT_AUX_TIME,12,180,8,0.05,46486,2026-07-29 03:04:00,46501,2026-07-29 04:04:00,46531,2026-07-29 06:04:00,46591,2026-07-29 10:04:00
46474,46295,2026-07-29 02:16:00,2026-07-28 14:20:00,test,4min,4,SHT_AUX_TIME,12,180,8,0.05,46489,2026-07-29 03:16:00,46504,2026-07-29 04:16:00,46534,2026-07-29 06:16:00,46594,2026-07-29 10:16:00
46475,46296,2026-07-29 02:20:00,2026-07-28 14:24:00,test,4min,4,SHT_AUX_TIME,12,180,8,0.05,46490,2026-07-29 03:20:00,46505,2026-07-29 04:20:00,46535,2026-07-29 06:20:00,46595,2026-07-29 10:20:00
46476,46297,2026-07-29 02:24:00,2026-07-28 14:28:00,test,4min,4,SHT_AUX_TIME,12,180,8,0.05,46491,2026-07-29 03:24:00,46506,2026-07-29 04:24:00,46536,2026-07-29 06:24:00,46596,2026-07-29 10:24:00
46477,46298,2026-07-29 02:28:00,2026-07-28 14:32:00,test,4min,4,SHT_AUX_TIME,12,180,8,0.05,46492,2026-07-29 03:28:00,46507,2026-07-29 04:28:00,46537,2026-07-29 06:28:00,46597,2026-07-29 10:28:00
46479,46300,2026-07-29 02:36:00,2026-07-28 14:40:00,test,4min,4,SHT_AUX_TIME,12,180,8,0.05,46494,2026-07-29 03:36:00,46509,2026-07-29 04:36:00,46539,2026-07-29 06:36:00,46599,2026-07-29 10:36:00
46482,46303,2026-07-29 02:48:00,2026-07-28 14:52:00,test,4min,4,SHT_AUX_TIME,12,180,8,0.044444444444444446,46497,2026-07-29 03:48:00,46512,2026-07-29 04:48:00,46542,2026-07-29 06:48:00,46602,2026-07-29 10:48:00
46483,46304,2026-07-29 02:52:00,2026-07-28 14:56:00,test,4min,4,SHT_AUX_TIME,12,180,8,0.044444444444444446,46498,2026-07-29 03:52:00,46513,2026-07-29 04:52:00,46543,2026-07-29 06:52:00,46603,2026-07-29 10:52:00
46484,46305,2026-07-29 02:56:00,2026-07-28 15:00:00,test,4min,4,SHT_AUX_TIME,12,180,8,0.044444444444444446,46499,2026-07-29 03:56:00,46514,2026-07-29 04:56:00,46544,2026-07-29 06:56:00,46604,2026-07-29 10:56:00
46485,46306,2026-07-29 03:00:00,2026-07-28 15:04:00,test,4min,4,SHT_AUX_TIME,12,180,8,0.044444444444444446,46500,2026-07-29 04:00:00,46515,2026-07-29 05:00:00,46545,2026-07-29 07:00:00,46605,2026-07-29 11:00:00
46486,46307,2026-07-29 03:04:00,2026-07-28 15:08:00,test,4min,4,SHT_AUX_TIME,12,180,8,0.044444444444444446,46501,2026-07-29 04:04:00,46516,2026-07-29 05:04:00,46546,2026-07-29 07:04:00,46606,2026-07-29 11:04:00
46487,46308,2026-07-29 03:08:00,2026-07-28 15:12:00,test,4min,4,SHT_AUX_TIME,12,180,8,0.044444444444444446,46502,2026-07-29 04:08:00,46517,2026-07-29 05:08:00,46547,2026-07-29 07:08:00,46607,2026-07-29 11:08:00
46488,46309,2026-07-29 03:12:00,2026-07-28 15:16:00,test,4min,4,SHT_AUX_TIME,12,180,8,0.044444444444444446,46503,2026-07-29 04:12:00,46518,2026-07-29 05:12:00,46548,2026-07-29 07:12:00,46608,2026-07-29 11:12:00
46489,46310,2026-07-29 03:16:00,2026-07-28 15:20:00,test,4min,4,SHT_AUX_TIME,12,180,8,0.044444444444444446,46504,2026-07-29 04:16:00,46519,2026-07-29 05:16:00,46549,2026-07-29 07:16:00,46609,2026-07-29 11:16:00
46490,46311,2026-07-29 03:20:00,2026-07-28 15:24:00,test,4min,4,SHT_AUX_TIME,12,180,8,0.03888888888888889,46505,2026-07-29 04:20:00,46520,2026-07-29 05:20:00,46550,2026-07-29 07:20:00,46610,2026-07-29 11:20:00
46491,46312,2026-07-29 03:24:00,2026-07-28 15:28:00,test,4min,4,SHT_AUX_TIME,12,180,8,0.03888888888888889,46506,2026-07-29 04:24:00,46521,2026-07-29 05:24:00,46551,2026-07-29 07:24:00,46611,2026-07-29 11:24:00
46492,46313,2026-07-29 03:28:00,2026-07-28 15:32:00,test,4min,4,SHT_AUX_TIME,12,180,8,0.03888888888888889,46507,2026-07-29 04:28:00,46522,2026-07-29 05:28:00,46552,2026-07-29 07:28:00,46612,2026-07-29 11:28:00
46494,46315,2026-07-29 03:36:00,2026-07-28 15:40:00,test,4min,4,SHT_AUX_TIME,12,180,8,0.03888888888888889,46509,2026-07-29 04:36:00,46524,2026-07-29 05:36:00,46554,2026-07-29 07:36:00,46614,2026-07-29 11:36:00
46497,46318,2026-07-29 03:48:00,2026-07-28 15:52:00,test,4min,4,SHT_AUX_TIME,12,180,8,0.044444444444444446,46512,2026-07-29 04:48:00,46527,2026-07-29 05:48:00,46557,2026-07-29 07:48:00,46617,2026-07-29 11:48:00
46498,46319,2026-07-29 03:52:00,2026-07-28 15:56:00,test,4min,4,SHT_AUX_TIME,12,180,8,0.044444444444444446,46513,2026-07-29 04:52:00,46528,2026-07-29 05:52:00,46558,2026-07-29 07:52:00,46618,2026-07-29 11:52:00
46501,46322,2026-07-29 04:04:00,2026-07-28 16:08:00,test,4min,4,SHT_AUX_TIME,12,180,8,0.044444444444444446,46516,2026-07-29 05:04:00,46531,2026-07-29 06:04:00,46561,2026-07-29 08:04:00,46621,2026-07-29 12:04:00
46504,46325,2026-07-29 04:16:00,2026-07-28 16:20:00,test,4min,4,SHT_AUX_TIME,12,180,8,0.044444444444444446,46519,2026-07-29 05:16:00,46534,2026-07-29 06:16:00,46564,2026-07-29 08:16:00,46624,2026-07-29 12:16:00
46505,46326,2026-07-29 04:20:00,2026-07-28 16:24:00,test,4min,4,SHT_AUX_TIME,12,180,8,0.044444444444444446,46520,2026-07-29 05:20:00,46535,2026-07-29 06:20:00,46565,2026-07-29 08:20:00,46625,2026-07-29 12:20:00
46506,46327,2026-07-29 04:24:00,2026-07-28 16:28:00,test,4min,4,SHT_AUX_TIME,12,180,8,0.044444444444444446,46521,2026-07-29 05:24:00,46536,2026-07-29 06:24:00,46566,2026-07-29 08:24:00,46626,2026-07-29 12:24:00
46507,46328,2026-07-29 04:28:00,2026-07-28 16:32:00,test,4min,4,SHT_AUX_TIME,12,180,8,0.044444444444444446,46522,2026-07-29 05:28:00,46537,2026-07-29 06:28:00,46567,2026-07-29 08:28:00,46627,2026-07-29 12:28:00
46508,46329,2026-07-29 04:32:00,2026-07-28 16:36:00,test,4min,4,SHT_AUX_TIME,12,180,8,0.044444444444444446,46523,2026-07-29 05:32:00,46538,2026-07-29 06:32:00,46568,2026-07-29 08:32:00,46628,2026-07-29 12:32:00
46509,46330,2026-07-29 04:36:00,2026-07-28 16:40:00,test,4min,4,SHT_AUX_TIME,12,180,8,0.044444444444444446,46524,2026-07-29 05:36:00,46539,2026-07-29 06:36:00,46569,2026-07-29 08:36:00,46629,2026-07-29 12:36:00
46510,46331,2026-07-29 04:40:00,2026-07-28 16:44:00,test,4min,4,SHT_AUX_TIME,12,180,8,0.044444444444444446,46525,2026-07-29 05:40:00,46540,2026-07-29 06:40:00,46570,2026-07-29 08:40:00,46630,2026-07-29 12:40:00
46512,46333,2026-07-29 04:48:00,2026-07-28 16:52:00,test,4min,4,SHT_AUX_TIME,12,180,8,0.044444444444444446,46527,2026-07-29 05:48:00,46542,2026-07-29 06:48:00,46572,2026-07-29 08:48:00,46632,2026-07-29 12:48:00
46513,46334,2026-07-29 04:52:00,2026-07-28 16:56:00,test,4min,4,SHT_AUX_TIME,12,180,8,0.044444444444444446,46528,2026-07-29 05:52:00,46543,2026-07-29 06:52:00,46573,2026-07-29 08:52:00,46633,2026-07-29 12:52:00
46515,46336,2026-07-29 05:00:00,2026-07-28 17:04:00,test,4min,4,SHT_AUX_TIME,12,180,8,0.044444444444444446,46530,2026-07-29 06:00:00,46545,2026-07-29 07:00:00,46575,2026-07-29 09:00:00,46635,2026-07-29 13:00:00
46516,46337,2026-07-29 05:04:00,2026-07-28 17:08:00,test,4min,4,SHT_AUX_TIME,12,180,8,0.044444444444444446,46531,2026-07-29 06:04:00,46546,2026-07-29 07:04:00,46576,2026-07-29 09:04:00,46636,2026-07-29 13:04:00
46519,46340,2026-07-29 05:16:00,2026-07-28 17:20:00,test,4min,4,SHT_AUX_TIME,12,180,8,0.044444444444444446,46534,2026-07-29 06:16:00,46549,2026-07-29 07:16:00,46579,2026-07-29 09:16:00,46639,2026-07-29 13:16:00
46520,46341,2026-07-29 05:20:00,2026-07-28 17:24:00,test,4min,4,SHT_AUX_TIME,12,180,8,0.044444444444444446,46535,2026-07-29 06:20:00,46550,2026-07-29 07:20:00,46580,2026-07-29 09:20:00,46640,2026-07-29 13:20:00
46521,46342,2026-07-29 05:24:00,2026-07-28 17:28:00,test,4min,4,SHT_AUX_TIME,12,180,8,0.044444444444444446,46536,2026-07-29 06:24:00,46551,2026-07-29 07:24:00,46581,2026-07-29 09:24:00,46641,2026-07-29 13:24:00
46523,46344,2026-07-29 05:32:00,2026-07-28 17:36:00,test,4min,4,SHT_AUX_TIME,12,180,8,0.044444444444444446,46538,2026-07-29 06:32:00,46553,2026-07-29 07:32:00,46583,2026-07-29 09:32:00,46643,2026-07-29 13:32:00
46527,46348,2026-07-29 05:48:00,2026-07-28 17:52:00,test,4min,4,SHT_AUX_TIME,12,180,8,0.044444444444444446,46542,2026-07-29 06:48:00,46557,2026-07-29 07:48:00,46587,2026-07-29 09:48:00,46647,2026-07-29 13:48:00
46528,46349,2026-07-29 05:52:00,2026-07-28 17:56:00,test,4min,4,SHT_AUX_TIME,12,180,8,0.03888888888888889,46543,2026-07-29 06:52:00,46558,2026-07-29 07:52:00,46588,2026-07-29 09:52:00,46648,2026-07-29 13:52:00
46531,46352,2026-07-29 06:04:00,2026-07-28 18:08:00,test,4min,4,SHT_AUX_TIME,12,180,8,0.03888888888888889,46546,2026-07-29 07:04:00,46561,2026-07-29 08:04:00,46591,2026-07-29 10:04:00,46651,2026-07-29 14:04:00
46532,46353,2026-07-29 06:08:00,2026-07-28 18:12:00,test,4min,4,SHT_AUX_TIME,12,180,8,0.044444444444444446,46547,2026-07-29 07:08:00,46562,2026-07-29 08:08:00,46592,2026-07-29 10:08:00,46652,2026-07-29 14:08:00
46533,46354,2026-07-29 06:12:00,2026-07-28 18:16:00,test,4min,4,SHT_AUX_TIME,12,180,8,0.05,46548,2026-07-29 07:12:00,46563,2026-07-29 08:12:00,46593,2026-07-29 10:12:00,46653,2026-07-29 14:12:00
46534,46355,2026-07-29 06:16:00,2026-07-28 18:20:00,test,4min,4,SHT_AUX_TIME,12,180,8,0.05,46549,2026-07-29 07:16:00,46564,2026-07-29 08:16:00,46594,2026-07-29 10:16:00,46654,2026-07-29 14:16:00
46535,46356,2026-07-29 06:20:00,2026-07-28 18:24:00,test,4min,4,SHT_AUX_TIME,12,180,8,0.05,46550,2026-07-29 07:20:00,46565,2026-07-29 08:20:00,46595,2026-07-29 10:20:00,46655,2026-07-29 14:20:00
46536,46357,2026-07-29 06:24:00,2026-07-28 18:28:00,test,4min,4,SHT_AUX_TIME,12,180,8,0.05,46551,2026-07-29 07:24:00,46566,2026-07-29 08:24:00,46596,2026-07-29 10:24:00,46656,2026-07-29 14:24:00
46537,46358,2026-07-29 06:28:00,2026-07-28 18:32:00,test,4min,4,SHT_AUX_TIME,12,180,8,0.05,46552,2026-07-29 07:28:00,46567,2026-07-29 08:28:00,46597,2026-07-29 10:28:00,46657,2026-07-29 14:28:00
46539,46360,2026-07-29 06:36:00,2026-07-28 18:40:00,test,4min,4,SHT_AUX_TIME,12,180,8,0.05,46554,2026-07-29 07:36:00,46569,2026-07-29 08:36:00,46599,2026-07-29 10:36:00,46659,2026-07-29 14:36:00
46540,46361,2026-07-29 06:40:00,2026-07-28 18:44:00,test,4min,4,SHT_AUX_TIME,12,180,8,0.05,46555,2026-07-29 07:40:00,46570,2026-07-29 08:40:00,46600,2026-07-29 10:40:00,46660,2026-07-29 14:40:00
46546,46367,2026-07-29 07:04:00,2026-07-28 19:08:00,test,4min,4,SHT_AUX_TIME,12,180,8,0.05,46561,2026-07-29 08:04:00,46576,2026-07-29 09:04:00,46606,2026-07-29 11:04:00,46666,2026-07-29 15:04:00
46547,46368,2026-07-29 07:08:00,2026-07-28 19:12:00,test,4min,4,SHT_AUX_TIME,12,180,8,0.05,46562,2026-07-29 08:08:00,46577,2026-07-29 09:08:00,46607,2026-07-29 11:08:00,46667,2026-07-29 15:08:00
46548,46369,2026-07-29 07:12:00,2026-07-28 19:16:00,test,4min,4,SHT_AUX_TIME,12,180,8,0.05,46563,2026-07-29 08:12:00,46578,2026-07-29 09:12:00,46608,2026-07-29 11:12:00,46668,2026-07-29 15:12:00
46549,46370,2026-07-29 07:16:00,2026-07-28 19:20:00,test,4min,4,SHT_AUX_TIME,12,180,8,0.05,46564,2026-07-29 08:16:00,46579,2026-07-29 09:16:00,46609,2026-07-29 11:16:00,46669,2026-07-29 15:16:00
46550,46371,2026-07-29 07:20:00,2026-07-28 19:24:00,test,4min,4,SHT_AUX_TIME,12,180,8,0.05,46565,2026-07-29 08:20:00,46580,2026-07-29 09:20:00,46610,2026-07-29 11:20:00,46670,2026-07-29 15:20:00
46551,46372,2026-07-29 07:24:00,2026-07-28 19:28:00,test,4min,4,SHT_AUX_TIME,12,180,8,0.05,46566,2026-07-29 08:24:00,46581,2026-07-29 09:24:00,46611,2026-07-29 11:24:00,46671,2026-07-29 15:24:00
46552,46373,2026-07-29 07:28:00,2026-07-28 19:32:00,test,4min,4,SHT_AUX_TIME,12,180,8,0.05,46567,2026-07-29 08:28:00,46582,2026-07-29 09:28:00,46612,2026-07-29 11:28:00,46672,2026-07-29 15:28:00
46557,46378,2026-07-29 07:48:00,2026-07-28 19:52:00,test,4min,4,SHT_AUX_TIME,12,180,8,0.05,46572,2026-07-29 08:48:00,46587,2026-07-29 09:48:00,46617,2026-07-29 11:48:00,46677,2026-07-29 15:48:00
46824,46645,2026-07-30 01:36:00,2026-07-29 13:40:00,test,4min,4,SHT_AUX_TIME,12,180,8,0.05,46839,2026-07-30 02:36:00,46854,2026-07-30 03:36:00,46884,2026-07-30 05:36:00,46944,2026-07-30 09:36:00
46825,46646,2026-07-30 01:40:00,2026-07-29 13:44:00,test,4min,4,SHT_AUX_TIME,12,180,8,0.044444444444444446,46840,2026-07-30 02:40:00,46855,2026-07-30 03:40:00,46885,2026-07-30 05:40:00,46945,2026-07-30 09:40:00
46826,46647,2026-07-30 01:44:00,2026-07-29 13:48:00,test,4min,4,SHT_AUX_TIME,12,180,8,0.044444444444444446,46841,2026-07-30 02:44:00,46856,2026-07-30 03:44:00,46886,2026-07-30 05:44:00,46946,2026-07-30 09:44:00
46827,46648,2026-07-30 01:48:00,2026-07-29 13:52:00,test,4min,4,SHT_AUX_TIME,12,180,8,0.044444444444444446,46842,2026-07-30 02:48:00,46857,2026-07-30 03:48:00,46887,2026-07-30 05:48:00,46947,2026-07-30 09:48:00
46828,46649,2026-07-30 01:52:00,2026-07-29 13:56:00,test,4min,4,SHT_AUX_TIME,12,180,8,0.044444444444444446,46843,2026-07-30 02:52:00,46858,2026-07-30 03:52:00,46888,2026-07-30 05:52:00,46948,2026-07-30 09:52:00
46829,46650,2026-07-30 01:56:00,2026-07-29 14:00:00,test,4min,4,SHT_AUX_TIME,12,180,8,0.044444444444444446,46844,2026-07-30 02:56:00,46859,2026-07-30 03:56:00,46889,2026-07-30 05:56:00,46949,2026-07-30 09:56:00
46830,46651,2026-07-30 02:00:00,2026-07-29 14:04:00,test,4min,4,SHT_AUX_TIME,12,180,8,0.05,46845,2026-07-30 03:00:00,46860,2026-07-30 04:00:00,46890,2026-07-30 06:00:00,46950,2026-07-30 10:00:00
46831,46652,2026-07-30 02:04:00,2026-07-29 14:08:00,test,4min,4,SHT_AUX_TIME,12,180,8,0.05,46846,2026-07-30 03:04:00,46861,2026-07-30 04:04:00,46891,2026-07-30 06:04:00,46951,2026-07-30 10:04:00
46832,46653,2026-07-30 02:08:00,2026-07-29 14:12:00,test,4min,4,SHT_AUX_TIME,12,180,8,0.05,46847,2026-07-30 03:08:00,46862,2026-07-30 04:08:00,46892,2026-07-30 06:08:00,46952,2026-07-30 10:08:00
46833,46654,2026-07-30 02:12:00,2026-07-29 14:16:00,test,4min,4,SHT_AUX_TIME,12,180,8,0.05,46848,2026-07-30 03:12:00,46863,2026-07-30 04:12:00,46893,2026-07-30 06:12:00,46953,2026-07-30 10:12:00
46835,46656,2026-07-30 02:20:00,2026-07-29 14:24:00,test,4min,4,SHT_AUX_TIME,12,180,8,0.05,46850,2026-07-30 03:20:00,46865,2026-07-30 04:20:00,46895,2026-07-30 06:20:00,46955,2026-07-30 10:20:00
46836,46657,2026-07-30 02:24:00,2026-07-29 14:28:00,test,4min,4,SHT_AUX_TIME,12,180,8,0.05,46851,2026-07-30 03:24:00,46866,2026-07-30 04:24:00,46896,2026-07-30 06:24:00,46956,2026-07-30 10:24:00
46839,46660,2026-07-30 02:36:00,2026-07-29 14:40:00,test,4min,4,SHT_AUX_TIME,12,180,8,0.05,46854,2026-07-30 03:36:00,46869,2026-07-30 04:36:00,46899,2026-07-30 06:36:00,46959,2026-07-30 10:36:00
46840,46661,2026-07-30 02:40:00,2026-07-29 14:44:00,test,4min,4,SHT_AUX_TIME,12,180,8,0.05,46855,2026-07-30 03:40:00,46870,2026-07-30 04:40:00,46900,2026-07-30 06:40:00,46960,2026-07-30 10:40:00
46841,46662,2026-07-30 02:44:00,2026-07-29 14:48:00,test,4min,4,SHT_AUX_TIME,12,180,8,0.05,46856,2026-07-30 03:44:00,46871,2026-07-30 04:44:00,46901,2026-07-30 06:44:00,46961,2026-07-30 10:44:00
46842,46663,2026-07-30 02:48:00,2026-07-29 14:52:00,test,4min,4,SHT_AUX_TIME,12,180,8,0.044444444444444446,46857,2026-07-30 03:48:00,46872,2026-07-30 04:48:00,46902,2026-07-30 06:48:00,46962,2026-07-30 10:48:00
46844,46665,2026-07-30 02:56:00,2026-07-29 15:00:00,test,4min,4,SHT_AUX_TIME,12,180,8,0.044444444444444446,46859,2026-07-30 03:56:00,46874,2026-07-30 04:56:00,46904,2026-07-30 06:56:00,46964,2026-07-30 10:56:00
46845,46666,2026-07-30 03:00:00,2026-07-29 15:04:00,test,4min,4,SHT_AUX_TIME,12,180,8,0.044444444444444446,46860,2026-07-30 04:00:00,46875,2026-07-30 05:00:00,46905,2026-07-30 07:00:00,46965,2026-07-30 11:00:00
46846,46667,2026-07-30 03:04:00,2026-07-29 15:08:00,test,4min,4,SHT_AUX_TIME,12,180,8,0.044444444444444446,46861,2026-07-30 04:04:00,46876,2026-07-30 05:04:00,46906,2026-07-30 07:04:00,46966,2026-07-30 11:04:00
46847,46668,2026-07-30 03:08:00,2026-07-29 15:12:00,test,4min,4,SHT_AUX_TIME,12,180,8,0.044444444444444446,46862,2026-07-30 04:08:00,46877,2026-07-30 05:08:00,46907,2026-07-30 07:08:00,46967,2026-07-30 11:08:00
46848,46669,2026-07-30 03:12:00,2026-07-29 15:16:00,test,4min,4,SHT_AUX_TIME,12,180,8,0.044444444444444446,46863,2026-07-30 04:12:00,46878,2026-07-30 05:12:00,46908,2026-07-30 07:12:00,46968,2026-07-30 11:12:00
46849,46670,2026-07-30 03:16:00,2026-07-29 15:20:00,test,4min,4,SHT_AUX_TIME,12,180,8,0.044444444444444446,46864,2026-07-30 04:16:00,46879,2026-07-30 05:16:00,46909,2026-07-30 07:16:00,46969,2026-07-30 11:16:00
46850,46671,2026-07-30 03:20:00,2026-07-29 15:24:00,test,4min,4,SHT_AUX_TIME,12,180,8,0.044444444444444446,46865,2026-07-30 04:20:00,46880,2026-07-30 05:20:00,46910,2026-07-30 07:20:00,46970,2026-07-30 11:20:00
46851,46672,2026-07-30 03:24:00,2026-07-29 15:28:00,test,4min,4,SHT_AUX_TIME,12,180,8,0.044444444444444446,46866,2026-07-30 04:24:00,46881,2026-07-30 05:24:00,46911,2026-07-30 07:24:00,46971,2026-07-30 11:24:00
46853,46674,2026-07-30 03:32:00,2026-07-29 15:36:00,test,4min,4,SHT_AUX_TIME,12,180,8,0.044444444444444446,46868,2026-07-30 04:32:00,46883,2026-07-30 05:32:00,46913,2026-07-30 07:32:00,46973,2026-07-30 11:32:00
46854,46675,2026-07-30 03:36:00,2026-07-29 15:40:00,test,4min,4,SHT_AUX_TIME,12,180,8,0.044444444444444446,46869,2026-07-30 04:36:00,46884,2026-07-30 05:36:00,46914,2026-07-30 07:36:00,46974,2026-07-30 11:36:00
46857,46678,2026-07-30 03:48:00,2026-07-29 15:52:00,test,4min,4,SHT_AUX_TIME,12,180,8,0.044444444444444446,46872,2026-07-30 04:48:00,46887,2026-07-30 05:48:00,46917,2026-07-30 07:48:00,46977,2026-07-30 11:48:00
46858,46679,2026-07-30 03:52:00,2026-07-29 15:56:00,test,4min,4,SHT_AUX_TIME,12,180,8,0.03888888888888889,46873,2026-07-30 04:52:00,46888,2026-07-30 05:52:00,46918,2026-07-30 07:52:00,46978,2026-07-30 11:52:00
46859,46680,2026-07-30 03:56:00,2026-07-29 16:00:00,test,4min,4,SHT_AUX_TIME,12,180,8,0.03888888888888889,46874,2026-07-30 04:56:00,46889,2026-07-30 05:56:00,46919,2026-07-30 07:56:00,46979,2026-07-30 11:56:00
46860,46681,2026-07-30 04:00:00,2026-07-29 16:04:00,test,4min,4,SHT_AUX_TIME,12,180,8,0.03888888888888889,46875,2026-07-30 05:00:00,46890,2026-07-30 06:00:00,46920,2026-07-30 08:00:00,46980,2026-07-30 12:00:00
46861,46682,2026-07-30 04:04:00,2026-07-29 16:08:00,test,4min,4,SHT_AUX_TIME,12,180,8,0.03333333333333333,46876,2026-07-30 05:04:00,46891,2026-07-30 06:04:00,46921,2026-07-30 08:04:00,46981,2026-07-30 12:04:00
46862,46683,2026-07-30 04:08:00,2026-07-29 16:12:00,test,4min,4,SHT_AUX_TIME,12,180,8,0.03333333333333333,46877,2026-07-30 05:08:00,46892,2026-07-30 06:08:00,46922,2026-07-30 08:08:00,46982,2026-07-30 12:08:00
46863,46684,2026-07-30 04:12:00,2026-07-29 16:16:00,test,4min,4,SHT_AUX_TIME,12,180,8,0.03333333333333333,46878,2026-07-30 05:12:00,46893,2026-07-30 06:12:00,46923,2026-07-30 08:12:00,46983,2026-07-30 12:12:00
46865,46686,2026-07-30 04:20:00,2026-07-29 16:24:00,test,4min,4,SHT_AUX_TIME,12,180,8,0.03333333333333333,46880,2026-07-30 05:20:00,46895,2026-07-30 06:20:00,46925,2026-07-30 08:20:00,46985,2026-07-30 12:20:00
46866,46687,2026-07-30 04:24:00,2026-07-29 16:28:00,test,4min,4,SHT_AUX_TIME,12,180,8,0.03333333333333333,46881,2026-07-30 05:24:00,46896,2026-07-30 06:24:00,46926,2026-07-30 08:24:00,46986,2026-07-30 12:24:00
46867,46688,2026-07-30 04:28:00,2026-07-29 16:32:00,test,4min,4,SHT_AUX_TIME,12,180,8,0.03888888888888889,46882,2026-07-30 05:28:00,46897,2026-07-30 06:28:00,46927,2026-07-30 08:28:00,46987,2026-07-30 12:28:00
46869,46690,2026-07-30 04:36:00,2026-07-29 16:40:00,test,4min,4,SHT_AUX_TIME,12,180,8,0.03888888888888889,46884,2026-07-30 05:36:00,46899,2026-07-30 06:36:00,46929,2026-07-30 08:36:00,46989,2026-07-30 12:36:00
46870,46691,2026-07-30 04:40:00,2026-07-29 16:44:00,test,4min,4,SHT_AUX_TIME,12,180,8,0.03888888888888889,46885,2026-07-30 05:40:00,46900,2026-07-30 06:40:00,46930,2026-07-30 08:40:00,46990,2026-07-30 12:40:00
46872,46693,2026-07-30 04:48:00,2026-07-29 16:52:00,test,4min,4,SHT_AUX_TIME,12,180,8,0.03888888888888889,46887,2026-07-30 05:48:00,46902,2026-07-30 06:48:00,46932,2026-07-30 08:48:00,46992,2026-07-30 12:48:00
46874,46695,2026-07-30 04:56:00,2026-07-29 17:00:00,test,4min,4,SHT_AUX_TIME,12,180,8,0.03888888888888889,46889,2026-07-30 05:56:00,46904,2026-07-30 06:56:00,46934,2026-07-30 08:56:00,46994,2026-07-30 12:56:00
46875,46696,2026-07-30 05:00:00,2026-07-29 17:04:00,test,4min,4,SHT_AUX_TIME,12,180,8,0.03888888888888889,46890,2026-07-30 06:00:00,46905,2026-07-30 07:00:00,46935,2026-07-30 09:00:00,46995,2026-07-30 13:00:00
46876,46697,2026-07-30 05:04:00,2026-07-29 17:08:00,test,4min,4,SHT_AUX_TIME,12,180,8,0.03888888888888889,46891,2026-07-30 06:04:00,46906,2026-07-30 07:04:00,46936,2026-07-30 09:04:00,46996,2026-07-30 13:04:00
46877,46698,2026-07-30 05:08:00,2026-07-29 17:12:00,test,4min,4,SHT_AUX_TIME,12,180,8,0.03888888888888889,46892,2026-07-30 06:08:00,46907,2026-07-30 07:08:00,46937,2026-07-30 09:08:00,46997,2026-07-30 13:08:00
46878,46699,2026-07-30 05:12:00,2026-07-29 17:16:00,test,4min,4,SHT_AUX_TIME,12,180,8,0.03888888888888889,46893,2026-07-30 06:12:00,46908,2026-07-30 07:12:00,46938,2026-07-30 09:12:00,46998,2026-07-30 13:12:00
46880,46701,2026-07-30 05:20:00,2026-07-29 17:24:00,test,4min,4,SHT_AUX_TIME,12,180,8,0.03888888888888889,46895,2026-07-30 06:20:00,46910,2026-07-30 07:20:00,46940,2026-07-30 09:20:00,47000,2026-07-30 13:20:00
46881,46702,2026-07-30 05:24:00,2026-07-29 17:28:00,test,4min,4,SHT_AUX_TIME,12,180,8,0.03888888888888889,46896,2026-07-30 06:24:00,46911,2026-07-30 07:24:00,46941,2026-07-30 09:24:00,47001,2026-07-30 13:24:00
46883,46704,2026-07-30 05:32:00,2026-07-29 17:36:00,test,4min,4,SHT_AUX_TIME,12,180,8,0.03888888888888889,46898,2026-07-30 06:32:00,46913,2026-07-30 07:32:00,46943,2026-07-30 09:32:00,47003,2026-07-30 13:32:00
46884,46705,2026-07-30 05:36:00,2026-07-29 17:40:00,test,4min,4,SHT_AUX_TIME,12,180,8,0.03888888888888889,46899,2026-07-30 06:36:00,46914,2026-07-30 07:36:00,46944,2026-07-30 09:36:00,47004,2026-07-30 13:36:00
46885,46706,2026-07-30 05:40:00,2026-07-29 17:44:00,test,4min,4,SHT_AUX_TIME,12,180,8,0.03888888888888889,46900,2026-07-30 06:40:00,46915,2026-07-30 07:40:00,46945,2026-07-30 09:40:00,47005,2026-07-30 13:40:00
46887,46708,2026-07-30 05:48:00,2026-07-29 17:52:00,test,4min,4,SHT_AUX_TIME,12,180,8,0.03888888888888889,46902,2026-07-30 06:48:00,46917,2026-07-30 07:48:00,46947,2026-07-30 09:48:00,47007,2026-07-30 13:48:00
46889,46710,2026-07-30 05:56:00,2026-07-29 18:00:00,test,4min,4,SHT_AUX_TIME,12,180,8,0.03888888888888889,46904,2026-07-30 06:56:00,46919,2026-07-30 07:56:00,46949,2026-07-30 09:56:00,47009,2026-07-30 13:56:00
46890,46711,2026-07-30 06:00:00,2026-07-29 18:04:00,test,4min,4,SHT_AUX_TIME,12,180,8,0.03888888888888889,46905,2026-07-30 07:00:00,46920,2026-07-30 08:00:00,46950,2026-07-30 10:00:00,47010,2026-07-30 14:00:00
46891,46712,2026-07-30 06:04:00,2026-07-29 18:08:00,test,4min,4,SHT_AUX_TIME,12,180,8,0.03888888888888889,46906,2026-07-30 07:04:00,46921,2026-07-30 08:04:00,46951,2026-07-30 10:04:00,47011,2026-07-30 14:04:00
46892,46713,2026-07-30 06:08:00,2026-07-29 18:12:00,test,4min,4,SHT_AUX_TIME,12,180,8,0.03888888888888889,46907,2026-07-30 07:08:00,46922,2026-07-30 08:08:00,46952,2026-07-30 10:08:00,47012,2026-07-30 14:08:00
46893,46714,2026-07-30 06:12:00,2026-07-29 18:16:00,test,4min,4,SHT_AUX_TIME,12,180,8,0.03888888888888889,46908,2026-07-30 07:12:00,46923,2026-07-30 08:12:00,46953,2026-07-30 10:12:00,47013,2026-07-30 14:12:00
46894,46715,2026-07-30 06:16:00,2026-07-29 18:20:00,test,4min,4,SHT_AUX_TIME,12,180,8,0.044444444444444446,46909,2026-07-30 07:16:00,46924,2026-07-30 08:16:00,46954,2026-07-30 10:16:00,47014,2026-07-30 14:16:00
46895,46716,2026-07-30 06:20:00,2026-07-29 18:24:00,test,4min,4,SHT_AUX_TIME,12,180,8,0.044444444444444446,46910,2026-07-30 07:20:00,46925,2026-07-30 08:20:00,46955,2026-07-30 10:20:00,47015,2026-07-30 14:20:00
46896,46717,2026-07-30 06:24:00,2026-07-29 18:28:00,test,4min,4,SHT_AUX_TIME,12,180,8,0.03888888888888889,46911,2026-07-30 07:24:00,46926,2026-07-30 08:24:00,46956,2026-07-30 10:24:00,47016,2026-07-30 14:24:00
46897,46718,2026-07-30 06:28:00,2026-07-29 18:32:00,test,4min,4,SHT_AUX_TIME,12,180,8,0.03888888888888889,46912,2026-07-30 07:28:00,46927,2026-07-30 08:28:00,46957,2026-07-30 10:28:00,47017,2026-07-30 14:28:00
46899,46720,2026-07-30 06:36:00,2026-07-29 18:40:00,test,4min,4,SHT_AUX_TIME,12,180,8,0.03888888888888889,46914,2026-07-30 07:36:00,46929,2026-07-30 08:36:00,46959,2026-07-30 10:36:00,47019,2026-07-30 14:36:00
46900,46721,2026-07-30 06:40:00,2026-07-29 18:44:00,test,4min,4,SHT_AUX_TIME,12,180,8,0.03333333333333333,46915,2026-07-30 07:40:00,46930,2026-07-30 08:40:00,46960,2026-07-30 10:40:00,47020,2026-07-30 14:40:00
46901,46722,2026-07-30 06:44:00,2026-07-29 18:48:00,test,4min,4,SHT_AUX_TIME,12,180,8,0.03333333333333333,46916,2026-07-30 07:44:00,46931,2026-07-30 08:44:00,46961,2026-07-30 10:44:00,47021,2026-07-30 14:44:00
46902,46723,2026-07-30 06:48:00,2026-07-29 18:52:00,test,4min,4,SHT_AUX_TIME,12,180,8,0.03333333333333333,46917,2026-07-30 07:48:00,46932,2026-07-30 08:48:00,46962,2026-07-30 10:48:00,47022,2026-07-30 14:48:00
46903,46724,2026-07-30 06:52:00,2026-07-29 18:56:00,test,4min,4,SHT_AUX_TIME,12,180,8,0.03888888888888889,46918,2026-07-30 07:52:00,46933,2026-07-30 08:52:00,46963,2026-07-30 10:52:00,47023,2026-07-30 14:52:00
46905,46726,2026-07-30 07:00:00,2026-07-29 19:04:00,test,4min,4,SHT_AUX_TIME,12,180,8,0.03888888888888889,46920,2026-07-30 08:00:00,46935,2026-07-30 09:00:00,46965,2026-07-30 11:00:00,47025,2026-07-30 15:00:00
46906,46727,2026-07-30 07:04:00,2026-07-29 19:08:00,test,4min,4,SHT_AUX_TIME,12,180,8,0.03888888888888889,46921,2026-07-30 08:04:00,46936,2026-07-30 09:04:00,46966,2026-07-30 11:04:00,47026,2026-07-30 15:04:00
46907,46728,2026-07-30 07:08:00,2026-07-29 19:12:00,test,4min,4,SHT_AUX_TIME,12,180,8,0.03888888888888889,46922,2026-07-30 08:08:00,46937,2026-07-30 09:08:00,46967,2026-07-30 11:08:00,47027,2026-07-30 15:08:00
46908,46729,2026-07-30 07:12:00,2026-07-29 19:16:00,test,4min,4,SHT_AUX_TIME,12,180,8,0.03888888888888889,46923,2026-07-30 08:12:00,46938,2026-07-30 09:12:00,46968,2026-07-30 11:12:00,47028,2026-07-30 15:12:00
46909,46730,2026-07-30 07:16:00,2026-07-29 19:20:00,test,4min,4,SHT_AUX_TIME,12,180,8,0.03333333333333333,46924,2026-07-30 08:16:00,46939,2026-07-30 09:16:00,46969,2026-07-30 11:16:00,47029,2026-07-30 15:16:00
46910,46731,2026-07-30 07:20:00,2026-07-29 19:24:00,test,4min,4,SHT_AUX_TIME,12,180,8,0.03333333333333333,46925,2026-07-30 08:20:00,46940,2026-07-30 09:20:00,46970,2026-07-30 11:20:00,47030,2026-07-30 15:20:00
46911,46732,2026-07-30 07:24:00,2026-07-29 19:28:00,test,4min,4,SHT_AUX_TIME,12,180,8,0.03333333333333333,46926,2026-07-30 08:24:00,46941,2026-07-30 09:24:00,46971,2026-07-30 11:24:00,47031,2026-07-30 15:24:00
46913,46734,2026-07-30 07:32:00,2026-07-29 19:36:00,test,4min,4,SHT_AUX_TIME,12,180,8,0.03333333333333333,46928,2026-07-30 08:32:00,46943,2026-07-30 09:32:00,46973,2026-07-30 11:32:00,47033,2026-07-30 15:32:00
46914,46735,2026-07-30 07:36:00,2026-07-29 19:40:00,test,4min,4,SHT_AUX_TIME,12,180,8,0.03333333333333333,46929,2026-07-30 08:36:00,46944,2026-07-30 09:36:00,46974,2026-07-30 11:36:00,47034,2026-07-30 15:36:00
46917,46738,2026-07-30 07:48:00,2026-07-29 19:52:00,test,4min,4,SHT_AUX_TIME,12,180,8,0.03333333333333333,46932,2026-07-30 08:48:00,46947,2026-07-30 09:48:00,46977,2026-07-30 11:48:00,47037,2026-07-30 15:48:00
46920,46741,2026-07-30 08:00:00,2026-07-29 20:04:00,test,4min,4,SHT_AUX_TIME,12,180,8,0.03333333333333333,46935,2026-07-30 09:00:00,46950,2026-07-30 10:00:00,46980,2026-07-30 12:00:00,47040,2026-07-30 16:00:00
46922,46743,2026-07-30 08:08:00,2026-07-29 20:12:00,test,4min,4,SHT_AUX_TIME,12,180,8,0.03333333333333333,46937,2026-07-30 09:08:00,46952,2026-07-30 10:08:00,46982,2026-07-30 12:08:00,47042,2026-07-30 16:08:00
46924,46745,2026-07-30 08:16:00,2026-07-29 20:20:00,test,4min,4,SHT_AUX_TIME,12,180,8,0.03333333333333333,46939,2026-07-30 09:16:00,46954,2026-07-30 10:16:00,46984,2026-07-30 12:16:00,47044,2026-07-30 16:16:00
46926,46747,2026-07-30 08:24:00,2026-07-29 20:28:00,test,4min,4,SHT_AUX_TIME,12,180,8,0.03333333333333333,46941,2026-07-30 09:24:00,46956,2026-07-30 10:24:00,46986,2026-07-30 12:24:00,47046,2026-07-30 16:24:00
46930,46751,2026-07-30 08:40:00,2026-07-29 20:44:00,test,4min,4,SHT_AUX_TIME,12,180,8,0.03333333333333333,46945,2026-07-30 09:40:00,46960,2026-07-30 10:40:00,46990,2026-07-30 12:40:00,47050,2026-07-30 16:40:00
46932,46753,2026-07-30 08:48:00,2026-07-29 20:52:00,test,4min,4,SHT_AUX_TIME,12,180,8,0.027777777777777776,46947,2026-07-30 09:48:00,46962,2026-07-30 10:48:00,46992,2026-07-30 12:48:00,47052,2026-07-30 16:48:00
46934,46755,2026-07-30 08:56:00,2026-07-29 21:00:00,test,4min,4,SHT_AUX_TIME,12,180,8,0.027777777777777776,46949,2026-07-30 09:56:00,46964,2026-07-30 10:56:00,46994,2026-07-30 12:56:00,47054,2026-07-30 16:56:00
46935,46756,2026-07-30 09:00:00,2026-07-29 21:04:00,test,4min,4,SHT_AUX_TIME,12,180,8,0.027777777777777776,46950,2026-07-30 10:00:00,46965,2026-07-30 11:00:00,46995,2026-07-30 13:00:00,47055,2026-07-30 17:00:00
46936,46757,2026-07-30 09:04:00,2026-07-29 21:08:00,test,4min,4,SHT_AUX_TIME,12,180,8,0.027777777777777776,46951,2026-07-30 10:04:00,46966,2026-07-30 11:04:00,46996,2026-07-30 13:04:00,47056,2026-07-30 17:04:00
46937,46758,2026-07-30 09:08:00,2026-07-29 21:12:00,test,4min,4,SHT_AUX_TIME,12,180,8,0.027777777777777776,46952,2026-07-30 10:08:00,46967,2026-07-30 11:08:00,46997,2026-07-30 13:08:00,47057,2026-07-30 17:08:00
46938,46759,2026-07-30 09:12:00,2026-07-29 21:16:00,test,4min,4,SHT_AUX_TIME,12,180,8,0.027777777777777776,46953,2026-07-30 10:12:00,46968,2026-07-30 11:12:00,46998,2026-07-30 13:12:00,47058,2026-07-30 17:12:00
46939,46760,2026-07-30 09:16:00,2026-07-29 21:20:00,test,4min,4,SHT_AUX_TIME,12,180,8,0.027777777777777776,46954,2026-07-30 10:16:00,46969,2026-07-30 11:16:00,46999,2026-07-30 13:16:00,47059,2026-07-30 17:16:00
46941,46762,2026-07-30 09:24:00,2026-07-29 21:28:00,test,4min,4,SHT_AUX_TIME,12,180,8,0.027777777777777776,46956,2026-07-30 10:24:00,46971,2026-07-30 11:24:00,47001,2026-07-30 13:24:00,47061,2026-07-30 17:24:00
46944,46765,2026-07-30 09:36:00,2026-07-29 21:40:00,test,4min,4,SHT_AUX_TIME,12,180,8,0.03333333333333333,46959,2026-07-30 10:36:00,46974,2026-07-30 11:36:00,47004,2026-07-30 13:36:00,47064,2026-07-30 17:36:00
46948,46769,2026-07-30 09:52:00,2026-07-29 21:56:00,test,4min,4,SHT_AUX_TIME,12,180,8,0.03333333333333333,46963,2026-07-30 10:52:00,46978,2026-07-30 11:52:00,47008,2026-07-30 13:52:00,47068,2026-07-30 17:52:00
46950,46771,2026-07-30 10:00:00,2026-07-29 22:04:00,test,4min,4,SHT_AUX_TIME,12,180,8,0.03333333333333333,46965,2026-07-30 11:00:00,46980,2026-07-30 12:00:00,47010,2026-07-30 14:00:00,47070,2026-07-30 18:00:00
46951,46772,2026-07-30 10:04:00,2026-07-29 22:08:00,test,4min,4,SHT_AUX_TIME,12,180,8,0.03333333333333333,46966,2026-07-30 11:04:00,46981,2026-07-30 12:04:00,47011,2026-07-30 14:04:00,47071,2026-07-30 18:04:00
46952,46773,2026-07-30 10:08:00,2026-07-29 22:12:00,test,4min,4,SHT_AUX_TIME,12,180,8,0.03333333333333333,46967,2026-07-30 11:08:00,46982,2026-07-30 12:08:00,47012,2026-07-30 14:08:00,47072,2026-07-30 18:08:00
46954,46775,2026-07-30 10:16:00,2026-07-29 22:20:00,test,4min,4,SHT_AUX_TIME,12,180,8,0.03333333333333333,46969,2026-07-30 11:16:00,46984,2026-07-30 12:16:00,47014,2026-07-30 14:16:00,47074,2026-07-30 18:16:00
46955,46776,2026-07-30 10:20:00,2026-07-29 22:24:00,test,4min,4,SHT_AUX_TIME,12,180,8,0.03333333333333333,46970,2026-07-30 11:20:00,46985,2026-07-30 12:20:00,47015,2026-07-30 14:20:00,47075,2026-07-30 18:20:00
46956,46777,2026-07-30 10:24:00,2026-07-29 22:28:00,test,4min,4,SHT_AUX_TIME,12,180,8,0.03333333333333333,46971,2026-07-30 11:24:00,46986,2026-07-30 12:24:00,47016,2026-07-30 14:24:00,47076,2026-07-30 18:24:00
46959,46780,2026-07-30 10:36:00,2026-07-29 22:40:00,test,4min,4,SHT_AUX_TIME,12,180,8,0.03888888888888889,46974,2026-07-30 11:36:00,46989,2026-07-30 12:36:00,47019,2026-07-30 14:36:00,47079,2026-07-30 18:36:00
46963,46784,2026-07-30 10:52:00,2026-07-29 22:56:00,test,4min,4,SHT_AUX_TIME,12,180,8,0.03888888888888889,46978,2026-07-30 11:52:00,46993,2026-07-30 12:52:00,47023,2026-07-30 14:52:00,47083,2026-07-30 18:52:00
46966,46787,2026-07-30 11:04:00,2026-07-29 23:08:00,test,4min,4,SHT_AUX_TIME,12,180,8,0.03888888888888889,46981,2026-07-30 12:04:00,46996,2026-07-30 13:04:00,47026,2026-07-30 15:04:00,47086,2026-07-30 19:04:00
46967,46788,2026-07-30 11:08:00,2026-07-29 23:12:00,test,4min,4,SHT_AUX_TIME,12,180,8,0.03888888888888889,46982,2026-07-30 12:08:00,46997,2026-07-30 13:08:00,47027,2026-07-30 15:08:00,47087,2026-07-30 19:08:00
46968,46789,2026-07-30 11:12:00,2026-07-29 23:16:00,test,4min,4,SHT_AUX_TIME,12,180,8,0.03888888888888889,46983,2026-07-30 12:12:00,46998,2026-07-30 13:12:00,47028,2026-07-30 15:12:00,47088,2026-07-30 19:12:00
46969,46790,2026-07-30 11:16:00,2026-07-29 23:20:00,test,4min,4,SHT_AUX_TIME,12,180,8,0.03888888888888889,46984,2026-07-30 12:16:00,46999,2026-07-30 13:16:00,47029,2026-07-30 15:16:00,47089,2026-07-30 19:16:00
46970,46791,2026-07-30 11:20:00,2026-07-29 23:24:00,test,4min,4,SHT_AUX_TIME,12,180,8,0.03888888888888889,46985,2026-07-30 12:20:00,47000,2026-07-30 13:20:00,47030,2026-07-30 15:20:00,47090,2026-07-30 19:20:00
46971,46792,2026-07-30 11:24:00,2026-07-29 23:28:00,test,4min,4,SHT_AUX_TIME,12,180,8,0.03333333333333333,46986,2026-07-30 12:24:00,47001,2026-07-30 13:24:00,47031,2026-07-30 15:24:00,47091,2026-07-30 19:24:00
46974,46795,2026-07-30 11:36:00,2026-07-29 23:40:00,test,4min,4,SHT_AUX_TIME,12,180,8,0.03333333333333333,46989,2026-07-30 12:36:00,47004,2026-07-30 13:36:00,47034,2026-07-30 15:36:00,47094,2026-07-30 19:36:00
46975,46796,2026-07-30 11:40:00,2026-07-29 23:44:00,test,4min,4,SHT_AUX_TIME,12,180,8,0.03888888888888889,46990,2026-07-30 12:40:00,47005,2026-07-30 13:40:00,47035,2026-07-30 15:40:00,47095,2026-07-30 19:40:00
46977,46798,2026-07-30 11:48:00,2026-07-29 23:52:00,test,4min,4,SHT_AUX_TIME,12,180,8,0.044444444444444446,46992,2026-07-30 12:48:00,47007,2026-07-30 13:48:00,47037,2026-07-30 15:48:00,47097,2026-07-30 19:48:00
46980,46801,2026-07-30 12:00:00,2026-07-30 00:04:00,test,4min,4,SHT_AUX_TIME,12,180,8,0.044444444444444446,46995,2026-07-30 13:00:00,47010,2026-07-30 14:00:00,47040,2026-07-30 16:00:00,47100,2026-07-30 20:00:00
46982,46803,2026-07-30 12:08:00,2026-07-30 00:12:00,test,4min,4,SHT_AUX_TIME,12,180,8,0.044444444444444446,46997,2026-07-30 13:08:00,47012,2026-07-30 14:08:00,47042,2026-07-30 16:08:00,47102,2026-07-30 20:08:00
46984,46805,2026-07-30 12:16:00,2026-07-30 00:20:00,test,4min,4,SHT_AUX_TIME,12,180,8,0.044444444444444446,46999,2026-07-30 13:16:00,47014,2026-07-30 14:16:00,47044,2026-07-30 16:16:00,47104,2026-07-30 20:16:00
46986,46807,2026-07-30 12:24:00,2026-07-30 00:28:00,test,4min,4,SHT_AUX_TIME,12,180,8,0.044444444444444446,47001,2026-07-30 13:24:00,47016,2026-07-30 14:24:00,47046,2026-07-30 16:24:00,47106,2026-07-30 20:24:00
46988,46809,2026-07-30 12:32:00,2026-07-30 00:36:00,test,4min,4,SHT_AUX_TIME,12,180,8,0.05,47003,2026-07-30 13:32:00,47018,2026-07-30 14:32:00,47048,2026-07-30 16:32:00,47108,2026-07-30 20:32:00
46990,46811,2026-07-30 12:40:00,2026-07-30 00:44:00,test,4min,4,SHT_AUX_TIME,12,180,8,0.05,47005,2026-07-30 13:40:00,47020,2026-07-30 14:40:00,47050,2026-07-30 16:40:00,47110,2026-07-30 20:40:00
49068,48889,2026-08-05 07:12:00,2026-08-04 19:16:00,test,4min,4,SHT_AUX_TIME,12,180,8,0.05,49083,2026-08-05 08:12:00,49098,2026-08-05 09:12:00,49128,2026-08-05 11:12:00,49188,2026-08-05 15:12:00
49071,48892,2026-08-05 07:24:00,2026-08-04 19:28:00,test,4min,4,SHT_AUX_TIME,12,180,8,0.05,49086,2026-08-05 08:24:00,49101,2026-08-05 09:24:00,49131,2026-08-05 11:24:00,49191,2026-08-05 15:24:00
49072,48893,2026-08-05 07:28:00,2026-08-04 19:32:00,test,4min,4,SHT_AUX_TIME,12,180,8,0.05,49087,2026-08-05 08:28:00,49102,2026-08-05 09:28:00,49132,2026-08-05 11:28:00,49192,2026-08-05 15:28:00
49073,48894,2026-08-05 07:32:00,2026-08-04 19:36:00,test,4min,4,SHT_AUX_TIME,12,180,8,0.05,49088,2026-08-05 08:32:00,49103,2026-08-05 09:32:00,49133,2026-08-05 11:32:00,49193,2026-08-05 15:32:00
49088,48909,2026-08-05 08:32:00,2026-08-04 20:36:00,test,4min,4,SHT_AUX_TIME,12,180,8,0.05,49103,2026-08-05 09:32:00,49118,2026-08-05 10:32:00,49148,2026-08-05 12:32:00,49208,2026-08-05 16:32:00
49090,48911,2026-08-05 08:40:00,2026-08-04 20:44:00,test,4min,4,SHT_AUX_TIME,12,180,8,0.05,49105,2026-08-05 09:40:00,49120,2026-08-05 10:40:00,49150,2026-08-05 12:40:00,49210,2026-08-05 16:40:00
