origin_index,history_start_index,origin_timestamp,history_start_timestamp,split,resolution,resolution_minutes,feature_set,history_hours,history_steps,n_features,history_interpolated_fraction,target_index_h60,target_timestamp_h60,target_index_h120,target_timestamp_h120,target_index_h240,target_timestamp_h240,target_index_h480,target_timestamp_h480
24454,24365,2026-05-28 22:16:00,2026-05-28 16:20:00,train,4min,4,SHT_TIME,6,90,6,0.022222222222222223,24469,2026-05-28 23:16:00,24484,2026-05-29 00:16:00,24514,2026-05-29 02:16:00,24574,2026-05-29 06:16:00
24455,24366,2026-05-28 22:20:00,2026-05-28 16:24:00,train,4min,4,SHT_TIME,6,90,6,0.03333333333333333,24470,2026-05-28 23:20:00,24485,2026-05-29 00:20:00,24515,2026-05-29 02:20:00,24575,2026-05-29 06:20:00
24456,24367,2026-05-28 22:24:00,2026-05-28 16:28:00,train,4min,4,SHT_TIME,6,90,6,0.03333333333333333,24471,2026-05-28 23:24:00,24486,2026-05-29 00:24:00,24516,2026-05-29 02:24:00,24576,2026-05-29 06:24:00
24457,24368,2026-05-28 22:28:00,2026-05-28 16:32:00,train,4min,4,SHT_TIME,6,90,6,0.03333333333333333,24472,2026-05-28 23:28:00,24487,2026-05-29 00:28:00,24517,2026-05-29 02:28:00,24577,2026-05-29 06:28:00
24458,24369,2026-05-28 22:32:00,2026-05-28 16:36:00,train,4min,4,SHT_TIME,6,90,6,0.03333333333333333,24473,2026-05-28 23:32:00,24488,2026-05-29 00:32:00,24518,2026-05-29 02:32:00,24578,2026-05-29 06:32:00
24459,24370,2026-05-28 22:36:00,2026-05-28 16:40:00,train,4min,4,SHT_TIME,6,90,6,0.03333333333333333,24474,2026-05-28 23:36:00,24489,2026-05-29 00:36:00,24519,2026-05-29 02:36:00,24579,2026-05-29 06:36:00
24461,24372,2026-05-28 22:44:00,2026-05-28 16:48:00,train,4min,4,SHT_TIME,6,90,6,0.03333333333333333,24476,2026-05-28 23:44:00,24491,2026-05-29 00:44:00,24521,2026-05-29 02:44:00,24581,2026-05-29 06:44:00
24462,24373,2026-05-28 22:48:00,2026-05-28 16:52:00,train,4min,4,SHT_TIME,6,90,6,0.03333333333333333,24477,2026-05-28 23:48:00,24492,2026-05-29 00:48:00,24522,2026-05-29 02:48:00,24582,2026-05-29 06:48:00
24464,24375,2026-05-28 22:56:00,2026-05-28 17:00:00,train,4min,4,SHT_TIME,6,90,6,0.03333333333333333,24479,2026-05-28 23:56:00,24494,2026-05-29 00:56:00,24524,2026-05-29 02:56:00,24584,2026-05-29 06:56:00
24465,24376,2026-05-28 23:00:00,2026-05-28 17:04:00,train,4min,4,SHT_TIME,6,90,6,0.03333333333333333,24480,2026-05-29 00:00:00,24495,2026-05-29 01:00:00,24525,2026-05-29 03:00:00,24585,2026-05-29 07:00:00
24466,24377,2026-05-28 23:04:00,2026-05-28 17:08:00,train,4min,4,SHT_TIME,6,90,6,0.03333333333333333,24481,2026-05-29 00:04:00,24496,2026-05-29 01:04:00,24526,2026-05-29 03:04:00,24586,2026-05-29 07:04:00
24467,24378,2026-05-28 23:08:00,2026-05-28 17:12:00,train,4min,4,SHT_TIME,6,90,6,0.03333333333333333,24482,2026-05-29 00:08:00,24497,2026-05-29 01:08:00,24527,2026-05-29 03:08:00,24587,2026-05-29 07:08:00
24469,24380,2026-05-28 23:16:00,2026-05-28 17:20:00,train,4min,4,SHT_TIME,6,90,6,0.03333333333333333,24484,2026-05-29 00:16:00,24499,2026-05-29 01:16:00,24529,2026-05-29 03:16:00,24589,2026-05-29 07:16:00
24470,24381,2026-05-28 23:20:00,2026-05-28 17:24:00,train,4min,4,SHT_TIME,6,90,6,0.03333333333333333,24485,2026-05-29 00:20:00,24500,2026-05-29 01:20:00,24530,2026-05-29 03:20:00,24590,2026-05-29 07:20:00
24471,24382,2026-05-28 23:24:00,2026-05-28 17:28:00,train,4min,4,SHT_TIME,6,90,6,0.03333333333333333,24486,2026-05-29 00:24:00,24501,2026-05-29 01:24:00,24531,2026-05-29 03:24:00,24591,2026-05-29 07:24:00
24472,24383,2026-05-28 23:28:00,2026-05-28 17:32:00,train,4min,4,SHT_TIME,6,90,6,0.03333333333333333,24487,2026-05-29 00:28:00,24502,2026-05-29 01:28:00,24532,2026-05-29 03:28:00,24592,2026-05-29 07:28:00
24474,24385,2026-05-28 23:36:00,2026-05-28 17:40:00,train,4min,4,SHT_TIME,6,90,6,0.03333333333333333,24489,2026-05-29 00:36:00,24504,2026-05-29 01:36:00,24534,2026-05-29 03:36:00,24594,2026-05-29 07:36:00
24476,24387,2026-05-28 23:44:00,2026-05-28 17:48:00,train,4min,4,SHT_TIME,6,90,6,0.022222222222222223,24491,2026-05-29 00:44:00,24506,2026-05-29 01:44:00,24536,2026-05-29 03:44:00,24596,2026-05-29 07:44:00
24477,24388,2026-05-28 23:48:00,2026-05-28 17:52:00,train,4min,4,SHT_TIME,6,90,6,0.022222222222222223,24492,2026-05-29 00:48:00,24507,2026-05-29 01:48:00,24537,2026-05-29 03:48:00,24597,2026-05-29 07:48:00
24478,24389,2026-05-28 23:52:00,2026-05-28 17:56:00,train,4min,4,SHT_TIME,6,90,6,0.022222222222222223,24493,2026-05-29 00:52:00,24508,2026-05-29 01:52:00,24538,2026-05-29 03:52:00,24598,2026-05-29 07:52:00
24479,24390,2026-05-28 23:56:00,2026-05-28 18:00:00,train,4min,4,SHT_TIME,6,90,6,0.022222222222222223,24494,2026-05-29 00:56:00,24509,2026-05-29 01:56:00,24539,2026-05-29 03:56:00,24599,2026-05-29 07:56:00
24480,24391,2026-05-29 00:00:00,2026-05-28 18:04:00,train,4min,4,SHT_TIME,6,90,6,0.022222222222222223,24495,2026-05-29 01:00:00,24510,2026-05-29 02:00:00,24540,2026-05-29 04:00:00,24600,2026-05-29 08:00:00
24481,24392,2026-05-29 00:04:00,2026-05-28 18:08:00,train,4min,4,SHT_TIME,6,90,6,0.022222222222222223,24496,2026-05-29 01:04:00,24511,2026-05-29 02:04:00,24541,2026-05-29 04:04:00,24601,2026-05-29 08:04:00
24482,24393,2026-05-29 00:08:00,2026-05-28 18:12:00,train,4min,4,SHT_TIME,6,90,6,0.022222222222222223,24497,2026-05-29 01:08:00,24512,2026-05-29 02:08:00,24542,2026-05-29 04:08:00,24602,2026-05-29 08:08:00
24483,24394,2026-05-29 00:12:00,2026-05-28 18:16:00,train,4min,4,SHT_TIME,6,90,6,0.03333333333333333,24498,2026-05-29 01:12:00,24513,2026-05-29 02:12:00,24543,2026-05-29 04:12:00,24603,2026-05-29 08:12:00
24484,24395,2026-05-29 00:16:00,2026-05-28 18:20:00,train,4min,4,SHT_TIME,6,90,6,0.03333333333333333,24499,2026-05-29 01:16:00,24514,2026-05-29 02:16:00,24544,2026-05-29 04:16:00,24604,2026-05-29 08:16:00
24485,24396,2026-05-29 00:20:00,2026-05-28 18:24:00,train,4min,4,SHT_TIME,6,90,6,0.03333333333333333,24500,2026-05-29 01:20:00,24515,2026-05-29 02:20:00,24545,2026-05-29 04:20:00,24605,2026-05-29 08:20:00
24486,24397,2026-05-29 00:24:00,2026-05-28 18:28:00,train,4min,4,SHT_TIME,6,90,6,0.03333333333333333,24501,2026-05-29 01:24:00,24516,2026-05-29 02:24:00,24546,2026-05-29 04:24:00,24606,2026-05-29 08:24:00
24487,24398,2026-05-29 00:28:00,2026-05-28 18:32:00,train,4min,4,SHT_TIME,6,90,6,0.03333333333333333,24502,2026-05-29 01:28:00,24517,2026-05-29 02:28:00,24547,2026-05-29 04:28:00,24607,2026-05-29 08:28:00
24488,24399,2026-05-29 00:32:00,2026-05-28 18:36:00,train,4min,4,SHT_TIME,6,90,6,0.03333333333333333,24503,2026-05-29 01:32:00,24518,2026-05-29 02:32:00,24548,2026-05-29 04:32:00,24608,2026-05-29 08:32:00
24489,24400,2026-05-29 00:36:00,2026-05-28 18:40:00,train,4min,4,SHT_TIME,6,90,6,0.03333333333333333,24504,2026-05-29 01:36:00,24519,2026-05-29 02:36:00,24549,2026-05-29 04:36:00,24609,2026-05-29 08:36:00
24491,24402,2026-05-29 00:44:00,2026-05-28 18:48:00,train,4min,4,SHT_TIME,6,90,6,0.044444444444444446,24506,2026-05-29 01:44:00,24521,2026-05-29 02:44:00,24551,2026-05-29 04:44:00,24611,2026-05-29 08:44:00
24492,24403,2026-05-29 00:48:00,2026-05-28 18:52:00,train,4min,4,SHT_TIME,6,90,6,0.044444444444444446,24507,2026-05-29 01:48:00,24522,2026-05-29 02:48:00,24552,2026-05-29 04:48:00,24612,2026-05-29 08:48:00
24494,24405,2026-05-29 00:56:00,2026-05-28 19:00:00,train,4min,4,SHT_TIME,6,90,6,0.044444444444444446,24509,2026-05-29 01:56:00,24524,2026-05-29 02:56:00,24554,2026-05-29 04:56:00,24614,2026-05-29 08:56:00
24495,24406,2026-05-29 01:00:00,2026-05-28 19:04:00,train,4min,4,SHT_TIME,6,90,6,0.044444444444444446,24510,2026-05-29 02:00:00,24525,2026-05-29 03:00:00,24555,2026-05-29 05:00:00,24615,2026-05-29 09:00:00
24496,24407,2026-05-29 01:04:00,2026-05-28 19:08:00,train,4min,4,SHT_TIME,6,90,6,0.044444444444444446,24511,2026-05-29 02:04:00,24526,2026-05-29 03:04:00,24556,2026-05-29 05:04:00,24616,2026-05-29 09:04:00
24497,24408,2026-05-29 01:08:00,2026-05-28 19:12:00,train,4min,4,SHT_TIME,6,90,6,0.044444444444444446,24512,2026-05-29 02:08:00,24527,2026-05-29 03:08:00,24557,2026-05-29 05:08:00,24617,2026-05-29 09:08:00
24498,24409,2026-05-29 01:12:00,2026-05-28 19:16:00,train,4min,4,SHT_TIME,6,90,6,0.044444444444444446,24513,2026-05-29 02:12:00,24528,2026-05-29 03:12:00,24558,2026-05-29 05:12:00,24618,2026-05-29 09:12:00
24500,24411,2026-05-29 01:20:00,2026-05-28 19:24:00,train,4min,4,SHT_TIME,6,90,6,0.044444444444444446,24515,2026-05-29 02:20:00,24530,2026-05-29 03:20:00,24560,2026-05-29 05:20:00,24620,2026-05-29 09:20:00
24501,24412,2026-05-29 01:24:00,2026-05-28 19:28:00,train,4min,4,SHT_TIME,6,90,6,0.044444444444444446,24516,2026-05-29 02:24:00,24531,2026-05-29 03:24:00,24561,2026-05-29 05:24:00,24621,2026-05-29 09:24:00
24502,24413,2026-05-29 01:28:00,2026-05-28 19:32:00,train,4min,4,SHT_TIME,6,90,6,0.044444444444444446,24517,2026-05-29 02:28:00,24532,2026-05-29 03:28:00,24562,2026-05-29 05:28:00,24622,2026-05-29 09:28:00
24503,24414,2026-05-29 01:32:00,2026-05-28 19:36:00,train,4min,4,SHT_TIME,6,90,6,0.044444444444444446,24518,2026-05-29 02:32:00,24533,2026-05-29 03:32:00,24563,2026-05-29 05:32:00,24623,2026-05-29 09:32:00
24504,24415,2026-05-29 01:36:00,2026-05-28 19:40:00,train,4min,4,SHT_TIME,6,90,6,0.044444444444444446,24519,2026-05-29 02:36:00,24534,2026-05-29 03:36:00,24564,2026-05-29 05:36:00,24624,2026-05-29 09:36:00
24507,24418,2026-05-29 01:48:00,2026-05-28 19:52:00,train,4min,4,SHT_TIME,6,90,6,0.044444444444444446,24522,2026-05-29 02:48:00,24537,2026-05-29 03:48:00,24567,2026-05-29 05:48:00,24627,2026-05-29 09:48:00
24509,24420,2026-05-29 01:56:00,2026-05-28 20:00:00,train,4min,4,SHT_TIME,6,90,6,0.03333333333333333,24524,2026-05-29 02:56:00,24539,2026-05-29 03:56:00,24569,2026-05-29 05:56:00,24629,2026-05-29 09:56:00
24511,24422,2026-05-29 02:04:00,2026-05-28 20:08:00,train,4min,4,SHT_TIME,6,90,6,0.03333333333333333,24526,2026-05-29 03:04:00,24541,2026-05-29 04:04:00,24571,2026-05-29 06:04:00,24631,2026-05-29 10:04:00
24512,24423,2026-05-29 02:08:00,2026-05-28 20:12:00,train,4min,4,SHT_TIME,6,90,6,0.03333333333333333,24527,2026-05-29 03:08:00,24542,2026-05-29 04:08:00,24572,2026-05-29 06:08:00,24632,2026-05-29 10:08:00
24513,24424,2026-05-29 02:12:00,2026-05-28 20:16:00,train,4min,4,SHT_TIME,6,90,6,0.03333333333333333,24528,2026-05-29 03:12:00,24543,2026-05-29 04:12:00,24573,2026-05-29 06:12:00,24633,2026-05-29 10:12:00
24514,24425,2026-05-29 02:16:00,2026-05-28 20:20:00,train,4min,4,SHT_TIME,6,90,6,0.03333333333333333,24529,2026-05-29 03:16:00,24544,2026-05-29 04:16:00,24574,2026-05-29 06:16:00,24634,2026-05-29 10:16:00
24515,24426,2026-05-29 02:20:00,2026-05-28 20:24:00,train,4min,4,SHT_TIME,6,90,6,0.03333333333333333,24530,2026-05-29 03:20:00,24545,2026-05-29 04:20:00,24575,2026-05-29 06:20:00,24635,2026-05-29 10:20:00
24516,24427,2026-05-29 02:24:00,2026-05-28 20:28:00,train,4min,4,SHT_TIME,6,90,6,0.03333333333333333,24531,2026-05-29 03:24:00,24546,2026-05-29 04:24:00,24576,2026-05-29 06:24:00,24636,2026-05-29 10:24:00
24517,24428,2026-05-29 02:28:00,2026-05-28 20:32:00,train,4min,4,SHT_TIME,6,90,6,0.03333333333333333,24532,2026-05-29 03:28:00,24547,2026-05-29 04:28:00,24577,2026-05-29 06:28:00,24637,2026-05-29 10:28:00
24518,24429,2026-05-29 02:32:00,2026-05-28 20:36:00,train,4min,4,SHT_TIME,6,90,6,0.03333333333333333,24533,2026-05-29 03:32:00,24548,2026-05-29 04:32:00,24578,2026-05-29 06:32:00,24638,2026-05-29 10:32:00
24519,24430,2026-05-29 02:36:00,2026-05-28 20:40:00,train,4min,4,SHT_TIME,6,90,6,0.03333333333333333,24534,2026-05-29 03:36:00,24549,2026-05-29 04:36:00,24579,2026-05-29 06:36:00,24639,2026-05-29 10:36:00
24520,24431,2026-05-29 02:40:00,2026-05-28 20:44:00,train,4min,4,SHT_TIME,6,90,6,0.044444444444444446,24535,2026-05-29 03:40:00,24550,2026-05-29 04:40:00,24580,2026-05-29 06:40:00,24640,2026-05-29 10:40:00
24521,24432,2026-05-29 02:44:00,2026-05-28 20:48:00,train,4min,4,SHT_TIME,6,90,6,0.044444444444444446,24536,2026-05-29 03:44:00,24551,2026-05-29 04:44:00,24581,2026-05-29 06:44:00,24641,2026-05-29 10:44:00
24522,24433,2026-05-29 02:48:00,2026-05-28 20:52:00,train,4min,4,SHT_TIME,6,90,6,0.044444444444444446,24537,2026-05-29 03:48:00,24552,2026-05-29 04:48:00,24582,2026-05-29 06:48:00,24642,2026-05-29 10:48:00
24545,24456,2026-05-29 04:20:00,2026-05-28 22:24:00,train,4min,4,SHT_TIME,6,90,6,0.044444444444444446,24560,2026-05-29 05:20:00,24575,2026-05-29 06:20:00,24605,2026-05-29 08:20:00,24665,2026-05-29 12:20:00
24546,24457,2026-05-29 04:24:00,2026-05-28 22:28:00,train,4min,4,SHT_TIME,6,90,6,0.044444444444444446,24561,2026-05-29 05:24:00,24576,2026-05-29 06:24:00,24606,2026-05-29 08:24:00,24666,2026-05-29 12:24:00
24547,24458,2026-05-29 04:28:00,2026-05-28 22:32:00,train,4min,4,SHT_TIME,6,90,6,0.044444444444444446,24562,2026-05-29 05:28:00,24577,2026-05-29 06:28:00,24607,2026-05-29 08:28:00,24667,2026-05-29 12:28:00
24548,24459,2026-05-29 04:32:00,2026-05-28 22:36:00,train,4min,4,SHT_TIME,6,90,6,0.044444444444444446,24563,2026-05-29 05:32:00,24578,2026-05-29 06:32:00,24608,2026-05-29 08:32:00,24668,2026-05-29 12:32:00
24549,24460,2026-05-29 04:36:00,2026-05-28 22:40:00,train,4min,4,SHT_TIME,6,90,6,0.044444444444444446,24564,2026-05-29 05:36:00,24579,2026-05-29 06:36:00,24609,2026-05-29 08:36:00,24669,2026-05-29 12:36:00
24550,24461,2026-05-29 04:40:00,2026-05-28 22:44:00,train,4min,4,SHT_TIME,6,90,6,0.044444444444444446,24565,2026-05-29 05:40:00,24580,2026-05-29 06:40:00,24610,2026-05-29 08:40:00,24670,2026-05-29 12:40:00
24551,24462,2026-05-29 04:44:00,2026-05-28 22:48:00,train,4min,4,SHT_TIME,6,90,6,0.044444444444444446,24566,2026-05-29 05:44:00,24581,2026-05-29 06:44:00,24611,2026-05-29 08:44:00,24671,2026-05-29 12:44:00
24552,24463,2026-05-29 04:48:00,2026-05-28 22:52:00,train,4min,4,SHT_TIME,6,90,6,0.044444444444444446,24567,2026-05-29 05:48:00,24582,2026-05-29 06:48:00,24612,2026-05-29 08:48:00,24672,2026-05-29 12:48:00
24553,24464,2026-05-29 04:52:00,2026-05-28 22:56:00,train,4min,4,SHT_TIME,6,90,6,0.044444444444444446,24568,2026-05-29 05:52:00,24583,2026-05-29 06:52:00,24613,2026-05-29 08:52:00,24673,2026-05-29 12:52:00
24554,24465,2026-05-29 04:56:00,2026-05-28 23:00:00,train,4min,4,SHT_TIME,6,90,6,0.044444444444444446,24569,2026-05-29 05:56:00,24584,2026-05-29 06:56:00,24614,2026-05-29 08:56:00,24674,2026-05-29 12:56:00
24555,24466,2026-05-29 05:00:00,2026-05-28 23:04:00,train,4min,4,SHT_TIME,6,90,6,0.044444444444444446,24570,2026-05-29 06:00:00,24585,2026-05-29 07:00:00,24615,2026-05-29 09:00:00,24675,2026-05-29 13:00:00
24556,24467,2026-05-29 05:04:00,2026-05-28 23:08:00,train,4min,4,SHT_TIME,6,90,6,0.044444444444444446,24571,2026-05-29 06:04:00,24586,2026-05-29 07:04:00,24616,2026-05-29 09:04:00,24676,2026-05-29 13:04:00
24557,24468,2026-05-29 05:08:00,2026-05-28 23:12:00,train,4min,4,SHT_TIME,6,90,6,0.044444444444444446,24572,2026-05-29 06:08:00,24587,2026-05-29 07:08:00,24617,2026-05-29 09:08:00,24677,2026-05-29 13:08:00
24558,24469,2026-05-29 05:12:00,2026-05-28 23:16:00,train,4min,4,SHT_TIME,6,90,6,0.044444444444444446,24573,2026-05-29 06:12:00,24588,2026-05-29 07:12:00,24618,2026-05-29 09:12:00,24678,2026-05-29 13:12:00
24573,24484,2026-05-29 06:12:00,2026-05-29 00:16:00,train,4min,4,SHT_TIME,6,90,6,0.044444444444444446,24588,2026-05-29 07:12:00,24603,2026-05-29 08:12:00,24633,2026-05-29 10:12:00,24693,2026-05-29 14:12:00
24574,24485,2026-05-29 06:16:00,2026-05-29 00:20:00,train,4min,4,SHT_TIME,6,90,6,0.044444444444444446,24589,2026-05-29 07:16:00,24604,2026-05-29 08:16:00,24634,2026-05-29 10:16:00,24694,2026-05-29 14:16:00
24575,24486,2026-05-29 06:20:00,2026-05-29 00:24:00,train,4min,4,SHT_TIME,6,90,6,0.044444444444444446,24590,2026-05-29 07:20:00,24605,2026-05-29 08:20:00,24635,2026-05-29 10:20:00,24695,2026-05-29 14:20:00
24576,24487,2026-05-29 06:24:00,2026-05-29 00:28:00,train,4min,4,SHT_TIME,6,90,6,0.044444444444444446,24591,2026-05-29 07:24:00,24606,2026-05-29 08:24:00,24636,2026-05-29 10:24:00,24696,2026-05-29 14:24:00
24577,24488,2026-05-29 06:28:00,2026-05-29 00:32:00,train,4min,4,SHT_TIME,6,90,6,0.044444444444444446,24592,2026-05-29 07:28:00,24607,2026-05-29 08:28:00,24637,2026-05-29 10:28:00,24697,2026-05-29 14:28:00
24579,24490,2026-05-29 06:36:00,2026-05-29 00:40:00,train,4min,4,SHT_TIME,6,90,6,0.044444444444444446,24594,2026-05-29 07:36:00,24609,2026-05-29 08:36:00,24639,2026-05-29 10:36:00,24699,2026-05-29 14:36:00
24580,24491,2026-05-29 06:40:00,2026-05-29 00:44:00,train,4min,4,SHT_TIME,6,90,6,0.03333333333333333,24595,2026-05-29 07:40:00,24610,2026-05-29 08:40:00,24640,2026-05-29 10:40:00,24700,2026-05-29 14:40:00
24581,24492,2026-05-29 06:44:00,2026-05-29 00:48:00,train,4min,4,SHT_TIME,6,90,6,0.03333333333333333,24596,2026-05-29 07:44:00,24611,2026-05-29 08:44:00,24641,2026-05-29 10:44:00,24701,2026-05-29 14:44:00
24582,24493,2026-05-29 06:48:00,2026-05-29 00:52:00,train,4min,4,SHT_TIME,6,90,6,0.03333333333333333,24597,2026-05-29 07:48:00,24612,2026-05-29 08:48:00,24642,2026-05-29 10:48:00,24702,2026-05-29 14:48:00
24583,24494,2026-05-29 06:52:00,2026-05-29 00:56:00,train,4min,4,SHT_TIME,6,90,6,0.03333333333333333,24598,2026-05-29 07:52:00,24613,2026-05-29 08:52:00,24643,2026-05-29 10:52:00,24703,2026-05-29 14:52:00
24585,24496,2026-05-29 07:00:00,2026-05-29 01:04:00,train,4min,4,SHT_TIME,6,90,6,0.03333333333333333,24600,2026-05-29 08:00:00,24615,2026-05-29 09:00:00,24645,2026-05-29 11:00:00,24705,2026-05-29 15:00:00
24586,24497,2026-05-29 07:04:00,2026-05-29 01:08:00,train,4min,4,SHT_TIME,6,90,6,0.03333333333333333,24601,2026-05-29 08:04:00,24616,2026-05-29 09:04:00,24646,2026-05-29 11:04:00,24706,2026-05-29 15:04:00
24587,24498,2026-05-29 07:08:00,2026-05-29 01:12:00,train,4min,4,SHT_TIME,6,90,6,0.03333333333333333,24602,2026-05-29 08:08:00,24617,2026-05-29 09:08:00,24647,2026-05-29 11:08:00,24707,2026-05-29 15:08:00
24588,24499,2026-05-29 07:12:00,2026-05-29 01:16:00,train,4min,4,SHT_TIME,6,90,6,0.03333333333333333,24603,2026-05-29 08:12:00,24618,2026-05-29 09:12:00,24648,2026-05-29 11:12:00,24708,2026-05-29 15:12:00
24589,24500,2026-05-29 07:16:00,2026-05-29 01:20:00,train,4min,4,SHT_TIME,6,90,6,0.03333333333333333,24604,2026-05-29 08:16:00,24619,2026-05-29 09:16:00,24649,2026-05-29 11:16:00,24709,2026-05-29 15:16:00
24590,24501,2026-05-29 07:20:00,2026-05-29 01:24:00,train,4min,4,SHT_TIME,6,90,6,0.03333333333333333,24605,2026-05-29 08:20:00,24620,2026-05-29 09:20:00,24650,2026-05-29 11:20:00,24710,2026-05-29 15:20:00
24591,24502,2026-05-29 07:24:00,2026-05-29 01:28:00,train,4min,4,SHT_TIME,6,90,6,0.03333333333333333,24606,2026-05-29 08:24:00,24621,2026-05-29 09:24:00,24651,2026-05-29 11:24:00,24711,2026-05-29 15:24:00
24592,24503,2026-05-29 07:28:00,2026-05-29 01:32:00,train,4min,4,SHT_TIME,6,90,6,0.03333333333333333,24607,2026-05-29 08:28:00,24622,2026-05-29 09:28:00,24652,2026-05-29 11:28:00,24712,2026-05-29 15:28:00
24593,24504,2026-05-29 07:32:00,2026-05-29 01:36:00,train,4min,4,SHT_TIME,6,90,6,0.044444444444444446,24608,2026-05-29 08:32:00,24623,2026-05-29 09:32:00,24653,2026-05-29 11:32:00,24713,2026-05-29 15:32:00
24594,24505,2026-05-29 07:36:00,2026-05-29 01:40:00,train,4min,4,SHT_TIME,6,90,6,0.044444444444444446,24609,2026-05-29 08:36:00,24624,2026-05-29 09:36:00,24654,2026-05-29 11:36:00,24714,2026-05-29 15:36:00
24595,24506,2026-05-29 07:40:00,2026-05-29 01:44:00,train,4min,4,SHT_TIME,6,90,6,0.044444444444444446,24610,2026-05-29 08:40:00,24625,2026-05-29 09:40:00,24655,2026-05-29 11:40:00,24715,2026-05-29 15:40:00
24597,24508,2026-05-29 07:48:00,2026-05-29 01:52:00,train,4min,4,SHT_TIME,6,90,6,0.044444444444444446,24612,2026-05-29 08:48:00,24627,2026-05-29 09:48:00,24657,2026-05-29 11:48:00,24717,2026-05-29 15:48:00
24598,24509,2026-05-29 07:52:00,2026-05-29 01:56:00,train,4min,4,SHT_TIME,6,90,6,0.044444444444444446,24613,2026-05-29 08:52:00,24628,2026-05-29 09:52:00,24658,2026-05-29 11:52:00,24718,2026-05-29 15:52:00
24599,24510,2026-05-29 07:56:00,2026-05-29 02:00:00,train,4min,4,SHT_TIME,6,90,6,0.044444444444444446,24614,2026-05-29 08:56:00,24629,2026-05-29 09:56:00,24659,2026-05-29 11:56:00,24719,2026-05-29 15:56:00
24601,24512,2026-05-29 08:04:00,2026-05-29 02:08:00,train,4min,4,SHT_TIME,6,90,6,0.044444444444444446,24616,2026-05-29 09:04:00,24631,2026-05-29 10:04:00,24661,2026-05-29 12:04:00,24721,2026-05-29 16:04:00
24602,24513,2026-05-29 08:08:00,2026-05-29 02:12:00,train,4min,4,SHT_TIME,6,90,6,0.044444444444444446,24617,2026-05-29 09:08:00,24632,2026-05-29 10:08:00,24662,2026-05-29 12:08:00,24722,2026-05-29 16:08:00
24603,24514,2026-05-29 08:12:00,2026-05-29 02:16:00,train,4min,4,SHT_TIME,6,90,6,0.044444444444444446,24618,2026-05-29 09:12:00,24633,2026-05-29 10:12:00,24663,2026-05-29 12:12:00,24723,2026-05-29 16:12:00
24605,24516,2026-05-29 08:20:00,2026-05-29 02:24:00,train,4min,4,SHT_TIME,6,90,6,0.044444444444444446,24620,2026-05-29 09:20:00,24635,2026-05-29 10:20:00,24665,2026-05-29 12:20:00,24725,2026-05-29 16:20:00
24606,24517,2026-05-29 08:24:00,2026-05-29 02:28:00,train,4min,4,SHT_TIME,6,90,6,0.044444444444444446,24621,2026-05-29 09:24:00,24636,2026-05-29 10:24:00,24666,2026-05-29 12:24:00,24726,2026-05-29 16:24:00
24607,24518,2026-05-29 08:28:00,2026-05-29 02:32:00,train,4min,4,SHT_TIME,6,90,6,0.044444444444444446,24622,2026-05-29 09:28:00,24637,2026-05-29 10:28:00,24667,2026-05-29 12:28:00,24727,2026-05-29 16:28:00
24608,24519,2026-05-29 08:32:00,2026-05-29 02:36:00,train,4min,4,SHT_TIME,6,90,6,0.044444444444444446,24623,2026-05-29 09:32:00,24638,2026-05-29 10:32:00,24668,2026-05-29 12:32:00,24728,2026-05-29 16:32:00
24609,24520,2026-05-29 08:36:00,2026-05-29 02:40:00,train,4min,4,SHT_TIME,6,90,6,0.044444444444444446,24624,2026-05-29 09:36:00,24639,2026-05-29 10:36:00,24669,2026-05-29 12:36:00,24729,2026-05-29 16:36:00
24610,24521,2026-05-29 08:40:00,2026-05-29 02:44:00,train,4min,4,SHT_TIME,6,90,6,0.03333333333333333,24625,2026-05-29 09:40:00,24640,2026-05-29 10:40:00,24670,2026-05-29 12:40:00,24730,2026-05-29 16:40:00
24612,24523,2026-05-29 08:48:00,2026-05-29 02:52:00,train,4min,4,SHT_TIME,6,90,6,0.03333333333333333,24627,2026-05-29 09:48:00,24642,2026-05-29 10:48:00,24672,2026-05-29 12:48:00,24732,2026-05-29 16:48:00
24613,24524,2026-05-29 08:52:00,2026-05-29 02:56:00,train,4min,4,SHT_TIME,6,90,6,0.022222222222222223,24628,2026-05-29 09:52:00,24643,2026-05-29 10:52:00,24673,2026-05-29 12:52:00,24733,2026-05-29 16:52:00
24616,24527,2026-05-29 09:04:00,2026-05-29 03:08:00,train,4min,4,SHT_TIME,6,90,6,0.022222222222222223,24631,2026-05-29 10:04:00,24646,2026-05-29 11:04:00,24676,2026-05-29 13:04:00,24736,2026-05-29 17:04:00
24617,24528,2026-05-29 09:08:00,2026-05-29 03:12:00,train,4min,4,SHT_TIME,6,90,6,0.022222222222222223,24632,2026-05-29 10:08:00,24647,2026-05-29 11:08:00,24677,2026-05-29 13:08:00,24737,2026-05-29 17:08:00
24618,24529,2026-05-29 09:12:00,2026-05-29 03:16:00,train,4min,4,SHT_TIME,6,90,6,0.022222222222222223,24633,2026-05-29 10:12:00,24648,2026-05-29 11:12:00,24678,2026-05-29 13:12:00,24738,2026-05-29 17:12:00
24619,24530,2026-05-29 09:16:00,2026-05-29 03:20:00,train,4min,4,SHT_TIME,6,90,6,0.022222222222222223,24634,2026-05-29 10:16:00,24649,2026-05-29 11:16:00,24679,2026-05-29 13:16:00,24739,2026-05-29 17:16:00
24620,24531,2026-05-29 09:20:00,2026-05-29 03:24:00,train,4min,4,SHT_TIME,6,90,6,0.022222222222222223,24635,2026-05-29 10:20:00,24650,2026-05-29 11:20:00,24680,2026-05-29 13:20:00,24740,2026-05-29 17:20:00
24621,24532,2026-05-29 09:24:00,2026-05-29 03:28:00,train,4min,4,SHT_TIME,6,90,6,0.022222222222222223,24636,2026-05-29 10:24:00,24651,2026-05-29 11:24:00,24681,2026-05-29 13:24:00,24741,2026-05-29 17:24:00
24622,24533,2026-05-29 09:28:00,2026-05-29 03:32:00,train,4min,4,SHT_TIME,6,90,6,0.022222222222222223,24637,2026-05-29 10:28:00,24652,2026-05-29 11:28:00,24682,2026-05-29 13:28:00,24742,2026-05-29 17:28:00
24623,24534,2026-05-29 09:32:00,2026-05-29 03:36:00,train,4min,4,SHT_TIME,6,90,6,0.022222222222222223,24638,2026-05-29 10:32:00,24653,2026-05-29 11:32:00,24683,2026-05-29 13:32:00,24743,2026-05-29 17:32:00
24624,24535,2026-05-29 09:36:00,2026-05-29 03:40:00,train,4min,4,SHT_TIME,6,90,6,0.022222222222222223,24639,2026-05-29 10:36:00,24654,2026-05-29 11:36:00,24684,2026-05-29 13:36:00,24744,2026-05-29 17:36:00
24625,24536,2026-05-29 09:40:00,2026-05-29 03:44:00,train,4min,4,SHT_TIME,6,90,6,0.022222222222222223,24640,2026-05-29 10:40:00,24655,2026-05-29 11:40:00,24685,2026-05-29 13:40:00,24745,2026-05-29 17:40:00
24627,24538,2026-05-29 09:48:00,2026-05-29 03:52:00,train,4min,4,SHT_TIME,6,90,6,0.03333333333333333,24642,2026-05-29 10:48:00,24657,2026-05-29 11:48:00,24687,2026-05-29 13:48:00,24747,2026-05-29 17:48:00
24628,24539,2026-05-29 09:52:00,2026-05-29 03:56:00,train,4min,4,SHT_TIME,6,90,6,0.03333333333333333,24643,2026-05-29 10:52:00,24658,2026-05-29 11:52:00,24688,2026-05-29 13:52:00,24748,2026-05-29 17:52:00
24630,24541,2026-05-29 10:00:00,2026-05-29 04:04:00,train,4min,4,SHT_TIME,6,90,6,0.044444444444444446,24645,2026-05-29 11:00:00,24660,2026-05-29 12:00:00,24690,2026-05-29 14:00:00,24750,2026-05-29 18:00:00
24632,24543,2026-05-29 10:08:00,2026-05-29 04:12:00,train,4min,4,SHT_TIME,6,90,6,0.044444444444444446,24647,2026-05-29 11:08:00,24662,2026-05-29 12:08:00,24692,2026-05-29 14:08:00,24752,2026-05-29 18:08:00
24633,24544,2026-05-29 10:12:00,2026-05-29 04:16:00,train,4min,4,SHT_TIME,6,90,6,0.044444444444444446,24648,2026-05-29 11:12:00,24663,2026-05-29 12:12:00,24693,2026-05-29 14:12:00,24753,2026-05-29 18:12:00
24634,24545,2026-05-29 10:16:00,2026-05-29 04:20:00,train,4min,4,SHT_TIME,6,90,6,0.044444444444444446,24649,2026-05-29 11:16:00,24664,2026-05-29 12:16:00,24694,2026-05-29 14:16:00,24754,2026-05-29 18:16:00
24635,24546,2026-05-29 10:20:00,2026-05-29 04:24:00,train,4min,4,SHT_TIME,6,90,6,0.044444444444444446,24650,2026-05-29 11:20:00,24665,2026-05-29 12:20:00,24695,2026-05-29 14:20:00,24755,2026-05-29 18:20:00
24636,24547,2026-05-29 10:24:00,2026-05-29 04:28:00,train,4min,4,SHT_TIME,6,90,6,0.044444444444444446,24651,2026-05-29 11:24:00,24666,2026-05-29 12:24:00,24696,2026-05-29 14:24:00,24756,2026-05-29 18:24:00
24637,24548,2026-05-29 10:28:00,2026-05-29 04:32:00,train,4min,4,SHT_TIME,6,90,6,0.044444444444444446,24652,2026-05-29 11:28:00,24667,2026-05-29 12:28:00,24697,2026-05-29 14:28:00,24757,2026-05-29 18:28:00
24638,24549,2026-05-29 10:32:00,2026-05-29 04:36:00,train,4min,4,SHT_TIME,6,90,6,0.044444444444444446,24653,2026-05-29 11:32:00,24668,2026-05-29 12:32:00,24698,2026-05-29 14:32:00,24758,2026-05-29 18:32:00
24639,24550,2026-05-29 10:36:00,2026-05-29 04:40:00,train,4min,4,SHT_TIME,6,90,6,0.044444444444444446,24654,2026-05-29 11:36:00,24669,2026-05-29 12:36:00,24699,2026-05-29 14:36:00,24759,2026-05-29 18:36:00
24642,24553,2026-05-29 10:48:00,2026-05-29 04:52:00,train,4min,4,SHT_TIME,6,90,6,0.044444444444444446,24657,2026-05-29 11:48:00,24672,2026-05-29 12:48:00,24702,2026-05-29 14:48:00,24762,2026-05-29 18:48:00
24643,24554,2026-05-29 10:52:00,2026-05-29 04:56:00,train,4min,4,SHT_TIME,6,90,6,0.044444444444444446,24658,2026-05-29 11:52:00,24673,2026-05-29 12:52:00,24703,2026-05-29 14:52:00,24763,2026-05-29 18:52:00
24649,24560,2026-05-29 11:16:00,2026-05-29 05:20:00,train,4min,4,SHT_TIME,6,90,6,0.044444444444444446,24664,2026-05-29 12:16:00,24679,2026-05-29 13:16:00,24709,2026-05-29 15:16:00,24769,2026-05-29 19:16:00
24650,24561,2026-05-29 11:20:00,2026-05-29 05:24:00,train,4min,4,SHT_TIME,6,90,6,0.044444444444444446,24665,2026-05-29 12:20:00,24680,2026-05-29 13:20:00,24710,2026-05-29 15:20:00,24770,2026-05-29 19:20:00
24651,24562,2026-05-29 11:24:00,2026-05-29 05:28:00,train,4min,4,SHT_TIME,6,90,6,0.044444444444444446,24666,2026-05-29 12:24:00,24681,2026-05-29 13:24:00,24711,2026-05-29 15:24:00,24771,2026-05-29 19:24:00
24652,24563,2026-05-29 11:28:00,2026-05-29 05:32:00,train,4min,4,SHT_TIME,6,90,6,0.044444444444444446,24667,2026-05-29 12:28:00,24682,2026-05-29 13:28:00,24712,2026-05-29 15:28:00,24772,2026-05-29 19:28:00
24653,24564,2026-05-29 11:32:00,2026-05-29 05:36:00,train,4min,4,SHT_TIME,6,90,6,0.044444444444444446,24668,2026-05-29 12:32:00,24683,2026-05-29 13:32:00,24713,2026-05-29 15:32:00,24773,2026-05-29 19:32:00
24654,24565,2026-05-29 11:36:00,2026-05-29 05:40:00,train,4min,4,SHT_TIME,6,90,6,0.044444444444444446,24669,2026-05-29 12:36:00,24684,2026-05-29 13:36:00,24714,2026-05-29 15:36:00,24774,2026-05-29 19:36:00
24655,24566,2026-05-29 11:40:00,2026-05-29 05:44:00,train,4min,4,SHT_TIME,6,90,6,0.044444444444444446,24670,2026-05-29 12:40:00,24685,2026-05-29 13:40:00,24715,2026-05-29 15:40:00,24775,2026-05-29 19:40:00
24683,24594,2026-05-29 13:32:00,2026-05-29 07:36:00,train,4min,4,SHT_TIME,6,90,6,0.044444444444444446,24698,2026-05-29 14:32:00,24713,2026-05-29 15:32:00,24743,2026-05-29 17:32:00,24803,2026-05-29 21:32:00
24684,24595,2026-05-29 13:36:00,2026-05-29 07:40:00,train,4min,4,SHT_TIME,6,90,6,0.044444444444444446,24699,2026-05-29 14:36:00,24714,2026-05-29 15:36:00,24744,2026-05-29 17:36:00,24804,2026-05-29 21:36:00
24685,24596,2026-05-29 13:40:00,2026-05-29 07:44:00,train,4min,4,SHT_TIME,6,90,6,0.044444444444444446,24700,2026-05-29 14:40:00,24715,2026-05-29 15:40:00,24745,2026-05-29 17:40:00,24805,2026-05-29 21:40:00
24686,24597,2026-05-29 13:44:00,2026-05-29 07:48:00,train,4min,4,SHT_TIME,6,90,6,0.044444444444444446,24701,2026-05-29 14:44:00,24716,2026-05-29 15:44:00,24746,2026-05-29 17:44:00,24806,2026-05-29 21:44:00
24687,24598,2026-05-29 13:48:00,2026-05-29 07:52:00,train,4min,4,SHT_TIME,6,90,6,0.044444444444444446,24702,2026-05-29 14:48:00,24717,2026-05-29 15:48:00,24747,2026-05-29 17:48:00,24807,2026-05-29 21:48:00
24688,24599,2026-05-29 13:52:00,2026-05-29 07:56:00,train,4min,4,SHT_TIME,6,90,6,0.044444444444444446,24703,2026-05-29 14:52:00,24718,2026-05-29 15:52:00,24748,2026-05-29 17:52:00,24808,2026-05-29 21:52:00
24689,24600,2026-05-29 13:56:00,2026-05-29 08:00:00,train,4min,4,SHT_TIME,6,90,6,0.044444444444444446,24704,2026-05-29 14:56:00,24719,2026-05-29 15:56:00,24749,2026-05-29 17:56:00,24809,2026-05-29 21:56:00
24690,24601,2026-05-29 14:00:00,2026-05-29 08:04:00,train,4min,4,SHT_TIME,6,90,6,0.044444444444444446,24705,2026-05-29 15:00:00,24720,2026-05-29 16:00:00,24750,2026-05-29 18:00:00,24810,2026-05-29 22:00:00
24716,24627,2026-05-29 15:44:00,2026-05-29 09:48:00,train,4min,4,SHT_TIME,6,90,6,0.044444444444444446,24731,2026-05-29 16:44:00,24746,2026-05-29 17:44:00,24776,2026-05-29 19:44:00,24836,2026-05-29 23:44:00
24717,24628,2026-05-29 15:48:00,2026-05-29 09:52:00,train,4min,4,SHT_TIME,6,90,6,0.044444444444444446,24732,2026-05-29 16:48:00,24747,2026-05-29 17:48:00,24777,2026-05-29 19:48:00,24837,2026-05-29 23:48:00
24719,24630,2026-05-29 15:56:00,2026-05-29 10:00:00,train,4min,4,SHT_TIME,6,90,6,0.044444444444444446,24734,2026-05-29 16:56:00,24749,2026-05-29 17:56:00,24779,2026-05-29 19:56:00,24839,2026-05-29 23:56:00
24720,24631,2026-05-29 16:00:00,2026-05-29 10:04:00,train,4min,4,SHT_TIME,6,90,6,0.03333333333333333,24735,2026-05-29 17:00:00,24750,2026-05-29 18:00:00,24780,2026-05-29 20:00:00,24840,2026-05-30 00:00:00
24721,24632,2026-05-29 16:04:00,2026-05-29 10:08:00,train,4min,4,SHT_TIME,6,90,6,0.03333333333333333,24736,2026-05-29 17:04:00,24751,2026-05-29 18:04:00,24781,2026-05-29 20:04:00,24841,2026-05-30 00:04:00
24722,24633,2026-05-29 16:08:00,2026-05-29 10:12:00,train,4min,4,SHT_TIME,6,90,6,0.03333333333333333,24737,2026-05-29 17:08:00,24752,2026-05-29 18:08:00,24782,2026-05-29 20:08:00,24842,2026-05-30 00:08:00
24723,24634,2026-05-29 16:12:00,2026-05-29 10:16:00,train,4min,4,SHT_TIME,6,90,6,0.03333333333333333,24738,2026-05-29 17:12:00,24753,2026-05-29 18:12:00,24783,2026-05-29 20:12:00,24843,2026-05-30 00:12:00
24724,24635,2026-05-29 16:16:00,2026-05-29 10:20:00,train,4min,4,SHT_TIME,6,90,6,0.044444444444444446,24739,2026-05-29 17:16:00,24754,2026-05-29 18:16:00,24784,2026-05-29 20:16:00,24844,2026-05-30 00:16:00
24725,24636,2026-05-29 16:20:00,2026-05-29 10:24:00,train,4min,4,SHT_TIME,6,90,6,0.044444444444444446,24740,2026-05-29 17:20:00,24755,2026-05-29 18:20:00,24785,2026-05-29 20:20:00,24845,2026-05-30 00:20:00
24726,24637,2026-05-29 16:24:00,2026-05-29 10:28:00,train,4min,4,SHT_TIME,6,90,6,0.044444444444444446,24741,2026-05-29 17:24:00,24756,2026-05-29 18:24:00,24786,2026-05-29 20:24:00,24846,2026-05-30 00:24:00
24727,24638,2026-05-29 16:28:00,2026-05-29 10:32:00,train,4min,4,SHT_TIME,6,90,6,0.044444444444444446,24742,2026-05-29 17:28:00,24757,2026-05-29 18:28:00,24787,2026-05-29 20:28:00,24847,2026-05-30 00:28:00
24728,24639,2026-05-29 16:32:00,2026-05-29 10:36:00,train,4min,4,SHT_TIME,6,90,6,0.044444444444444446,24743,2026-05-29 17:32:00,24758,2026-05-29 18:32:00,24788,2026-05-29 20:32:00,24848,2026-05-30 00:32:00
24729,24640,2026-05-29 16:36:00,2026-05-29 10:40:00,train,4min,4,SHT_TIME,6,90,6,0.044444444444444446,24744,2026-05-29 17:36:00,24759,2026-05-29 18:36:00,24789,2026-05-29 20:36:00,24849,2026-05-30 00:36:00
24732,24643,2026-05-29 16:48:00,2026-05-29 10:52:00,train,4min,4,SHT_TIME,6,90,6,0.044444444444444446,24747,2026-05-29 17:48:00,24762,2026-05-29 18:48:00,24792,2026-05-29 20:48:00,24852,2026-05-30 00:48:00
24733,24644,2026-05-29 16:52:00,2026-05-29 10:56:00,train,4min,4,SHT_TIME,6,90,6,0.044444444444444446,24748,2026-05-29 17:52:00,24763,2026-05-29 18:52:00,24793,2026-05-29 20:52:00,24853,2026-05-30 00:52:00
24734,24645,2026-05-29 16:56:00,2026-05-29 11:00:00,train,4min,4,SHT_TIME,6,90,6,0.03333333333333333,24749,2026-05-29 17:56:00,24764,2026-05-29 18:56:00,24794,2026-05-29 20:56:00,24854,2026-05-30 00:56:00
24735,24646,2026-05-29 17:00:00,2026-05-29 11:04:00,train,4min,4,SHT_TIME,6,90,6,0.03333333333333333,24750,2026-05-29 18:00:00,24765,2026-05-29 19:00:00,24795,2026-05-29 21:00:00,24855,2026-05-30 01:00:00
24736,24647,2026-05-29 17:04:00,2026-05-29 11:08:00,train,4min,4,SHT_TIME,6,90,6,0.03333333333333333,24751,2026-05-29 18:04:00,24766,2026-05-29 19:04:00,24796,2026-05-29 21:04:00,24856,2026-05-30 01:04:00
24737,24648,2026-05-29 17:08:00,2026-05-29 11:12:00,train,4min,4,SHT_TIME,6,90,6,0.03333333333333333,24752,2026-05-29 18:08:00,24767,2026-05-29 19:08:00,24797,2026-05-29 21:08:00,24857,2026-05-30 01:08:00
24738,24649,2026-05-29 17:12:00,2026-05-29 11:16:00,train,4min,4,SHT_TIME,6,90,6,0.03333333333333333,24753,2026-05-29 18:12:00,24768,2026-05-29 19:12:00,24798,2026-05-29 21:12:00,24858,2026-05-30 01:12:00
24740,24651,2026-05-29 17:20:00,2026-05-29 11:24:00,train,4min,4,SHT_TIME,6,90,6,0.03333333333333333,24755,2026-05-29 18:20:00,24770,2026-05-29 19:20:00,24800,2026-05-29 21:20:00,24860,2026-05-30 01:20:00
24741,24652,2026-05-29 17:24:00,2026-05-29 11:28:00,train,4min,4,SHT_TIME,6,90,6,0.03333333333333333,24756,2026-05-29 18:24:00,24771,2026-05-29 19:24:00,24801,2026-05-29 21:24:00,24861,2026-05-30 01:24:00
24742,24653,2026-05-29 17:28:00,2026-05-29 11:32:00,train,4min,4,SHT_TIME,6,90,6,0.03333333333333333,24757,2026-05-29 18:28:00,24772,2026-05-29 19:28:00,24802,2026-05-29 21:28:00,24862,2026-05-30 01:28:00
24743,24654,2026-05-29 17:32:00,2026-05-29 11:36:00,train,4min,4,SHT_TIME,6,90,6,0.03333333333333333,24758,2026-05-29 18:32:00,24773,2026-05-29 19:32:00,24803,2026-05-29 21:32:00,24863,2026-05-30 01:32:00
24744,24655,2026-05-29 17:36:00,2026-05-29 11:40:00,train,4min,4,SHT_TIME,6,90,6,0.03333333333333333,24759,2026-05-29 18:36:00,24774,2026-05-29 19:36:00,24804,2026-05-29 21:36:00,24864,2026-05-30 01:36:00
24746,24657,2026-05-29 17:44:00,2026-05-29 11:48:00,train,4min,4,SHT_TIME,6,90,6,0.022222222222222223,24761,2026-05-29 18:44:00,24776,2026-05-29 19:44:00,24806,2026-05-29 21:44:00,24866,2026-05-30 01:44:00
24747,24658,2026-05-29 17:48:00,2026-05-29 11:52:00,train,4min,4,SHT_TIME,6,90,6,0.022222222222222223,24762,2026-05-29 18:48:00,24777,2026-05-29 19:48:00,24807,2026-05-29 21:48:00,24867,2026-05-30 01:48:00
24748,24659,2026-05-29 17:52:00,2026-05-29 11:56:00,train,4min,4,SHT_TIME,6,90,6,0.022222222222222223,24763,2026-05-29 18:52:00,24778,2026-05-29 19:52:00,24808,2026-05-29 21:52:00,24868,2026-05-30 01:52:00
24749,24660,2026-05-29 17:56:00,2026-05-29 12:00:00,train,4min,4,SHT_TIME,6,90,6,0.022222222222222223,24764,2026-05-29 18:56:00,24779,2026-05-29 19:56:00,24809,2026-05-29 21:56:00,24869,2026-05-30 01:56:00
24750,24661,2026-05-29 18:00:00,2026-05-29 12:04:00,train,4min,4,SHT_TIME,6,90,6,0.022222222222222223,24765,2026-05-29 19:00:00,24780,2026-05-29 20:00:00,24810,2026-05-29 22:00:00,24870,2026-05-30 02:00:00
24751,24662,2026-05-29 18:04:00,2026-05-29 12:08:00,train,4min,4,SHT_TIME,6,90,6,0.022222222222222223,24766,2026-05-29 19:04:00,24781,2026-05-29 20:04:00,24811,2026-05-29 22:04:00,24871,2026-05-30 02:04:00
24752,24663,2026-05-29 18:08:00,2026-05-29 12:12:00,train,4min,4,SHT_TIME,6,90,6,0.022222222222222223,24767,2026-05-29 19:08:00,24782,2026-05-29 20:08:00,24812,2026-05-29 22:08:00,24872,2026-05-30 02:08:00
24753,24664,2026-05-29 18:12:00,2026-05-29 12:16:00,train,4min,4,SHT_TIME,6,90,6,0.022222222222222223,24768,2026-05-29 19:12:00,24783,2026-05-29 20:12:00,24813,2026-05-29 22:12:00,24873,2026-05-30 02:12:00
24754,24665,2026-05-29 18:16:00,2026-05-29 12:20:00,train,4min,4,SHT_TIME,6,90,6,0.022222222222222223,24769,2026-05-29 19:16:00,24784,2026-05-29 20:16:00,24814,2026-05-29 22:16:00,24874,2026-05-30 02:16:00
24755,24666,2026-05-29 18:20:00,2026-05-29 12:24:00,train,4min,4,SHT_TIME,6,90,6,0.022222222222222223,24770,2026-05-29 19:20:00,24785,2026-05-29 20:20:00,24815,2026-05-29 22:20:00,24875,2026-05-30 02:20:00
24756,24667,2026-05-29 18:24:00,2026-05-29 12:28:00,train,4min,4,SHT_TIME,6,90,6,0.022222222222222223,24771,2026-05-29 19:24:00,24786,2026-05-29 20:24:00,24816,2026-05-29 22:24:00,24876,2026-05-30 02:24:00
24757,24668,2026-05-29 18:28:00,2026-05-29 12:32:00,train,4min,4,SHT_TIME,6,90,6,0.022222222222222223,24772,2026-05-29 19:28:00,24787,2026-05-29 20:28:00,24817,2026-05-29 22:28:00,24877,2026-05-30 02:28:00
24758,24669,2026-05-29 18:32:00,2026-05-29 12:36:00,train,4min,4,SHT_TIME,6,90,6,0.022222222222222223,24773,2026-05-29 19:32:00,24788,2026-05-29 20:32:00,24818,2026-05-29 22:32:00,24878,2026-05-30 02:32:00
24759,24670,2026-05-29 18:36:00,2026-05-29 12:40:00,train,4min,4,SHT_TIME,6,90,6,0.022222222222222223,24774,2026-05-29 19:36:00,24789,2026-05-29 20:36:00,24819,2026-05-29 22:36:00,24879,2026-05-30 02:36:00
24760,24671,2026-05-29 18:40:00,2026-05-29 12:44:00,train,4min,4,SHT_TIME,6,90,6,0.03333333333333333,24775,2026-05-29 19:40:00,24790,2026-05-29 20:40:00,24820,2026-05-29 22:40:00,24880,2026-05-30 02:40:00
24762,24673,2026-05-29 18:48:00,2026-05-29 12:52:00,train,4min,4,SHT_TIME,6,90,6,0.03333333333333333,24777,2026-05-29 19:48:00,24792,2026-05-29 20:48:00,24822,2026-05-29 22:48:00,24882,2026-05-30 02:48:00
24763,24674,2026-05-29 18:52:00,2026-05-29 12:56:00,train,4min,4,SHT_TIME,6,90,6,0.03333333333333333,24778,2026-05-29 19:52:00,24793,2026-05-29 20:52:00,24823,2026-05-29 22:52:00,24883,2026-05-30 02:52:00
24765,24676,2026-05-29 19:00:00,2026-05-29 13:04:00,train,4min,4,SHT_TIME,6,90,6,0.03333333333333333,24780,2026-05-29 20:00:00,24795,2026-05-29 21:00:00,24825,2026-05-29 23:00:00,24885,2026-05-30 03:00:00
24766,24677,2026-05-29 19:04:00,2026-05-29 13:08:00,train,4min,4,SHT_TIME,6,90,6,0.03333333333333333,24781,2026-05-29 20:04:00,24796,2026-05-29 21:04:00,24826,2026-05-29 23:04:00,24886,2026-05-30 03:04:00
24768,24679,2026-05-29 19:12:00,2026-05-29 13:16:00,train,4min,4,SHT_TIME,6,90,6,0.03333333333333333,24783,2026-05-29 20:12:00,24798,2026-05-29 21:12:00,24828,2026-05-29 23:12:00,24888,2026-05-30 03:12:00
24769,24680,2026-05-29 19:16:00,2026-05-29 13:20:00,train,4min,4,SHT_TIME,6,90,6,0.03333333333333333,24784,2026-05-29 20:16:00,24799,2026-05-29 21:16:00,24829,2026-05-29 23:16:00,24889,2026-05-30 03:16:00
24770,24681,2026-05-29 19:20:00,2026-05-29 13:24:00,train,4min,4,SHT_TIME,6,90,6,0.03333333333333333,24785,2026-05-29 20:20:00,24800,2026-05-29 21:20:00,24830,2026-05-29 23:20:00,24890,2026-05-30 03:20:00
24771,24682,2026-05-29 19:24:00,2026-05-29 13:28:00,train,4min,4,SHT_TIME,6,90,6,0.03333333333333333,24786,2026-05-29 20:24:00,24801,2026-05-29 21:24:00,24831,2026-05-29 23:24:00,24891,2026-05-30 03:24:00
24772,24683,2026-05-29 19:28:00,2026-05-29 13:32:00,train,4min,4,SHT_TIME,6,90,6,0.03333333333333333,24787,2026-05-29 20:28:00,24802,2026-05-29 21:28:00,24832,2026-05-29 23:28:00,24892,2026-05-30 03:28:00
24773,24684,2026-05-29 19:32:00,2026-05-29 13:36:00,train,4min,4,SHT_TIME,6,90,6,0.03333333333333333,24788,2026-05-29 20:32:00,24803,2026-05-29 21:32:00,24833,2026-05-29 23:32:00,24893,2026-05-30 03:32:00
24775,24686,2026-05-29 19:40:00,2026-05-29 13:44:00,train,4min,4,SHT_TIME,6,90,6,0.03333333333333333,24790,2026-05-29 20:40:00,24805,2026-05-29 21:40:00,24835,2026-05-29 23:40:00,24895,2026-05-30 03:40:00
24777,24688,2026-05-29 19:48:00,2026-05-29 13:52:00,train,4min,4,SHT_TIME,6,90,6,0.03333333333333333,24792,2026-05-29 20:48:00,24807,2026-05-29 21:48:00,24837,2026-05-29 23:48:00,24897,2026-05-30 03:48:00
24779,24690,2026-05-29 19:56:00,2026-05-29 14:00:00,train,4min,4,SHT_TIME,6,90,6,0.03333333333333333,24794,2026-05-29 20:56:00,24809,2026-05-29 21:56:00,24839,2026-05-29 23:56:00,24899,2026-05-30 03:56:00
24780,24691,2026-05-29 20:00:00,2026-05-29 14:04:00,train,4min,4,SHT_TIME,6,90,6,0.03333333333333333,24795,2026-05-29 21:00:00,24810,2026-05-29 22:00:00,24840,2026-05-30 00:00:00,24900,2026-05-30 04:00:00
24781,24692,2026-05-29 20:04:00,2026-05-29 14:08:00,train,4min,4,SHT_TIME,6,90,6,0.022222222222222223,24796,2026-05-29 21:04:00,24811,2026-05-29 22:04:00,24841,2026-05-30 00:04:00,24901,2026-05-30 04:04:00
24782,24693,2026-05-29 20:08:00,2026-05-29 14:12:00,train,4min,4,SHT_TIME,6,90,6,0.022222222222222223,24797,2026-05-29 21:08:00,24812,2026-05-29 22:08:00,24842,2026-05-30 00:08:00,24902,2026-05-30 04:08:00
24783,24694,2026-05-29 20:12:00,2026-05-29 14:16:00,train,4min,4,SHT_TIME,6,90,6,0.022222222222222223,24798,2026-05-29 21:12:00,24813,2026-05-29 22:12:00,24843,2026-05-30 00:12:00,24903,2026-05-30 04:12:00
24784,24695,2026-05-29 20:16:00,2026-05-29 14:20:00,train,4min,4,SHT_TIME,6,90,6,0.022222222222222223,24799,2026-05-29 21:16:00,24814,2026-05-29 22:16:00,24844,2026-05-30 00:16:00,24904,2026-05-30 04:16:00
24785,24696,2026-05-29 20:20:00,2026-05-29 14:24:00,train,4min,4,SHT_TIME,6,90,6,0.022222222222222223,24800,2026-05-29 21:20:00,24815,2026-05-29 22:20:00,24845,2026-05-30 00:20:00,24905,2026-05-30 04:20:00
24786,24697,2026-05-29 20:24:00,2026-05-29 14:28:00,train,4min,4,SHT_TIME,6,90,6,0.022222222222222223,24801,2026-05-29 21:24:00,24816,2026-05-29 22:24:00,24846,2026-05-30 00:24:00,24906,2026-05-30 04:24:00
24787,24698,2026-05-29 20:28:00,2026-05-29 14:32:00,train,4min,4,SHT_TIME,6,90,6,0.022222222222222223,24802,2026-05-29 21:28:00,24817,2026-05-29 22:28:00,24847,2026-05-30 00:28:00,24907,2026-05-30 04:28:00
24788,24699,2026-05-29 20:32:00,2026-05-29 14:36:00,train,4min,4,SHT_TIME,6,90,6,0.022222222222222223,24803,2026-05-29 21:32:00,24818,2026-05-29 22:32:00,24848,2026-05-30 00:32:00,24908,2026-05-30 04:32:00
24789,24700,2026-05-29 20:36:00,2026-05-29 14:40:00,train,4min,4,SHT_TIME,6,90,6,0.022222222222222223,24804,2026-05-29 21:36:00,24819,2026-05-29 22:36:00,24849,2026-05-30 00:36:00,24909,2026-05-30 04:36:00
24790,24701,2026-05-29 20:40:00,2026-05-29 14:44:00,train,4min,4,SHT_TIME,6,90,6,0.022222222222222223,24805,2026-05-29 21:40:00,24820,2026-05-29 22:40:00,24850,2026-05-30 00:40:00,24910,2026-05-30 04:40:00
24791,24702,2026-05-29 20:44:00,2026-05-29 14:48:00,train,4min,4,SHT_TIME,6,90,6,0.03333333333333333,24806,2026-05-29 21:44:00,24821,2026-05-29 22:44:00,24851,2026-05-30 00:44:00,24911,2026-05-30 04:44:00
24792,24703,2026-05-29 20:48:00,2026-05-29 14:52:00,train,4min,4,SHT_TIME,6,90,6,0.03333333333333333,24807,2026-05-29 21:48:00,24822,2026-05-29 22:48:00,24852,2026-05-30 00:48:00,24912,2026-05-30 04:48:00
24793,24704,2026-05-29 20:52:00,2026-05-29 14:56:00,train,4min,4,SHT_TIME,6,90,6,0.03333333333333333,24808,2026-05-29 21:52:00,24823,2026-05-29 22:52:00,24853,2026-05-30 00:52:00,24913,2026-05-30 04:52:00
24795,24706,2026-05-29 21:00:00,2026-05-29 15:04:00,train,4min,4,SHT_TIME,6,90,6,0.03333333333333333,24810,2026-05-29 22:00:00,24825,2026-05-29 23:00:00,24855,2026-05-30 01:00:00,24915,2026-05-30 05:00:00
24796,24707,2026-05-29 21:04:00,2026-05-29 15:08:00,train,4min,4,SHT_TIME,6,90,6,0.03333333333333333,24811,2026-05-29 22:04:00,24826,2026-05-29 23:04:00,24856,2026-05-30 01:04:00,24916,2026-05-30 05:04:00
24797,24708,2026-05-29 21:08:00,2026-05-29 15:12:00,train,4min,4,SHT_TIME,6,90,6,0.03333333333333333,24812,2026-05-29 22:08:00,24827,2026-05-29 23:08:00,24857,2026-05-30 01:08:00,24917,2026-05-30 05:08:00
24798,24709,2026-05-29 21:12:00,2026-05-29 15:16:00,train,4min,4,SHT_TIME,6,90,6,0.03333333333333333,24813,2026-05-29 22:12:00,24828,2026-05-29 23:12:00,24858,2026-05-30 01:12:00,24918,2026-05-30 05:12:00
24800,24711,2026-05-29 21:20:00,2026-05-29 15:24:00,train,4min,4,SHT_TIME,6,90,6,0.03333333333333333,24815,2026-05-29 22:20:00,24830,2026-05-29 23:20:00,24860,2026-05-30 01:20:00,24920,2026-05-30 05:20:00
24801,24712,2026-05-29 21:24:00,2026-05-29 15:28:00,train,4min,4,SHT_TIME,6,90,6,0.03333333333333333,24816,2026-05-29 22:24:00,24831,2026-05-29 23:24:00,24861,2026-05-30 01:24:00,24921,2026-05-30 05:24:00
24802,24713,2026-05-29 21:28:00,2026-05-29 15:32:00,train,4min,4,SHT_TIME,6,90,6,0.03333333333333333,24817,2026-05-29 22:28:00,24832,2026-05-29 23:28:00,24862,2026-05-30 01:28:00,24922,2026-05-30 05:28:00
24803,24714,2026-05-29 21:32:00,2026-05-29 15:36:00,train,4min,4,SHT_TIME,6,90,6,0.03333333333333333,24818,2026-05-29 22:32:00,24833,2026-05-29 23:32:00,24863,2026-05-30 01:32:00,24923,2026-05-30 05:32:00
24804,24715,2026-05-29 21:36:00,2026-05-29 15:40:00,train,4min,4,SHT_TIME,6,90,6,0.03333333333333333,24819,2026-05-29 22:36:00,24834,2026-05-29 23:36:00,24864,2026-05-30 01:36:00,24924,2026-05-30 05:36:00
24805,24716,2026-05-29 21:40:00,2026-05-29 15:44:00,train,4min,4,SHT_TIME,6,90,6,0.03333333333333333,24820,2026-05-29 22:40:00,24835,2026-05-29 23:40:00,24865,2026-05-30 01:40:00,24925,2026-05-30 05:40:00
24806,24717,2026-05-29 21:44:00,2026-05-29 15:48:00,train,4min,4,SHT_TIME,6,90,6,0.03333333333333333,24821,2026-05-29 22:44:00,24836,2026-05-29 23:44:00,24866,2026-05-30 01:44:00,24926,2026-05-30 05:44:00
24807,24718,2026-05-29 21:48:00,2026-05-29 15:52:00,train,4min,4,SHT_TIME,6,90,6,0.03333333333333333,24822,2026-05-29 22:48:00,24837,2026-05-29 23:48:00,24867,2026-05-30 01:48:00,24927,2026-05-30 05:48:00
24811,24722,2026-05-29 22:04:00,2026-05-29 16:08:00,train,4min,4,SHT_TIME,6,90,6,0.03333333333333333,24826,2026-05-29 23:04:00,24841,2026-05-30 00:04:00,24871,2026-05-30 02:04:00,24931,2026-05-30 06:04:00
24812,24723,2026-05-29 22:08:00,2026-05-29 16:12:00,train,4min,4,SHT_TIME,6,90,6,0.03333333333333333,24827,2026-05-29 23:08:00,24842,2026-05-30 00:08:00,24872,2026-05-30 02:08:00,24932,2026-05-30 06:08:00
24813,24724,2026-05-29 22:12:00,2026-05-29 16:16:00,train,4min,4,SHT_TIME,6,90,6,0.03333333333333333,24828,2026-05-29 23:12:00,24843,2026-05-30 00:12:00,24873,2026-05-30 02:12:00,24933,2026-05-30 06:12:00
24814,24725,2026-05-29 22:16:00,2026-05-29 16:20:00,train,4min,4,SHT_TIME,6,90,6,0.022222222222222223,24829,2026-05-29 23:16:00,24844,2026-05-30 00:16:00,24874,2026-05-30 02:16:00,24934,2026-05-30 06:16:00
24816,24727,2026-05-29 22:24:00,2026-05-29 16:28:00,train,4min,4,SHT_TIME,6,90,6,0.022222222222222223,24831,2026-05-29 23:24:00,24846,2026-05-30 00:24:00,24876,2026-05-30 02:24:00,24936,2026-05-30 06:24:00
24817,24728,2026-05-29 22:28:00,2026-05-29 16:32:00,train,4min,4,SHT_TIME,6,90,6,0.022222222222222223,24832,2026-05-29 23:28:00,24847,2026-05-30 00:28:00,24877,2026-05-30 02:28:00,24937,2026-05-30 06:28:00
24818,24729,2026-05-29 22:32:00,2026-05-29 16:36:00,train,4min,4,SHT_TIME,6,90,6,0.022222222222222223,24833,2026-05-29 23:32:00,24848,2026-05-30 00:32:00,24878,2026-05-30 02:32:00,24938,2026-05-30 06:32:00
24819,24730,2026-05-29 22:36:00,2026-05-29 16:40:00,train,4min,4,SHT_TIME,6,90,6,0.022222222222222223,24834,2026-05-29 23:36:00,24849,2026-05-30 00:36:00,24879,2026-05-30 02:36:00,24939,2026-05-30 06:36:00
24820,24731,2026-05-29 22:40:00,2026-05-29 16:44:00,train,4min,4,SHT_TIME,6,90,6,0.022222222222222223,24835,2026-05-29 23:40:00,24850,2026-05-30 00:40:00,24880,2026-05-30 02:40:00,24940,2026-05-30 06:40:00
24821,24732,2026-05-29 22:44:00,2026-05-29 16:48:00,train,4min,4,SHT_TIME,6,90,6,0.022222222222222223,24836,2026-05-29 23:44:00,24851,2026-05-30 00:44:00,24881,2026-05-30 02:44:00,24941,2026-05-30 06:44:00
24822,24733,2026-05-29 22:48:00,2026-05-29 16:52:00,train,4min,4,SHT_TIME,6,90,6,0.022222222222222223,24837,2026-05-29 23:48:00,24852,2026-05-30 00:48:00,24882,2026-05-30 02:48:00,24942,2026-05-30 06:48:00
24824,24735,2026-05-29 22:56:00,2026-05-29 17:00:00,train,4min,4,SHT_TIME,6,90,6,0.03333333333333333,24839,2026-05-29 23:56:00,24854,2026-05-30 00:56:00,24884,2026-05-30 02:56:00,24944,2026-05-30 06:56:00
24825,24736,2026-05-29 23:00:00,2026-05-29 17:04:00,train,4min,4,SHT_TIME,6,90,6,0.03333333333333333,24840,2026-05-30 00:00:00,24855,2026-05-30 01:00:00,24885,2026-05-30 03:00:00,24945,2026-05-30 07:00:00
24826,24737,2026-05-29 23:04:00,2026-05-29 17:08:00,train,4min,4,SHT_TIME,6,90,6,0.03333333333333333,24841,2026-05-30 00:04:00,24856,2026-05-30 01:04:00,24886,2026-05-30 03:04:00,24946,2026-05-30 07:04:00
24828,24739,2026-05-29 23:12:00,2026-05-29 17:16:00,train,4min,4,SHT_TIME,6,90,6,0.03333333333333333,24843,2026-05-30 00:12:00,24858,2026-05-30 01:12:00,24888,2026-05-30 03:12:00,24948,2026-05-30 07:12:00
24830,24741,2026-05-29 23:20:00,2026-05-29 17:24:00,train,4min,4,SHT_TIME,6,90,6,0.03333333333333333,24845,2026-05-30 00:20:00,24860,2026-05-30 01:20:00,24890,2026-05-30 03:20:00,24950,2026-05-30 07:20:00
24831,24742,2026-05-29 23:24:00,2026-05-29 17:28:00,train,4min,4,SHT_TIME,6,90,6,0.03333333333333333,24846,2026-05-30 00:24:00,24861,2026-05-30 01:24:00,24891,2026-05-30 03:24:00,24951,2026-05-30 07:24:00
24832,24743,2026-05-29 23:28:00,2026-05-29 17:32:00,train,4min,4,SHT_TIME,6,90,6,0.03333333333333333,24847,2026-05-30 00:28:00,24862,2026-05-30 01:28:00,24892,2026-05-30 03:28:00,24952,2026-05-30 07:28:00
24833,24744,2026-05-29 23:32:00,2026-05-29 17:36:00,train,4min,4,SHT_TIME,6,90,6,0.03333333333333333,24848,2026-05-30 00:32:00,24863,2026-05-30 01:32:00,24893,2026-05-30 03:32:00,24953,2026-05-30 07:32:00
24835,24746,2026-05-29 23:40:00,2026-05-29 17:44:00,train,4min,4,SHT_TIME,6,90,6,0.03333333333333333,24850,2026-05-30 00:40:00,24865,2026-05-30 01:40:00,24895,2026-05-30 03:40:00,24955,2026-05-30 07:40:00
24836,24747,2026-05-29 23:44:00,2026-05-29 17:48:00,train,4min,4,SHT_TIME,6,90,6,0.03333333333333333,24851,2026-05-30 00:44:00,24866,2026-05-30 01:44:00,24896,2026-05-30 03:44:00,24956,2026-05-30 07:44:00
24837,24748,2026-05-29 23:48:00,2026-05-29 17:52:00,train,4min,4,SHT_TIME,6,90,6,0.03333333333333333,24852,2026-05-30 00:48:00,24867,2026-05-30 01:48:00,24897,2026-05-30 03:48:00,24957,2026-05-30 07:48:00
24838,24749,2026-05-29 23:52:00,2026-05-29 17:56:00,train,4min,4,SHT_TIME,6,90,6,0.044444444444444446,24853,2026-05-30 00:52:00,24868,2026-05-30 01:52:00,24898,2026-05-30 03:52:00,24958,2026-05-30 07:52:00
24839,24750,2026-05-29 23:56:00,2026-05-29 18:00:00,train,4min,4,SHT_TIME,6,90,6,0.044444444444444446,24854,2026-05-30 00:56:00,24869,2026-05-30 01:56:00,24899,2026-05-30 03:56:00,24959,2026-05-30 07:56:00
24840,24751,2026-05-30 00:00:00,2026-05-29 18:04:00,train,4min,4,SHT_TIME,6,90,6,0.044444444444444446,24855,2026-05-30 01:00:00,24870,2026-05-30 02:00:00,24900,2026-05-30 04:00:00,24960,2026-05-30 08:00:00
24841,24752,2026-05-30 00:04:00,2026-05-29 18:08:00,train,4min,4,SHT_TIME,6,90,6,0.044444444444444446,24856,2026-05-30 01:04:00,24871,2026-05-30 02:04:00,24901,2026-05-30 04:04:00,24961,2026-05-30 08:04:00
24843,24754,2026-05-30 00:12:00,2026-05-29 18:16:00,train,4min,4,SHT_TIME,6,90,6,0.044444444444444446,24858,2026-05-30 01:12:00,24873,2026-05-30 02:12:00,24903,2026-05-30 04:12:00,24963,2026-05-30 08:12:00
24845,24756,2026-05-30 00:20:00,2026-05-29 18:24:00,train,4min,4,SHT_TIME,6,90,6,0.044444444444444446,24860,2026-05-30 01:20:00,24875,2026-05-30 02:20:00,24905,2026-05-30 04:20:00,24965,2026-05-30 08:20:00
24846,24757,2026-05-30 00:24:00,2026-05-29 18:28:00,train,4min,4,SHT_TIME,6,90,6,0.044444444444444446,24861,2026-05-30 01:24:00,24876,2026-05-30 02:24:00,24906,2026-05-30 04:24:00,24966,2026-05-30 08:24:00
24848,24759,2026-05-30 00:32:00,2026-05-29 18:36:00,train,4min,4,SHT_TIME,6,90,6,0.044444444444444446,24863,2026-05-30 01:32:00,24878,2026-05-30 02:32:00,24908,2026-05-30 04:32:00,24968,2026-05-30 08:32:00
24849,24760,2026-05-30 00:36:00,2026-05-29 18:40:00,train,4min,4,SHT_TIME,6,90,6,0.044444444444444446,24864,2026-05-30 01:36:00,24879,2026-05-30 02:36:00,24909,2026-05-30 04:36:00,24969,2026-05-30 08:36:00
24850,24761,2026-05-30 00:40:00,2026-05-29 18:44:00,train,4min,4,SHT_TIME,6,90,6,0.03333333333333333,24865,2026-05-30 01:40:00,24880,2026-05-30 02:40:00,24910,2026-05-30 04:40:00,24970,2026-05-30 08:40:00
24851,24762,2026-05-30 00:44:00,2026-05-29 18:48:00,train,4min,4,SHT_TIME,6,90,6,0.03333333333333333,24866,2026-05-30 01:44:00,24881,2026-05-30 02:44:00,24911,2026-05-30 04:44:00,24971,2026-05-30 08:44:00
24852,24763,2026-05-30 00:48:00,2026-05-29 18:52:00,train,4min,4,SHT_TIME,6,90,6,0.03333333333333333,24867,2026-05-30 01:48:00,24882,2026-05-30 02:48:00,24912,2026-05-30 04:48:00,24972,2026-05-30 08:48:00
24853,24764,2026-05-30 00:52:00,2026-05-29 18:56:00,train,4min,4,SHT_TIME,6,90,6,0.03333333333333333,24868,2026-05-30 01:52:00,24883,2026-05-30 02:52:00,24913,2026-05-30 04:52:00,24973,2026-05-30 08:52:00
24854,24765,2026-05-30 00:56:00,2026-05-29 19:00:00,train,4min,4,SHT_TIME,6,90,6,0.03333333333333333,24869,2026-05-30 01:56:00,24884,2026-05-30 02:56:00,24914,2026-05-30 04:56:00,24974,2026-05-30 08:56:00
24855,24766,2026-05-30 01:00:00,2026-05-29 19:04:00,train,4min,4,SHT_TIME,6,90,6,0.03333333333333333,24870,2026-05-30 02:00:00,24885,2026-05-30 03:00:00,24915,2026-05-30 05:00:00,24975,2026-05-30 09:00:00
24856,24767,2026-05-30 01:04:00,2026-05-29 19:08:00,train,4min,4,SHT_TIME,6,90,6,0.03333333333333333,24871,2026-05-30 02:04:00,24886,2026-05-30 03:04:00,24916,2026-05-30 05:04:00,24976,2026-05-30 09:04:00
24858,24769,2026-05-30 01:12:00,2026-05-29 19:16:00,train,4min,4,SHT_TIME,6,90,6,0.03333333333333333,24873,2026-05-30 02:12:00,24888,2026-05-30 03:12:00,24918,2026-05-30 05:12:00,24978,2026-05-30 09:12:00
24859,24770,2026-05-30 01:16:00,2026-05-29 19:20:00,train,4min,4,SHT_TIME,6,90,6,0.044444444444444446,24874,2026-05-30 02:16:00,24889,2026-05-30 03:16:00,24919,2026-05-30 05:16:00,24979,2026-05-30 09:16:00
24860,24771,2026-05-30 01:20:00,2026-05-29 19:24:00,train,4min,4,SHT_TIME,6,90,6,0.044444444444444446,24875,2026-05-30 02:20:00,24890,2026-05-30 03:20:00,24920,2026-05-30 05:20:00,24980,2026-05-30 09:20:00
24863,24774,2026-05-30 01:32:00,2026-05-29 19:36:00,train,4min,4,SHT_TIME,6,90,6,0.044444444444444446,24878,2026-05-30 02:32:00,24893,2026-05-30 03:32:00,24923,2026-05-30 05:32:00,24983,2026-05-30 09:32:00
24865,24776,2026-05-30 01:40:00,2026-05-29 19:44:00,train,4min,4,SHT_TIME,6,90,6,0.044444444444444446,24880,2026-05-30 02:40:00,24895,2026-05-30 03:40:00,24925,2026-05-30 05:40:00,24985,2026-05-30 09:40:00
24866,24777,2026-05-30 01:44:00,2026-05-29 19:48:00,train,4min,4,SHT_TIME,6,90,6,0.044444444444444446,24881,2026-05-30 02:44:00,24896,2026-05-30 03:44:00,24926,2026-05-30 05:44:00,24986,2026-05-30 09:44:00
24867,24778,2026-05-30 01:48:00,2026-05-29 19:52:00,train,4min,4,SHT_TIME,6,90,6,0.044444444444444446,24882,2026-05-30 02:48:00,24897,2026-05-30 03:48:00,24927,2026-05-30 05:48:00,24987,2026-05-30 09:48:00
24868,24779,2026-05-30 01:52:00,2026-05-29 19:56:00,train,4min,4,SHT_TIME,6,90,6,0.044444444444444446,24883,2026-05-30 02:52:00,24898,2026-05-30 03:52:00,24928,2026-05-30 05:52:00,24988,2026-05-30 09:52:00
24869,24780,2026-05-30 01:56:00,2026-05-29 20:00:00,train,4min,4,SHT_TIME,6,90,6,0.044444444444444446,24884,2026-05-30 02:56:00,24899,2026-05-30 03:56:00,24929,2026-05-30 05:56:00,24989,2026-05-30 09:56:00
24871,24782,2026-05-30 02:04:00,2026-05-29 20:08:00,train,4min,4,SHT_TIME,6,90,6,0.044444444444444446,24886,2026-05-30 03:04:00,24901,2026-05-30 04:04:00,24931,2026-05-30 06:04:00,24991,2026-05-30 10:04:00
24874,24785,2026-05-30 02:16:00,2026-05-29 20:20:00,train,4min,4,SHT_TIME,6,90,6,0.044444444444444446,24889,2026-05-30 03:16:00,24904,2026-05-30 04:16:00,24934,2026-05-30 06:16:00,24994,2026-05-30 10:16:00
24876,24787,2026-05-30 02:24:00,2026-05-29 20:28:00,train,4min,4,SHT_TIME,6,90,6,0.044444444444444446,24891,2026-05-30 03:24:00,24906,2026-05-30 04:24:00,24936,2026-05-30 06:24:00,24996,2026-05-30 10:24:00
24877,24788,2026-05-30 02:28:00,2026-05-29 20:32:00,train,4min,4,SHT_TIME,6,90,6,0.044444444444444446,24892,2026-05-30 03:28:00,24907,2026-05-30 04:28:00,24937,2026-05-30 06:28:00,24997,2026-05-30 10:28:00
24878,24789,2026-05-30 02:32:00,2026-05-29 20:36:00,train,4min,4,SHT_TIME,6,90,6,0.044444444444444446,24893,2026-05-30 03:32:00,24908,2026-05-30 04:32:00,24938,2026-05-30 06:32:00,24998,2026-05-30 10:32:00
24881,24792,2026-05-30 02:44:00,2026-05-29 20:48:00,train,4min,4,SHT_TIME,6,90,6,0.03333333333333333,24896,2026-05-30 03:44:00,24911,2026-05-30 04:44:00,24941,2026-05-30 06:44:00,25001,2026-05-30 10:44:00
24882,24793,2026-05-30 02:48:00,2026-05-29 20:52:00,train,4min,4,SHT_TIME,6,90,6,0.03333333333333333,24897,2026-05-30 03:48:00,24912,2026-05-30 04:48:00,24942,2026-05-30 06:48:00,25002,2026-05-30 10:48:00
24883,24794,2026-05-30 02:52:00,2026-05-29 20:56:00,train,4min,4,SHT_TIME,6,90,6,0.03333333333333333,24898,2026-05-30 03:52:00,24913,2026-05-30 04:52:00,24943,2026-05-30 06:52:00,25003,2026-05-30 10:52:00
24885,24796,2026-05-30 03:00:00,2026-05-29 21:04:00,train,4min,4,SHT_TIME,6,90,6,0.03333333333333333,24900,2026-05-30 04:00:00,24915,2026-05-30 05:00:00,24945,2026-05-30 07:00:00,25005,2026-05-30 11:00:00
24887,24798,2026-05-30 03:08:00,2026-05-29 21:12:00,train,4min,4,SHT_TIME,6,90,6,0.044444444444444446,24902,2026-05-30 04:08:00,24917,2026-05-30 05:08:00,24947,2026-05-30 07:08:00,25007,2026-05-30 11:08:00
24888,24799,2026-05-30 03:12:00,2026-05-29 21:16:00,train,4min,4,SHT_TIME,6,90,6,0.044444444444444446,24903,2026-05-30 04:12:00,24918,2026-05-30 05:12:00,24948,2026-05-30 07:12:00,25008,2026-05-30 11:12:00
24890,24801,2026-05-30 03:20:00,2026-05-29 21:24:00,train,4min,4,SHT_TIME,6,90,6,0.044444444444444446,24905,2026-05-30 04:20:00,24920,2026-05-30 05:20:00,24950,2026-05-30 07:20:00,25010,2026-05-30 11:20:00
24891,24802,2026-05-30 03:24:00,2026-05-29 21:28:00,train,4min,4,SHT_TIME,6,90,6,0.044444444444444446,24906,2026-05-30 04:24:00,24921,2026-05-30 05:24:00,24951,2026-05-30 07:24:00,25011,2026-05-30 11:24:00
24892,24803,2026-05-30 03:28:00,2026-05-29 21:32:00,train,4min,4,SHT_TIME,6,90,6,0.044444444444444446,24907,2026-05-30 04:28:00,24922,2026-05-30 05:28:00,24952,2026-05-30 07:28:00,25012,2026-05-30 11:28:00
24893,24804,2026-05-30 03:32:00,2026-05-29 21:36:00,train,4min,4,SHT_TIME,6,90,6,0.044444444444444446,24908,2026-05-30 04:32:00,24923,2026-05-30 05:32:00,24953,2026-05-30 07:32:00,25013,2026-05-30 11:32:00
24914,24825,2026-05-30 04:56:00,2026-05-29 23:00:00,train,4min,4,SHT_TIME,6,90,6,0.044444444444444446,24929,2026-05-30 05:56:00,24944,2026-05-30 06:56:00,24974,2026-05-30 08:56:00,25034,2026-05-30 12:56:00
24916,24827,2026-05-30 05:04:00,2026-05-29 23:08:00,train,4min,4,SHT_TIME,6,90,6,0.044444444444444446,24931,2026-05-30 06:04:00,24946,2026-05-30 07:04:00,24976,2026-05-30 09:04:00,25036,2026-05-30 13:04:00
24917,24828,2026-05-30 05:08:00,2026-05-29 23:12:00,train,4min,4,SHT_TIME,6,90,6,0.044444444444444446,24932,2026-05-30 06:08:00,24947,2026-05-30 07:08:00,24977,2026-05-30 09:08:00,25037,2026-05-30 13:08:00
24918,24829,2026-05-30 05:12:00,2026-05-29 23:16:00,train,4min,4,SHT_TIME,6,90,6,0.044444444444444446,24933,2026-05-30 06:12:00,24948,2026-05-30 07:12:00,24978,2026-05-30 09:12:00,25038,2026-05-30 13:12:00
24919,24830,2026-05-30 05:16:00,2026-05-29 23:20:00,train,4min,4,SHT_TIME,6,90,6,0.044444444444444446,24934,2026-05-30 06:16:00,24949,2026-05-30 07:16:00,24979,2026-05-30 09:16:00,25039,2026-05-30 13:16:00
24923,24834,2026-05-30 05:32:00,2026-05-29 23:36:00,train,4min,4,SHT_TIME,6,90,6,0.044444444444444446,24938,2026-05-30 06:32:00,24953,2026-05-30 07:32:00,24983,2026-05-30 09:32:00,25043,2026-05-30 13:32:00
24924,24835,2026-05-30 05:36:00,2026-05-29 23:40:00,train,4min,4,SHT_TIME,6,90,6,0.044444444444444446,24939,2026-05-30 06:36:00,24954,2026-05-30 07:36:00,24984,2026-05-30 09:36:00,25044,2026-05-30 13:36:00
24925,24836,2026-05-30 05:40:00,2026-05-29 23:44:00,train,4min,4,SHT_TIME,6,90,6,0.044444444444444446,24940,2026-05-30 06:40:00,24955,2026-05-30 07:40:00,24985,2026-05-30 09:40:00,25045,2026-05-30 13:40:00
24926,24837,2026-05-30 05:44:00,2026-05-29 23:48:00,train,4min,4,SHT_TIME,6,90,6,0.044444444444444446,24941,2026-05-30 06:44:00,24956,2026-05-30 07:44:00,24986,2026-05-30 09:44:00,25046,2026-05-30 13:44:00
24927,24838,2026-05-30 05:48:00,2026-05-29 23:52:00,train,4min,4,SHT_TIME,6,90,6,0.044444444444444446,24942,2026-05-30 06:48:00,24957,2026-05-30 07:48:00,24987,2026-05-30 09:48:00,25047,2026-05-30 13:48:00
24928,24839,2026-05-30 05:52:00,2026-05-29 23:56:00,train,4min,4,SHT_TIME,6,90,6,0.03333333333333333,24943,2026-05-30 06:52:00,24958,2026-05-30 07:52:00,24988,2026-05-30 09:52:00,25048,2026-05-30 13:52:00
24929,24840,2026-05-30 05:56:00,2026-05-30 00:00:00,train,4min,4,SHT_TIME,6,90,6,0.03333333333333333,24944,2026-05-30 06:56:00,24959,2026-05-30 07:56:00,24989,2026-05-30 09:56:00,25049,2026-05-30 13:56:00
24931,24842,2026-05-30 06:04:00,2026-05-30 00:08:00,train,4min,4,SHT_TIME,6,90,6,0.044444444444444446,24946,2026-05-30 07:04:00,24961,2026-05-30 08:04:00,24991,2026-05-30 10:04:00,25051,2026-05-30 14:04:00
24950,24861,2026-05-30 07:20:00,2026-05-30 01:24:00,train,4min,4,SHT_TIME,6,90,6,0.044444444444444446,24965,2026-05-30 08:20:00,24980,2026-05-30 09:20:00,25010,2026-05-30 11:20:00,25070,2026-05-30 15:20:00
24953,24864,2026-05-30 07:32:00,2026-05-30 01:36:00,train,4min,4,SHT_TIME,6,90,6,0.044444444444444446,24968,2026-05-30 08:32:00,24983,2026-05-30 09:32:00,25013,2026-05-30 11:32:00,25073,2026-05-30 15:32:00
24954,24865,2026-05-30 07:36:00,2026-05-30 01:40:00,train,4min,4,SHT_TIME,6,90,6,0.044444444444444446,24969,2026-05-30 08:36:00,24984,2026-05-30 09:36:00,25014,2026-05-30 11:36:00,25074,2026-05-30 15:36:00
24955,24866,2026-05-30 07:40:00,2026-05-30 01:44:00,train,4min,4,SHT_TIME,6,90,6,0.044444444444444446,24970,2026-05-30 08:40:00,24985,2026-05-30 09:40:00,25015,2026-05-30 11:40:00,25075,2026-05-30 15:40:00
24956,24867,2026-05-30 07:44:00,2026-05-30 01:48:00,train,4min,4,SHT_TIME,6,90,6,0.044444444444444446,24971,2026-05-30 08:44:00,24986,2026-05-30 09:44:00,25016,2026-05-30 11:44:00,25076,2026-05-30 15:44:00
24961,24872,2026-05-30 08:04:00,2026-05-30 02:08:00,train,4min,4,SHT_TIME,6,90,6,0.044444444444444446,24976,2026-05-30 09:04:00,24991,2026-05-30 10:04:00,25021,2026-05-30 12:04:00,25081,2026-05-30 16:04:00
39927,39838,2026-07-10 21:48:00,2026-07-10 15:52:00,validation,4min,4,SHT_TIME,6,90,6,0.044444444444444446,39942,2026-07-10 22:48:00,39957,2026-07-10 23:48:00,39987,2026-07-11 01:48:00,40047,2026-07-11 05:48:00
39928,39839,2026-07-10 21:52:00,2026-07-10 15:56:00,validation,4min,4,SHT_TIME,6,90,6,0.044444444444444446,39943,2026-07-10 22:52:00,39958,2026-07-10 23:52:00,39988,2026-07-11 01:52:00,40048,2026-07-11 05:52:00
39930,39841,2026-07-10 22:00:00,2026-07-10 16:04:00,validation,4min,4,SHT_TIME,6,90,6,0.03333333333333333,39945,2026-07-10 23:00:00,39960,2026-07-11 00:00:00,39990,2026-07-11 02:00:00,40050,2026-07-11 06:00:00
39931,39842,2026-07-10 22:04:00,2026-07-10 16:08:00,validation,4min,4,SHT_TIME,6,90,6,0.03333333333333333,39946,2026-07-10 23:04:00,39961,2026-07-11 00:04:00,39991,2026-07-11 02:04:00,40051,2026-07-11 06:04:00
39933,39844,2026-07-10 22:12:00,2026-07-10 16:16:00,validation,4min,4,SHT_TIME,6,90,6,0.03333333333333333,39948,2026-07-10 23:12:00,39963,2026-07-11 00:12:00,39993,2026-07-11 02:12:00,40053,2026-07-11 06:12:00
39934,39845,2026-07-10 22:16:00,2026-07-10 16:20:00,validation,4min,4,SHT_TIME,6,90,6,0.03333333333333333,39949,2026-07-10 23:16:00,39964,2026-07-11 00:16:00,39994,2026-07-11 02:16:00,40054,2026-07-11 06:16:00
39938,39849,2026-07-10 22:32:00,2026-07-10 16:36:00,validation,4min,4,SHT_TIME,6,90,6,0.03333333333333333,39953,2026-07-10 23:32:00,39968,2026-07-11 00:32:00,39998,2026-07-11 02:32:00,40058,2026-07-11 06:32:00
39939,39850,2026-07-10 22:36:00,2026-07-10 16:40:00,validation,4min,4,SHT_TIME,6,90,6,0.03333333333333333,39954,2026-07-10 23:36:00,39969,2026-07-11 00:36:00,39999,2026-07-11 02:36:00,40059,2026-07-11 06:36:00
39943,39854,2026-07-10 22:52:00,2026-07-10 16:56:00,validation,4min,4,SHT_TIME,6,90,6,0.03333333333333333,39958,2026-07-10 23:52:00,39973,2026-07-11 00:52:00,40003,2026-07-11 02:52:00,40063,2026-07-11 06:52:00
39945,39856,2026-07-10 23:00:00,2026-07-10 17:04:00,validation,4min,4,SHT_TIME,6,90,6,0.03333333333333333,39960,2026-07-11 00:00:00,39975,2026-07-11 01:00:00,40005,2026-07-11 03:00:00,40065,2026-07-11 07:00:00
39946,39857,2026-07-10 23:04:00,2026-07-10 17:08:00,validation,4min,4,SHT_TIME,6,90,6,0.03333333333333333,39961,2026-07-11 00:04:00,39976,2026-07-11 01:04:00,40006,2026-07-11 03:04:00,40066,2026-07-11 07:04:00
39947,39858,2026-07-10 23:08:00,2026-07-10 17:12:00,validation,4min,4,SHT_TIME,6,90,6,0.044444444444444446,39962,2026-07-11 00:08:00,39977,2026-07-11 01:08:00,40007,2026-07-11 03:08:00,40067,2026-07-11 07:08:00
45348,45259,2026-07-25 23:12:00,2026-07-25 17:16:00,validation,4min,4,SHT_TIME,6,90,6,0.044444444444444446,45363,2026-07-26 00:12:00,45378,2026-07-26 01:12:00,45408,2026-07-26 03:12:00,45468,2026-07-26 07:12:00
45352,45263,2026-07-25 23:28:00,2026-07-25 17:32:00,validation,4min,4,SHT_TIME,6,90,6,0.044444444444444446,45367,2026-07-26 00:28:00,45382,2026-07-26 01:28:00,45412,2026-07-26 03:28:00,45472,2026-07-26 07:28:00
45353,45264,2026-07-25 23:32:00,2026-07-25 17:36:00,validation,4min,4,SHT_TIME,6,90,6,0.044444444444444446,45368,2026-07-26 00:32:00,45383,2026-07-26 01:32:00,45413,2026-07-26 03:32:00,45473,2026-07-26 07:32:00
45354,45265,2026-07-25 23:36:00,2026-07-25 17:40:00,validation,4min,4,SHT_TIME,6,90,6,0.03333333333333333,45369,2026-07-26 00:36:00,45384,2026-07-26 01:36:00,45414,2026-07-26 03:36:00,45474,2026-07-26 07:36:00
45356,45267,2026-07-25 23:44:00,2026-07-25 17:48:00,validation,4min,4,SHT_TIME,6,90,6,0.03333333333333333,45371,2026-07-26 00:44:00,45386,2026-07-26 01:44:00,45416,2026-07-26 03:44:00,45476,2026-07-26 07:44:00
45357,45268,2026-07-25 23:48:00,2026-07-25 17:52:00,validation,4min,4,SHT_TIME,6,90,6,0.03333333333333333,45372,2026-07-26 00:48:00,45387,2026-07-26 01:48:00,45417,2026-07-26 03:48:00,45477,2026-07-26 07:48:00
45358,45269,2026-07-25 23:52:00,2026-07-25 17:56:00,validation,4min,4,SHT_TIME,6,90,6,0.03333333333333333,45373,2026-07-26 00:52:00,45388,2026-07-26 01:52:00,45418,2026-07-26 03:52:00,45478,2026-07-26 07:52:00
45361,45272,2026-07-26 00:04:00,2026-07-25 18:08:00,validation,4min,4,SHT_TIME,6,90,6,0.044444444444444446,45376,2026-07-26 01:04:00,45391,2026-07-26 02:04:00,45421,2026-07-26 04:04:00,45481,2026-07-26 08:04:00
46305,46216,2026-07-28 15:00:00,2026-07-28 09:04:00,test,4min,4,SHT_TIME,6,90,6,0.044444444444444446,46320,2026-07-28 16:00:00,46335,2026-07-28 17:00:00,46365,2026-07-28 19:00:00,46425,2026-07-28 23:00:00
46306,46217,2026-07-28 15:04:00,2026-07-28 09:08:00,test,4min,4,SHT_TIME,6,90,6,0.044444444444444446,46321,2026-07-28 16:04:00,46336,2026-07-28 17:04:00,46366,2026-07-28 19:04:00,46426,2026-07-28 23:04:00
46307,46218,2026-07-28 15:08:00,2026-07-28 09:12:00,test,4min,4,SHT_TIME,6,90,6,0.044444444444444446,46322,2026-07-28 16:08:00,46337,2026-07-28 17:08:00,46367,2026-07-28 19:08:00,46427,2026-07-28 23:08:00
46308,46219,2026-07-28 15:12:00,2026-07-28 09:16:00,test,4min,4,SHT_TIME,6,90,6,0.044444444444444446,46323,2026-07-28 16:12:00,46338,2026-07-28 17:12:00,46368,2026-07-28 19:12:00,46428,2026-07-28 23:12:00
46309,46220,2026-07-28 15:16:00,2026-07-28 09:20:00,test,4min,4,SHT_TIME,6,90,6,0.044444444444444446,46324,2026-07-28 16:16:00,46339,2026-07-28 17:16:00,46369,2026-07-28 19:16:00,46429,2026-07-28 23:16:00
46335,46246,2026-07-28 17:00:00,2026-07-28 11:04:00,test,4min,4,SHT_TIME,6,90,6,0.044444444444444446,46350,2026-07-28 18:00:00,46365,2026-07-28 19:00:00,46395,2026-07-28 21:00:00,46455,2026-07-29 01:00:00
46336,46247,2026-07-28 17:04:00,2026-07-28 11:08:00,test,4min,4,SHT_TIME,6,90,6,0.044444444444444446,46351,2026-07-28 18:04:00,46366,2026-07-28 19:04:00,46396,2026-07-28 21:04:00,46456,2026-07-29 01:04:00
46337,46248,2026-07-28 17:08:00,2026-07-28 11:12:00,test,4min,4,SHT_TIME,6,90,6,0.03333333333333333,46352,2026-07-28 18:08:00,46367,2026-07-28 19:08:00,46397,2026-07-28 21:08:00,46457,2026-07-29 01:08:00
46338,46249,2026-07-28 17:12:00,2026-07-28 11:16:00,test,4min,4,SHT_TIME,6,90,6,0.03333333333333333,46353,2026-07-28 18:12:00,46368,2026-07-28 19:12:00,46398,2026-07-28 21:12:00,46458,2026-07-29 01:12:00
46340,46251,2026-07-28 17:20:00,2026-07-28 11:24:00,test,4min,4,SHT_TIME,6,90,6,0.03333333333333333,46355,2026-07-28 18:20:00,46370,2026-07-28 19:20:00,46400,2026-07-28 21:20:00,46460,2026-07-29 01:20:00
46341,46252,2026-07-28 17:24:00,2026-07-28 11:28:00,test,4min,4,SHT_TIME,6,90,6,0.03333333333333333,46356,2026-07-28 18:24:00,46371,2026-07-28 19:24:00,46401,2026-07-28 21:24:00,46461,2026-07-29 01:24:00
46343,46254,2026-07-28 17:32:00,2026-07-28 11:36:00,test,4min,4,SHT_TIME,6,90,6,0.03333333333333333,46358,2026-07-28 18:32:00,46373,2026-07-28 19:32:00,46403,2026-07-28 21:32:00,46463,2026-07-29 01:32:00
46344,46255,2026-07-28 17:36:00,2026-07-28 11:40:00,test,4min,4,SHT_TIME,6,90,6,0.03333333333333333,46359,2026-07-28 18:36:00,46374,2026-07-28 19:36:00,46404,2026-07-28 21:36:00,46464,2026-07-29 01:36:00
46345,46256,2026-07-28 17:40:00,2026-07-28 11:44:00,test,4min,4,SHT_TIME,6,90,6,0.03333333333333333,46360,2026-07-28 18:40:00,46375,2026-07-28 19:40:00,46405,2026-07-28 21:40:00,46465,2026-07-29 01:40:00
46346,46257,2026-07-28 17:44:00,2026-07-28 11:48:00,test,4min,4,SHT_TIME,6,90,6,0.03333333333333333,46361,2026-07-28 18:44:00,46376,2026-07-28 19:44:00,46406,2026-07-28 21:44:00,46466,2026-07-29 01:44:00
46347,46258,2026-07-28 17:48:00,2026-07-28 11:52:00,test,4min,4,SHT_TIME,6,90,6,0.03333333333333333,46362,2026-07-28 18:48:00,46377,2026-07-28 19:48:00,46407,2026-07-28 21:48:00,46467,2026-07-29 01:48:00
46348,46259,2026-07-28 17:52:00,2026-07-28 11:56:00,test,4min,4,SHT_TIME,6,90,6,0.044444444444444446,46363,2026-07-28 18:52:00,46378,2026-07-28 19:52:00,46408,2026-07-28 21:52:00,46468,2026-07-29 01:52:00
46350,46261,2026-07-28 18:00:00,2026-07-28 12:04:00,test,4min,4,SHT_TIME,6,90,6,0.044444444444444446,46365,2026-07-28 19:00:00,46380,2026-07-28 20:00:00,46410,2026-07-28 22:00:00,46470,2026-07-29 02:00:00
46351,46262,2026-07-28 18:04:00,2026-07-28 12:08:00,test,4min,4,SHT_TIME,6,90,6,0.044444444444444446,46366,2026-07-28 19:04:00,46381,2026-07-28 20:04:00,46411,2026-07-28 22:04:00,46471,2026-07-29 02:04:00
46352,46263,2026-07-28 18:08:00,2026-07-28 12:12:00,test,4min,4,SHT_TIME,6,90,6,0.044444444444444446,46367,2026-07-28 19:08:00,46382,2026-07-28 20:08:00,46412,2026-07-28 22:08:00,46472,2026-07-29 02:08:00
46353,46264,2026-07-28 18:12:00,2026-07-28 12:16:00,test,4min,4,SHT_TIME,6,90,6,0.044444444444444446,46368,2026-07-28 19:12:00,46383,2026-07-28 20:12:00,46413,2026-07-28 22:12:00,46473,2026-07-29 02:12:00
46354,46265,2026-07-28 18:16:00,2026-07-28 12:20:00,test,4min,4,SHT_TIME,6,90,6,0.044444444444444446,46369,2026-07-28 19:16:00,46384,2026-07-28 20:16:00,46414,2026-07-28 22:16:00,46474,2026-07-29 02:16:00
46356,46267,2026-07-28 18:24:00,2026-07-28 12:28:00,test,4min,4,SHT_TIME,6,90,6,0.044444444444444446,46371,2026-07-28 19:24:00,46386,2026-07-28 20:24:00,46416,2026-07-28 22:24:00,46476,2026-07-29 02:24:00
46357,46268,2026-07-28 18:28:00,2026-07-28 12:32:00,test,4min,4,SHT_TIME,6,90,6,0.044444444444444446,46372,2026-07-28 19:28:00,46387,2026-07-28 20:28:00,46417,2026-07-28 22:28:00,46477,2026-07-29 02:28:00
46358,46269,2026-07-28 18:32:00,2026-07-28 12:36:00,test,4min,4,SHT_TIME,6,90,6,0.044444444444444446,46373,2026-07-28 19:32:00,46388,2026-07-28 20:32:00,46418,2026-07-28 22:32:00,46478,2026-07-29 02:32:00
46359,46270,2026-07-28 18:36:00,2026-07-28 12:40:00,test,4min,4,SHT_TIME,6,90,6,0.044444444444444446,46374,2026-07-28 19:36:00,46389,2026-07-28 20:36:00,46419,2026-07-28 22:36:00,46479,2026-07-29 02:36:00
46360,46271,2026-07-28 18:40:00,2026-07-28 12:44:00,test,4min,4,SHT_TIME,6,90,6,0.044444444444444446,46375,2026-07-28 19:40:00,46390,2026-07-28 20:40:00,46420,2026-07-28 22:40:00,46480,2026-07-29 02:40:00
46361,46272,2026-07-28 18:44:00,2026-07-28 12:48:00,test,4min,4,SHT_TIME,6,90,6,0.044444444444444446,46376,2026-07-28 19:44:00,46391,2026-07-28 20:44:00,46421,2026-07-28 22:44:00,46481,2026-07-29 02:44:00
46362,46273,2026-07-28 18:48:00,2026-07-28 12:52:00,test,4min,4,SHT_TIME,6,90,6,0.044444444444444446,46377,2026-07-28 19:48:00,46392,2026-07-28 20:48:00,46422,2026-07-28 22:48:00,46482,2026-07-29 02:48:00
46363,46274,2026-07-28 18:52:00,2026-07-28 12:56:00,test,4min,4,SHT_TIME,6,90,6,0.044444444444444446,46378,2026-07-28 19:52:00,46393,2026-07-28 20:52:00,46423,2026-07-28 22:52:00,46483,2026-07-29 02:52:00
46366,46277,2026-07-28 19:04:00,2026-07-28 13:08:00,test,4min,4,SHT_TIME,6,90,6,0.044444444444444446,46381,2026-07-28 20:04:00,46396,2026-07-28 21:04:00,46426,2026-07-28 23:04:00,46486,2026-07-29 03:04:00
46367,46278,2026-07-28 19:08:00,2026-07-28 13:12:00,test,4min,4,SHT_TIME,6,90,6,0.044444444444444446,46382,2026-07-28 20:08:00,46397,2026-07-28 21:08:00,46427,2026-07-28 23:08:00,46487,2026-07-29 03:08:00
46368,46279,2026-07-28 19:12:00,2026-07-28 13:16:00,test,4min,4,SHT_TIME,6,90,6,0.044444444444444446,46383,2026-07-28 20:12:00,46398,2026-07-28 21:12:00,46428,2026-07-28 23:12:00,46488,2026-07-29 03:12:00
46369,46280,2026-07-28 19:16:00,2026-07-28 13:20:00,test,4min,4,SHT_TIME,6,90,6,0.044444444444444446,46384,2026-07-28 20:16:00,46399,2026-07-28 21:16:00,46429,2026-07-28 23:16:00,46489,2026-07-29 03:16:00
46371,46282,2026-07-28 19:24:00,2026-07-28 13:28:00,test,4min,4,SHT_TIME,6,90,6,0.044444444444444446,46386,2026-07-28 20:24:00,46401,2026-07-28 21:24:00,46431,2026-07-28 23:24:00,46491,2026-07-29 03:24:00
46372,46283,2026-07-28 19:28:00,2026-07-28 13:32:00,test,4min,4,SHT_TIME,6,90,6,0.044444444444444446,46387,2026-07-28 20:28:00,46402,2026-07-28 21:28:00,46432,2026-07-28 23:28:00,46492,2026-07-29 03:28:00
46373,46284,2026-07-28 19:32:00,2026-07-28 13:36:00,test,4min,4,SHT_TIME,6,90,6,0.044444444444444446,46388,2026-07-28 20:32:00,46403,2026-07-28 21:32:00,46433,2026-07-28 23:32:00,46493,2026-07-29 03:32:00
46374,46285,2026-07-28 19:36:00,2026-07-28 13:40:00,test,4min,4,SHT_TIME,6,90,6,0.044444444444444446,46389,2026-07-28 20:36:00,46404,2026-07-28 21:36:00,46434,2026-07-28 23:36:00,46494,2026-07-29 03:36:00
46377,46288,2026-07-28 19:48:00,2026-07-28 13:52:00,test,4min,4,SHT_TIME,6,90,6,0.044444444444444446,46392,2026-07-28 20:48:00,46407,2026-07-28 21:48:00,46437,2026-07-28 23:48:00,46497,2026-07-29 03:48:00
46378,46289,2026-07-28 19:52:00,2026-07-28 13:56:00,test,4min,4,SHT_TIME,6,90,6,0.044444444444444446,46393,2026-07-28 20:52:00,46408,2026-07-28 21:52:00,46438,2026-07-28 23:52:00,46498,2026-07-29 03:52:00
46379,46290,2026-07-28 19:56:00,2026-07-28 14:00:00,test,4min,4,SHT_TIME,6,90,6,0.044444444444444446,46394,2026-07-28 20:56:00,46409,2026-07-28 21:56:00,46439,2026-07-28 23:56:00,46499,2026-07-29 03:56:00
46380,46291,2026-07-28 20:00:00,2026-07-28 14:04:00,test,4min,4,SHT_TIME,6,90,6,0.044444444444444446,46395,2026-07-28 21:00:00,46410,2026-07-28 22:00:00,46440,2026-07-29 00:00:00,46500,2026-07-29 04:00:00
46381,46292,2026-07-28 20:04:00,2026-07-28 14:08:00,test,4min,4,SHT_TIME,6,90,6,0.044444444444444446,46396,2026-07-28 21:04:00,46411,2026-07-28 22:04:00,46441,2026-07-29 00:04:00,46501,2026-07-29 04:04:00
46382,46293,2026-07-28 20:08:00,2026-07-28 14:12:00,test,4min,4,SHT_TIME,6,90,6,0.044444444444444446,46397,2026-07-28 21:08:00,46412,2026-07-28 22:08:00,46442,2026-07-29 00:08:00,46502,2026-07-29 04:08:00
46383,46294,2026-07-28 20:12:00,2026-07-28 14:16:00,test,4min,4,SHT_TIME,6,90,6,0.044444444444444446,46398,2026-07-28 21:12:00,46413,2026-07-28 22:12:00,46443,2026-07-29 00:12:00,46503,2026-07-29 04:12:00
46384,46295,2026-07-28 20:16:00,2026-07-28 14:20:00,test,4min,4,SHT_TIME,6,90,6,0.044444444444444446,46399,2026-07-28 21:16:00,46414,2026-07-28 22:16:00,46444,2026-07-29 00:16:00,46504,2026-07-29 04:16:00
46391,46302,2026-07-28 20:44:00,2026-07-28 14:48:00,test,4min,4,SHT_TIME,6,90,6,0.044444444444444446,46406,2026-07-28 21:44:00,46421,2026-07-28 22:44:00,46451,2026-07-29 00:44:00,46511,2026-07-29 04:44:00
46392,46303,2026-07-28 20:48:00,2026-07-28 14:52:00,test,4min,4,SHT_TIME,6,90,6,0.044444444444444446,46407,2026-07-28 21:48:00,46422,2026-07-28 22:48:00,46452,2026-07-29 00:48:00,46512,2026-07-29 04:48:00
46393,46304,2026-07-28 20:52:00,2026-07-28 14:56:00,test,4min,4,SHT_TIME,6,90,6,0.044444444444444446,46408,2026-07-28 21:52:00,46423,2026-07-28 22:52:00,46453,2026-07-29 00:52:00,46513,2026-07-29 04:52:00
46395,46306,2026-07-28 21:00:00,2026-07-28 15:04:00,test,4min,4,SHT_TIME,6,90,6,0.044444444444444446,46410,2026-07-28 22:00:00,46425,2026-07-28 23:00:00,46455,2026-07-29 01:00:00,46515,2026-07-29 05:00:00
46396,46307,2026-07-28 21:04:00,2026-07-28 15:08:00,test,4min,4,SHT_TIME,6,90,6,0.044444444444444446,46411,2026-07-28 22:04:00,46426,2026-07-28 23:04:00,46456,2026-07-29 01:04:00,46516,2026-07-29 05:04:00
46397,46308,2026-07-28 21:08:00,2026-07-28 15:12:00,test,4min,4,SHT_TIME,6,90,6,0.044444444444444446,46412,2026-07-28 22:08:00,46427,2026-07-28 23:08:00,46457,2026-07-29 01:08:00,46517,2026-07-29 05:08:00
46398,46309,2026-07-28 21:12:00,2026-07-28 15:16:00,test,4min,4,SHT_TIME,6,90,6,0.044444444444444446,46413,2026-07-28 22:12:00,46428,2026-07-28 23:12:00,46458,2026-07-29 01:12:00,46518,2026-07-29 05:12:00
46400,46311,2026-07-28 21:20:00,2026-07-28 15:24:00,test,4min,4,SHT_TIME,6,90,6,0.03333333333333333,46415,2026-07-28 22:20:00,46430,2026-07-28 23:20:00,46460,2026-07-29 01:20:00,46520,2026-07-29 05:20:00
46401,46312,2026-07-28 21:24:00,2026-07-28 15:28:00,test,4min,4,SHT_TIME,6,90,6,0.03333333333333333,46416,2026-07-28 22:24:00,46431,2026-07-28 23:24:00,46461,2026-07-29 01:24:00,46521,2026-07-29 05:24:00
46403,46314,2026-07-28 21:32:00,2026-07-28 15:36:00,test,4min,4,SHT_TIME,6,90,6,0.03333333333333333,46418,2026-07-28 22:32:00,46433,2026-07-28 23:32:00,46463,2026-07-29 01:32:00,46523,2026-07-29 05:32:00
46404,46315,2026-07-28 21:36:00,2026-07-28 15:40:00,test,4min,4,SHT_TIME,6,90,6,0.03333333333333333,46419,2026-07-28 22:36:00,46434,2026-07-28 23:36:00,46464,2026-07-29 01:36:00,46524,2026-07-29 05:36:00
46405,46316,2026-07-28 21:40:00,2026-07-28 15:44:00,test,4min,4,SHT_TIME,6,90,6,0.03333333333333333,46420,2026-07-28 22:40:00,46435,2026-07-28 23:40:00,46465,2026-07-29 01:40:00,46525,2026-07-29 05:40:00
46407,46318,2026-07-28 21:48:00,2026-07-28 15:52:00,test,4min,4,SHT_TIME,6,90,6,0.03333333333333333,46422,2026-07-28 22:48:00,46437,2026-07-28 23:48:00,46467,2026-07-29 01:48:00,46527,2026-07-29 05:48:00
46408,46319,2026-07-28 21:52:00,2026-07-28 15:56:00,test,4min,4,SHT_TIME,6,90,6,0.03333333333333333,46423,2026-07-28 22:52:00,46438,2026-07-28 23:52:00,46468,2026-07-29 01:52:00,46528,2026-07-29 05:52:00
46410,46321,2026-07-28 22:00:00,2026-07-28 16:04:00,test,4min,4,SHT_TIME,6,90,6,0.03333333333333333,46425,2026-07-28 23:00:00,46440,2026-07-29 00:00:00,46470,2026-07-29 02:00:00,46530,2026-07-29 06:00:00
46411,46322,2026-07-28 22:04:00,2026-07-28 16:08:00,test,4min,4,SHT_TIME,6,90,6,0.03333333333333333,46426,2026-07-28 23:04:00,46441,2026-07-29 00:04:00,46471,2026-07-29 02:04:00,46531,2026-07-29 06:04:00
46414,46325,2026-07-28 22:16:00,2026-07-28 16:20:00,test,4min,4,SHT_TIME,6,90,6,0.03333333333333333,46429,2026-07-28 23:16:00,46444,2026-07-29 00:16:00,46474,2026-07-29 02:16:00,46534,2026-07-29 06:16:00
46415,46326,2026-07-28 22:20:00,2026-07-28 16:24:00,test,4min,4,SHT_TIME,6,90,6,0.03333333333333333,46430,2026-07-28 23:20:00,46445,2026-07-29 00:20:00,46475,2026-07-29 02:20:00,46535,2026-07-29 06:20:00
46416,46327,2026-07-28 22:24:00,2026-07-28 16:28:00,test,4min,4,SHT_TIME,6,90,6,0.03333333333333333,46431,2026-07-28 23:24:00,46446,2026-07-29 00:24:00,46476,2026-07-29 02:24:00,46536,2026-07-29 06:24:00
46417,46328,2026-07-28 22:28:00,2026-07-28 16:32:00,test,4min,4,SHT_TIME,6,90,6,0.03333333333333333,46432,2026-07-28 23:28:00,46447,2026-07-29 00:28:00,46477,2026-07-29 02:28:00,46537,2026-07-29 06:28:00
46418,46329,2026-07-28 22:32:00,2026-07-28 16:36:00,test,4min,4,SHT_TIME,6,90,6,0.03333333333333333,46433,2026-07-28 23:32:00,46448,2026-07-29 00:32:00,46478,2026-07-29 02:32:00,46538,2026-07-29 06:32:00
46419,46330,2026-07-28 22:36:00,2026-07-28 16:40:00,test,4min,4,SHT_TIME,6,90,6,0.03333333333333333,46434,2026-07-28 23:36:00,46449,2026-07-29 00:36:00,46479,2026-07-29 02:36:00,46539,2026-07-29 06:36:00
46420,46331,2026-07-28 22:40:00,2026-07-28 16:44:00,test,4min,4,SHT_TIME,6,90,6,0.03333333333333333,46435,2026-07-28 23:40:00,46450,2026-07-29 00:40:00,46480,2026-07-29 02:40:00,46540,2026-07-29 06:40:00
46422,46333,2026-07-28 22:48:00,2026-07-28 16:52:00,test,4min,4,SHT_TIME,6,90,6,0.03333333333333333,46437,2026-07-28 23:48:00,46452,2026-07-29 00:48:00,46482,2026-07-29 02:48:00,46542,2026-07-29 06:48:00
46423,46334,2026-07-28 22:52:00,2026-07-28 16:56:00,test,4min,4,SHT_TIME,6,90,6,0.03333333333333333,46438,2026-07-28 23:52:00,46453,2026-07-29 00:52:00,46483,2026-07-29 02:52:00,46543,2026-07-29 06:52:00
46424,46335,2026-07-28 22:56:00,2026-07-28 17:00:00,test,4min,4,SHT_TIME,6,90,6,0.044444444444444446,46439,2026-07-28 23:56:00,46454,2026-07-29 00:56:00,46484,2026-07-29 02:56:00,46544,2026-07-29 06:56:00
46425,46336,2026-07-28 23:00:00,2026-07-28 17:04:00,test,4min,4,SHT_TIME,6,90,6,0.044444444444444446,46440,2026-07-29 00:00:00,46455,2026-07-29 01:00:00,46485,2026-07-29 03:00:00,46545,2026-07-29 07:00:00
46426,46337,2026-07-28 23:04:00,2026-07-28 17:08:00,test,4min,4,SHT_TIME,6,90,6,0.044444444444444446,46441,2026-07-29 00:04:00,46456,2026-07-29 01:04:00,46486,2026-07-29 03:04:00,46546,2026-07-29 07:04:00
46427,46338,2026-07-28 23:08:00,2026-07-28 17:12:00,test,4min,4,SHT_TIME,6,90,6,0.044444444444444446,46442,2026-07-29 00:08:00,46457,2026-07-29 01:08:00,46487,2026-07-29 03:08:00,46547,2026-07-29 07:08:00
46428,46339,2026-07-28 23:12:00,2026-07-28 17:16:00,test,4min,4,SHT_TIME,6,90,6,0.044444444444444446,46443,2026-07-29 00:12:00,46458,2026-07-29 01:12:00,46488,2026-07-29 03:12:00,46548,2026-07-29 07:12:00
46430,46341,2026-07-28 23:20:00,2026-07-28 17:24:00,test,4min,4,SHT_TIME,6,90,6,0.044444444444444446,46445,2026-07-29 00:20:00,46460,2026-07-29 01:20:00,46490,2026-07-29 03:20:00,46550,2026-07-29 07:20:00
46431,46342,2026-07-28 23:24:00,2026-07-28 17:28:00,test,4min,4,SHT_TIME,6,90,6,0.044444444444444446,46446,2026-07-29 00:24:00,46461,2026-07-29 01:24:00,46491,2026-07-29 03:24:00,46551,2026-07-29 07:24:00
46433,46344,2026-07-28 23:32:00,2026-07-28 17:36:00,test,4min,4,SHT_TIME,6,90,6,0.044444444444444446,46448,2026-07-29 00:32:00,46463,2026-07-29 01:32:00,46493,2026-07-29 03:32:00,46553,2026-07-29 07:32:00
46434,46345,2026-07-28 23:36:00,2026-07-28 17:40:00,test,4min,4,SHT_TIME,6,90,6,0.044444444444444446,46449,2026-07-29 00:36:00,46464,2026-07-29 01:36:00,46494,2026-07-29 03:36:00,46554,2026-07-29 07:36:00
46438,46349,2026-07-28 23:52:00,2026-07-28 17:56:00,test,4min,4,SHT_TIME,6,90,6,0.044444444444444446,46453,2026-07-29 00:52:00,46468,2026-07-29 01:52:00,46498,2026-07-29 03:52:00,46558,2026-07-29 07:52:00
46441,46352,2026-07-29 00:04:00,2026-07-28 18:08:00,test,4min,4,SHT_TIME,6,90,6,0.044444444444444446,46456,2026-07-29 01:04:00,46471,2026-07-29 02:04:00,46501,2026-07-29 04:04:00,46561,2026-07-29 08:04:00
46442,46353,2026-07-29 00:08:00,2026-07-28 18:12:00,test,4min,4,SHT_TIME,6,90,6,0.044444444444444446,46457,2026-07-29 01:08:00,46472,2026-07-29 02:08:00,46502,2026-07-29 04:08:00,46562,2026-07-29 08:08:00
46443,46354,2026-07-29 00:12:00,2026-07-28 18:16:00,test,4min,4,SHT_TIME,6,90,6,0.044444444444444446,46458,2026-07-29 01:12:00,46473,2026-07-29 02:12:00,46503,2026-07-29 04:12:00,46563,2026-07-29 08:12:00
46445,46356,2026-07-29 00:20:00,2026-07-28 18:24:00,test,4min,4,SHT_TIME,6,90,6,0.044444444444444446,46460,2026-07-29 01:20:00,46475,2026-07-29 02:20:00,46505,2026-07-29 04:20:00,46565,2026-07-29 08:20:00
46446,46357,2026-07-29 00:24:00,2026-07-28 18:28:00,test,4min,4,SHT_TIME,6,90,6,0.044444444444444446,46461,2026-07-29 01:24:00,46476,2026-07-29 02:24:00,46506,2026-07-29 04:24:00,46566,2026-07-29 08:24:00
46448,46359,2026-07-29 00:32:00,2026-07-28 18:36:00,test,4min,4,SHT_TIME,6,90,6,0.044444444444444446,46463,2026-07-29 01:32:00,46478,2026-07-29 02:32:00,46508,2026-07-29 04:32:00,46568,2026-07-29 08:32:00
46449,46360,2026-07-29 00:36:00,2026-07-28 18:40:00,test,4min,4,SHT_TIME,6,90,6,0.044444444444444446,46464,2026-07-29 01:36:00,46479,2026-07-29 02:36:00,46509,2026-07-29 04:36:00,46569,2026-07-29 08:36:00
46450,46361,2026-07-29 00:40:00,2026-07-28 18:44:00,test,4min,4,SHT_TIME,6,90,6,0.044444444444444446,46465,2026-07-29 01:40:00,46480,2026-07-29 02:40:00,46510,2026-07-29 04:40:00,46570,2026-07-29 08:40:00
46451,46362,2026-07-29 00:44:00,2026-07-28 18:48:00,test,4min,4,SHT_TIME,6,90,6,0.044444444444444446,46466,2026-07-29 01:44:00,46481,2026-07-29 02:44:00,46511,2026-07-29 04:44:00,46571,2026-07-29 08:44:00
46452,46363,2026-07-29 00:48:00,2026-07-28 18:52:00,test,4min,4,SHT_TIME,6,90,6,0.044444444444444446,46467,2026-07-29 01:48:00,46482,2026-07-29 02:48:00,46512,2026-07-29 04:48:00,46572,2026-07-29 08:48:00
46453,46364,2026-07-29 00:52:00,2026-07-28 18:56:00,test,4min,4,SHT_TIME,6,90,6,0.044444444444444446,46468,2026-07-29 01:52:00,46483,2026-07-29 02:52:00,46513,2026-07-29 04:52:00,46573,2026-07-29 08:52:00
46455,46366,2026-07-29 01:00:00,2026-07-28 19:04:00,test,4min,4,SHT_TIME,6,90,6,0.03333333333333333,46470,2026-07-29 02:00:00,46485,2026-07-29 03:00:00,46515,2026-07-29 05:00:00,46575,2026-07-29 09:00:00
46456,46367,2026-07-29 01:04:00,2026-07-28 19:08:00,test,4min,4,SHT_TIME,6,90,6,0.03333333333333333,46471,2026-07-29 02:04:00,46486,2026-07-29 03:04:00,46516,2026-07-29 05:04:00,46576,2026-07-29 09:04:00
46457,46368,2026-07-29 01:08:00,2026-07-28 19:12:00,test,4min,4,SHT_TIME,6,90,6,0.03333333333333333,46472,2026-07-29 02:08:00,46487,2026-07-29 03:08:00,46517,2026-07-29 05:08:00,46577,2026-07-29 09:08:00
46458,46369,2026-07-29 01:12:00,2026-07-28 19:16:00,test,4min,4,SHT_TIME,6,90,6,0.03333333333333333,46473,2026-07-29 02:12:00,46488,2026-07-29 03:12:00,46518,2026-07-29 05:12:00,46578,2026-07-29 09:12:00
46459,46370,2026-07-29 01:16:00,2026-07-28 19:20:00,test,4min,4,SHT_TIME,6,90,6,0.044444444444444446,46474,2026-07-29 02:16:00,46489,2026-07-29 03:16:00,46519,2026-07-29 05:16:00,46579,2026-07-29 09:16:00
46460,46371,2026-07-29 01:20:00,2026-07-28 19:24:00,test,4min,4,SHT_TIME,6,90,6,0.044444444444444446,46475,2026-07-29 02:20:00,46490,2026-07-29 03:20:00,46520,2026-07-29 05:20:00,46580,2026-07-29 09:20:00
46461,46372,2026-07-29 01:24:00,2026-07-28 19:28:00,test,4min,4,SHT_TIME,6,90,6,0.044444444444444446,46476,2026-07-29 02:24:00,46491,2026-07-29 03:24:00,46521,2026-07-29 05:24:00,46581,2026-07-29 09:24:00
46475,46386,2026-07-29 02:20:00,2026-07-28 20:24:00,test,4min,4,SHT_TIME,6,90,6,0.044444444444444446,46490,2026-07-29 03:20:00,46505,2026-07-29 04:20:00,46535,2026-07-29 06:20:00,46595,2026-07-29 10:20:00
46476,46387,2026-07-29 02:24:00,2026-07-28 20:28:00,test,4min,4,SHT_TIME,6,90,6,0.044444444444444446,46491,2026-07-29 03:24:00,46506,2026-07-29 04:24:00,46536,2026-07-29 06:24:00,46596,2026-07-29 10:24:00
46477,46388,2026-07-29 02:28:00,2026-07-28 20:32:00,test,4min,4,SHT_TIME,6,90,6,0.044444444444444446,46492,2026-07-29 03:28:00,46507,2026-07-29 04:28:00,46537,2026-07-29 06:28:00,46597,2026-07-29 10:28:00
46479,46390,2026-07-29 02:36:00,2026-07-28 20:40:00,test,4min,4,SHT_TIME,6,90,6,0.044444444444444446,46494,2026-07-29 03:36:00,46509,2026-07-29 04:36:00,46539,2026-07-29 06:36:00,46599,2026-07-29 10:36:00
46482,46393,2026-07-29 02:48:00,2026-07-28 20:52:00,test,4min,4,SHT_TIME,6,90,6,0.044444444444444446,46497,2026-07-29 03:48:00,46512,2026-07-29 04:48:00,46542,2026-07-29 06:48:00,46602,2026-07-29 10:48:00
46483,46394,2026-07-29 02:52:00,2026-07-28 20:56:00,test,4min,4,SHT_TIME,6,90,6,0.044444444444444446,46498,2026-07-29 03:52:00,46513,2026-07-29 04:52:00,46543,2026-07-29 06:52:00,46603,2026-07-29 10:52:00
46484,46395,2026-07-29 02:56:00,2026-07-28 21:00:00,test,4min,4,SHT_TIME,6,90,6,0.044444444444444446,46499,2026-07-29 03:56:00,46514,2026-07-29 04:56:00,46544,2026-07-29 06:56:00,46604,2026-07-29 10:56:00
46485,46396,2026-07-29 03:00:00,2026-07-28 21:04:00,test,4min,4,SHT_TIME,6,90,6,0.044444444444444446,46500,2026-07-29 04:00:00,46515,2026-07-29 05:00:00,46545,2026-07-29 07:00:00,46605,2026-07-29 11:00:00
46486,46397,2026-07-29 03:04:00,2026-07-28 21:08:00,test,4min,4,SHT_TIME,6,90,6,0.044444444444444446,46501,2026-07-29 04:04:00,46516,2026-07-29 05:04:00,46546,2026-07-29 07:04:00,46606,2026-07-29 11:04:00
46487,46398,2026-07-29 03:08:00,2026-07-28 21:12:00,test,4min,4,SHT_TIME,6,90,6,0.044444444444444446,46502,2026-07-29 04:08:00,46517,2026-07-29 05:08:00,46547,2026-07-29 07:08:00,46607,2026-07-29 11:08:00
46488,46399,2026-07-29 03:12:00,2026-07-28 21:16:00,test,4min,4,SHT_TIME,6,90,6,0.044444444444444446,46503,2026-07-29 04:12:00,46518,2026-07-29 05:12:00,46548,2026-07-29 07:12:00,46608,2026-07-29 11:12:00
46489,46400,2026-07-29 03:16:00,2026-07-28 21:20:00,test,4min,4,SHT_TIME,6,90,6,0.044444444444444446,46504,2026-07-29 04:16:00,46519,2026-07-29 05:16:00,46549,2026-07-29 07:16:00,46609,2026-07-29 11:16:00
46490,46401,2026-07-29 03:20:00,2026-07-28 21:24:00,test,4min,4,SHT_TIME,6,90,6,0.044444444444444446,46505,2026-07-29 04:20:00,46520,2026-07-29 05:20:00,46550,2026-07-29 07:20:00,46610,2026-07-29 11:20:00
46491,46402,2026-07-29 03:24:00,2026-07-28 21:28:00,test,4min,4,SHT_TIME,6,90,6,0.044444444444444446,46506,2026-07-29 04:24:00,46521,2026-07-29 05:24:00,46551,2026-07-29 07:24:00,46611,2026-07-29 11:24:00
46492,46403,2026-07-29 03:28:00,2026-07-28 21:32:00,test,4min,4,SHT_TIME,6,90,6,0.044444444444444446,46507,2026-07-29 04:28:00,46522,2026-07-29 05:28:00,46552,2026-07-29 07:28:00,46612,2026-07-29 11:28:00
46494,46405,2026-07-29 03:36:00,2026-07-28 21:40:00,test,4min,4,SHT_TIME,6,90,6,0.044444444444444446,46509,2026-07-29 04:36:00,46524,2026-07-29 05:36:00,46554,2026-07-29 07:36:00,46614,2026-07-29 11:36:00
46515,46426,2026-07-29 05:00:00,2026-07-28 23:04:00,test,4min,4,SHT_TIME,6,90,6,0.044444444444444446,46530,2026-07-29 06:00:00,46545,2026-07-29 07:00:00,46575,2026-07-29 09:00:00,46635,2026-07-29 13:00:00
46516,46427,2026-07-29 05:04:00,2026-07-28 23:08:00,test,4min,4,SHT_TIME,6,90,6,0.044444444444444446,46531,2026-07-29 06:04:00,46546,2026-07-29 07:04:00,46576,2026-07-29 09:04:00,46636,2026-07-29 13:04:00
46519,46430,2026-07-29 05:16:00,2026-07-28 23:20:00,test,4min,4,SHT_TIME,6,90,6,0.044444444444444446,46534,2026-07-29 06:16:00,46549,2026-07-29 07:16:00,46579,2026-07-29 09:16:00,46639,2026-07-29 13:16:00
46520,46431,2026-07-29 05:20:00,2026-07-28 23:24:00,test,4min,4,SHT_TIME,6,90,6,0.044444444444444446,46535,2026-07-29 06:20:00,46550,2026-07-29 07:20:00,46580,2026-07-29 09:20:00,46640,2026-07-29 13:20:00
46521,46432,2026-07-29 05:24:00,2026-07-28 23:28:00,test,4min,4,SHT_TIME,6,90,6,0.044444444444444446,46536,2026-07-29 06:24:00,46551,2026-07-29 07:24:00,46581,2026-07-29 09:24:00,46641,2026-07-29 13:24:00
46523,46434,2026-07-29 05:32:00,2026-07-28 23:36:00,test,4min,4,SHT_TIME,6,90,6,0.044444444444444446,46538,2026-07-29 06:32:00,46553,2026-07-29 07:32:00,46583,2026-07-29 09:32:00,46643,2026-07-29 13:32:00
46527,46438,2026-07-29 05:48:00,2026-07-28 23:52:00,test,4min,4,SHT_TIME,6,90,6,0.03333333333333333,46542,2026-07-29 06:48:00,46557,2026-07-29 07:48:00,46587,2026-07-29 09:48:00,46647,2026-07-29 13:48:00
46528,46439,2026-07-29 05:52:00,2026-07-28 23:56:00,test,4min,4,SHT_TIME,6,90,6,0.03333333333333333,46543,2026-07-29 06:52:00,46558,2026-07-29 07:52:00,46588,2026-07-29 09:52:00,46648,2026-07-29 13:52:00
46531,46442,2026-07-29 06:04:00,2026-07-29 00:08:00,test,4min,4,SHT_TIME,6,90,6,0.03333333333333333,46546,2026-07-29 07:04:00,46561,2026-07-29 08:04:00,46591,2026-07-29 10:04:00,46651,2026-07-29 14:04:00
46532,46443,2026-07-29 06:08:00,2026-07-29 00:12:00,test,4min,4,SHT_TIME,6,90,6,0.044444444444444446,46547,2026-07-29 07:08:00,46562,2026-07-29 08:08:00,46592,2026-07-29 10:08:00,46652,2026-07-29 14:08:00
46552,46463,2026-07-29 07:28:00,2026-07-29 01:32:00,test,4min,4,SHT_TIME,6,90,6,0.044444444444444446,46567,2026-07-29 08:28:00,46582,2026-07-29 09:28:00,46612,2026-07-29 11:28:00,46672,2026-07-29 15:28:00
46557,46468,2026-07-29 07:48:00,2026-07-29 01:52:00,test,4min,4,SHT_TIME,6,90,6,0.044444444444444446,46572,2026-07-29 08:48:00,46587,2026-07-29 09:48:00,46617,2026-07-29 11:48:00,46677,2026-07-29 15:48:00
46771,46682,2026-07-29 22:04:00,2026-07-29 16:08:00,test,4min,4,SHT_TIME,6,90,6,0.044444444444444446,46786,2026-07-29 23:04:00,46801,2026-07-30 00:04:00,46831,2026-07-30 02:04:00,46891,2026-07-30 06:04:00
46772,46683,2026-07-29 22:08:00,2026-07-29 16:12:00,test,4min,4,SHT_TIME,6,90,6,0.044444444444444446,46787,2026-07-29 23:08:00,46802,2026-07-30 00:08:00,46832,2026-07-30 02:08:00,46892,2026-07-30 06:08:00
46773,46684,2026-07-29 22:12:00,2026-07-29 16:16:00,test,4min,4,SHT_TIME,6,90,6,0.044444444444444446,46788,2026-07-29 23:12:00,46803,2026-07-30 00:12:00,46833,2026-07-30 02:12:00,46893,2026-07-30 06:12:00
46775,46686,2026-07-29 22:20:00,2026-07-29 16:24:00,test,4min,4,SHT_TIME,6,90,6,0.044444444444444446,46790,2026-07-29 23:20:00,46805,2026-07-30 00:20:00,46835,2026-07-30 02:20:00,46895,2026-07-30 06:20:00
46777,46688,2026-07-29 22:28:00,2026-07-29 16:32:00,test,4min,4,SHT_TIME,6,90,6,0.044444444444444446,46792,2026-07-29 23:28:00,46807,2026-07-30 00:28:00,46837,2026-07-30 02:28:00,46897,2026-07-30 06:28:00
46778,46689,2026-07-29 22:32:00,2026-07-29 16:36:00,test,4min,4,SHT_TIME,6,90,6,0.044444444444444446,46793,2026-07-29 23:32:00,46808,2026-07-30 00:32:00,46838,2026-07-30 02:32:00,46898,2026-07-30 06:32:00
46779,46690,2026-07-29 22:36:00,2026-07-29 16:40:00,test,4min,4,SHT_TIME,6,90,6,0.044444444444444446,46794,2026-07-29 23:36:00,46809,2026-07-30 00:36:00,46839,2026-07-30 02:36:00,46899,2026-07-30 06:36:00
46780,46691,2026-07-29 22:40:00,2026-07-29 16:44:00,test,4min,4,SHT_TIME,6,90,6,0.044444444444444446,46795,2026-07-29 23:40:00,46810,2026-07-30 00:40:00,46840,2026-07-30 02:40:00,46900,2026-07-30 06:40:00
46781,46692,2026-07-29 22:44:00,2026-07-29 16:48:00,test,4min,4,SHT_TIME,6,90,6,0.044444444444444446,46796,2026-07-29 23:44:00,46811,2026-07-30 00:44:00,46841,2026-07-30 02:44:00,46901,2026-07-30 06:44:00
46782,46693,2026-07-29 22:48:00,2026-07-29 16:52:00,test,4min,4,SHT_TIME,6,90,6,0.044444444444444446,46797,2026-07-29 23:48:00,46812,2026-07-30 00:48:00,46842,2026-07-30 02:48:00,46902,2026-07-30 06:48:00
46784,46695,2026-07-29 22:56:00,2026-07-29 17:00:00,test,4min,4,SHT_TIME,6,90,6,0.044444444444444446,46799,2026-07-29 23:56:00,46814,2026-07-30 00:56:00,46844,2026-07-30 02:56:00,46904,2026-07-30 06:56:00
46785,46696,2026-07-29 23:00:00,2026-07-29 17:04:00,test,4min,4,SHT_TIME,6,90,6,0.044444444444444446,46800,2026-07-30 00:00:00,46815,2026-07-30 01:00:00,46845,2026-07-30 03:00:00,46905,2026-07-30 07:00:00
46786,46697,2026-07-29 23:04:00,2026-07-29 17:08:00,test,4min,4,SHT_TIME,6,90,6,0.044444444444444446,46801,2026-07-30 00:04:00,46816,2026-07-30 01:04:00,46846,2026-07-30 03:04:00,46906,2026-07-30 07:04:00
46787,46698,2026-07-29 23:08:00,2026-07-29 17:12:00,test,4min,4,SHT_TIME,6,90,6,0.044444444444444446,46802,2026-07-30 00:08:00,46817,2026-07-30 01:08:00,46847,2026-07-30 03:08:00,46907,2026-07-30 07:08:00
46788,46699,2026-07-29 23:12:00,2026-07-29 17:16:00,test,4min,4,SHT_TIME,6,90,6,0.044444444444444446,46803,2026-07-30 00:12:00,46818,2026-07-30 01:12:00,46848,2026-07-30 03:12:00,46908,2026-07-30 07:12:00
46789,46700,2026-07-29 23:16:00,2026-07-29 17:20:00,test,4min,4,SHT_TIME,6,90,6,0.044444444444444446,46804,2026-07-30 00:16:00,46819,2026-07-30 01:16:00,46849,2026-07-30 03:16:00,46909,2026-07-30 07:16:00
46790,46701,2026-07-29 23:20:00,2026-07-29 17:24:00,test,4min,4,SHT_TIME,6,90,6,0.044444444444444446,46805,2026-07-30 00:20:00,46820,2026-07-30 01:20:00,46850,2026-07-30 03:20:00,46910,2026-07-30 07:20:00
46806,46717,2026-07-30 00:24:00,2026-07-29 18:28:00,test,4min,4,SHT_TIME,6,90,6,0.044444444444444446,46821,2026-07-30 01:24:00,46836,2026-07-30 02:24:00,46866,2026-07-30 04:24:00,46926,2026-07-30 08:24:00
46808,46719,2026-07-30 00:32:00,2026-07-29 18:36:00,test,4min,4,SHT_TIME,6,90,6,0.044444444444444446,46823,2026-07-30 01:32:00,46838,2026-07-30 02:32:00,46868,2026-07-30 04:32:00,46928,2026-07-30 08:32:00
46809,46720,2026-07-30 00:36:00,2026-07-29 18:40:00,test,4min,4,SHT_TIME,6,90,6,0.044444444444444446,46824,2026-07-30 01:36:00,46839,2026-07-30 02:36:00,46869,2026-07-30 04:36:00,46929,2026-07-30 08:36:00
46810,46721,2026-07-30 00:40:00,2026-07-29 18:44:00,test,4min,4,SHT_TIME,6,90,6,0.03333333333333333,46825,2026-07-30 01:40:00,46840,2026-07-30 02:40:00,46870,2026-07-30 04:40:00,46930,2026-07-30 08:40:00
46811,46722,2026-07-30 00:44:00,2026-07-29 18:48:00,test,4min,4,SHT_TIME,6,90,6,0.03333333333333333,46826,2026-07-30 01:44:00,46841,2026-07-30 02:44:00,46871,2026-07-30 04:44:00,46931,2026-07-30 08:44:00
46812,46723,2026-07-30 00:48:00,2026-07-29 18:52:00,test,4min,4,SHT_TIME,6,90,6,0.03333333333333333,46827,2026-07-30 01:48:00,46842,2026-07-30 02:48:00,46872,2026-07-30 04:48:00,46932,2026-07-30 08:48:00
46813,46724,2026-07-30 00:52:00,2026-07-29 18:56:00,test,4min,4,SHT_TIME,6,90,6,0.03333333333333333,46828,2026-07-30 01:52:00,46843,2026-07-30 02:52:00,46873,2026-07-30 04:52:00,46933,2026-07-30 08:52:00
46814,46725,2026-07-30 00:56:00,2026-07-29 19:00:00,test,4min,4,SHT_TIME,6,90,6,0.03333333333333333,46829,2026-07-30 01:56:00,46844,2026-07-30 02:56:00,46874,2026-07-30 04:56:00,46934,2026-07-30 08:56:00
46816,46727,2026-07-30 01:04:00,2026-07-29 19:08:00,test,4min,4,SHT_TIME,6,90,6,0.03333333333333333,46831,2026-07-30 02:04:00,46846,2026-07-30 03:04:00,46876,2026-07-30 05:04:00,46936,2026-07-30 09:04:00
46817,46728,2026-07-30 01:08:00,2026-07-29 19:12:00,test,4min,4,SHT_TIME,6,90,6,0.03333333333333333,46832,2026-07-30 02:08:00,46847,2026-07-30 03:08:00,46877,2026-07-30 05:08:00,46937,2026-07-30 09:08:00
46818,46729,2026-07-30 01:12:00,2026-07-29 19:16:00,test,4min,4,SHT_TIME,6,90,6,0.03333333333333333,46833,2026-07-30 02:12:00,46848,2026-07-30 03:12:00,46878,2026-07-30 05:12:00,46938,2026-07-30 09:12:00
46819,46730,2026-07-30 01:16:00,2026-07-29 19:20:00,test,4min,4,SHT_TIME,6,90,6,0.022222222222222223,46834,2026-07-30 02:16:00,46849,2026-07-30 03:16:00,46879,2026-07-30 05:16:00,46939,2026-07-30 09:16:00
46820,46731,2026-07-30 01:20:00,2026-07-29 19:24:00,test,4min,4,SHT_TIME,6,90,6,0.022222222222222223,46835,2026-07-30 02:20:00,46850,2026-07-30 03:20:00,46880,2026-07-30 05:20:00,46940,2026-07-30 09:20:00
46821,46732,2026-07-30 01:24:00,2026-07-29 19:28:00,test,4min,4,SHT_TIME,6,90,6,0.022222222222222223,46836,2026-07-30 02:24:00,46851,2026-07-30 03:24:00,46881,2026-07-30 05:24:00,46941,2026-07-30 09:24:00
46823,46734,2026-07-30 01:32:00,2026-07-29 19:36:00,test,4min,4,SHT_TIME,6,90,6,0.022222222222222223,46838,2026-07-30 02:32:00,46853,2026-07-30 03:32:00,46883,2026-07-30 05:32:00,46943,2026-07-30 09:32:00
46824,46735,2026-07-30 01:36:00,2026-07-29 19:40:00,test,4min,4,SHT_TIME,6,90,6,0.022222222222222223,46839,2026-07-30 02:36:00,46854,2026-07-30 03:36:00,46884,2026-07-30 05:36:00,46944,2026-07-30 09:36:00
46825,46736,2026-07-30 01:40:00,2026-07-29 19:44:00,test,4min,4,SHT_TIME,6,90,6,0.022222222222222223,46840,2026-07-30 02:40:00,46855,2026-07-30 03:40:00,46885,2026-07-30 05:40:00,46945,2026-07-30 09:40:00
46826,46737,2026-07-30 01:44:00,2026-07-29 19:48:00,test,4min,4,SHT_TIME,6,90,6,0.022222222222222223,46841,2026-07-30 02:44:00,46856,2026-07-30 03:44:00,46886,2026-07-30 05:44:00,46946,2026-07-30 09:44:00
46827,46738,2026-07-30 01:48:00,2026-07-29 19:52:00,test,4min,4,SHT_TIME,6,90,6,0.022222222222222223,46842,2026-07-30 02:48:00,46857,2026-07-30 03:48:00,46887,2026-07-30 05:48:00,46947,2026-07-30 09:48:00
46828,46739,2026-07-30 01:52:00,2026-07-29 19:56:00,test,4min,4,SHT_TIME,6,90,6,0.022222222222222223,46843,2026-07-30 02:52:00,46858,2026-07-30 03:52:00,46888,2026-07-30 05:52:00,46948,2026-07-30 09:52:00
46829,46740,2026-07-30 01:56:00,2026-07-29 20:00:00,test,4min,4,SHT_TIME,6,90,6,0.022222222222222223,46844,2026-07-30 02:56:00,46859,2026-07-30 03:56:00,46889,2026-07-30 05:56:00,46949,2026-07-30 09:56:00
46830,46741,2026-07-30 02:00:00,2026-07-29 20:04:00,test,4min,4,SHT_TIME,6,90,6,0.03333333333333333,46845,2026-07-30 03:00:00,46860,2026-07-30 04:00:00,46890,2026-07-30 06:00:00,46950,2026-07-30 10:00:00
46831,46742,2026-07-30 02:04:00,2026-07-29 20:08:00,test,4min,4,SHT_TIME,6,90,6,0.03333333333333333,46846,2026-07-30 03:04:00,46861,2026-07-30 04:04:00,46891,2026-07-30 06:04:00,46951,2026-07-30 10:04:00
46832,46743,2026-07-30 02:08:00,2026-07-29 20:12:00,test,4min,4,SHT_TIME,6,90,6,0.03333333333333333,46847,2026-07-30 03:08:00,46862,2026-07-30 04:08:00,46892,2026-07-30 06:08:00,46952,2026-07-30 10:08:00
46833,46744,2026-07-30 02:12:00,2026-07-29 20:16:00,test,4min,4,SHT_TIME,6,90,6,0.03333333333333333,46848,2026-07-30 03:12:00,46863,2026-07-30 04:12:00,46893,2026-07-30 06:12:00,46953,2026-07-30 10:12:00
46835,46746,2026-07-30 02:20:00,2026-07-29 20:24:00,test,4min,4,SHT_TIME,6,90,6,0.03333333333333333,46850,2026-07-30 03:20:00,46865,2026-07-30 04:20:00,46895,2026-07-30 06:20:00,46955,2026-07-30 10:20:00
46836,46747,2026-07-30 02:24:00,2026-07-29 20:28:00,test,4min,4,SHT_TIME,6,90,6,0.03333333333333333,46851,2026-07-30 03:24:00,46866,2026-07-30 04:24:00,46896,2026-07-30 06:24:00,46956,2026-07-30 10:24:00
46839,46750,2026-07-30 02:36:00,2026-07-29 20:40:00,test,4min,4,SHT_TIME,6,90,6,0.03333333333333333,46854,2026-07-30 03:36:00,46869,2026-07-30 04:36:00,46899,2026-07-30 06:36:00,46959,2026-07-30 10:36:00
46840,46751,2026-07-30 02:40:00,2026-07-29 20:44:00,test,4min,4,SHT_TIME,6,90,6,0.03333333333333333,46855,2026-07-30 03:40:00,46870,2026-07-30 04:40:00,46900,2026-07-30 06:40:00,46960,2026-07-30 10:40:00
46841,46752,2026-07-30 02:44:00,2026-07-29 20:48:00,test,4min,4,SHT_TIME,6,90,6,0.022222222222222223,46856,2026-07-30 03:44:00,46871,2026-07-30 04:44:00,46901,2026-07-30 06:44:00,46961,2026-07-30 10:44:00
46842,46753,2026-07-30 02:48:00,2026-07-29 20:52:00,test,4min,4,SHT_TIME,6,90,6,0.022222222222222223,46857,2026-07-30 03:48:00,46872,2026-07-30 04:48:00,46902,2026-07-30 06:48:00,46962,2026-07-30 10:48:00
46844,46755,2026-07-30 02:56:00,2026-07-29 21:00:00,test,4min,4,SHT_TIME,6,90,6,0.022222222222222223,46859,2026-07-30 03:56:00,46874,2026-07-30 04:56:00,46904,2026-07-30 06:56:00,46964,2026-07-30 10:56:00
46845,46756,2026-07-30 03:00:00,2026-07-29 21:04:00,test,4min,4,SHT_TIME,6,90,6,0.022222222222222223,46860,2026-07-30 04:00:00,46875,2026-07-30 05:00:00,46905,2026-07-30 07:00:00,46965,2026-07-30 11:00:00
46846,46757,2026-07-30 03:04:00,2026-07-29 21:08:00,test,4min,4,SHT_TIME,6,90,6,0.022222222222222223,46861,2026-07-30 04:04:00,46876,2026-07-30 05:04:00,46906,2026-07-30 07:04:00,46966,2026-07-30 11:04:00
46847,46758,2026-07-30 03:08:00,2026-07-29 21:12:00,test,4min,4,SHT_TIME,6,90,6,0.022222222222222223,46862,2026-07-30 04:08:00,46877,2026-07-30 05:08:00,46907,2026-07-30 07:08:00,46967,2026-07-30 11:08:00
46848,46759,2026-07-30 03:12:00,2026-07-29 21:16:00,test,4min,4,SHT_TIME,6,90,6,0.022222222222222223,46863,2026-07-30 04:12:00,46878,2026-07-30 05:12:00,46908,2026-07-30 07:12:00,46968,2026-07-30 11:12:00
46849,46760,2026-07-30 03:16:00,2026-07-29 21:20:00,test,4min,4,SHT_TIME,6,90,6,0.022222222222222223,46864,2026-07-30 04:16:00,46879,2026-07-30 05:16:00,46909,2026-07-30 07:16:00,46969,2026-07-30 11:16:00
46850,46761,2026-07-30 03:20:00,2026-07-29 21:24:00,test,4min,4,SHT_TIME,6,90,6,0.022222222222222223,46865,2026-07-30 04:20:00,46880,2026-07-30 05:20:00,46910,2026-07-30 07:20:00,46970,2026-07-30 11:20:00
46851,46762,2026-07-30 03:24:00,2026-07-29 21:28:00,test,4min,4,SHT_TIME,6,90,6,0.022222222222222223,46866,2026-07-30 04:24:00,46881,2026-07-30 05:24:00,46911,2026-07-30 07:24:00,46971,2026-07-30 11:24:00
46853,46764,2026-07-30 03:32:00,2026-07-29 21:36:00,test,4min,4,SHT_TIME,6,90,6,0.022222222222222223,46868,2026-07-30 04:32:00,46883,2026-07-30 05:32:00,46913,2026-07-30 07:32:00,46973,2026-07-30 11:32:00
46854,46765,2026-07-30 03:36:00,2026-07-29 21:40:00,test,4min,4,SHT_TIME,6,90,6,0.022222222222222223,46869,2026-07-30 04:36:00,46884,2026-07-30 05:36:00,46914,2026-07-30 07:36:00,46974,2026-07-30 11:36:00
46857,46768,2026-07-30 03:48:00,2026-07-29 21:52:00,test,4min,4,SHT_TIME,6,90,6,0.022222222222222223,46872,2026-07-30 04:48:00,46887,2026-07-30 05:48:00,46917,2026-07-30 07:48:00,46977,2026-07-30 11:48:00
46858,46769,2026-07-30 03:52:00,2026-07-29 21:56:00,test,4min,4,SHT_TIME,6,90,6,0.022222222222222223,46873,2026-07-30 04:52:00,46888,2026-07-30 05:52:00,46918,2026-07-30 07:52:00,46978,2026-07-30 11:52:00
46859,46770,2026-07-30 03:56:00,2026-07-29 22:00:00,test,4min,4,SHT_TIME,6,90,6,0.022222222222222223,46874,2026-07-30 04:56:00,46889,2026-07-30 05:56:00,46919,2026-07-30 07:56:00,46979,2026-07-30 11:56:00
46860,46771,2026-07-30 04:00:00,2026-07-29 22:04:00,test,4min,4,SHT_TIME,6,90,6,0.022222222222222223,46875,2026-07-30 05:00:00,46890,2026-07-30 06:00:00,46920,2026-07-30 08:00:00,46980,2026-07-30 12:00:00
46861,46772,2026-07-30 04:04:00,2026-07-29 22:08:00,test,4min,4,SHT_TIME,6,90,6,0.022222222222222223,46876,2026-07-30 05:04:00,46891,2026-07-30 06:04:00,46921,2026-07-30 08:04:00,46981,2026-07-30 12:04:00
46862,46773,2026-07-30 04:08:00,2026-07-29 22:12:00,test,4min,4,SHT_TIME,6,90,6,0.022222222222222223,46877,2026-07-30 05:08:00,46892,2026-07-30 06:08:00,46922,2026-07-30 08:08:00,46982,2026-07-30 12:08:00
46863,46774,2026-07-30 04:12:00,2026-07-29 22:16:00,test,4min,4,SHT_TIME,6,90,6,0.022222222222222223,46878,2026-07-30 05:12:00,46893,2026-07-30 06:12:00,46923,2026-07-30 08:12:00,46983,2026-07-30 12:12:00
46865,46776,2026-07-30 04:20:00,2026-07-29 22:24:00,test,4min,4,SHT_TIME,6,90,6,0.022222222222222223,46880,2026-07-30 05:20:00,46895,2026-07-30 06:20:00,46925,2026-07-30 08:20:00,46985,2026-07-30 12:20:00
46866,46777,2026-07-30 04:24:00,2026-07-29 22:28:00,test,4min,4,SHT_TIME,6,90,6,0.022222222222222223,46881,2026-07-30 05:24:00,46896,2026-07-30 06:24:00,46926,2026-07-30 08:24:00,46986,2026-07-30 12:24:00
46867,46778,2026-07-30 04:28:00,2026-07-29 22:32:00,test,4min,4,SHT_TIME,6,90,6,0.03333333333333333,46882,2026-07-30 05:28:00,46897,2026-07-30 06:28:00,46927,2026-07-30 08:28:00,46987,2026-07-30 12:28:00
46869,46780,2026-07-30 04:36:00,2026-07-29 22:40:00,test,4min,4,SHT_TIME,6,90,6,0.03333333333333333,46884,2026-07-30 05:36:00,46899,2026-07-30 06:36:00,46929,2026-07-30 08:36:00,46989,2026-07-30 12:36:00
46870,46781,2026-07-30 04:40:00,2026-07-29 22:44:00,test,4min,4,SHT_TIME,6,90,6,0.03333333333333333,46885,2026-07-30 05:40:00,46900,2026-07-30 06:40:00,46930,2026-07-30 08:40:00,46990,2026-07-30 12:40:00
46872,46783,2026-07-30 04:48:00,2026-07-29 22:52:00,test,4min,4,SHT_TIME,6,90,6,0.03333333333333333,46887,2026-07-30 05:48:00,46902,2026-07-30 06:48:00,46932,2026-07-30 08:48:00,46992,2026-07-30 12:48:00
46874,46785,2026-07-30 04:56:00,2026-07-29 23:00:00,test,4min,4,SHT_TIME,6,90,6,0.03333333333333333,46889,2026-07-30 05:56:00,46904,2026-07-30 06:56:00,46934,2026-07-30 08:56:00,46994,2026-07-30 12:56:00
46875,46786,2026-07-30 05:00:00,2026-07-29 23:04:00,test,4min,4,SHT_TIME,6,90,6,0.03333333333333333,46890,2026-07-30 06:00:00,46905,2026-07-30 07:00:00,46935,2026-07-30 09:00:00,46995,2026-07-30 13:00:00
46876,46787,2026-07-30 05:04:00,2026-07-29 23:08:00,test,4min,4,SHT_TIME,6,90,6,0.03333333333333333,46891,2026-07-30 06:04:00,46906,2026-07-30 07:04:00,46936,2026-07-30 09:04:00,46996,2026-07-30 13:04:00
46877,46788,2026-07-30 05:08:00,2026-07-29 23:12:00,test,4min,4,SHT_TIME,6,90,6,0.03333333333333333,46892,2026-07-30 06:08:00,46907,2026-07-30 07:08:00,46937,2026-07-30 09:08:00,46997,2026-07-30 13:08:00
46878,46789,2026-07-30 05:12:00,2026-07-29 23:16:00,test,4min,4,SHT_TIME,6,90,6,0.03333333333333333,46893,2026-07-30 06:12:00,46908,2026-07-30 07:12:00,46938,2026-07-30 09:12:00,46998,2026-07-30 13:12:00
46880,46791,2026-07-30 05:20:00,2026-07-29 23:24:00,test,4min,4,SHT_TIME,6,90,6,0.03333333333333333,46895,2026-07-30 06:20:00,46910,2026-07-30 07:20:00,46940,2026-07-30 09:20:00,47000,2026-07-30 13:20:00
46881,46792,2026-07-30 05:24:00,2026-07-29 23:28:00,test,4min,4,SHT_TIME,6,90,6,0.022222222222222223,46896,2026-07-30 06:24:00,46911,2026-07-30 07:24:00,46941,2026-07-30 09:24:00,47001,2026-07-30 13:24:00
46883,46794,2026-07-30 05:32:00,2026-07-29 23:36:00,test,4min,4,SHT_TIME,6,90,6,0.022222222222222223,46898,2026-07-30 06:32:00,46913,2026-07-30 07:32:00,46943,2026-07-30 09:32:00,47003,2026-07-30 13:32:00
46884,46795,2026-07-30 05:36:00,2026-07-29 23:40:00,test,4min,4,SHT_TIME,6,90,6,0.022222222222222223,46899,2026-07-30 06:36:00,46914,2026-07-30 07:36:00,46944,2026-07-30 09:36:00,47004,2026-07-30 13:36:00
46885,46796,2026-07-30 05:40:00,2026-07-29 23:44:00,test,4min,4,SHT_TIME,6,90,6,0.022222222222222223,46900,2026-07-30 06:40:00,46915,2026-07-30 07:40:00,46945,2026-07-30 09:40:00,47005,2026-07-30 13:40:00
46887,46798,2026-07-30 05:48:00,2026-07-29 23:52:00,test,4min,4,SHT_TIME,6,90,6,0.022222222222222223,46902,2026-07-30 06:48:00,46917,2026-07-30 07:48:00,46947,2026-07-30 09:48:00,47007,2026-07-30 13:48:00
46889,46800,2026-07-30 05:56:00,2026-07-30 00:00:00,test,4min,4,SHT_TIME,6,90,6,0.022222222222222223,46904,2026-07-30 06:56:00,46919,2026-07-30 07:56:00,46949,2026-07-30 09:56:00,47009,2026-07-30 13:56:00
46890,46801,2026-07-30 06:00:00,2026-07-30 00:04:00,test,4min,4,SHT_TIME,6,90,6,0.022222222222222223,46905,2026-07-30 07:00:00,46920,2026-07-30 08:00:00,46950,2026-07-30 10:00:00,47010,2026-07-30 14:00:00
46891,46802,2026-07-30 06:04:00,2026-07-30 00:08:00,test,4min,4,SHT_TIME,6,90,6,0.022222222222222223,46906,2026-07-30 07:04:00,46921,2026-07-30 08:04:00,46951,2026-07-30 10:04:00,47011,2026-07-30 14:04:00
46892,46803,2026-07-30 06:08:00,2026-07-30 00:12:00,test,4min,4,SHT_TIME,6,90,6,0.022222222222222223,46907,2026-07-30 07:08:00,46922,2026-07-30 08:08:00,46952,2026-07-30 10:08:00,47012,2026-07-30 14:08:00
46893,46804,2026-07-30 06:12:00,2026-07-30 00:16:00,test,4min,4,SHT_TIME,6,90,6,0.022222222222222223,46908,2026-07-30 07:12:00,46923,2026-07-30 08:12:00,46953,2026-07-30 10:12:00,47013,2026-07-30 14:12:00
46894,46805,2026-07-30 06:16:00,2026-07-30 00:20:00,test,4min,4,SHT_TIME,6,90,6,0.03333333333333333,46909,2026-07-30 07:16:00,46924,2026-07-30 08:16:00,46954,2026-07-30 10:16:00,47014,2026-07-30 14:16:00
46895,46806,2026-07-30 06:20:00,2026-07-30 00:24:00,test,4min,4,SHT_TIME,6,90,6,0.03333333333333333,46910,2026-07-30 07:20:00,46925,2026-07-30 08:20:00,46955,2026-07-30 10:20:00,47015,2026-07-30 14:20:00
46896,46807,2026-07-30 06:24:00,2026-07-30 00:28:00,test,4min,4,SHT_TIME,6,90,6,0.03333333333333333,46911,2026-07-30 07:24:00,46926,2026-07-30 08:24:00,46956,2026-07-30 10:24:00,47016,2026-07-30 14:24:00
46897,46808,2026-07-30 06:28:00,2026-07-30 00:32:00,test,4min,4,SHT_TIME,6,90,6,0.03333333333333333,46912,2026-07-30 07:28:00,46927,2026-07-30 08:28:00,46957,2026-07-30 10:28:00,47017,2026-07-30 14:28:00
46899,46810,2026-07-30 06:36:00,2026-07-30 00:40:00,test,4min,4,SHT_TIME,6,90,6,0.03333333333333333,46914,2026-07-30 07:36:00,46929,2026-07-30 08:36:00,46959,2026-07-30 10:36:00,47019,2026-07-30 14:36:00
46900,46811,2026-07-30 06:40:00,2026-07-30 00:44:00,test,4min,4,SHT_TIME,6,90,6,0.03333333333333333,46915,2026-07-30 07:40:00,46930,2026-07-30 08:40:00,46960,2026-07-30 10:40:00,47020,2026-07-30 14:40:00
46901,46812,2026-07-30 06:44:00,2026-07-30 00:48:00,test,4min,4,SHT_TIME,6,90,6,0.03333333333333333,46916,2026-07-30 07:44:00,46931,2026-07-30 08:44:00,46961,2026-07-30 10:44:00,47021,2026-07-30 14:44:00
46902,46813,2026-07-30 06:48:00,2026-07-30 00:52:00,test,4min,4,SHT_TIME,6,90,6,0.03333333333333333,46917,2026-07-30 07:48:00,46932,2026-07-30 08:48:00,46962,2026-07-30 10:48:00,47022,2026-07-30 14:48:00
46903,46814,2026-07-30 06:52:00,2026-07-30 00:56:00,test,4min,4,SHT_TIME,6,90,6,0.044444444444444446,46918,2026-07-30 07:52:00,46933,2026-07-30 08:52:00,46963,2026-07-30 10:52:00,47023,2026-07-30 14:52:00
46905,46816,2026-07-30 07:00:00,2026-07-30 01:04:00,test,4min,4,SHT_TIME,6,90,6,0.044444444444444446,46920,2026-07-30 08:00:00,46935,2026-07-30 09:00:00,46965,2026-07-30 11:00:00,47025,2026-07-30 15:00:00
46906,46817,2026-07-30 07:04:00,2026-07-30 01:08:00,test,4min,4,SHT_TIME,6,90,6,0.044444444444444446,46921,2026-07-30 08:04:00,46936,2026-07-30 09:04:00,46966,2026-07-30 11:04:00,47026,2026-07-30 15:04:00
46907,46818,2026-07-30 07:08:00,2026-07-30 01:12:00,test,4min,4,SHT_TIME,6,90,6,0.044444444444444446,46922,2026-07-30 08:08:00,46937,2026-07-30 09:08:00,46967,2026-07-30 11:08:00,47027,2026-07-30 15:08:00
46908,46819,2026-07-30 07:12:00,2026-07-30 01:16:00,test,4min,4,SHT_TIME,6,90,6,0.044444444444444446,46923,2026-07-30 08:12:00,46938,2026-07-30 09:12:00,46968,2026-07-30 11:12:00,47028,2026-07-30 15:12:00
46909,46820,2026-07-30 07:16:00,2026-07-30 01:20:00,test,4min,4,SHT_TIME,6,90,6,0.044444444444444446,46924,2026-07-30 08:16:00,46939,2026-07-30 09:16:00,46969,2026-07-30 11:16:00,47029,2026-07-30 15:16:00
46910,46821,2026-07-30 07:20:00,2026-07-30 01:24:00,test,4min,4,SHT_TIME,6,90,6,0.044444444444444446,46925,2026-07-30 08:20:00,46940,2026-07-30 09:20:00,46970,2026-07-30 11:20:00,47030,2026-07-30 15:20:00
46911,46822,2026-07-30 07:24:00,2026-07-30 01:28:00,test,4min,4,SHT_TIME,6,90,6,0.044444444444444446,46926,2026-07-30 08:24:00,46941,2026-07-30 09:24:00,46971,2026-07-30 11:24:00,47031,2026-07-30 15:24:00
46913,46824,2026-07-30 07:32:00,2026-07-30 01:36:00,test,4min,4,SHT_TIME,6,90,6,0.044444444444444446,46928,2026-07-30 08:32:00,46943,2026-07-30 09:32:00,46973,2026-07-30 11:32:00,47033,2026-07-30 15:32:00
46914,46825,2026-07-30 07:36:00,2026-07-30 01:40:00,test,4min,4,SHT_TIME,6,90,6,0.044444444444444446,46929,2026-07-30 08:36:00,46944,2026-07-30 09:36:00,46974,2026-07-30 11:36:00,47034,2026-07-30 15:36:00
46917,46828,2026-07-30 07:48:00,2026-07-30 01:52:00,test,4min,4,SHT_TIME,6,90,6,0.044444444444444446,46932,2026-07-30 08:48:00,46947,2026-07-30 09:48:00,46977,2026-07-30 11:48:00,47037,2026-07-30 15:48:00
46920,46831,2026-07-30 08:00:00,2026-07-30 02:04:00,test,4min,4,SHT_TIME,6,90,6,0.03333333333333333,46935,2026-07-30 09:00:00,46950,2026-07-30 10:00:00,46980,2026-07-30 12:00:00,47040,2026-07-30 16:00:00
46922,46833,2026-07-30 08:08:00,2026-07-30 02:12:00,test,4min,4,SHT_TIME,6,90,6,0.03333333333333333,46937,2026-07-30 09:08:00,46952,2026-07-30 10:08:00,46982,2026-07-30 12:08:00,47042,2026-07-30 16:08:00
46924,46835,2026-07-30 08:16:00,2026-07-30 02:20:00,test,4min,4,SHT_TIME,6,90,6,0.03333333333333333,46939,2026-07-30 09:16:00,46954,2026-07-30 10:16:00,46984,2026-07-30 12:16:00,47044,2026-07-30 16:16:00
46926,46837,2026-07-30 08:24:00,2026-07-30 02:28:00,test,4min,4,SHT_TIME,6,90,6,0.03333333333333333,46941,2026-07-30 09:24:00,46956,2026-07-30 10:24:00,46986,2026-07-30 12:24:00,47046,2026-07-30 16:24:00
46930,46841,2026-07-30 08:40:00,2026-07-30 02:44:00,test,4min,4,SHT_TIME,6,90,6,0.03333333333333333,46945,2026-07-30 09:40:00,46960,2026-07-30 10:40:00,46990,2026-07-30 12:40:00,47050,2026-07-30 16:40:00
46932,46843,2026-07-30 08:48:00,2026-07-30 02:52:00,test,4min,4,SHT_TIME,6,90,6,0.03333333333333333,46947,2026-07-30 09:48:00,46962,2026-07-30 10:48:00,46992,2026-07-30 12:48:00,47052,2026-07-30 16:48:00
46934,46845,2026-07-30 08:56:00,2026-07-30 03:00:00,test,4min,4,SHT_TIME,6,90,6,0.03333333333333333,46949,2026-07-30 09:56:00,46964,2026-07-30 10:56:00,46994,2026-07-30 12:56:00,47054,2026-07-30 16:56:00
46935,46846,2026-07-30 09:00:00,2026-07-30 03:04:00,test,4min,4,SHT_TIME,6,90,6,0.03333333333333333,46950,2026-07-30 10:00:00,46965,2026-07-30 11:00:00,46995,2026-07-30 13:00:00,47055,2026-07-30 17:00:00
46936,46847,2026-07-30 09:04:00,2026-07-30 03:08:00,test,4min,4,SHT_TIME,6,90,6,0.03333333333333333,46951,2026-07-30 10:04:00,46966,2026-07-30 11:04:00,46996,2026-07-30 13:04:00,47056,2026-07-30 17:04:00
46937,46848,2026-07-30 09:08:00,2026-07-30 03:12:00,test,4min,4,SHT_TIME,6,90,6,0.03333333333333333,46952,2026-07-30 10:08:00,46967,2026-07-30 11:08:00,46997,2026-07-30 13:08:00,47057,2026-07-30 17:08:00
46938,46849,2026-07-30 09:12:00,2026-07-30 03:16:00,test,4min,4,SHT_TIME,6,90,6,0.03333333333333333,46953,2026-07-30 10:12:00,46968,2026-07-30 11:12:00,46998,2026-07-30 13:12:00,47058,2026-07-30 17:12:00
46939,46850,2026-07-30 09:16:00,2026-07-30 03:20:00,test,4min,4,SHT_TIME,6,90,6,0.03333333333333333,46954,2026-07-30 10:16:00,46969,2026-07-30 11:16:00,46999,2026-07-30 13:16:00,47059,2026-07-30 17:16:00
46941,46852,2026-07-30 09:24:00,2026-07-30 03:28:00,test,4min,4,SHT_TIME,6,90,6,0.03333333333333333,46956,2026-07-30 10:24:00,46971,2026-07-30 11:24:00,47001,2026-07-30 13:24:00,47061,2026-07-30 17:24:00
46944,46855,2026-07-30 09:36:00,2026-07-30 03:40:00,test,4min,4,SHT_TIME,6,90,6,0.044444444444444446,46959,2026-07-30 10:36:00,46974,2026-07-30 11:36:00,47004,2026-07-30 13:36:00,47064,2026-07-30 17:36:00
46948,46859,2026-07-30 09:52:00,2026-07-30 03:56:00,test,4min,4,SHT_TIME,6,90,6,0.044444444444444446,46963,2026-07-30 10:52:00,46978,2026-07-30 11:52:00,47008,2026-07-30 13:52:00,47068,2026-07-30 17:52:00
46950,46861,2026-07-30 10:00:00,2026-07-30 04:04:00,test,4min,4,SHT_TIME,6,90,6,0.044444444444444446,46965,2026-07-30 11:00:00,46980,2026-07-30 12:00:00,47010,2026-07-30 14:00:00,47070,2026-07-30 18:00:00
46951,46862,2026-07-30 10:04:00,2026-07-30 04:08:00,test,4min,4,SHT_TIME,6,90,6,0.044444444444444446,46966,2026-07-30 11:04:00,46981,2026-07-30 12:04:00,47011,2026-07-30 14:04:00,47071,2026-07-30 18:04:00
46952,46863,2026-07-30 10:08:00,2026-07-30 04:12:00,test,4min,4,SHT_TIME,6,90,6,0.044444444444444446,46967,2026-07-30 11:08:00,46982,2026-07-30 12:08:00,47012,2026-07-30 14:08:00,47072,2026-07-30 18:08:00
46954,46865,2026-07-30 10:16:00,2026-07-30 04:20:00,test,4min,4,SHT_TIME,6,90,6,0.044444444444444446,46969,2026-07-30 11:16:00,46984,2026-07-30 12:16:00,47014,2026-07-30 14:16:00,47074,2026-07-30 18:16:00
46955,46866,2026-07-30 10:20:00,2026-07-30 04:24:00,test,4min,4,SHT_TIME,6,90,6,0.044444444444444446,46970,2026-07-30 11:20:00,46985,2026-07-30 12:20:00,47015,2026-07-30 14:20:00,47075,2026-07-30 18:20:00
46956,46867,2026-07-30 10:24:00,2026-07-30 04:28:00,test,4min,4,SHT_TIME,6,90,6,0.044444444444444446,46971,2026-07-30 11:24:00,46986,2026-07-30 12:24:00,47016,2026-07-30 14:24:00,47076,2026-07-30 18:24:00
46959,46870,2026-07-30 10:36:00,2026-07-30 04:40:00,test,4min,4,SHT_TIME,6,90,6,0.044444444444444446,46974,2026-07-30 11:36:00,46989,2026-07-30 12:36:00,47019,2026-07-30 14:36:00,47079,2026-07-30 18:36:00
46963,46874,2026-07-30 10:52:00,2026-07-30 04:56:00,test,4min,4,SHT_TIME,6,90,6,0.044444444444444446,46978,2026-07-30 11:52:00,46993,2026-07-30 12:52:00,47023,2026-07-30 14:52:00,47083,2026-07-30 18:52:00
46966,46877,2026-07-30 11:04:00,2026-07-30 05:08:00,test,4min,4,SHT_TIME,6,90,6,0.044444444444444446,46981,2026-07-30 12:04:00,46996,2026-07-30 13:04:00,47026,2026-07-30 15:04:00,47086,2026-07-30 19:04:00
46967,46878,2026-07-30 11:08:00,2026-07-30 05:12:00,test,4min,4,SHT_TIME,6,90,6,0.044444444444444446,46982,2026-07-30 12:08:00,46997,2026-07-30 13:08:00,47027,2026-07-30 15:08:00,47087,2026-07-30 19:08:00
46968,46879,2026-07-30 11:12:00,2026-07-30 05:16:00,test,4min,4,SHT_TIME,6,90,6,0.044444444444444446,46983,2026-07-30 12:12:00,46998,2026-07-30 13:12:00,47028,2026-07-30 15:12:00,47088,2026-07-30 19:12:00
46969,46880,2026-07-30 11:16:00,2026-07-30 05:20:00,test,4min,4,SHT_TIME,6,90,6,0.044444444444444446,46984,2026-07-30 12:16:00,46999,2026-07-30 13:16:00,47029,2026-07-30 15:16:00,47089,2026-07-30 19:16:00
46970,46881,2026-07-30 11:20:00,2026-07-30 05:24:00,test,4min,4,SHT_TIME,6,90,6,0.044444444444444446,46985,2026-07-30 12:20:00,47000,2026-07-30 13:20:00,47030,2026-07-30 15:20:00,47090,2026-07-30 19:20:00
46971,46882,2026-07-30 11:24:00,2026-07-30 05:28:00,test,4min,4,SHT_TIME,6,90,6,0.044444444444444446,46986,2026-07-30 12:24:00,47001,2026-07-30 13:24:00,47031,2026-07-30 15:24:00,47091,2026-07-30 19:24:00
46974,46885,2026-07-30 11:36:00,2026-07-30 05:40:00,test,4min,4,SHT_TIME,6,90,6,0.044444444444444446,46989,2026-07-30 12:36:00,47004,2026-07-30 13:36:00,47034,2026-07-30 15:36:00,47094,2026-07-30 19:36:00
48997,48908,2026-08-05 02:28:00,2026-08-04 20:32:00,test,4min,4,SHT_TIME,6,90,6,0.044444444444444446,49012,2026-08-05 03:28:00,49027,2026-08-05 04:28:00,49057,2026-08-05 06:28:00,49117,2026-08-05 10:28:00
48998,48909,2026-08-05 02:32:00,2026-08-04 20:36:00,test,4min,4,SHT_TIME,6,90,6,0.044444444444444446,49013,2026-08-05 03:32:00,49028,2026-08-05 04:32:00,49058,2026-08-05 06:32:00,49118,2026-08-05 10:32:00
49000,48911,2026-08-05 02:40:00,2026-08-04 20:44:00,test,4min,4,SHT_TIME,6,90,6,0.044444444444444446,49015,2026-08-05 03:40:00,49030,2026-08-05 04:40:00,49060,2026-08-05 06:40:00,49120,2026-08-05 10:40:00
49002,48913,2026-08-05 02:48:00,2026-08-04 20:52:00,test,4min,4,SHT_TIME,6,90,6,0.044444444444444446,49017,2026-08-05 03:48:00,49032,2026-08-05 04:48:00,49062,2026-08-05 06:48:00,49122,2026-08-05 10:48:00
49003,48914,2026-08-05 02:52:00,2026-08-04 20:56:00,test,4min,4,SHT_TIME,6,90,6,0.044444444444444446,49018,2026-08-05 03:52:00,49033,2026-08-05 04:52:00,49063,2026-08-05 06:52:00,49123,2026-08-05 10:52:00
49004,48915,2026-08-05 02:56:00,2026-08-04 21:00:00,test,4min,4,SHT_TIME,6,90,6,0.044444444444444446,49019,2026-08-05 03:56:00,49034,2026-08-05 04:56:00,49064,2026-08-05 06:56:00,49124,2026-08-05 10:56:00
49005,48916,2026-08-05 03:00:00,2026-08-04 21:04:00,test,4min,4,SHT_TIME,6,90,6,0.044444444444444446,49020,2026-08-05 04:00:00,49035,2026-08-05 05:00:00,49065,2026-08-05 07:00:00,49125,2026-08-05 11:00:00
49006,48917,2026-08-05 03:04:00,2026-08-04 21:08:00,test,4min,4,SHT_TIME,6,90,6,0.044444444444444446,49021,2026-08-05 04:04:00,49036,2026-08-05 05:04:00,49066,2026-08-05 07:04:00,49126,2026-08-05 11:04:00
49007,48918,2026-08-05 03:08:00,2026-08-04 21:12:00,test,4min,4,SHT_TIME,6,90,6,0.044444444444444446,49022,2026-08-05 04:08:00,49037,2026-08-05 05:08:00,49067,2026-08-05 07:08:00,49127,2026-08-05 11:08:00
49008,48919,2026-08-05 03:12:00,2026-08-04 21:16:00,test,4min,4,SHT_TIME,6,90,6,0.044444444444444446,49023,2026-08-05 04:12:00,49038,2026-08-05 05:12:00,49068,2026-08-05 07:12:00,49128,2026-08-05 11:12:00
49009,48920,2026-08-05 03:16:00,2026-08-04 21:20:00,test,4min,4,SHT_TIME,6,90,6,0.044444444444444446,49024,2026-08-05 04:16:00,49039,2026-08-05 05:16:00,49069,2026-08-05 07:16:00,49129,2026-08-05 11:16:00
49013,48924,2026-08-05 03:32:00,2026-08-04 21:36:00,test,4min,4,SHT_TIME,6,90,6,0.044444444444444446,49028,2026-08-05 04:32:00,49043,2026-08-05 05:32:00,49073,2026-08-05 07:32:00,49133,2026-08-05 11:32:00
49017,48928,2026-08-05 03:48:00,2026-08-04 21:52:00,test,4min,4,SHT_TIME,6,90,6,0.044444444444444446,49032,2026-08-05 04:48:00,49047,2026-08-05 05:48:00,49077,2026-08-05 07:48:00,49137,2026-08-05 11:48:00
49018,48929,2026-08-05 03:52:00,2026-08-04 21:56:00,test,4min,4,SHT_TIME,6,90,6,0.044444444444444446,49033,2026-08-05 04:52:00,49048,2026-08-05 05:52:00,49078,2026-08-05 07:52:00,49138,2026-08-05 11:52:00
49019,48930,2026-08-05 03:56:00,2026-08-04 22:00:00,test,4min,4,SHT_TIME,6,90,6,0.03333333333333333,49034,2026-08-05 04:56:00,49049,2026-08-05 05:56:00,49079,2026-08-05 07:56:00,49139,2026-08-05 11:56:00
49021,48932,2026-08-05 04:04:00,2026-08-04 22:08:00,test,4min,4,SHT_TIME,6,90,6,0.03333333333333333,49036,2026-08-05 05:04:00,49051,2026-08-05 06:04:00,49081,2026-08-05 08:04:00,49141,2026-08-05 12:04:00
49022,48933,2026-08-05 04:08:00,2026-08-04 22:12:00,test,4min,4,SHT_TIME,6,90,6,0.03333333333333333,49037,2026-08-05 05:08:00,49052,2026-08-05 06:08:00,49082,2026-08-05 08:08:00,49142,2026-08-05 12:08:00
49023,48934,2026-08-05 04:12:00,2026-08-04 22:16:00,test,4min,4,SHT_TIME,6,90,6,0.03333333333333333,49038,2026-08-05 05:12:00,49053,2026-08-05 06:12:00,49083,2026-08-05 08:12:00,49143,2026-08-05 12:12:00
49025,48936,2026-08-05 04:20:00,2026-08-04 22:24:00,test,4min,4,SHT_TIME,6,90,6,0.03333333333333333,49040,2026-08-05 05:20:00,49055,2026-08-05 06:20:00,49085,2026-08-05 08:20:00,49145,2026-08-05 12:20:00
49026,48937,2026-08-05 04:24:00,2026-08-04 22:28:00,test,4min,4,SHT_TIME,6,90,6,0.03333333333333333,49041,2026-08-05 05:24:00,49056,2026-08-05 06:24:00,49086,2026-08-05 08:24:00,49146,2026-08-05 12:24:00
49027,48938,2026-08-05 04:28:00,2026-08-04 22:32:00,test,4min,4,SHT_TIME,6,90,6,0.03333333333333333,49042,2026-08-05 05:28:00,49057,2026-08-05 06:28:00,49087,2026-08-05 08:28:00,49147,2026-08-05 12:28:00
49028,48939,2026-08-05 04:32:00,2026-08-04 22:36:00,test,4min,4,SHT_TIME,6,90,6,0.03333333333333333,49043,2026-08-05 05:32:00,49058,2026-08-05 06:32:00,49088,2026-08-05 08:32:00,49148,2026-08-05 12:32:00
49030,48941,2026-08-05 04:40:00,2026-08-04 22:44:00,test,4min,4,SHT_TIME,6,90,6,0.03333333333333333,49045,2026-08-05 05:40:00,49060,2026-08-05 06:40:00,49090,2026-08-05 08:40:00,49150,2026-08-05 12:40:00
49031,48942,2026-08-05 04:44:00,2026-08-04 22:48:00,test,4min,4,SHT_TIME,6,90,6,0.03333333333333333,49046,2026-08-05 05:44:00,49061,2026-08-05 06:44:00,49091,2026-08-05 08:44:00,49151,2026-08-05 12:44:00
49035,48946,2026-08-05 05:00:00,2026-08-04 23:04:00,test,4min,4,SHT_TIME,6,90,6,0.03333333333333333,49050,2026-08-05 06:00:00,49065,2026-08-05 07:00:00,49095,2026-08-05 09:00:00,49155,2026-08-05 13:00:00
49037,48948,2026-08-05 05:08:00,2026-08-04 23:12:00,test,4min,4,SHT_TIME,6,90,6,0.03333333333333333,49052,2026-08-05 06:08:00,49067,2026-08-05 07:08:00,49097,2026-08-05 09:08:00,49157,2026-08-05 13:08:00
49038,48949,2026-08-05 05:12:00,2026-08-04 23:16:00,test,4min,4,SHT_TIME,6,90,6,0.03333333333333333,49053,2026-08-05 06:12:00,49068,2026-08-05 07:12:00,49098,2026-08-05 09:12:00,49158,2026-08-05 13:12:00
49040,48951,2026-08-05 05:20:00,2026-08-04 23:24:00,test,4min,4,SHT_TIME,6,90,6,0.03333333333333333,49055,2026-08-05 06:20:00,49070,2026-08-05 07:20:00,49100,2026-08-05 09:20:00,49160,2026-08-05 13:20:00
49041,48952,2026-08-05 05:24:00,2026-08-04 23:28:00,test,4min,4,SHT_TIME,6,90,6,0.03333333333333333,49056,2026-08-05 06:24:00,49071,2026-08-05 07:24:00,49101,2026-08-05 09:24:00,49161,2026-08-05 13:24:00
49042,48953,2026-08-05 05:28:00,2026-08-04 23:32:00,test,4min,4,SHT_TIME,6,90,6,0.03333333333333333,49057,2026-08-05 06:28:00,49072,2026-08-05 07:28:00,49102,2026-08-05 09:28:00,49162,2026-08-05 13:28:00
49043,48954,2026-08-05 05:32:00,2026-08-04 23:36:00,test,4min,4,SHT_TIME,6,90,6,0.03333333333333333,49058,2026-08-05 06:32:00,49073,2026-08-05 07:32:00,49103,2026-08-05 09:32:00,49163,2026-08-05 13:32:00
49044,48955,2026-08-05 05:36:00,2026-08-04 23:40:00,test,4min,4,SHT_TIME,6,90,6,0.044444444444444446,49059,2026-08-05 06:36:00,49074,2026-08-05 07:36:00,49104,2026-08-05 09:36:00,49164,2026-08-05 13:36:00
49045,48956,2026-08-05 05:40:00,2026-08-04 23:44:00,test,4min,4,SHT_TIME,6,90,6,0.044444444444444446,49060,2026-08-05 06:40:00,49075,2026-08-05 07:40:00,49105,2026-08-05 09:40:00,49165,2026-08-05 13:40:00
49047,48958,2026-08-05 05:48:00,2026-08-04 23:52:00,test,4min,4,SHT_TIME,6,90,6,0.044444444444444446,49062,2026-08-05 06:48:00,49077,2026-08-05 07:48:00,49107,2026-08-05 09:48:00,49167,2026-08-05 13:48:00
49048,48959,2026-08-05 05:52:00,2026-08-04 23:56:00,test,4min,4,SHT_TIME,6,90,6,0.044444444444444446,49063,2026-08-05 06:52:00,49078,2026-08-05 07:52:00,49108,2026-08-05 09:52:00,49168,2026-08-05 13:52:00
49049,48960,2026-08-05 05:56:00,2026-08-05 00:00:00,test,4min,4,SHT_TIME,6,90,6,0.044444444444444446,49064,2026-08-05 06:56:00,49079,2026-08-05 07:56:00,49109,2026-08-05 09:56:00,49169,2026-08-05 13:56:00
49051,48962,2026-08-05 06:04:00,2026-08-05 00:08:00,test,4min,4,SHT_TIME,6,90,6,0.044444444444444446,49066,2026-08-05 07:04:00,49081,2026-08-05 08:04:00,49111,2026-08-05 10:04:00,49171,2026-08-05 14:04:00
49052,48963,2026-08-05 06:08:00,2026-08-05 00:12:00,test,4min,4,SHT_TIME,6,90,6,0.044444444444444446,49067,2026-08-05 07:08:00,49082,2026-08-05 08:08:00,49112,2026-08-05 10:08:00,49172,2026-08-05 14:08:00
49057,48968,2026-08-05 06:28:00,2026-08-05 00:32:00,test,4min,4,SHT_TIME,6,90,6,0.044444444444444446,49072,2026-08-05 07:28:00,49087,2026-08-05 08:28:00,49117,2026-08-05 10:28:00,49177,2026-08-05 14:28:00
49060,48971,2026-08-05 06:40:00,2026-08-05 00:44:00,test,4min,4,SHT_TIME,6,90,6,0.044444444444444446,49075,2026-08-05 07:40:00,49090,2026-08-05 08:40:00,49120,2026-08-05 10:40:00,49180,2026-08-05 14:40:00
49068,48979,2026-08-05 07:12:00,2026-08-05 01:16:00,test,4min,4,SHT_TIME,6,90,6,0.044444444444444446,49083,2026-08-05 08:12:00,49098,2026-08-05 09:12:00,49128,2026-08-05 11:12:00,49188,2026-08-05 15:12:00
49071,48982,2026-08-05 07:24:00,2026-08-05 01:28:00,test,4min,4,SHT_TIME,6,90,6,0.044444444444444446,49086,2026-08-05 08:24:00,49101,2026-08-05 09:24:00,49131,2026-08-05 11:24:00,49191,2026-08-05 15:24:00
49072,48983,2026-08-05 07:28:00,2026-08-05 01:32:00,test,4min,4,SHT_TIME,6,90,6,0.044444444444444446,49087,2026-08-05 08:28:00,49102,2026-08-05 09:28:00,49132,2026-08-05 11:28:00,49192,2026-08-05 15:28:00
49073,48984,2026-08-05 07:32:00,2026-08-05 01:36:00,test,4min,4,SHT_TIME,6,90,6,0.044444444444444446,49088,2026-08-05 08:32:00,49103,2026-08-05 09:32:00,49133,2026-08-05 11:32:00,49193,2026-08-05 15:32:00
49677,49588,2026-08-06 23:48:00,2026-08-06 17:52:00,test,4min,4,SHT_TIME,6,90,6,0.044444444444444446,49692,2026-08-07 00:48:00,49707,2026-08-07 01:48:00,49737,2026-08-07 03:48:00,49797,2026-08-07 07:48:00
49678,49589,2026-08-06 23:52:00,2026-08-06 17:56:00,test,4min,4,SHT_TIME,6,90,6,0.044444444444444446,49693,2026-08-07 00:52:00,49708,2026-08-07 01:52:00,49738,2026-08-07 03:52:00,49798,2026-08-07 07:52:00
49679,49590,2026-08-06 23:56:00,2026-08-06 18:00:00,test,4min,4,SHT_TIME,6,90,6,0.044444444444444446,49694,2026-08-07 00:56:00,49709,2026-08-07 01:56:00,49739,2026-08-07 03:56:00,49799,2026-08-07 07:56:00
49681,49592,2026-08-07 00:04:00,2026-08-06 18:08:00,test,4min,4,SHT_TIME,6,90,6,0.044444444444444446,49696,2026-08-07 01:04:00,49711,2026-08-07 02:04:00,49741,2026-08-07 04:04:00,49801,2026-08-07 08:04:00
49682,49593,2026-08-07 00:08:00,2026-08-06 18:12:00,test,4min,4,SHT_TIME,6,90,6,0.044444444444444446,49697,2026-08-07 01:08:00,49712,2026-08-07 02:08:00,49742,2026-08-07 04:08:00,49802,2026-08-07 08:08:00
49684,49595,2026-08-07 00:16:00,2026-08-06 18:20:00,test,4min,4,SHT_TIME,6,90,6,0.044444444444444446,49699,2026-08-07 01:16:00,49714,2026-08-07 02:16:00,49744,2026-08-07 04:16:00,49804,2026-08-07 08:16:00
49685,49596,2026-08-07 00:20:00,2026-08-06 18:24:00,test,4min,4,SHT_TIME,6,90,6,0.044444444444444446,49700,2026-08-07 01:20:00,49715,2026-08-07 02:20:00,49745,2026-08-07 04:20:00,49805,2026-08-07 08:20:00
49686,49597,2026-08-07 00:24:00,2026-08-06 18:28:00,test,4min,4,SHT_TIME,6,90,6,0.044444444444444446,49701,2026-08-07 01:24:00,49716,2026-08-07 02:24:00,49746,2026-08-07 04:24:00,49806,2026-08-07 08:24:00
49688,49599,2026-08-07 00:32:00,2026-08-06 18:36:00,test,4min,4,SHT_TIME,6,90,6,0.044444444444444446,49703,2026-08-07 01:32:00,49718,2026-08-07 02:32:00,49748,2026-08-07 04:32:00,49808,2026-08-07 08:32:00
49689,49600,2026-08-07 00:36:00,2026-08-06 18:40:00,test,4min,4,SHT_TIME,6,90,6,0.044444444444444446,49704,2026-08-07 01:36:00,49719,2026-08-07 02:36:00,49749,2026-08-07 04:36:00,49809,2026-08-07 08:36:00
49690,49601,2026-08-07 00:40:00,2026-08-06 18:44:00,test,4min,4,SHT_TIME,6,90,6,0.044444444444444446,49705,2026-08-07 01:40:00,49720,2026-08-07 02:40:00,49750,2026-08-07 04:40:00,49810,2026-08-07 08:40:00
49691,49602,2026-08-07 00:44:00,2026-08-06 18:48:00,test,4min,4,SHT_TIME,6,90,6,0.044444444444444446,49706,2026-08-07 01:44:00,49721,2026-08-07 02:44:00,49751,2026-08-07 04:44:00,49811,2026-08-07 08:44:00
49695,49606,2026-08-07 01:00:00,2026-08-06 19:04:00,test,4min,4,SHT_TIME,6,90,6,0.044444444444444446,49710,2026-08-07 02:00:00,49725,2026-08-07 03:00:00,49755,2026-08-07 05:00:00,49815,2026-08-07 09:00:00
49696,49607,2026-08-07 01:04:00,2026-08-06 19:08:00,test,4min,4,SHT_TIME,6,90,6,0.044444444444444446,49711,2026-08-07 02:04:00,49726,2026-08-07 03:04:00,49756,2026-08-07 05:04:00,49816,2026-08-07 09:04:00
49697,49608,2026-08-07 01:08:00,2026-08-06 19:12:00,test,4min,4,SHT_TIME,6,90,6,0.044444444444444446,49712,2026-08-07 02:08:00,49727,2026-08-07 03:08:00,49757,2026-08-07 05:08:00,49817,2026-08-07 09:08:00
49698,49609,2026-08-07 01:12:00,2026-08-06 19:16:00,test,4min,4,SHT_TIME,6,90,6,0.044444444444444446,49713,2026-08-07 02:12:00,49728,2026-08-07 03:12:00,49758,2026-08-07 05:12:00,49818,2026-08-07 09:12:00
49699,49610,2026-08-07 01:16:00,2026-08-06 19:20:00,test,4min,4,SHT_TIME,6,90,6,0.044444444444444446,49714,2026-08-07 02:16:00,49729,2026-08-07 03:16:00,49759,2026-08-07 05:16:00,49819,2026-08-07 09:16:00
49701,49612,2026-08-07 01:24:00,2026-08-06 19:28:00,test,4min,4,SHT_TIME,6,90,6,0.044444444444444446,49716,2026-08-07 02:24:00,49731,2026-08-07 03:24:00,49761,2026-08-07 05:24:00,49821,2026-08-07 09:24:00
49702,49613,2026-08-07 01:28:00,2026-08-06 19:32:00,test,4min,4,SHT_TIME,6,90,6,0.044444444444444446,49717,2026-08-07 02:28:00,49732,2026-08-07 03:28:00,49762,2026-08-07 05:28:00,49822,2026-08-07 09:28:00
49703,49614,2026-08-07 01:32:00,2026-08-06 19:36:00,test,4min,4,SHT_TIME,6,90,6,0.044444444444444446,49718,2026-08-07 02:32:00,49733,2026-08-07 03:32:00,49763,2026-08-07 05:32:00,49823,2026-08-07 09:32:00
49704,49615,2026-08-07 01:36:00,2026-08-06 19:40:00,test,4min,4,SHT_TIME,6,90,6,0.044444444444444446,49719,2026-08-07 02:36:00,49734,2026-08-07 03:36:00,49764,2026-08-07 05:36:00,49824,2026-08-07 09:36:00
49705,49616,2026-08-07 01:40:00,2026-08-06 19:44:00,test,4min,4,SHT_TIME,6,90,6,0.044444444444444446,49720,2026-08-07 02:40:00,49735,2026-08-07 03:40:00,49765,2026-08-07 05:40:00,49825,2026-08-07 09:40:00
49709,49620,2026-08-07 01:56:00,2026-08-06 20:00:00,test,4min,4,SHT_TIME,6,90,6,0.044444444444444446,49724,2026-08-07 02:56:00,49739,2026-08-07 03:56:00,49769,2026-08-07 05:56:00,49829,2026-08-07 09:56:00
49710,49621,2026-08-07 02:00:00,2026-08-06 20:04:00,test,4min,4,SHT_TIME,6,90,6,0.044444444444444446,49725,2026-08-07 03:00:00,49740,2026-08-07 04:00:00,49770,2026-08-07 06:00:00,49830,2026-08-07 10:00:00
49712,49623,2026-08-07 02:08:00,2026-08-06 20:12:00,test,4min,4,SHT_TIME,6,90,6,0.044444444444444446,49727,2026-08-07 03:08:00,49742,2026-08-07 04:08:00,49772,2026-08-07 06:08:00,49832,2026-08-07 10:08:00
49713,49624,2026-08-07 02:12:00,2026-08-06 20:16:00,test,4min,4,SHT_TIME,6,90,6,0.044444444444444446,49728,2026-08-07 03:12:00,49743,2026-08-07 04:12:00,49773,2026-08-07 06:12:00,49833,2026-08-07 10:12:00
49714,49625,2026-08-07 02:16:00,2026-08-06 20:20:00,test,4min,4,SHT_TIME,6,90,6,0.044444444444444446,49729,2026-08-07 03:16:00,49744,2026-08-07 04:16:00,49774,2026-08-07 06:16:00,49834,2026-08-07 10:16:00
49715,49626,2026-08-07 02:20:00,2026-08-06 20:24:00,test,4min,4,SHT_TIME,6,90,6,0.044444444444444446,49730,2026-08-07 03:20:00,49745,2026-08-07 04:20:00,49775,2026-08-07 06:20:00,49835,2026-08-07 10:20:00
49716,49627,2026-08-07 02:24:00,2026-08-06 20:28:00,test,4min,4,SHT_TIME,6,90,6,0.044444444444444446,49731,2026-08-07 03:24:00,49746,2026-08-07 04:24:00,49776,2026-08-07 06:24:00,49836,2026-08-07 10:24:00
49717,49628,2026-08-07 02:28:00,2026-08-06 20:32:00,test,4min,4,SHT_TIME,6,90,6,0.044444444444444446,49732,2026-08-07 03:28:00,49747,2026-08-07 04:28:00,49777,2026-08-07 06:28:00,49837,2026-08-07 10:28:00
49718,49629,2026-08-07 02:32:00,2026-08-06 20:36:00,test,4min,4,SHT_TIME,6,90,6,0.044444444444444446,49733,2026-08-07 03:32:00,49748,2026-08-07 04:32:00,49778,2026-08-07 06:32:00,49838,2026-08-07 10:32:00
49720,49631,2026-08-07 02:40:00,2026-08-06 20:44:00,test,4min,4,SHT_TIME,6,90,6,0.044444444444444446,49735,2026-08-07 03:40:00,49750,2026-08-07 04:40:00,49780,2026-08-07 06:40:00,49840,2026-08-07 10:40:00
49735,49646,2026-08-07 03:40:00,2026-08-06 21:44:00,test,4min,4,SHT_TIME,6,90,6,0.044444444444444446,49750,2026-08-07 04:40:00,49765,2026-08-07 05:40:00,49795,2026-08-07 07:40:00,49855,2026-08-07 11:40:00
49850,49761,2026-08-07 11:20:00,2026-08-07 05:24:00,test,4min,4,SHT_TIME,6,90,6,0.044444444444444446,49865,2026-08-07 12:20:00,49880,2026-08-07 13:20:00,49910,2026-08-07 15:20:00,49970,2026-08-07 19:20:00
49851,49762,2026-08-07 11:24:00,2026-08-07 05:28:00,test,4min,4,SHT_TIME,6,90,6,0.044444444444444446,49866,2026-08-07 12:24:00,49881,2026-08-07 13:24:00,49911,2026-08-07 15:24:00,49971,2026-08-07 19:24:00
49853,49764,2026-08-07 11:32:00,2026-08-07 05:36:00,test,4min,4,SHT_TIME,6,90,6,0.044444444444444446,49868,2026-08-07 12:32:00,49883,2026-08-07 13:32:00,49913,2026-08-07 15:32:00,49973,2026-08-07 19:32:00
49854,49765,2026-08-07 11:36:00,2026-08-07 05:40:00,test,4min,4,SHT_TIME,6,90,6,0.044444444444444446,49869,2026-08-07 12:36:00,49884,2026-08-07 13:36:00,49914,2026-08-07 15:36:00,49974,2026-08-07 19:36:00
49860,49771,2026-08-07 12:00:00,2026-08-07 06:04:00,test,4min,4,SHT_TIME,6,90,6,0.044444444444444446,49875,2026-08-07 13:00:00,49890,2026-08-07 14:00:00,49920,2026-08-07 16:00:00,49980,2026-08-07 20:00:00
51953,51864,2026-08-13 07:32:00,2026-08-13 01:36:00,test,4min,4,SHT_TIME,6,90,6,0.044444444444444446,51968,2026-08-13 08:32:00,51983,2026-08-13 09:32:00,52013,2026-08-13 11:32:00,52073,2026-08-13 15:32:00
51954,51865,2026-08-13 07:36:00,2026-08-13 01:40:00,test,4min,4,SHT_TIME,6,90,6,0.044444444444444446,51969,2026-08-13 08:36:00,51984,2026-08-13 09:36:00,52014,2026-08-13 11:36:00,52074,2026-08-13 15:36:00
51956,51867,2026-08-13 07:44:00,2026-08-13 01:48:00,test,4min,4,SHT_TIME,6,90,6,0.044444444444444446,51971,2026-08-13 08:44:00,51986,2026-08-13 09:44:00,52016,2026-08-13 11:44:00,52076,2026-08-13 15:44:00
51958,51869,2026-08-13 07:52:00,2026-08-13 01:56:00,test,4min,4,SHT_TIME,6,90,6,0.044444444444444446,51973,2026-08-13 08:52:00,51988,2026-08-13 09:52:00,52018,2026-08-13 11:52:00,52078,2026-08-13 15:52:00
51960,51871,2026-08-13 08:00:00,2026-08-13 02:04:00,test,4min,4,SHT_TIME,6,90,6,0.044444444444444446,51975,2026-08-13 09:00:00,51990,2026-08-13 10:00:00,52020,2026-08-13 12:00:00,52080,2026-08-13 16:00:00
51964,51875,2026-08-13 08:16:00,2026-08-13 02:20:00,test,4min,4,SHT_TIME,6,90,6,0.044444444444444446,51979,2026-08-13 09:16:00,51994,2026-08-13 10:16:00,52024,2026-08-13 12:16:00,52084,2026-08-13 16:16:00
51966,51877,2026-08-13 08:24:00,2026-08-13 02:28:00,test,4min,4,SHT_TIME,6,90,6,0.044444444444444446,51981,2026-08-13 09:24:00,51996,2026-08-13 10:24:00,52026,2026-08-13 12:24:00,52086,2026-08-13 16:24:00
