origin_index,origin_timestamp,split,history_start_index,history_end_index,history_steps,history_hours,maximum_interpolated_fraction,target_index_h60,target_timestamp_h60,target_index_h120,target_timestamp_h120,target_index_h240,target_timestamp_h240,target_index_h480,target_timestamp_h480
1080,2026-03-25 00:00:00,train,721,1080,360,24,0.15,1095,2026-03-25 01:00:00,1110,2026-03-25 02:00:00,1140,2026-03-25 04:00:00,1200,2026-03-25 08:00:00
1085,2026-03-25 00:20:00,train,726,1085,360,24,0.15,1100,2026-03-25 01:20:00,1115,2026-03-25 02:20:00,1145,2026-03-25 04:20:00,1205,2026-03-25 08:20:00
1089,2026-03-25 00:36:00,train,730,1089,360,24,0.15,1104,2026-03-25 01:36:00,1119,2026-03-25 02:36:00,1149,2026-03-25 04:36:00,1209,2026-03-25 08:36:00
1090,2026-03-25 00:40:00,train,731,1090,360,24,0.15,1105,2026-03-25 01:40:00,1120,2026-03-25 02:40:00,1150,2026-03-25 04:40:00,1210,2026-03-25 08:40:00
1091,2026-03-25 00:44:00,train,732,1091,360,24,0.15,1106,2026-03-25 01:44:00,1121,2026-03-25 02:44:00,1151,2026-03-25 04:44:00,1211,2026-03-25 08:44:00
1094,2026-03-25 00:56:00,train,735,1094,360,24,0.15,1109,2026-03-25 01:56:00,1124,2026-03-25 02:56:00,1154,2026-03-25 04:56:00,1214,2026-03-25 08:56:00
1095,2026-03-25 01:00:00,train,736,1095,360,24,0.15,1110,2026-03-25 02:00:00,1125,2026-03-25 03:00:00,1155,2026-03-25 05:00:00,1215,2026-03-25 09:00:00
1096,2026-03-25 01:04:00,train,737,1096,360,24,0.15,1111,2026-03-25 02:04:00,1126,2026-03-25 03:04:00,1156,2026-03-25 05:04:00,1216,2026-03-25 09:04:00
1097,2026-03-25 01:08:00,train,738,1097,360,24,0.15,1112,2026-03-25 02:08:00,1127,2026-03-25 03:08:00,1157,2026-03-25 05:08:00,1217,2026-03-25 09:08:00
1100,2026-03-25 01:20:00,train,741,1100,360,24,0.15,1115,2026-03-25 02:20:00,1130,2026-03-25 03:20:00,1160,2026-03-25 05:20:00,1220,2026-03-25 09:20:00
1102,2026-03-25 01:28:00,train,743,1102,360,24,0.15,1117,2026-03-25 02:28:00,1132,2026-03-25 03:28:00,1162,2026-03-25 05:28:00,1222,2026-03-25 09:28:00
1104,2026-03-25 01:36:00,train,745,1104,360,24,0.15,1119,2026-03-25 02:36:00,1134,2026-03-25 03:36:00,1164,2026-03-25 05:36:00,1224,2026-03-25 09:36:00
1105,2026-03-25 01:40:00,train,746,1105,360,24,0.15,1120,2026-03-25 02:40:00,1135,2026-03-25 03:40:00,1165,2026-03-25 05:40:00,1225,2026-03-25 09:40:00
1106,2026-03-25 01:44:00,train,747,1106,360,24,0.15,1121,2026-03-25 02:44:00,1136,2026-03-25 03:44:00,1166,2026-03-25 05:44:00,1226,2026-03-25 09:44:00
1109,2026-03-25 01:56:00,train,750,1109,360,24,0.15,1124,2026-03-25 02:56:00,1139,2026-03-25 03:56:00,1169,2026-03-25 05:56:00,1229,2026-03-25 09:56:00
1110,2026-03-25 02:00:00,train,751,1110,360,24,0.15,1125,2026-03-25 03:00:00,1140,2026-03-25 04:00:00,1170,2026-03-25 06:00:00,1230,2026-03-25 10:00:00
1111,2026-03-25 02:04:00,train,752,1111,360,24,0.15,1126,2026-03-25 03:04:00,1141,2026-03-25 04:04:00,1171,2026-03-25 06:04:00,1231,2026-03-25 10:04:00
1113,2026-03-25 02:12:00,train,754,1113,360,24,0.15,1128,2026-03-25 03:12:00,1143,2026-03-25 04:12:00,1173,2026-03-25 06:12:00,1233,2026-03-25 10:12:00
1114,2026-03-25 02:16:00,train,755,1114,360,24,0.15,1129,2026-03-25 03:16:00,1144,2026-03-25 04:16:00,1174,2026-03-25 06:16:00,1234,2026-03-25 10:16:00
1115,2026-03-25 02:20:00,train,756,1115,360,24,0.15,1130,2026-03-25 03:20:00,1145,2026-03-25 04:20:00,1175,2026-03-25 06:20:00,1235,2026-03-25 10:20:00
1116,2026-03-25 02:24:00,train,757,1116,360,24,0.15,1131,2026-03-25 03:24:00,1146,2026-03-25 04:24:00,1176,2026-03-25 06:24:00,1236,2026-03-25 10:24:00
1117,2026-03-25 02:28:00,train,758,1117,360,24,0.15,1132,2026-03-25 03:28:00,1147,2026-03-25 04:28:00,1177,2026-03-25 06:28:00,1237,2026-03-25 10:28:00
1121,2026-03-25 02:44:00,train,762,1121,360,24,0.15,1136,2026-03-25 03:44:00,1151,2026-03-25 04:44:00,1181,2026-03-25 06:44:00,1241,2026-03-25 10:44:00
1124,2026-03-25 02:56:00,train,765,1124,360,24,0.15,1139,2026-03-25 03:56:00,1154,2026-03-25 04:56:00,1184,2026-03-25 06:56:00,1244,2026-03-25 10:56:00
1132,2026-03-25 03:28:00,train,773,1132,360,24,0.15,1147,2026-03-25 04:28:00,1162,2026-03-25 05:28:00,1192,2026-03-25 07:28:00,1252,2026-03-25 11:28:00
1134,2026-03-25 03:36:00,train,775,1134,360,24,0.15,1149,2026-03-25 04:36:00,1164,2026-03-25 05:36:00,1194,2026-03-25 07:36:00,1254,2026-03-25 11:36:00
1135,2026-03-25 03:40:00,train,776,1135,360,24,0.15,1150,2026-03-25 04:40:00,1165,2026-03-25 05:40:00,1195,2026-03-25 07:40:00,1255,2026-03-25 11:40:00
1136,2026-03-25 03:44:00,train,777,1136,360,24,0.15,1151,2026-03-25 04:44:00,1166,2026-03-25 05:44:00,1196,2026-03-25 07:44:00,1256,2026-03-25 11:44:00
1141,2026-03-25 04:04:00,train,782,1141,360,24,0.15,1156,2026-03-25 05:04:00,1171,2026-03-25 06:04:00,1201,2026-03-25 08:04:00,1261,2026-03-25 12:04:00
1144,2026-03-25 04:16:00,train,785,1144,360,24,0.15,1159,2026-03-25 05:16:00,1174,2026-03-25 06:16:00,1204,2026-03-25 08:16:00,1264,2026-03-25 12:16:00
1145,2026-03-25 04:20:00,train,786,1145,360,24,0.15,1160,2026-03-25 05:20:00,1175,2026-03-25 06:20:00,1205,2026-03-25 08:20:00,1265,2026-03-25 12:20:00
1151,2026-03-25 04:44:00,train,792,1151,360,24,0.15,1166,2026-03-25 05:44:00,1181,2026-03-25 06:44:00,1211,2026-03-25 08:44:00,1271,2026-03-25 12:44:00
1166,2026-03-25 05:44:00,train,807,1166,360,24,0.15,1181,2026-03-25 06:44:00,1196,2026-03-25 07:44:00,1226,2026-03-25 09:44:00,1286,2026-03-25 13:44:00
1168,2026-03-25 05:52:00,train,809,1168,360,24,0.15,1183,2026-03-25 06:52:00,1198,2026-03-25 07:52:00,1228,2026-03-25 09:52:00,1288,2026-03-25 13:52:00
1171,2026-03-25 06:04:00,train,812,1171,360,24,0.15,1186,2026-03-25 07:04:00,1201,2026-03-25 08:04:00,1231,2026-03-25 10:04:00,1291,2026-03-25 14:04:00
1180,2026-03-25 06:40:00,train,821,1180,360,24,0.15,1195,2026-03-25 07:40:00,1210,2026-03-25 08:40:00,1240,2026-03-25 10:40:00,1300,2026-03-25 14:40:00
1181,2026-03-25 06:44:00,train,822,1181,360,24,0.15,1196,2026-03-25 07:44:00,1211,2026-03-25 08:44:00,1241,2026-03-25 10:44:00,1301,2026-03-25 14:44:00
1183,2026-03-25 06:52:00,train,824,1183,360,24,0.15,1198,2026-03-25 07:52:00,1213,2026-03-25 08:52:00,1243,2026-03-25 10:52:00,1303,2026-03-25 14:52:00
1184,2026-03-25 06:56:00,train,825,1184,360,24,0.15,1199,2026-03-25 07:56:00,1214,2026-03-25 08:56:00,1244,2026-03-25 10:56:00,1304,2026-03-25 14:56:00
4117,2026-04-02 10:28:00,train,3758,4117,360,24,0.15,4132,2026-04-02 11:28:00,4147,2026-04-02 12:28:00,4177,2026-04-02 14:28:00,4237,2026-04-02 18:28:00
4128,2026-04-02 11:12:00,train,3769,4128,360,24,0.15,4143,2026-04-02 12:12:00,4158,2026-04-02 13:12:00,4188,2026-04-02 15:12:00,4248,2026-04-02 19:12:00
4130,2026-04-02 11:20:00,train,3771,4130,360,24,0.15,4145,2026-04-02 12:20:00,4160,2026-04-02 13:20:00,4190,2026-04-02 15:20:00,4250,2026-04-02 19:20:00
4131,2026-04-02 11:24:00,train,3772,4131,360,24,0.15,4146,2026-04-02 12:24:00,4161,2026-04-02 13:24:00,4191,2026-04-02 15:24:00,4251,2026-04-02 19:24:00
4137,2026-04-02 11:48:00,train,3778,4137,360,24,0.15,4152,2026-04-02 12:48:00,4167,2026-04-02 13:48:00,4197,2026-04-02 15:48:00,4257,2026-04-02 19:48:00
9620,2026-04-17 17:20:00,train,9261,9620,360,24,0.15,9635,2026-04-17 18:20:00,9650,2026-04-17 19:20:00,9680,2026-04-17 21:20:00,9740,2026-04-18 01:20:00
9621,2026-04-17 17:24:00,train,9262,9621,360,24,0.15,9636,2026-04-17 18:24:00,9651,2026-04-17 19:24:00,9681,2026-04-17 21:24:00,9741,2026-04-18 01:24:00
9625,2026-04-17 17:40:00,train,9266,9625,360,24,0.15,9640,2026-04-17 18:40:00,9655,2026-04-17 19:40:00,9685,2026-04-17 21:40:00,9745,2026-04-18 01:40:00
9627,2026-04-17 17:48:00,train,9268,9627,360,24,0.15,9642,2026-04-17 18:48:00,9657,2026-04-17 19:48:00,9687,2026-04-17 21:48:00,9747,2026-04-18 01:48:00
9630,2026-04-17 18:00:00,train,9271,9630,360,24,0.15,9645,2026-04-17 19:00:00,9660,2026-04-17 20:00:00,9690,2026-04-17 22:00:00,9750,2026-04-18 02:00:00
9631,2026-04-17 18:04:00,train,9272,9631,360,24,0.15,9646,2026-04-17 19:04:00,9661,2026-04-17 20:04:00,9691,2026-04-17 22:04:00,9751,2026-04-18 02:04:00
9634,2026-04-17 18:16:00,train,9275,9634,360,24,0.15,9649,2026-04-17 19:16:00,9664,2026-04-17 20:16:00,9694,2026-04-17 22:16:00,9754,2026-04-18 02:16:00
9635,2026-04-17 18:20:00,train,9276,9635,360,24,0.15,9650,2026-04-17 19:20:00,9665,2026-04-17 20:20:00,9695,2026-04-17 22:20:00,9755,2026-04-18 02:20:00
9636,2026-04-17 18:24:00,train,9277,9636,360,24,0.15,9651,2026-04-17 19:24:00,9666,2026-04-17 20:24:00,9696,2026-04-17 22:24:00,9756,2026-04-18 02:24:00
9637,2026-04-17 18:28:00,train,9278,9637,360,24,0.15,9652,2026-04-17 19:28:00,9667,2026-04-17 20:28:00,9697,2026-04-17 22:28:00,9757,2026-04-18 02:28:00
9643,2026-04-17 18:52:00,train,9284,9643,360,24,0.15,9658,2026-04-17 19:52:00,9673,2026-04-17 20:52:00,9703,2026-04-17 22:52:00,9763,2026-04-18 02:52:00
9644,2026-04-17 18:56:00,train,9285,9644,360,24,0.15,9659,2026-04-17 19:56:00,9674,2026-04-17 20:56:00,9704,2026-04-17 22:56:00,9764,2026-04-18 02:56:00
9645,2026-04-17 19:00:00,train,9286,9645,360,24,0.15,9660,2026-04-17 20:00:00,9675,2026-04-17 21:00:00,9705,2026-04-17 23:00:00,9765,2026-04-18 03:00:00
9646,2026-04-17 19:04:00,train,9287,9646,360,24,0.15,9661,2026-04-17 20:04:00,9676,2026-04-17 21:04:00,9706,2026-04-17 23:04:00,9766,2026-04-18 03:04:00
9652,2026-04-17 19:28:00,train,9293,9652,360,24,0.15,9667,2026-04-17 20:28:00,9682,2026-04-17 21:28:00,9712,2026-04-17 23:28:00,9772,2026-04-18 03:28:00
9656,2026-04-17 19:44:00,train,9297,9656,360,24,0.15,9671,2026-04-17 20:44:00,9686,2026-04-17 21:44:00,9716,2026-04-17 23:44:00,9776,2026-04-18 03:44:00
9658,2026-04-17 19:52:00,train,9299,9658,360,24,0.15,9673,2026-04-17 20:52:00,9688,2026-04-17 21:52:00,9718,2026-04-17 23:52:00,9778,2026-04-18 03:52:00
9661,2026-04-17 20:04:00,train,9302,9661,360,24,0.15,9676,2026-04-17 21:04:00,9691,2026-04-17 22:04:00,9721,2026-04-18 00:04:00,9781,2026-04-18 04:04:00
9665,2026-04-17 20:20:00,train,9306,9665,360,24,0.15,9680,2026-04-17 21:20:00,9695,2026-04-17 22:20:00,9725,2026-04-18 00:20:00,9785,2026-04-18 04:20:00
9666,2026-04-17 20:24:00,train,9307,9666,360,24,0.15,9681,2026-04-17 21:24:00,9696,2026-04-17 22:24:00,9726,2026-04-18 00:24:00,9786,2026-04-18 04:24:00
9670,2026-04-17 20:40:00,train,9311,9670,360,24,0.15,9685,2026-04-17 21:40:00,9700,2026-04-17 22:40:00,9730,2026-04-18 00:40:00,9790,2026-04-18 04:40:00
9671,2026-04-17 20:44:00,train,9312,9671,360,24,0.15,9686,2026-04-17 21:44:00,9701,2026-04-17 22:44:00,9731,2026-04-18 00:44:00,9791,2026-04-18 04:44:00
9672,2026-04-17 20:48:00,train,9313,9672,360,24,0.15,9687,2026-04-17 21:48:00,9702,2026-04-17 22:48:00,9732,2026-04-18 00:48:00,9792,2026-04-18 04:48:00
9673,2026-04-17 20:52:00,train,9314,9673,360,24,0.15,9688,2026-04-17 21:52:00,9703,2026-04-17 22:52:00,9733,2026-04-18 00:52:00,9793,2026-04-18 04:52:00
9674,2026-04-17 20:56:00,train,9315,9674,360,24,0.15,9689,2026-04-17 21:56:00,9704,2026-04-17 22:56:00,9734,2026-04-18 00:56:00,9794,2026-04-18 04:56:00
9675,2026-04-17 21:00:00,train,9316,9675,360,24,0.15,9690,2026-04-17 22:00:00,9705,2026-04-17 23:00:00,9735,2026-04-18 01:00:00,9795,2026-04-18 05:00:00
9676,2026-04-17 21:04:00,train,9317,9676,360,24,0.15,9691,2026-04-17 22:04:00,9706,2026-04-17 23:04:00,9736,2026-04-18 01:04:00,9796,2026-04-18 05:04:00
9677,2026-04-17 21:08:00,train,9318,9677,360,24,0.15,9692,2026-04-17 22:08:00,9707,2026-04-17 23:08:00,9737,2026-04-18 01:08:00,9797,2026-04-18 05:08:00
9678,2026-04-17 21:12:00,train,9319,9678,360,24,0.15,9693,2026-04-17 22:12:00,9708,2026-04-17 23:12:00,9738,2026-04-18 01:12:00,9798,2026-04-18 05:12:00
9679,2026-04-17 21:16:00,train,9320,9679,360,24,0.15,9694,2026-04-17 22:16:00,9709,2026-04-17 23:16:00,9739,2026-04-18 01:16:00,9799,2026-04-18 05:16:00
9681,2026-04-17 21:24:00,train,9322,9681,360,24,0.15,9696,2026-04-17 22:24:00,9711,2026-04-17 23:24:00,9741,2026-04-18 01:24:00,9801,2026-04-18 05:24:00
9682,2026-04-17 21:28:00,train,9323,9682,360,24,0.15,9697,2026-04-17 22:28:00,9712,2026-04-17 23:28:00,9742,2026-04-18 01:28:00,9802,2026-04-18 05:28:00
9683,2026-04-17 21:32:00,train,9324,9683,360,24,0.15,9698,2026-04-17 22:32:00,9713,2026-04-17 23:32:00,9743,2026-04-18 01:32:00,9803,2026-04-18 05:32:00
9685,2026-04-17 21:40:00,train,9326,9685,360,24,0.15,9700,2026-04-17 22:40:00,9715,2026-04-17 23:40:00,9745,2026-04-18 01:40:00,9805,2026-04-18 05:40:00
9686,2026-04-17 21:44:00,train,9327,9686,360,24,0.15,9701,2026-04-17 22:44:00,9716,2026-04-17 23:44:00,9746,2026-04-18 01:44:00,9806,2026-04-18 05:44:00
9694,2026-04-17 22:16:00,train,9335,9694,360,24,0.15,9709,2026-04-17 23:16:00,9724,2026-04-18 00:16:00,9754,2026-04-18 02:16:00,9814,2026-04-18 06:16:00
9696,2026-04-17 22:24:00,train,9337,9696,360,24,0.15,9711,2026-04-17 23:24:00,9726,2026-04-18 00:24:00,9756,2026-04-18 02:24:00,9816,2026-04-18 06:24:00
9701,2026-04-17 22:44:00,train,9342,9701,360,24,0.15,9716,2026-04-17 23:44:00,9731,2026-04-18 00:44:00,9761,2026-04-18 02:44:00,9821,2026-04-18 06:44:00
9703,2026-04-17 22:52:00,train,9344,9703,360,24,0.15,9718,2026-04-17 23:52:00,9733,2026-04-18 00:52:00,9763,2026-04-18 02:52:00,9823,2026-04-18 06:52:00
9704,2026-04-17 22:56:00,train,9345,9704,360,24,0.15,9719,2026-04-17 23:56:00,9734,2026-04-18 00:56:00,9764,2026-04-18 02:56:00,9824,2026-04-18 06:56:00
9706,2026-04-17 23:04:00,train,9347,9706,360,24,0.15,9721,2026-04-18 00:04:00,9736,2026-04-18 01:04:00,9766,2026-04-18 03:04:00,9826,2026-04-18 07:04:00
9707,2026-04-17 23:08:00,train,9348,9707,360,24,0.15,9722,2026-04-18 00:08:00,9737,2026-04-18 01:08:00,9767,2026-04-18 03:08:00,9827,2026-04-18 07:08:00
9708,2026-04-17 23:12:00,train,9349,9708,360,24,0.15,9723,2026-04-18 00:12:00,9738,2026-04-18 01:12:00,9768,2026-04-18 03:12:00,9828,2026-04-18 07:12:00
9715,2026-04-17 23:40:00,train,9356,9715,360,24,0.15,9730,2026-04-18 00:40:00,9745,2026-04-18 01:40:00,9775,2026-04-18 03:40:00,9835,2026-04-18 07:40:00
9716,2026-04-17 23:44:00,train,9357,9716,360,24,0.15,9731,2026-04-18 00:44:00,9746,2026-04-18 01:44:00,9776,2026-04-18 03:44:00,9836,2026-04-18 07:44:00
9717,2026-04-17 23:48:00,train,9358,9717,360,24,0.15,9732,2026-04-18 00:48:00,9747,2026-04-18 01:48:00,9777,2026-04-18 03:48:00,9837,2026-04-18 07:48:00
9720,2026-04-18 00:00:00,train,9361,9720,360,24,0.15,9735,2026-04-18 01:00:00,9750,2026-04-18 02:00:00,9780,2026-04-18 04:00:00,9840,2026-04-18 08:00:00
9721,2026-04-18 00:04:00,train,9362,9721,360,24,0.15,9736,2026-04-18 01:04:00,9751,2026-04-18 02:04:00,9781,2026-04-18 04:04:00,9841,2026-04-18 08:04:00
9725,2026-04-18 00:20:00,train,9366,9725,360,24,0.15,9740,2026-04-18 01:20:00,9755,2026-04-18 02:20:00,9785,2026-04-18 04:20:00,9845,2026-04-18 08:20:00
9726,2026-04-18 00:24:00,train,9367,9726,360,24,0.15,9741,2026-04-18 01:24:00,9756,2026-04-18 02:24:00,9786,2026-04-18 04:24:00,9846,2026-04-18 08:24:00
9727,2026-04-18 00:28:00,train,9368,9727,360,24,0.15,9742,2026-04-18 01:28:00,9757,2026-04-18 02:28:00,9787,2026-04-18 04:28:00,9847,2026-04-18 08:28:00
9728,2026-04-18 00:32:00,train,9369,9728,360,24,0.15,9743,2026-04-18 01:32:00,9758,2026-04-18 02:32:00,9788,2026-04-18 04:32:00,9848,2026-04-18 08:32:00
9731,2026-04-18 00:44:00,train,9372,9731,360,24,0.15,9746,2026-04-18 01:44:00,9761,2026-04-18 02:44:00,9791,2026-04-18 04:44:00,9851,2026-04-18 08:44:00
9732,2026-04-18 00:48:00,train,9373,9732,360,24,0.15,9747,2026-04-18 01:48:00,9762,2026-04-18 02:48:00,9792,2026-04-18 04:48:00,9852,2026-04-18 08:48:00
9735,2026-04-18 01:00:00,train,9376,9735,360,24,0.15,9750,2026-04-18 02:00:00,9765,2026-04-18 03:00:00,9795,2026-04-18 05:00:00,9855,2026-04-18 09:00:00
9736,2026-04-18 01:04:00,train,9377,9736,360,24,0.15,9751,2026-04-18 02:04:00,9766,2026-04-18 03:04:00,9796,2026-04-18 05:04:00,9856,2026-04-18 09:04:00
9742,2026-04-18 01:28:00,train,9383,9742,360,24,0.15,9757,2026-04-18 02:28:00,9772,2026-04-18 03:28:00,9802,2026-04-18 05:28:00,9862,2026-04-18 09:28:00
9743,2026-04-18 01:32:00,train,9384,9743,360,24,0.15,9758,2026-04-18 02:32:00,9773,2026-04-18 03:32:00,9803,2026-04-18 05:32:00,9863,2026-04-18 09:32:00
9745,2026-04-18 01:40:00,train,9386,9745,360,24,0.15,9760,2026-04-18 02:40:00,9775,2026-04-18 03:40:00,9805,2026-04-18 05:40:00,9865,2026-04-18 09:40:00
9746,2026-04-18 01:44:00,train,9387,9746,360,24,0.15,9761,2026-04-18 02:44:00,9776,2026-04-18 03:44:00,9806,2026-04-18 05:44:00,9866,2026-04-18 09:44:00
9748,2026-04-18 01:52:00,train,9389,9748,360,24,0.15,9763,2026-04-18 02:52:00,9778,2026-04-18 03:52:00,9808,2026-04-18 05:52:00,9868,2026-04-18 09:52:00
9761,2026-04-18 02:44:00,train,9402,9761,360,24,0.15,9776,2026-04-18 03:44:00,9791,2026-04-18 04:44:00,9821,2026-04-18 06:44:00,9881,2026-04-18 10:44:00
9762,2026-04-18 02:48:00,train,9403,9762,360,24,0.15,9777,2026-04-18 03:48:00,9792,2026-04-18 04:48:00,9822,2026-04-18 06:48:00,9882,2026-04-18 10:48:00
9765,2026-04-18 03:00:00,train,9406,9765,360,24,0.15,9780,2026-04-18 04:00:00,9795,2026-04-18 05:00:00,9825,2026-04-18 07:00:00,9885,2026-04-18 11:00:00
9766,2026-04-18 03:04:00,train,9407,9766,360,24,0.15,9781,2026-04-18 04:04:00,9796,2026-04-18 05:04:00,9826,2026-04-18 07:04:00,9886,2026-04-18 11:04:00
9767,2026-04-18 03:08:00,train,9408,9767,360,24,0.15,9782,2026-04-18 04:08:00,9797,2026-04-18 05:08:00,9827,2026-04-18 07:08:00,9887,2026-04-18 11:08:00
9768,2026-04-18 03:12:00,train,9409,9768,360,24,0.15,9783,2026-04-18 04:12:00,9798,2026-04-18 05:12:00,9828,2026-04-18 07:12:00,9888,2026-04-18 11:12:00
9772,2026-04-18 03:28:00,train,9413,9772,360,24,0.15,9787,2026-04-18 04:28:00,9802,2026-04-18 05:28:00,9832,2026-04-18 07:28:00,9892,2026-04-18 11:28:00
9778,2026-04-18 03:52:00,train,9419,9778,360,24,0.15,9793,2026-04-18 04:52:00,9808,2026-04-18 05:52:00,9838,2026-04-18 07:52:00,9898,2026-04-18 11:52:00
10412,2026-04-19 22:08:00,train,10053,10412,360,24,0.15,10427,2026-04-19 23:08:00,10442,2026-04-20 00:08:00,10472,2026-04-20 02:08:00,10532,2026-04-20 06:08:00
10416,2026-04-19 22:24:00,train,10057,10416,360,24,0.15,10431,2026-04-19 23:24:00,10446,2026-04-20 00:24:00,10476,2026-04-20 02:24:00,10536,2026-04-20 06:24:00
10417,2026-04-19 22:28:00,train,10058,10417,360,24,0.15,10432,2026-04-19 23:28:00,10447,2026-04-20 00:28:00,10477,2026-04-20 02:28:00,10537,2026-04-20 06:28:00
10418,2026-04-19 22:32:00,train,10059,10418,360,24,0.15,10433,2026-04-19 23:32:00,10448,2026-04-20 00:32:00,10478,2026-04-20 02:32:00,10538,2026-04-20 06:32:00
10419,2026-04-19 22:36:00,train,10060,10419,360,24,0.15,10434,2026-04-19 23:36:00,10449,2026-04-20 00:36:00,10479,2026-04-20 02:36:00,10539,2026-04-20 06:36:00
10420,2026-04-19 22:40:00,train,10061,10420,360,24,0.15,10435,2026-04-19 23:40:00,10450,2026-04-20 00:40:00,10480,2026-04-20 02:40:00,10540,2026-04-20 06:40:00
10421,2026-04-19 22:44:00,train,10062,10421,360,24,0.15,10436,2026-04-19 23:44:00,10451,2026-04-20 00:44:00,10481,2026-04-20 02:44:00,10541,2026-04-20 06:44:00
10422,2026-04-19 22:48:00,train,10063,10422,360,24,0.15,10437,2026-04-19 23:48:00,10452,2026-04-20 00:48:00,10482,2026-04-20 02:48:00,10542,2026-04-20 06:48:00
10424,2026-04-19 22:56:00,train,10065,10424,360,24,0.15,10439,2026-04-19 23:56:00,10454,2026-04-20 00:56:00,10484,2026-04-20 02:56:00,10544,2026-04-20 06:56:00
10425,2026-04-19 23:00:00,train,10066,10425,360,24,0.15,10440,2026-04-20 00:00:00,10455,2026-04-20 01:00:00,10485,2026-04-20 03:00:00,10545,2026-04-20 07:00:00
10426,2026-04-19 23:04:00,train,10067,10426,360,24,0.15,10441,2026-04-20 00:04:00,10456,2026-04-20 01:04:00,10486,2026-04-20 03:04:00,10546,2026-04-20 07:04:00
10427,2026-04-19 23:08:00,train,10068,10427,360,24,0.15,10442,2026-04-20 00:08:00,10457,2026-04-20 01:08:00,10487,2026-04-20 03:08:00,10547,2026-04-20 07:08:00
10431,2026-04-19 23:24:00,train,10072,10431,360,24,0.15,10446,2026-04-20 00:24:00,10461,2026-04-20 01:24:00,10491,2026-04-20 03:24:00,10551,2026-04-20 07:24:00
10432,2026-04-19 23:28:00,train,10073,10432,360,24,0.15,10447,2026-04-20 00:28:00,10462,2026-04-20 01:28:00,10492,2026-04-20 03:28:00,10552,2026-04-20 07:28:00
10433,2026-04-19 23:32:00,train,10074,10433,360,24,0.15,10448,2026-04-20 00:32:00,10463,2026-04-20 01:32:00,10493,2026-04-20 03:32:00,10553,2026-04-20 07:32:00
10435,2026-04-19 23:40:00,train,10076,10435,360,24,0.15,10450,2026-04-20 00:40:00,10465,2026-04-20 01:40:00,10495,2026-04-20 03:40:00,10555,2026-04-20 07:40:00
10436,2026-04-19 23:44:00,train,10077,10436,360,24,0.15,10451,2026-04-20 00:44:00,10466,2026-04-20 01:44:00,10496,2026-04-20 03:44:00,10556,2026-04-20 07:44:00
10437,2026-04-19 23:48:00,train,10078,10437,360,24,0.15,10452,2026-04-20 00:48:00,10467,2026-04-20 01:48:00,10497,2026-04-20 03:48:00,10557,2026-04-20 07:48:00
10438,2026-04-19 23:52:00,train,10079,10438,360,24,0.15,10453,2026-04-20 00:52:00,10468,2026-04-20 01:52:00,10498,2026-04-20 03:52:00,10558,2026-04-20 07:52:00
10440,2026-04-20 00:00:00,train,10081,10440,360,24,0.15,10455,2026-04-20 01:00:00,10470,2026-04-20 02:00:00,10500,2026-04-20 04:00:00,10560,2026-04-20 08:00:00
10441,2026-04-20 00:04:00,train,10082,10441,360,24,0.15,10456,2026-04-20 01:04:00,10471,2026-04-20 02:04:00,10501,2026-04-20 04:04:00,10561,2026-04-20 08:04:00
10442,2026-04-20 00:08:00,train,10083,10442,360,24,0.15,10457,2026-04-20 01:08:00,10472,2026-04-20 02:08:00,10502,2026-04-20 04:08:00,10562,2026-04-20 08:08:00
10447,2026-04-20 00:28:00,train,10088,10447,360,24,0.15,10462,2026-04-20 01:28:00,10477,2026-04-20 02:28:00,10507,2026-04-20 04:28:00,10567,2026-04-20 08:28:00
10448,2026-04-20 00:32:00,train,10089,10448,360,24,0.15,10463,2026-04-20 01:32:00,10478,2026-04-20 02:32:00,10508,2026-04-20 04:32:00,10568,2026-04-20 08:32:00
10450,2026-04-20 00:40:00,train,10091,10450,360,24,0.15,10465,2026-04-20 01:40:00,10480,2026-04-20 02:40:00,10510,2026-04-20 04:40:00,10570,2026-04-20 08:40:00
10451,2026-04-20 00:44:00,train,10092,10451,360,24,0.15,10466,2026-04-20 01:44:00,10481,2026-04-20 02:44:00,10511,2026-04-20 04:44:00,10571,2026-04-20 08:44:00
10452,2026-04-20 00:48:00,train,10093,10452,360,24,0.15,10467,2026-04-20 01:48:00,10482,2026-04-20 02:48:00,10512,2026-04-20 04:48:00,10572,2026-04-20 08:48:00
10455,2026-04-20 01:00:00,train,10096,10455,360,24,0.15,10470,2026-04-20 02:00:00,10485,2026-04-20 03:00:00,10515,2026-04-20 05:00:00,10575,2026-04-20 09:00:00
10456,2026-04-20 01:04:00,train,10097,10456,360,24,0.15,10471,2026-04-20 02:04:00,10486,2026-04-20 03:04:00,10516,2026-04-20 05:04:00,10576,2026-04-20 09:04:00
10457,2026-04-20 01:08:00,train,10098,10457,360,24,0.15,10472,2026-04-20 02:08:00,10487,2026-04-20 03:08:00,10517,2026-04-20 05:08:00,10577,2026-04-20 09:08:00
10459,2026-04-20 01:16:00,train,10100,10459,360,24,0.15,10474,2026-04-20 02:16:00,10489,2026-04-20 03:16:00,10519,2026-04-20 05:16:00,10579,2026-04-20 09:16:00
10462,2026-04-20 01:28:00,train,10103,10462,360,24,0.15,10477,2026-04-20 02:28:00,10492,2026-04-20 03:28:00,10522,2026-04-20 05:28:00,10582,2026-04-20 09:28:00
10463,2026-04-20 01:32:00,train,10104,10463,360,24,0.15,10478,2026-04-20 02:32:00,10493,2026-04-20 03:32:00,10523,2026-04-20 05:32:00,10583,2026-04-20 09:32:00
10464,2026-04-20 01:36:00,train,10105,10464,360,24,0.15,10479,2026-04-20 02:36:00,10494,2026-04-20 03:36:00,10524,2026-04-20 05:36:00,10584,2026-04-20 09:36:00
10465,2026-04-20 01:40:00,train,10106,10465,360,24,0.15,10480,2026-04-20 02:40:00,10495,2026-04-20 03:40:00,10525,2026-04-20 05:40:00,10585,2026-04-20 09:40:00
10467,2026-04-20 01:48:00,train,10108,10467,360,24,0.15,10482,2026-04-20 02:48:00,10497,2026-04-20 03:48:00,10527,2026-04-20 05:48:00,10587,2026-04-20 09:48:00
10469,2026-04-20 01:56:00,train,10110,10469,360,24,0.15,10484,2026-04-20 02:56:00,10499,2026-04-20 03:56:00,10529,2026-04-20 05:56:00,10589,2026-04-20 09:56:00
10470,2026-04-20 02:00:00,train,10111,10470,360,24,0.15,10485,2026-04-20 03:00:00,10500,2026-04-20 04:00:00,10530,2026-04-20 06:00:00,10590,2026-04-20 10:00:00
10471,2026-04-20 02:04:00,train,10112,10471,360,24,0.15,10486,2026-04-20 03:04:00,10501,2026-04-20 04:04:00,10531,2026-04-20 06:04:00,10591,2026-04-20 10:04:00
10472,2026-04-20 02:08:00,train,10113,10472,360,24,0.15,10487,2026-04-20 03:08:00,10502,2026-04-20 04:08:00,10532,2026-04-20 06:08:00,10592,2026-04-20 10:08:00
10474,2026-04-20 02:16:00,train,10115,10474,360,24,0.15,10489,2026-04-20 03:16:00,10504,2026-04-20 04:16:00,10534,2026-04-20 06:16:00,10594,2026-04-20 10:16:00
10475,2026-04-20 02:20:00,train,10116,10475,360,24,0.15,10490,2026-04-20 03:20:00,10505,2026-04-20 04:20:00,10535,2026-04-20 06:20:00,10595,2026-04-20 10:20:00
10476,2026-04-20 02:24:00,train,10117,10476,360,24,0.15,10491,2026-04-20 03:24:00,10506,2026-04-20 04:24:00,10536,2026-04-20 06:24:00,10596,2026-04-20 10:24:00
10477,2026-04-20 02:28:00,train,10118,10477,360,24,0.15,10492,2026-04-20 03:28:00,10507,2026-04-20 04:28:00,10537,2026-04-20 06:28:00,10597,2026-04-20 10:28:00
10479,2026-04-20 02:36:00,train,10120,10479,360,24,0.15,10494,2026-04-20 03:36:00,10509,2026-04-20 04:36:00,10539,2026-04-20 06:36:00,10599,2026-04-20 10:36:00
10480,2026-04-20 02:40:00,train,10121,10480,360,24,0.15,10495,2026-04-20 03:40:00,10510,2026-04-20 04:40:00,10540,2026-04-20 06:40:00,10600,2026-04-20 10:40:00
10481,2026-04-20 02:44:00,train,10122,10481,360,24,0.15,10496,2026-04-20 03:44:00,10511,2026-04-20 04:44:00,10541,2026-04-20 06:44:00,10601,2026-04-20 10:44:00
10482,2026-04-20 02:48:00,train,10123,10482,360,24,0.15,10497,2026-04-20 03:48:00,10512,2026-04-20 04:48:00,10542,2026-04-20 06:48:00,10602,2026-04-20 10:48:00
10483,2026-04-20 02:52:00,train,10124,10483,360,24,0.15,10498,2026-04-20 03:52:00,10513,2026-04-20 04:52:00,10543,2026-04-20 06:52:00,10603,2026-04-20 10:52:00
10484,2026-04-20 02:56:00,train,10125,10484,360,24,0.15,10499,2026-04-20 03:56:00,10514,2026-04-20 04:56:00,10544,2026-04-20 06:56:00,10604,2026-04-20 10:56:00
10485,2026-04-20 03:00:00,train,10126,10485,360,24,0.15,10500,2026-04-20 04:00:00,10515,2026-04-20 05:00:00,10545,2026-04-20 07:00:00,10605,2026-04-20 11:00:00
10487,2026-04-20 03:08:00,train,10128,10487,360,24,0.15,10502,2026-04-20 04:08:00,10517,2026-04-20 05:08:00,10547,2026-04-20 07:08:00,10607,2026-04-20 11:08:00
10491,2026-04-20 03:24:00,train,10132,10491,360,24,0.15,10506,2026-04-20 04:24:00,10521,2026-04-20 05:24:00,10551,2026-04-20 07:24:00,10611,2026-04-20 11:24:00
10492,2026-04-20 03:28:00,train,10133,10492,360,24,0.15,10507,2026-04-20 04:28:00,10522,2026-04-20 05:28:00,10552,2026-04-20 07:28:00,10612,2026-04-20 11:28:00
10493,2026-04-20 03:32:00,train,10134,10493,360,24,0.15,10508,2026-04-20 04:32:00,10523,2026-04-20 05:32:00,10553,2026-04-20 07:32:00,10613,2026-04-20 11:32:00
10494,2026-04-20 03:36:00,train,10135,10494,360,24,0.15,10509,2026-04-20 04:36:00,10524,2026-04-20 05:36:00,10554,2026-04-20 07:36:00,10614,2026-04-20 11:36:00
10499,2026-04-20 03:56:00,train,10140,10499,360,24,0.15,10514,2026-04-20 04:56:00,10529,2026-04-20 05:56:00,10559,2026-04-20 07:56:00,10619,2026-04-20 11:56:00
10500,2026-04-20 04:00:00,train,10141,10500,360,24,0.15,10515,2026-04-20 05:00:00,10530,2026-04-20 06:00:00,10560,2026-04-20 08:00:00,10620,2026-04-20 12:00:00
10501,2026-04-20 04:04:00,train,10142,10501,360,24,0.15,10516,2026-04-20 05:04:00,10531,2026-04-20 06:04:00,10561,2026-04-20 08:04:00,10621,2026-04-20 12:04:00
10502,2026-04-20 04:08:00,train,10143,10502,360,24,0.15,10517,2026-04-20 05:08:00,10532,2026-04-20 06:08:00,10562,2026-04-20 08:08:00,10622,2026-04-20 12:08:00
10509,2026-04-20 04:36:00,train,10150,10509,360,24,0.15,10524,2026-04-20 05:36:00,10539,2026-04-20 06:36:00,10569,2026-04-20 08:36:00,10629,2026-04-20 12:36:00
10510,2026-04-20 04:40:00,train,10151,10510,360,24,0.15,10525,2026-04-20 05:40:00,10540,2026-04-20 06:40:00,10570,2026-04-20 08:40:00,10630,2026-04-20 12:40:00
10513,2026-04-20 04:52:00,train,10154,10513,360,24,0.15,10528,2026-04-20 05:52:00,10543,2026-04-20 06:52:00,10573,2026-04-20 08:52:00,10633,2026-04-20 12:52:00
10514,2026-04-20 04:56:00,train,10155,10514,360,24,0.15,10529,2026-04-20 05:56:00,10544,2026-04-20 06:56:00,10574,2026-04-20 08:56:00,10634,2026-04-20 12:56:00
10515,2026-04-20 05:00:00,train,10156,10515,360,24,0.15,10530,2026-04-20 06:00:00,10545,2026-04-20 07:00:00,10575,2026-04-20 09:00:00,10635,2026-04-20 13:00:00
10516,2026-04-20 05:04:00,train,10157,10516,360,24,0.15,10531,2026-04-20 06:04:00,10546,2026-04-20 07:04:00,10576,2026-04-20 09:04:00,10636,2026-04-20 13:04:00
10522,2026-04-20 05:28:00,train,10163,10522,360,24,0.15,10537,2026-04-20 06:28:00,10552,2026-04-20 07:28:00,10582,2026-04-20 09:28:00,10642,2026-04-20 13:28:00
10525,2026-04-20 05:40:00,train,10166,10525,360,24,0.15,10540,2026-04-20 06:40:00,10555,2026-04-20 07:40:00,10585,2026-04-20 09:40:00,10645,2026-04-20 13:40:00
10527,2026-04-20 05:48:00,train,10168,10527,360,24,0.15,10542,2026-04-20 06:48:00,10557,2026-04-20 07:48:00,10587,2026-04-20 09:48:00,10647,2026-04-20 13:48:00
10528,2026-04-20 05:52:00,train,10169,10528,360,24,0.15,10543,2026-04-20 06:52:00,10558,2026-04-20 07:52:00,10588,2026-04-20 09:52:00,10648,2026-04-20 13:52:00
10529,2026-04-20 05:56:00,train,10170,10529,360,24,0.15,10544,2026-04-20 06:56:00,10559,2026-04-20 07:56:00,10589,2026-04-20 09:56:00,10649,2026-04-20 13:56:00
10530,2026-04-20 06:00:00,train,10171,10530,360,24,0.15,10545,2026-04-20 07:00:00,10560,2026-04-20 08:00:00,10590,2026-04-20 10:00:00,10650,2026-04-20 14:00:00
10532,2026-04-20 06:08:00,train,10173,10532,360,24,0.15,10547,2026-04-20 07:08:00,10562,2026-04-20 08:08:00,10592,2026-04-20 10:08:00,10652,2026-04-20 14:08:00
10533,2026-04-20 06:12:00,train,10174,10533,360,24,0.15,10548,2026-04-20 07:12:00,10563,2026-04-20 08:12:00,10593,2026-04-20 10:12:00,10653,2026-04-20 14:12:00
10537,2026-04-20 06:28:00,train,10178,10537,360,24,0.15,10552,2026-04-20 07:28:00,10567,2026-04-20 08:28:00,10597,2026-04-20 10:28:00,10657,2026-04-20 14:28:00
10539,2026-04-20 06:36:00,train,10180,10539,360,24,0.15,10554,2026-04-20 07:36:00,10569,2026-04-20 08:36:00,10599,2026-04-20 10:36:00,10659,2026-04-20 14:36:00
10541,2026-04-20 06:44:00,train,10182,10541,360,24,0.15,10556,2026-04-20 07:44:00,10571,2026-04-20 08:44:00,10601,2026-04-20 10:44:00,10661,2026-04-20 14:44:00
10542,2026-04-20 06:48:00,train,10183,10542,360,24,0.15,10557,2026-04-20 07:48:00,10572,2026-04-20 08:48:00,10602,2026-04-20 10:48:00,10662,2026-04-20 14:48:00
10543,2026-04-20 06:52:00,train,10184,10543,360,24,0.15,10558,2026-04-20 07:52:00,10573,2026-04-20 08:52:00,10603,2026-04-20 10:52:00,10663,2026-04-20 14:52:00
10544,2026-04-20 06:56:00,train,10185,10544,360,24,0.15,10559,2026-04-20 07:56:00,10574,2026-04-20 08:56:00,10604,2026-04-20 10:56:00,10664,2026-04-20 14:56:00
10545,2026-04-20 07:00:00,train,10186,10545,360,24,0.15,10560,2026-04-20 08:00:00,10575,2026-04-20 09:00:00,10605,2026-04-20 11:00:00,10665,2026-04-20 15:00:00
10547,2026-04-20 07:08:00,train,10188,10547,360,24,0.15,10562,2026-04-20 08:08:00,10577,2026-04-20 09:08:00,10607,2026-04-20 11:08:00,10667,2026-04-20 15:08:00
10548,2026-04-20 07:12:00,train,10189,10548,360,24,0.15,10563,2026-04-20 08:12:00,10578,2026-04-20 09:12:00,10608,2026-04-20 11:12:00,10668,2026-04-20 15:12:00
10552,2026-04-20 07:28:00,train,10193,10552,360,24,0.15,10567,2026-04-20 08:28:00,10582,2026-04-20 09:28:00,10612,2026-04-20 11:28:00,10672,2026-04-20 15:28:00
10553,2026-04-20 07:32:00,train,10194,10553,360,24,0.15,10568,2026-04-20 08:32:00,10583,2026-04-20 09:32:00,10613,2026-04-20 11:32:00,10673,2026-04-20 15:32:00
10559,2026-04-20 07:56:00,train,10200,10559,360,24,0.15,10574,2026-04-20 08:56:00,10589,2026-04-20 09:56:00,10619,2026-04-20 11:56:00,10679,2026-04-20 15:56:00
10560,2026-04-20 08:00:00,train,10201,10560,360,24,0.15,10575,2026-04-20 09:00:00,10590,2026-04-20 10:00:00,10620,2026-04-20 12:00:00,10680,2026-04-20 16:00:00
10561,2026-04-20 08:04:00,train,10202,10561,360,24,0.15,10576,2026-04-20 09:04:00,10591,2026-04-20 10:04:00,10621,2026-04-20 12:04:00,10681,2026-04-20 16:04:00
10562,2026-04-20 08:08:00,train,10203,10562,360,24,0.15,10577,2026-04-20 09:08:00,10592,2026-04-20 10:08:00,10622,2026-04-20 12:08:00,10682,2026-04-20 16:08:00
10564,2026-04-20 08:16:00,train,10205,10564,360,24,0.15,10579,2026-04-20 09:16:00,10594,2026-04-20 10:16:00,10624,2026-04-20 12:16:00,10684,2026-04-20 16:16:00
10570,2026-04-20 08:40:00,train,10211,10570,360,24,0.15,10585,2026-04-20 09:40:00,10600,2026-04-20 10:40:00,10630,2026-04-20 12:40:00,10690,2026-04-20 16:40:00
10573,2026-04-20 08:52:00,train,10214,10573,360,24,0.15,10588,2026-04-20 09:52:00,10603,2026-04-20 10:52:00,10633,2026-04-20 12:52:00,10693,2026-04-20 16:52:00
10574,2026-04-20 08:56:00,train,10215,10574,360,24,0.15,10589,2026-04-20 09:56:00,10604,2026-04-20 10:56:00,10634,2026-04-20 12:56:00,10694,2026-04-20 16:56:00
10575,2026-04-20 09:00:00,train,10216,10575,360,24,0.15,10590,2026-04-20 10:00:00,10605,2026-04-20 11:00:00,10635,2026-04-20 13:00:00,10695,2026-04-20 17:00:00
10580,2026-04-20 09:20:00,train,10221,10580,360,24,0.15,10595,2026-04-20 10:20:00,10610,2026-04-20 11:20:00,10640,2026-04-20 13:20:00,10700,2026-04-20 17:20:00
10582,2026-04-20 09:28:00,train,10223,10582,360,24,0.15,10597,2026-04-20 10:28:00,10612,2026-04-20 11:28:00,10642,2026-04-20 13:28:00,10702,2026-04-20 17:28:00
10589,2026-04-20 09:56:00,train,10230,10589,360,24,0.15,10604,2026-04-20 10:56:00,10619,2026-04-20 11:56:00,10649,2026-04-20 13:56:00,10709,2026-04-20 17:56:00
10590,2026-04-20 10:00:00,train,10231,10590,360,24,0.15,10605,2026-04-20 11:00:00,10620,2026-04-20 12:00:00,10650,2026-04-20 14:00:00,10710,2026-04-20 18:00:00
10592,2026-04-20 10:08:00,train,10233,10592,360,24,0.15,10607,2026-04-20 11:08:00,10622,2026-04-20 12:08:00,10652,2026-04-20 14:08:00,10712,2026-04-20 18:08:00
10593,2026-04-20 10:12:00,train,10234,10593,360,24,0.15,10608,2026-04-20 11:12:00,10623,2026-04-20 12:12:00,10653,2026-04-20 14:12:00,10713,2026-04-20 18:12:00
10595,2026-04-20 10:20:00,train,10236,10595,360,24,0.15,10610,2026-04-20 11:20:00,10625,2026-04-20 12:20:00,10655,2026-04-20 14:20:00,10715,2026-04-20 18:20:00
10599,2026-04-20 10:36:00,train,10240,10599,360,24,0.15,10614,2026-04-20 11:36:00,10629,2026-04-20 12:36:00,10659,2026-04-20 14:36:00,10719,2026-04-20 18:36:00
10605,2026-04-20 11:00:00,train,10246,10605,360,24,0.15,10620,2026-04-20 12:00:00,10635,2026-04-20 13:00:00,10665,2026-04-20 15:00:00,10725,2026-04-20 19:00:00
10606,2026-04-20 11:04:00,train,10247,10606,360,24,0.15,10621,2026-04-20 12:04:00,10636,2026-04-20 13:04:00,10666,2026-04-20 15:04:00,10726,2026-04-20 19:04:00
10983,2026-04-21 12:12:00,train,10624,10983,360,24,0.15,10998,2026-04-21 13:12:00,11013,2026-04-21 14:12:00,11043,2026-04-21 16:12:00,11103,2026-04-21 20:12:00
10985,2026-04-21 12:20:00,train,10626,10985,360,24,0.15,11000,2026-04-21 13:20:00,11015,2026-04-21 14:20:00,11045,2026-04-21 16:20:00,11105,2026-04-21 20:20:00
10990,2026-04-21 12:40:00,train,10631,10990,360,24,0.15,11005,2026-04-21 13:40:00,11020,2026-04-21 14:40:00,11050,2026-04-21 16:40:00,11110,2026-04-21 20:40:00
10994,2026-04-21 12:56:00,train,10635,10994,360,24,0.15,11009,2026-04-21 13:56:00,11024,2026-04-21 14:56:00,11054,2026-04-21 16:56:00,11114,2026-04-21 20:56:00
10996,2026-04-21 13:04:00,train,10637,10996,360,24,0.15,11011,2026-04-21 14:04:00,11026,2026-04-21 15:04:00,11056,2026-04-21 17:04:00,11116,2026-04-21 21:04:00
11006,2026-04-21 13:44:00,train,10647,11006,360,24,0.15,11021,2026-04-21 14:44:00,11036,2026-04-21 15:44:00,11066,2026-04-21 17:44:00,11126,2026-04-21 21:44:00
11007,2026-04-21 13:48:00,train,10648,11007,360,24,0.15,11022,2026-04-21 14:48:00,11037,2026-04-21 15:48:00,11067,2026-04-21 17:48:00,11127,2026-04-21 21:48:00
11009,2026-04-21 13:56:00,train,10650,11009,360,24,0.15,11024,2026-04-21 14:56:00,11039,2026-04-21 15:56:00,11069,2026-04-21 17:56:00,11129,2026-04-21 21:56:00
11012,2026-04-21 14:08:00,train,10653,11012,360,24,0.15,11027,2026-04-21 15:08:00,11042,2026-04-21 16:08:00,11072,2026-04-21 18:08:00,11132,2026-04-21 22:08:00
11013,2026-04-21 14:12:00,train,10654,11013,360,24,0.15,11028,2026-04-21 15:12:00,11043,2026-04-21 16:12:00,11073,2026-04-21 18:12:00,11133,2026-04-21 22:12:00
11025,2026-04-21 15:00:00,train,10666,11025,360,24,0.15,11040,2026-04-21 16:00:00,11055,2026-04-21 17:00:00,11085,2026-04-21 19:00:00,11145,2026-04-21 23:00:00
11027,2026-04-21 15:08:00,train,10668,11027,360,24,0.15,11042,2026-04-21 16:08:00,11057,2026-04-21 17:08:00,11087,2026-04-21 19:08:00,11147,2026-04-21 23:08:00
11030,2026-04-21 15:20:00,train,10671,11030,360,24,0.15,11045,2026-04-21 16:20:00,11060,2026-04-21 17:20:00,11090,2026-04-21 19:20:00,11150,2026-04-21 23:20:00
11032,2026-04-21 15:28:00,train,10673,11032,360,24,0.15,11047,2026-04-21 16:28:00,11062,2026-04-21 17:28:00,11092,2026-04-21 19:28:00,11152,2026-04-21 23:28:00
11036,2026-04-21 15:44:00,train,10677,11036,360,24,0.15,11051,2026-04-21 16:44:00,11066,2026-04-21 17:44:00,11096,2026-04-21 19:44:00,11156,2026-04-21 23:44:00
11041,2026-04-21 16:04:00,train,10682,11041,360,24,0.15,11056,2026-04-21 17:04:00,11071,2026-04-21 18:04:00,11101,2026-04-21 20:04:00,11161,2026-04-22 00:04:00
11045,2026-04-21 16:20:00,train,10686,11045,360,24,0.15,11060,2026-04-21 17:20:00,11075,2026-04-21 18:20:00,11105,2026-04-21 20:20:00,11165,2026-04-22 00:20:00
11061,2026-04-21 17:24:00,train,10702,11061,360,24,0.15,11076,2026-04-21 18:24:00,11091,2026-04-21 19:24:00,11121,2026-04-21 21:24:00,11181,2026-04-22 01:24:00
11066,2026-04-21 17:44:00,train,10707,11066,360,24,0.15,11081,2026-04-21 18:44:00,11096,2026-04-21 19:44:00,11126,2026-04-21 21:44:00,11186,2026-04-22 01:44:00
11073,2026-04-21 18:12:00,train,10714,11073,360,24,0.15,11088,2026-04-21 19:12:00,11103,2026-04-21 20:12:00,11133,2026-04-21 22:12:00,11193,2026-04-22 02:12:00
11083,2026-04-21 18:52:00,train,10724,11083,360,24,0.15,11098,2026-04-21 19:52:00,11113,2026-04-21 20:52:00,11143,2026-04-21 22:52:00,11203,2026-04-22 02:52:00
14557,2026-05-01 10:28:00,train,14198,14557,360,24,0.15,14572,2026-05-01 11:28:00,14587,2026-05-01 12:28:00,14617,2026-05-01 14:28:00,14677,2026-05-01 18:28:00
14560,2026-05-01 10:40:00,train,14201,14560,360,24,0.15,14575,2026-05-01 11:40:00,14590,2026-05-01 12:40:00,14620,2026-05-01 14:40:00,14680,2026-05-01 18:40:00
14561,2026-05-01 10:44:00,train,14202,14561,360,24,0.15,14576,2026-05-01 11:44:00,14591,2026-05-01 12:44:00,14621,2026-05-01 14:44:00,14681,2026-05-01 18:44:00
14562,2026-05-01 10:48:00,train,14203,14562,360,24,0.15,14577,2026-05-01 11:48:00,14592,2026-05-01 12:48:00,14622,2026-05-01 14:48:00,14682,2026-05-01 18:48:00
14564,2026-05-01 10:56:00,train,14205,14564,360,24,0.15,14579,2026-05-01 11:56:00,14594,2026-05-01 12:56:00,14624,2026-05-01 14:56:00,14684,2026-05-01 18:56:00
14565,2026-05-01 11:00:00,train,14206,14565,360,24,0.15,14580,2026-05-01 12:00:00,14595,2026-05-01 13:00:00,14625,2026-05-01 15:00:00,14685,2026-05-01 19:00:00
14566,2026-05-01 11:04:00,train,14207,14566,360,24,0.15,14581,2026-05-01 12:04:00,14596,2026-05-01 13:04:00,14626,2026-05-01 15:04:00,14686,2026-05-01 19:04:00
14568,2026-05-01 11:12:00,train,14209,14568,360,24,0.15,14583,2026-05-01 12:12:00,14598,2026-05-01 13:12:00,14628,2026-05-01 15:12:00,14688,2026-05-01 19:12:00
14569,2026-05-01 11:16:00,train,14210,14569,360,24,0.15,14584,2026-05-01 12:16:00,14599,2026-05-01 13:16:00,14629,2026-05-01 15:16:00,14689,2026-05-01 19:16:00
14570,2026-05-01 11:20:00,train,14211,14570,360,24,0.15,14585,2026-05-01 12:20:00,14600,2026-05-01 13:20:00,14630,2026-05-01 15:20:00,14690,2026-05-01 19:20:00
14571,2026-05-01 11:24:00,train,14212,14571,360,24,0.15,14586,2026-05-01 12:24:00,14601,2026-05-01 13:24:00,14631,2026-05-01 15:24:00,14691,2026-05-01 19:24:00
14573,2026-05-01 11:32:00,train,14214,14573,360,24,0.15,14588,2026-05-01 12:32:00,14603,2026-05-01 13:32:00,14633,2026-05-01 15:32:00,14693,2026-05-01 19:32:00
14574,2026-05-01 11:36:00,train,14215,14574,360,24,0.15,14589,2026-05-01 12:36:00,14604,2026-05-01 13:36:00,14634,2026-05-01 15:36:00,14694,2026-05-01 19:36:00
14575,2026-05-01 11:40:00,train,14216,14575,360,24,0.15,14590,2026-05-01 12:40:00,14605,2026-05-01 13:40:00,14635,2026-05-01 15:40:00,14695,2026-05-01 19:40:00
14576,2026-05-01 11:44:00,train,14217,14576,360,24,0.15,14591,2026-05-01 12:44:00,14606,2026-05-01 13:44:00,14636,2026-05-01 15:44:00,14696,2026-05-01 19:44:00
14577,2026-05-01 11:48:00,train,14218,14577,360,24,0.15,14592,2026-05-01 12:48:00,14607,2026-05-01 13:48:00,14637,2026-05-01 15:48:00,14697,2026-05-01 19:48:00
14578,2026-05-01 11:52:00,train,14219,14578,360,24,0.15,14593,2026-05-01 12:52:00,14608,2026-05-01 13:52:00,14638,2026-05-01 15:52:00,14698,2026-05-01 19:52:00
14579,2026-05-01 11:56:00,train,14220,14579,360,24,0.15,14594,2026-05-01 12:56:00,14609,2026-05-01 13:56:00,14639,2026-05-01 15:56:00,14699,2026-05-01 19:56:00
14580,2026-05-01 12:00:00,train,14221,14580,360,24,0.15,14595,2026-05-01 13:00:00,14610,2026-05-01 14:00:00,14640,2026-05-01 16:00:00,14700,2026-05-01 20:00:00
14581,2026-05-01 12:04:00,train,14222,14581,360,24,0.15,14596,2026-05-01 13:04:00,14611,2026-05-01 14:04:00,14641,2026-05-01 16:04:00,14701,2026-05-01 20:04:00
14582,2026-05-01 12:08:00,train,14223,14582,360,24,0.15,14597,2026-05-01 13:08:00,14612,2026-05-01 14:08:00,14642,2026-05-01 16:08:00,14702,2026-05-01 20:08:00
14583,2026-05-01 12:12:00,train,14224,14583,360,24,0.15,14598,2026-05-01 13:12:00,14613,2026-05-01 14:12:00,14643,2026-05-01 16:12:00,14703,2026-05-01 20:12:00
14584,2026-05-01 12:16:00,train,14225,14584,360,24,0.15,14599,2026-05-01 13:16:00,14614,2026-05-01 14:16:00,14644,2026-05-01 16:16:00,14704,2026-05-01 20:16:00
14585,2026-05-01 12:20:00,train,14226,14585,360,24,0.15,14600,2026-05-01 13:20:00,14615,2026-05-01 14:20:00,14645,2026-05-01 16:20:00,14705,2026-05-01 20:20:00
14586,2026-05-01 12:24:00,train,14227,14586,360,24,0.15,14601,2026-05-01 13:24:00,14616,2026-05-01 14:24:00,14646,2026-05-01 16:24:00,14706,2026-05-01 20:24:00
14590,2026-05-01 12:40:00,train,14231,14590,360,24,0.15,14605,2026-05-01 13:40:00,14620,2026-05-01 14:40:00,14650,2026-05-01 16:40:00,14710,2026-05-01 20:40:00
14591,2026-05-01 12:44:00,train,14232,14591,360,24,0.15,14606,2026-05-01 13:44:00,14621,2026-05-01 14:44:00,14651,2026-05-01 16:44:00,14711,2026-05-01 20:44:00
14592,2026-05-01 12:48:00,train,14233,14592,360,24,0.15,14607,2026-05-01 13:48:00,14622,2026-05-01 14:48:00,14652,2026-05-01 16:48:00,14712,2026-05-01 20:48:00
14595,2026-05-01 13:00:00,train,14236,14595,360,24,0.15,14610,2026-05-01 14:00:00,14625,2026-05-01 15:00:00,14655,2026-05-01 17:00:00,14715,2026-05-01 21:00:00
14596,2026-05-01 13:04:00,train,14237,14596,360,24,0.15,14611,2026-05-01 14:04:00,14626,2026-05-01 15:04:00,14656,2026-05-01 17:04:00,14716,2026-05-01 21:04:00
14597,2026-05-01 13:08:00,train,14238,14597,360,24,0.15,14612,2026-05-01 14:08:00,14627,2026-05-01 15:08:00,14657,2026-05-01 17:08:00,14717,2026-05-01 21:08:00
14599,2026-05-01 13:16:00,train,14240,14599,360,24,0.15,14614,2026-05-01 14:16:00,14629,2026-05-01 15:16:00,14659,2026-05-01 17:16:00,14719,2026-05-01 21:16:00
14600,2026-05-01 13:20:00,train,14241,14600,360,24,0.15,14615,2026-05-01 14:20:00,14630,2026-05-01 15:20:00,14660,2026-05-01 17:20:00,14720,2026-05-01 21:20:00
14601,2026-05-01 13:24:00,train,14242,14601,360,24,0.15,14616,2026-05-01 14:24:00,14631,2026-05-01 15:24:00,14661,2026-05-01 17:24:00,14721,2026-05-01 21:24:00
14605,2026-05-01 13:40:00,train,14246,14605,360,24,0.15,14620,2026-05-01 14:40:00,14635,2026-05-01 15:40:00,14665,2026-05-01 17:40:00,14725,2026-05-01 21:40:00
14606,2026-05-01 13:44:00,train,14247,14606,360,24,0.15,14621,2026-05-01 14:44:00,14636,2026-05-01 15:44:00,14666,2026-05-01 17:44:00,14726,2026-05-01 21:44:00
14607,2026-05-01 13:48:00,train,14248,14607,360,24,0.15,14622,2026-05-01 14:48:00,14637,2026-05-01 15:48:00,14667,2026-05-01 17:48:00,14727,2026-05-01 21:48:00
14609,2026-05-01 13:56:00,train,14250,14609,360,24,0.15,14624,2026-05-01 14:56:00,14639,2026-05-01 15:56:00,14669,2026-05-01 17:56:00,14729,2026-05-01 21:56:00
14610,2026-05-01 14:00:00,train,14251,14610,360,24,0.15,14625,2026-05-01 15:00:00,14640,2026-05-01 16:00:00,14670,2026-05-01 18:00:00,14730,2026-05-01 22:00:00
14611,2026-05-01 14:04:00,train,14252,14611,360,24,0.15,14626,2026-05-01 15:04:00,14641,2026-05-01 16:04:00,14671,2026-05-01 18:04:00,14731,2026-05-01 22:04:00
14612,2026-05-01 14:08:00,train,14253,14612,360,24,0.15,14627,2026-05-01 15:08:00,14642,2026-05-01 16:08:00,14672,2026-05-01 18:08:00,14732,2026-05-01 22:08:00
14614,2026-05-01 14:16:00,train,14255,14614,360,24,0.15,14629,2026-05-01 15:16:00,14644,2026-05-01 16:16:00,14674,2026-05-01 18:16:00,14734,2026-05-01 22:16:00
14646,2026-05-01 16:24:00,train,14287,14646,360,24,0.15,14661,2026-05-01 17:24:00,14676,2026-05-01 18:24:00,14706,2026-05-01 20:24:00,14766,2026-05-02 00:24:00
14647,2026-05-01 16:28:00,train,14288,14647,360,24,0.15,14662,2026-05-01 17:28:00,14677,2026-05-01 18:28:00,14707,2026-05-01 20:28:00,14767,2026-05-02 00:28:00
14648,2026-05-01 16:32:00,train,14289,14648,360,24,0.15,14663,2026-05-01 17:32:00,14678,2026-05-01 18:32:00,14708,2026-05-01 20:32:00,14768,2026-05-02 00:32:00
14649,2026-05-01 16:36:00,train,14290,14649,360,24,0.15,14664,2026-05-01 17:36:00,14679,2026-05-01 18:36:00,14709,2026-05-01 20:36:00,14769,2026-05-02 00:36:00
14650,2026-05-01 16:40:00,train,14291,14650,360,24,0.15,14665,2026-05-01 17:40:00,14680,2026-05-01 18:40:00,14710,2026-05-01 20:40:00,14770,2026-05-02 00:40:00
14651,2026-05-01 16:44:00,train,14292,14651,360,24,0.15,14666,2026-05-01 17:44:00,14681,2026-05-01 18:44:00,14711,2026-05-01 20:44:00,14771,2026-05-02 00:44:00
14652,2026-05-01 16:48:00,train,14293,14652,360,24,0.15,14667,2026-05-01 17:48:00,14682,2026-05-01 18:48:00,14712,2026-05-01 20:48:00,14772,2026-05-02 00:48:00
14653,2026-05-01 16:52:00,train,14294,14653,360,24,0.15,14668,2026-05-01 17:52:00,14683,2026-05-01 18:52:00,14713,2026-05-01 20:52:00,14773,2026-05-02 00:52:00
14654,2026-05-01 16:56:00,train,14295,14654,360,24,0.15,14669,2026-05-01 17:56:00,14684,2026-05-01 18:56:00,14714,2026-05-01 20:56:00,14774,2026-05-02 00:56:00
14655,2026-05-01 17:00:00,train,14296,14655,360,24,0.15,14670,2026-05-01 18:00:00,14685,2026-05-01 19:00:00,14715,2026-05-01 21:00:00,14775,2026-05-02 01:00:00
14656,2026-05-01 17:04:00,train,14297,14656,360,24,0.15,14671,2026-05-01 18:04:00,14686,2026-05-01 19:04:00,14716,2026-05-01 21:04:00,14776,2026-05-02 01:04:00
14659,2026-05-01 17:16:00,train,14300,14659,360,24,0.15,14674,2026-05-01 18:16:00,14689,2026-05-01 19:16:00,14719,2026-05-01 21:16:00,14779,2026-05-02 01:16:00
14660,2026-05-01 17:20:00,train,14301,14660,360,24,0.15,14675,2026-05-01 18:20:00,14690,2026-05-01 19:20:00,14720,2026-05-01 21:20:00,14780,2026-05-02 01:20:00
14661,2026-05-01 17:24:00,train,14302,14661,360,24,0.15,14676,2026-05-01 18:24:00,14691,2026-05-01 19:24:00,14721,2026-05-01 21:24:00,14781,2026-05-02 01:24:00
14663,2026-05-01 17:32:00,train,14304,14663,360,24,0.15,14678,2026-05-01 18:32:00,14693,2026-05-01 19:32:00,14723,2026-05-01 21:32:00,14783,2026-05-02 01:32:00
14664,2026-05-01 17:36:00,train,14305,14664,360,24,0.15,14679,2026-05-01 18:36:00,14694,2026-05-01 19:36:00,14724,2026-05-01 21:36:00,14784,2026-05-02 01:36:00
14665,2026-05-01 17:40:00,train,14306,14665,360,24,0.15,14680,2026-05-01 18:40:00,14695,2026-05-01 19:40:00,14725,2026-05-01 21:40:00,14785,2026-05-02 01:40:00
14666,2026-05-01 17:44:00,train,14307,14666,360,24,0.15,14681,2026-05-01 18:44:00,14696,2026-05-01 19:44:00,14726,2026-05-01 21:44:00,14786,2026-05-02 01:44:00
14668,2026-05-01 17:52:00,train,14309,14668,360,24,0.15,14683,2026-05-01 18:52:00,14698,2026-05-01 19:52:00,14728,2026-05-01 21:52:00,14788,2026-05-02 01:52:00
14669,2026-05-01 17:56:00,train,14310,14669,360,24,0.15,14684,2026-05-01 18:56:00,14699,2026-05-01 19:56:00,14729,2026-05-01 21:56:00,14789,2026-05-02 01:56:00
14671,2026-05-01 18:04:00,train,14312,14671,360,24,0.15,14686,2026-05-01 19:04:00,14701,2026-05-01 20:04:00,14731,2026-05-01 22:04:00,14791,2026-05-02 02:04:00
14673,2026-05-01 18:12:00,train,14314,14673,360,24,0.15,14688,2026-05-01 19:12:00,14703,2026-05-01 20:12:00,14733,2026-05-01 22:12:00,14793,2026-05-02 02:12:00
14674,2026-05-01 18:16:00,train,14315,14674,360,24,0.15,14689,2026-05-01 19:16:00,14704,2026-05-01 20:16:00,14734,2026-05-01 22:16:00,14794,2026-05-02 02:16:00
20172,2026-05-17 00:48:00,train,19813,20172,360,24,0.15,20187,2026-05-17 01:48:00,20202,2026-05-17 02:48:00,20232,2026-05-17 04:48:00,20292,2026-05-17 08:48:00
20173,2026-05-17 00:52:00,train,19814,20173,360,24,0.15,20188,2026-05-17 01:52:00,20203,2026-05-17 02:52:00,20233,2026-05-17 04:52:00,20293,2026-05-17 08:52:00
20175,2026-05-17 01:00:00,train,19816,20175,360,24,0.15,20190,2026-05-17 02:00:00,20205,2026-05-17 03:00:00,20235,2026-05-17 05:00:00,20295,2026-05-17 09:00:00
20198,2026-05-17 02:32:00,train,19839,20198,360,24,0.15,20213,2026-05-17 03:32:00,20228,2026-05-17 04:32:00,20258,2026-05-17 06:32:00,20318,2026-05-17 10:32:00
20203,2026-05-17 02:52:00,train,19844,20203,360,24,0.15,20218,2026-05-17 03:52:00,20233,2026-05-17 04:52:00,20263,2026-05-17 06:52:00,20323,2026-05-17 10:52:00
20204,2026-05-17 02:56:00,train,19845,20204,360,24,0.15,20219,2026-05-17 03:56:00,20234,2026-05-17 04:56:00,20264,2026-05-17 06:56:00,20324,2026-05-17 10:56:00
20205,2026-05-17 03:00:00,train,19846,20205,360,24,0.15,20220,2026-05-17 04:00:00,20235,2026-05-17 05:00:00,20265,2026-05-17 07:00:00,20325,2026-05-17 11:00:00
20207,2026-05-17 03:08:00,train,19848,20207,360,24,0.15,20222,2026-05-17 04:08:00,20237,2026-05-17 05:08:00,20267,2026-05-17 07:08:00,20327,2026-05-17 11:08:00
20220,2026-05-17 04:00:00,train,19861,20220,360,24,0.15,20235,2026-05-17 05:00:00,20250,2026-05-17 06:00:00,20280,2026-05-17 08:00:00,20340,2026-05-17 12:00:00
20222,2026-05-17 04:08:00,train,19863,20222,360,24,0.15,20237,2026-05-17 05:08:00,20252,2026-05-17 06:08:00,20282,2026-05-17 08:08:00,20342,2026-05-17 12:08:00
20223,2026-05-17 04:12:00,train,19864,20223,360,24,0.15,20238,2026-05-17 05:12:00,20253,2026-05-17 06:12:00,20283,2026-05-17 08:12:00,20343,2026-05-17 12:12:00
20228,2026-05-17 04:32:00,train,19869,20228,360,24,0.15,20243,2026-05-17 05:32:00,20258,2026-05-17 06:32:00,20288,2026-05-17 08:32:00,20348,2026-05-17 12:32:00
20230,2026-05-17 04:40:00,train,19871,20230,360,24,0.15,20245,2026-05-17 05:40:00,20260,2026-05-17 06:40:00,20290,2026-05-17 08:40:00,20350,2026-05-17 12:40:00
20231,2026-05-17 04:44:00,train,19872,20231,360,24,0.15,20246,2026-05-17 05:44:00,20261,2026-05-17 06:44:00,20291,2026-05-17 08:44:00,20351,2026-05-17 12:44:00
20232,2026-05-17 04:48:00,train,19873,20232,360,24,0.15,20247,2026-05-17 05:48:00,20262,2026-05-17 06:48:00,20292,2026-05-17 08:48:00,20352,2026-05-17 12:48:00
20233,2026-05-17 04:52:00,train,19874,20233,360,24,0.15,20248,2026-05-17 05:52:00,20263,2026-05-17 06:52:00,20293,2026-05-17 08:52:00,20353,2026-05-17 12:52:00
20234,2026-05-17 04:56:00,train,19875,20234,360,24,0.15,20249,2026-05-17 05:56:00,20264,2026-05-17 06:56:00,20294,2026-05-17 08:56:00,20354,2026-05-17 12:56:00
20235,2026-05-17 05:00:00,train,19876,20235,360,24,0.15,20250,2026-05-17 06:00:00,20265,2026-05-17 07:00:00,20295,2026-05-17 09:00:00,20355,2026-05-17 13:00:00
20247,2026-05-17 05:48:00,train,19888,20247,360,24,0.15,20262,2026-05-17 06:48:00,20277,2026-05-17 07:48:00,20307,2026-05-17 09:48:00,20367,2026-05-17 13:48:00
20248,2026-05-17 05:52:00,train,19889,20248,360,24,0.15,20263,2026-05-17 06:52:00,20278,2026-05-17 07:52:00,20308,2026-05-17 09:52:00,20368,2026-05-17 13:52:00
20249,2026-05-17 05:56:00,train,19890,20249,360,24,0.15,20264,2026-05-17 06:56:00,20279,2026-05-17 07:56:00,20309,2026-05-17 09:56:00,20369,2026-05-17 13:56:00
20250,2026-05-17 06:00:00,train,19891,20250,360,24,0.15,20265,2026-05-17 07:00:00,20280,2026-05-17 08:00:00,20310,2026-05-17 10:00:00,20370,2026-05-17 14:00:00
20252,2026-05-17 06:08:00,train,19893,20252,360,24,0.15,20267,2026-05-17 07:08:00,20282,2026-05-17 08:08:00,20312,2026-05-17 10:08:00,20372,2026-05-17 14:08:00
20253,2026-05-17 06:12:00,train,19894,20253,360,24,0.15,20268,2026-05-17 07:12:00,20283,2026-05-17 08:12:00,20313,2026-05-17 10:12:00,20373,2026-05-17 14:12:00
20618,2026-05-18 06:32:00,train,20259,20618,360,24,0.15,20633,2026-05-18 07:32:00,20648,2026-05-18 08:32:00,20678,2026-05-18 10:32:00,20738,2026-05-18 14:32:00
20619,2026-05-18 06:36:00,train,20260,20619,360,24,0.15,20634,2026-05-18 07:36:00,20649,2026-05-18 08:36:00,20679,2026-05-18 10:36:00,20739,2026-05-18 14:36:00
20621,2026-05-18 06:44:00,train,20262,20621,360,24,0.15,20636,2026-05-18 07:44:00,20651,2026-05-18 08:44:00,20681,2026-05-18 10:44:00,20741,2026-05-18 14:44:00
20624,2026-05-18 06:56:00,train,20265,20624,360,24,0.15,20639,2026-05-18 07:56:00,20654,2026-05-18 08:56:00,20684,2026-05-18 10:56:00,20744,2026-05-18 14:56:00
20630,2026-05-18 07:20:00,train,20271,20630,360,24,0.15,20645,2026-05-18 08:20:00,20660,2026-05-18 09:20:00,20690,2026-05-18 11:20:00,20750,2026-05-18 15:20:00
20635,2026-05-18 07:40:00,train,20276,20635,360,24,0.15,20650,2026-05-18 08:40:00,20665,2026-05-18 09:40:00,20695,2026-05-18 11:40:00,20755,2026-05-18 15:40:00
20636,2026-05-18 07:44:00,train,20277,20636,360,24,0.15,20651,2026-05-18 08:44:00,20666,2026-05-18 09:44:00,20696,2026-05-18 11:44:00,20756,2026-05-18 15:44:00
20637,2026-05-18 07:48:00,train,20278,20637,360,24,0.15,20652,2026-05-18 08:48:00,20667,2026-05-18 09:48:00,20697,2026-05-18 11:48:00,20757,2026-05-18 15:48:00
20740,2026-05-18 14:40:00,train,20381,20740,360,24,0.15,20755,2026-05-18 15:40:00,20770,2026-05-18 16:40:00,20800,2026-05-18 18:40:00,20860,2026-05-18 22:40:00
21363,2026-05-20 08:12:00,train,21004,21363,360,24,0.15,21378,2026-05-20 09:12:00,21393,2026-05-20 10:12:00,21423,2026-05-20 12:12:00,21483,2026-05-20 16:12:00
21365,2026-05-20 08:20:00,train,21006,21365,360,24,0.15,21380,2026-05-20 09:20:00,21395,2026-05-20 10:20:00,21425,2026-05-20 12:20:00,21485,2026-05-20 16:20:00
21369,2026-05-20 08:36:00,train,21010,21369,360,24,0.15,21384,2026-05-20 09:36:00,21399,2026-05-20 10:36:00,21429,2026-05-20 12:36:00,21489,2026-05-20 16:36:00
21370,2026-05-20 08:40:00,train,21011,21370,360,24,0.15,21385,2026-05-20 09:40:00,21400,2026-05-20 10:40:00,21430,2026-05-20 12:40:00,21490,2026-05-20 16:40:00
21384,2026-05-20 09:36:00,train,21025,21384,360,24,0.15,21399,2026-05-20 10:36:00,21414,2026-05-20 11:36:00,21444,2026-05-20 13:36:00,21504,2026-05-20 17:36:00
21385,2026-05-20 09:40:00,train,21026,21385,360,24,0.15,21400,2026-05-20 10:40:00,21415,2026-05-20 11:40:00,21445,2026-05-20 13:40:00,21505,2026-05-20 17:40:00
21386,2026-05-20 09:44:00,train,21027,21386,360,24,0.15,21401,2026-05-20 10:44:00,21416,2026-05-20 11:44:00,21446,2026-05-20 13:44:00,21506,2026-05-20 17:44:00
21387,2026-05-20 09:48:00,train,21028,21387,360,24,0.15,21402,2026-05-20 10:48:00,21417,2026-05-20 11:48:00,21447,2026-05-20 13:48:00,21507,2026-05-20 17:48:00
21390,2026-05-20 10:00:00,train,21031,21390,360,24,0.15,21405,2026-05-20 11:00:00,21420,2026-05-20 12:00:00,21450,2026-05-20 14:00:00,21510,2026-05-20 18:00:00
21391,2026-05-20 10:04:00,train,21032,21391,360,24,0.15,21406,2026-05-20 11:04:00,21421,2026-05-20 12:04:00,21451,2026-05-20 14:04:00,21511,2026-05-20 18:04:00
21392,2026-05-20 10:08:00,train,21033,21392,360,24,0.15,21407,2026-05-20 11:08:00,21422,2026-05-20 12:08:00,21452,2026-05-20 14:08:00,21512,2026-05-20 18:08:00
21393,2026-05-20 10:12:00,train,21034,21393,360,24,0.15,21408,2026-05-20 11:12:00,21423,2026-05-20 12:12:00,21453,2026-05-20 14:12:00,21513,2026-05-20 18:12:00
21395,2026-05-20 10:20:00,train,21036,21395,360,24,0.15,21410,2026-05-20 11:20:00,21425,2026-05-20 12:20:00,21455,2026-05-20 14:20:00,21515,2026-05-20 18:20:00
21404,2026-05-20 10:56:00,train,21045,21404,360,24,0.15,21419,2026-05-20 11:56:00,21434,2026-05-20 12:56:00,21464,2026-05-20 14:56:00,21524,2026-05-20 18:56:00
21405,2026-05-20 11:00:00,train,21046,21405,360,24,0.15,21420,2026-05-20 12:00:00,21435,2026-05-20 13:00:00,21465,2026-05-20 15:00:00,21525,2026-05-20 19:00:00
21407,2026-05-20 11:08:00,train,21048,21407,360,24,0.15,21422,2026-05-20 12:08:00,21437,2026-05-20 13:08:00,21467,2026-05-20 15:08:00,21527,2026-05-20 19:08:00
21411,2026-05-20 11:24:00,train,21052,21411,360,24,0.15,21426,2026-05-20 12:24:00,21441,2026-05-20 13:24:00,21471,2026-05-20 15:24:00,21531,2026-05-20 19:24:00
21414,2026-05-20 11:36:00,train,21055,21414,360,24,0.15,21429,2026-05-20 12:36:00,21444,2026-05-20 13:36:00,21474,2026-05-20 15:36:00,21534,2026-05-20 19:36:00
21416,2026-05-20 11:44:00,train,21057,21416,360,24,0.15,21431,2026-05-20 12:44:00,21446,2026-05-20 13:44:00,21476,2026-05-20 15:44:00,21536,2026-05-20 19:44:00
21417,2026-05-20 11:48:00,train,21058,21417,360,24,0.15,21432,2026-05-20 12:48:00,21447,2026-05-20 13:48:00,21477,2026-05-20 15:48:00,21537,2026-05-20 19:48:00
21419,2026-05-20 11:56:00,train,21060,21419,360,24,0.15,21434,2026-05-20 12:56:00,21449,2026-05-20 13:56:00,21479,2026-05-20 15:56:00,21539,2026-05-20 19:56:00
21422,2026-05-20 12:08:00,train,21063,21422,360,24,0.15,21437,2026-05-20 13:08:00,21452,2026-05-20 14:08:00,21482,2026-05-20 16:08:00,21542,2026-05-20 20:08:00
21423,2026-05-20 12:12:00,train,21064,21423,360,24,0.15,21438,2026-05-20 13:12:00,21453,2026-05-20 14:12:00,21483,2026-05-20 16:12:00,21543,2026-05-20 20:12:00
21424,2026-05-20 12:16:00,train,21065,21424,360,24,0.15,21439,2026-05-20 13:16:00,21454,2026-05-20 14:16:00,21484,2026-05-20 16:16:00,21544,2026-05-20 20:16:00
21430,2026-05-20 12:40:00,train,21071,21430,360,24,0.15,21445,2026-05-20 13:40:00,21460,2026-05-20 14:40:00,21490,2026-05-20 16:40:00,21550,2026-05-20 20:40:00
21431,2026-05-20 12:44:00,train,21072,21431,360,24,0.15,21446,2026-05-20 13:44:00,21461,2026-05-20 14:44:00,21491,2026-05-20 16:44:00,21551,2026-05-20 20:44:00
21435,2026-05-20 13:00:00,train,21076,21435,360,24,0.15,21450,2026-05-20 14:00:00,21465,2026-05-20 15:00:00,21495,2026-05-20 17:00:00,21555,2026-05-20 21:00:00
21437,2026-05-20 13:08:00,train,21078,21437,360,24,0.15,21452,2026-05-20 14:08:00,21467,2026-05-20 15:08:00,21497,2026-05-20 17:08:00,21557,2026-05-20 21:08:00
21438,2026-05-20 13:12:00,train,21079,21438,360,24,0.15,21453,2026-05-20 14:12:00,21468,2026-05-20 15:12:00,21498,2026-05-20 17:12:00,21558,2026-05-20 21:12:00
21442,2026-05-20 13:28:00,train,21083,21442,360,24,0.15,21457,2026-05-20 14:28:00,21472,2026-05-20 15:28:00,21502,2026-05-20 17:28:00,21562,2026-05-20 21:28:00
21444,2026-05-20 13:36:00,train,21085,21444,360,24,0.15,21459,2026-05-20 14:36:00,21474,2026-05-20 15:36:00,21504,2026-05-20 17:36:00,21564,2026-05-20 21:36:00
21446,2026-05-20 13:44:00,train,21087,21446,360,24,0.15,21461,2026-05-20 14:44:00,21476,2026-05-20 15:44:00,21506,2026-05-20 17:44:00,21566,2026-05-20 21:44:00
21450,2026-05-20 14:00:00,train,21091,21450,360,24,0.15,21465,2026-05-20 15:00:00,21480,2026-05-20 16:00:00,21510,2026-05-20 18:00:00,21570,2026-05-20 22:00:00
21451,2026-05-20 14:04:00,train,21092,21451,360,24,0.15,21466,2026-05-20 15:04:00,21481,2026-05-20 16:04:00,21511,2026-05-20 18:04:00,21571,2026-05-20 22:04:00
21452,2026-05-20 14:08:00,train,21093,21452,360,24,0.15,21467,2026-05-20 15:08:00,21482,2026-05-20 16:08:00,21512,2026-05-20 18:08:00,21572,2026-05-20 22:08:00
21453,2026-05-20 14:12:00,train,21094,21453,360,24,0.15,21468,2026-05-20 15:12:00,21483,2026-05-20 16:12:00,21513,2026-05-20 18:12:00,21573,2026-05-20 22:12:00
21454,2026-05-20 14:16:00,train,21095,21454,360,24,0.15,21469,2026-05-20 15:16:00,21484,2026-05-20 16:16:00,21514,2026-05-20 18:16:00,21574,2026-05-20 22:16:00
21455,2026-05-20 14:20:00,train,21096,21455,360,24,0.15,21470,2026-05-20 15:20:00,21485,2026-05-20 16:20:00,21515,2026-05-20 18:20:00,21575,2026-05-20 22:20:00
21456,2026-05-20 14:24:00,train,21097,21456,360,24,0.15,21471,2026-05-20 15:24:00,21486,2026-05-20 16:24:00,21516,2026-05-20 18:24:00,21576,2026-05-20 22:24:00
21459,2026-05-20 14:36:00,train,21100,21459,360,24,0.15,21474,2026-05-20 15:36:00,21489,2026-05-20 16:36:00,21519,2026-05-20 18:36:00,21579,2026-05-20 22:36:00
21460,2026-05-20 14:40:00,train,21101,21460,360,24,0.15,21475,2026-05-20 15:40:00,21490,2026-05-20 16:40:00,21520,2026-05-20 18:40:00,21580,2026-05-20 22:40:00
21461,2026-05-20 14:44:00,train,21102,21461,360,24,0.15,21476,2026-05-20 15:44:00,21491,2026-05-20 16:44:00,21521,2026-05-20 18:44:00,21581,2026-05-20 22:44:00
21464,2026-05-20 14:56:00,train,21105,21464,360,24,0.15,21479,2026-05-20 15:56:00,21494,2026-05-20 16:56:00,21524,2026-05-20 18:56:00,21584,2026-05-20 22:56:00
21465,2026-05-20 15:00:00,train,21106,21465,360,24,0.15,21480,2026-05-20 16:00:00,21495,2026-05-20 17:00:00,21525,2026-05-20 19:00:00,21585,2026-05-20 23:00:00
21466,2026-05-20 15:04:00,train,21107,21466,360,24,0.15,21481,2026-05-20 16:04:00,21496,2026-05-20 17:04:00,21526,2026-05-20 19:04:00,21586,2026-05-20 23:04:00
21467,2026-05-20 15:08:00,train,21108,21467,360,24,0.15,21482,2026-05-20 16:08:00,21497,2026-05-20 17:08:00,21527,2026-05-20 19:08:00,21587,2026-05-20 23:08:00
21469,2026-05-20 15:16:00,train,21110,21469,360,24,0.15,21484,2026-05-20 16:16:00,21499,2026-05-20 17:16:00,21529,2026-05-20 19:16:00,21589,2026-05-20 23:16:00
21474,2026-05-20 15:36:00,train,21115,21474,360,24,0.15,21489,2026-05-20 16:36:00,21504,2026-05-20 17:36:00,21534,2026-05-20 19:36:00,21594,2026-05-20 23:36:00
21476,2026-05-20 15:44:00,train,21117,21476,360,24,0.15,21491,2026-05-20 16:44:00,21506,2026-05-20 17:44:00,21536,2026-05-20 19:44:00,21596,2026-05-20 23:44:00
21482,2026-05-20 16:08:00,train,21123,21482,360,24,0.15,21497,2026-05-20 17:08:00,21512,2026-05-20 18:08:00,21542,2026-05-20 20:08:00,21602,2026-05-21 00:08:00
21483,2026-05-20 16:12:00,train,21124,21483,360,24,0.15,21498,2026-05-20 17:12:00,21513,2026-05-20 18:12:00,21543,2026-05-20 20:12:00,21603,2026-05-21 00:12:00
21484,2026-05-20 16:16:00,train,21125,21484,360,24,0.15,21499,2026-05-20 17:16:00,21514,2026-05-20 18:16:00,21544,2026-05-20 20:16:00,21604,2026-05-21 00:16:00
21485,2026-05-20 16:20:00,train,21126,21485,360,24,0.15,21500,2026-05-20 17:20:00,21515,2026-05-20 18:20:00,21545,2026-05-20 20:20:00,21605,2026-05-21 00:20:00
21490,2026-05-20 16:40:00,train,21131,21490,360,24,0.15,21505,2026-05-20 17:40:00,21520,2026-05-20 18:40:00,21550,2026-05-20 20:40:00,21610,2026-05-21 00:40:00
21491,2026-05-20 16:44:00,train,21132,21491,360,24,0.15,21506,2026-05-20 17:44:00,21521,2026-05-20 18:44:00,21551,2026-05-20 20:44:00,21611,2026-05-21 00:44:00
21492,2026-05-20 16:48:00,train,21133,21492,360,24,0.15,21507,2026-05-20 17:48:00,21522,2026-05-20 18:48:00,21552,2026-05-20 20:48:00,21612,2026-05-21 00:48:00
21495,2026-05-20 17:00:00,train,21136,21495,360,24,0.15,21510,2026-05-20 18:00:00,21525,2026-05-20 19:00:00,21555,2026-05-20 21:00:00,21615,2026-05-21 01:00:00
21497,2026-05-20 17:08:00,train,21138,21497,360,24,0.15,21512,2026-05-20 18:08:00,21527,2026-05-20 19:08:00,21557,2026-05-20 21:08:00,21617,2026-05-21 01:08:00
21501,2026-05-20 17:24:00,train,21142,21501,360,24,0.15,21516,2026-05-20 18:24:00,21531,2026-05-20 19:24:00,21561,2026-05-20 21:24:00,21621,2026-05-21 01:24:00
21502,2026-05-20 17:28:00,train,21143,21502,360,24,0.15,21517,2026-05-20 18:28:00,21532,2026-05-20 19:28:00,21562,2026-05-20 21:28:00,21622,2026-05-21 01:28:00
21504,2026-05-20 17:36:00,train,21145,21504,360,24,0.15,21519,2026-05-20 18:36:00,21534,2026-05-20 19:36:00,21564,2026-05-20 21:36:00,21624,2026-05-21 01:36:00
21506,2026-05-20 17:44:00,train,21147,21506,360,24,0.15,21521,2026-05-20 18:44:00,21536,2026-05-20 19:44:00,21566,2026-05-20 21:44:00,21626,2026-05-21 01:44:00
21509,2026-05-20 17:56:00,train,21150,21509,360,24,0.15,21524,2026-05-20 18:56:00,21539,2026-05-20 19:56:00,21569,2026-05-20 21:56:00,21629,2026-05-21 01:56:00
21512,2026-05-20 18:08:00,train,21153,21512,360,24,0.15,21527,2026-05-20 19:08:00,21542,2026-05-20 20:08:00,21572,2026-05-20 22:08:00,21632,2026-05-21 02:08:00
21514,2026-05-20 18:16:00,train,21155,21514,360,24,0.15,21529,2026-05-20 19:16:00,21544,2026-05-20 20:16:00,21574,2026-05-20 22:16:00,21634,2026-05-21 02:16:00
21516,2026-05-20 18:24:00,train,21157,21516,360,24,0.15,21531,2026-05-20 19:24:00,21546,2026-05-20 20:24:00,21576,2026-05-20 22:24:00,21636,2026-05-21 02:24:00
21527,2026-05-20 19:08:00,train,21168,21527,360,24,0.15,21542,2026-05-20 20:08:00,21557,2026-05-20 21:08:00,21587,2026-05-20 23:08:00,21647,2026-05-21 03:08:00
21528,2026-05-20 19:12:00,train,21169,21528,360,24,0.15,21543,2026-05-20 20:12:00,21558,2026-05-20 21:12:00,21588,2026-05-20 23:12:00,21648,2026-05-21 03:12:00
21531,2026-05-20 19:24:00,train,21172,21531,360,24,0.15,21546,2026-05-20 20:24:00,21561,2026-05-20 21:24:00,21591,2026-05-20 23:24:00,21651,2026-05-21 03:24:00
21533,2026-05-20 19:32:00,train,21174,21533,360,24,0.15,21548,2026-05-20 20:32:00,21563,2026-05-20 21:32:00,21593,2026-05-20 23:32:00,21653,2026-05-21 03:32:00
21537,2026-05-20 19:48:00,train,21178,21537,360,24,0.15,21552,2026-05-20 20:48:00,21567,2026-05-20 21:48:00,21597,2026-05-20 23:48:00,21657,2026-05-21 03:48:00
21542,2026-05-20 20:08:00,train,21183,21542,360,24,0.15,21557,2026-05-20 21:08:00,21572,2026-05-20 22:08:00,21602,2026-05-21 00:08:00,21662,2026-05-21 04:08:00
21543,2026-05-20 20:12:00,train,21184,21543,360,24,0.15,21558,2026-05-20 21:12:00,21573,2026-05-20 22:12:00,21603,2026-05-21 00:12:00,21663,2026-05-21 04:12:00
21608,2026-05-21 00:32:00,train,21249,21608,360,24,0.15,21623,2026-05-21 01:32:00,21638,2026-05-21 02:32:00,21668,2026-05-21 04:32:00,21728,2026-05-21 08:32:00
21609,2026-05-21 00:36:00,train,21250,21609,360,24,0.15,21624,2026-05-21 01:36:00,21639,2026-05-21 02:36:00,21669,2026-05-21 04:36:00,21729,2026-05-21 08:36:00
21613,2026-05-21 00:52:00,train,21254,21613,360,24,0.15,21628,2026-05-21 01:52:00,21643,2026-05-21 02:52:00,21673,2026-05-21 04:52:00,21733,2026-05-21 08:52:00
21619,2026-05-21 01:16:00,train,21260,21619,360,24,0.15,21634,2026-05-21 02:16:00,21649,2026-05-21 03:16:00,21679,2026-05-21 05:16:00,21739,2026-05-21 09:16:00
21624,2026-05-21 01:36:00,train,21265,21624,360,24,0.15,21639,2026-05-21 02:36:00,21654,2026-05-21 03:36:00,21684,2026-05-21 05:36:00,21744,2026-05-21 09:36:00
21627,2026-05-21 01:48:00,train,21268,21627,360,24,0.15,21642,2026-05-21 02:48:00,21657,2026-05-21 03:48:00,21687,2026-05-21 05:48:00,21747,2026-05-21 09:48:00
21628,2026-05-21 01:52:00,train,21269,21628,360,24,0.15,21643,2026-05-21 02:52:00,21658,2026-05-21 03:52:00,21688,2026-05-21 05:52:00,21748,2026-05-21 09:52:00
21629,2026-05-21 01:56:00,train,21270,21629,360,24,0.15,21644,2026-05-21 02:56:00,21659,2026-05-21 03:56:00,21689,2026-05-21 05:56:00,21749,2026-05-21 09:56:00
21634,2026-05-21 02:16:00,train,21275,21634,360,24,0.15,21649,2026-05-21 03:16:00,21664,2026-05-21 04:16:00,21694,2026-05-21 06:16:00,21754,2026-05-21 10:16:00
21635,2026-05-21 02:20:00,train,21276,21635,360,24,0.15,21650,2026-05-21 03:20:00,21665,2026-05-21 04:20:00,21695,2026-05-21 06:20:00,21755,2026-05-21 10:20:00
21638,2026-05-21 02:32:00,train,21279,21638,360,24,0.15,21653,2026-05-21 03:32:00,21668,2026-05-21 04:32:00,21698,2026-05-21 06:32:00,21758,2026-05-21 10:32:00
21639,2026-05-21 02:36:00,train,21280,21639,360,24,0.15,21654,2026-05-21 03:36:00,21669,2026-05-21 04:36:00,21699,2026-05-21 06:36:00,21759,2026-05-21 10:36:00
21689,2026-05-21 05:56:00,train,21330,21689,360,24,0.15,21704,2026-05-21 06:56:00,21719,2026-05-21 07:56:00,21749,2026-05-21 09:56:00,21809,2026-05-21 13:56:00
21691,2026-05-21 06:04:00,train,21332,21691,360,24,0.15,21706,2026-05-21 07:04:00,21721,2026-05-21 08:04:00,21751,2026-05-21 10:04:00,21811,2026-05-21 14:04:00
21796,2026-05-21 13:04:00,train,21437,21796,360,24,0.15,21811,2026-05-21 14:04:00,21826,2026-05-21 15:04:00,21856,2026-05-21 17:04:00,21916,2026-05-21 21:04:00
21797,2026-05-21 13:08:00,train,21438,21797,360,24,0.15,21812,2026-05-21 14:08:00,21827,2026-05-21 15:08:00,21857,2026-05-21 17:08:00,21917,2026-05-21 21:08:00
21798,2026-05-21 13:12:00,train,21439,21798,360,24,0.15,21813,2026-05-21 14:12:00,21828,2026-05-21 15:12:00,21858,2026-05-21 17:12:00,21918,2026-05-21 21:12:00
21799,2026-05-21 13:16:00,train,21440,21799,360,24,0.15,21814,2026-05-21 14:16:00,21829,2026-05-21 15:16:00,21859,2026-05-21 17:16:00,21919,2026-05-21 21:16:00
21801,2026-05-21 13:24:00,train,21442,21801,360,24,0.15,21816,2026-05-21 14:24:00,21831,2026-05-21 15:24:00,21861,2026-05-21 17:24:00,21921,2026-05-21 21:24:00
21804,2026-05-21 13:36:00,train,21445,21804,360,24,0.15,21819,2026-05-21 14:36:00,21834,2026-05-21 15:36:00,21864,2026-05-21 17:36:00,21924,2026-05-21 21:36:00
21807,2026-05-21 13:48:00,train,21448,21807,360,24,0.15,21822,2026-05-21 14:48:00,21837,2026-05-21 15:48:00,21867,2026-05-21 17:48:00,21927,2026-05-21 21:48:00
21810,2026-05-21 14:00:00,train,21451,21810,360,24,0.15,21825,2026-05-21 15:00:00,21840,2026-05-21 16:00:00,21870,2026-05-21 18:00:00,21930,2026-05-21 22:00:00
21812,2026-05-21 14:08:00,train,21453,21812,360,24,0.15,21827,2026-05-21 15:08:00,21842,2026-05-21 16:08:00,21872,2026-05-21 18:08:00,21932,2026-05-21 22:08:00
21813,2026-05-21 14:12:00,train,21454,21813,360,24,0.15,21828,2026-05-21 15:12:00,21843,2026-05-21 16:12:00,21873,2026-05-21 18:12:00,21933,2026-05-21 22:12:00
21814,2026-05-21 14:16:00,train,21455,21814,360,24,0.15,21829,2026-05-21 15:16:00,21844,2026-05-21 16:16:00,21874,2026-05-21 18:16:00,21934,2026-05-21 22:16:00
21815,2026-05-21 14:20:00,train,21456,21815,360,24,0.15,21830,2026-05-21 15:20:00,21845,2026-05-21 16:20:00,21875,2026-05-21 18:20:00,21935,2026-05-21 22:20:00
21816,2026-05-21 14:24:00,train,21457,21816,360,24,0.15,21831,2026-05-21 15:24:00,21846,2026-05-21 16:24:00,21876,2026-05-21 18:24:00,21936,2026-05-21 22:24:00
21819,2026-05-21 14:36:00,train,21460,21819,360,24,0.15,21834,2026-05-21 15:36:00,21849,2026-05-21 16:36:00,21879,2026-05-21 18:36:00,21939,2026-05-21 22:36:00
21822,2026-05-21 14:48:00,train,21463,21822,360,24,0.15,21837,2026-05-21 15:48:00,21852,2026-05-21 16:48:00,21882,2026-05-21 18:48:00,21942,2026-05-21 22:48:00
21823,2026-05-21 14:52:00,train,21464,21823,360,24,0.15,21838,2026-05-21 15:52:00,21853,2026-05-21 16:52:00,21883,2026-05-21 18:52:00,21943,2026-05-21 22:52:00
21824,2026-05-21 14:56:00,train,21465,21824,360,24,0.15,21839,2026-05-21 15:56:00,21854,2026-05-21 16:56:00,21884,2026-05-21 18:56:00,21944,2026-05-21 22:56:00
21826,2026-05-21 15:04:00,train,21467,21826,360,24,0.15,21841,2026-05-21 16:04:00,21856,2026-05-21 17:04:00,21886,2026-05-21 19:04:00,21946,2026-05-21 23:04:00
21827,2026-05-21 15:08:00,train,21468,21827,360,24,0.15,21842,2026-05-21 16:08:00,21857,2026-05-21 17:08:00,21887,2026-05-21 19:08:00,21947,2026-05-21 23:08:00
21837,2026-05-21 15:48:00,train,21478,21837,360,24,0.15,21852,2026-05-21 16:48:00,21867,2026-05-21 17:48:00,21897,2026-05-21 19:48:00,21957,2026-05-21 23:48:00
21840,2026-05-21 16:00:00,train,21481,21840,360,24,0.15,21855,2026-05-21 17:00:00,21870,2026-05-21 18:00:00,21900,2026-05-21 20:00:00,21960,2026-05-22 00:00:00
21844,2026-05-21 16:16:00,train,21485,21844,360,24,0.15,21859,2026-05-21 17:16:00,21874,2026-05-21 18:16:00,21904,2026-05-21 20:16:00,21964,2026-05-22 00:16:00
21847,2026-05-21 16:28:00,train,21488,21847,360,24,0.15,21862,2026-05-21 17:28:00,21877,2026-05-21 18:28:00,21907,2026-05-21 20:28:00,21967,2026-05-22 00:28:00
21848,2026-05-21 16:32:00,train,21489,21848,360,24,0.15,21863,2026-05-21 17:32:00,21878,2026-05-21 18:32:00,21908,2026-05-21 20:32:00,21968,2026-05-22 00:32:00
21852,2026-05-21 16:48:00,train,21493,21852,360,24,0.15,21867,2026-05-21 17:48:00,21882,2026-05-21 18:48:00,21912,2026-05-21 20:48:00,21972,2026-05-22 00:48:00
21853,2026-05-21 16:52:00,train,21494,21853,360,24,0.15,21868,2026-05-21 17:52:00,21883,2026-05-21 18:52:00,21913,2026-05-21 20:52:00,21973,2026-05-22 00:52:00
21857,2026-05-21 17:08:00,train,21498,21857,360,24,0.15,21872,2026-05-21 18:08:00,21887,2026-05-21 19:08:00,21917,2026-05-21 21:08:00,21977,2026-05-22 01:08:00
21860,2026-05-21 17:20:00,train,21501,21860,360,24,0.15,21875,2026-05-21 18:20:00,21890,2026-05-21 19:20:00,21920,2026-05-21 21:20:00,21980,2026-05-22 01:20:00
21866,2026-05-21 17:44:00,train,21507,21866,360,24,0.15,21881,2026-05-21 18:44:00,21896,2026-05-21 19:44:00,21926,2026-05-21 21:44:00,21986,2026-05-22 01:44:00
21867,2026-05-21 17:48:00,train,21508,21867,360,24,0.15,21882,2026-05-21 18:48:00,21897,2026-05-21 19:48:00,21927,2026-05-21 21:48:00,21987,2026-05-22 01:48:00
21869,2026-05-21 17:56:00,train,21510,21869,360,24,0.15,21884,2026-05-21 18:56:00,21899,2026-05-21 19:56:00,21929,2026-05-21 21:56:00,21989,2026-05-22 01:56:00
21871,2026-05-21 18:04:00,train,21512,21871,360,24,0.15,21886,2026-05-21 19:04:00,21901,2026-05-21 20:04:00,21931,2026-05-21 22:04:00,21991,2026-05-22 02:04:00
21877,2026-05-21 18:28:00,train,21518,21877,360,24,0.15,21892,2026-05-21 19:28:00,21907,2026-05-21 20:28:00,21937,2026-05-21 22:28:00,21997,2026-05-22 02:28:00
21880,2026-05-21 18:40:00,train,21521,21880,360,24,0.15,21895,2026-05-21 19:40:00,21910,2026-05-21 20:40:00,21940,2026-05-21 22:40:00,22000,2026-05-22 02:40:00
21882,2026-05-21 18:48:00,train,21523,21882,360,24,0.15,21897,2026-05-21 19:48:00,21912,2026-05-21 20:48:00,21942,2026-05-21 22:48:00,22002,2026-05-22 02:48:00
21885,2026-05-21 19:00:00,train,21526,21885,360,24,0.15,21900,2026-05-21 20:00:00,21915,2026-05-21 21:00:00,21945,2026-05-21 23:00:00,22005,2026-05-22 03:00:00
21888,2026-05-21 19:12:00,train,21529,21888,360,24,0.15,21903,2026-05-21 20:12:00,21918,2026-05-21 21:12:00,21948,2026-05-21 23:12:00,22008,2026-05-22 03:12:00
21900,2026-05-21 20:00:00,train,21541,21900,360,24,0.15,21915,2026-05-21 21:00:00,21930,2026-05-21 22:00:00,21960,2026-05-22 00:00:00,22020,2026-05-22 04:00:00
21901,2026-05-21 20:04:00,train,21542,21901,360,24,0.15,21916,2026-05-21 21:04:00,21931,2026-05-21 22:04:00,21961,2026-05-22 00:04:00,22021,2026-05-22 04:04:00
21902,2026-05-21 20:08:00,train,21543,21902,360,24,0.15,21917,2026-05-21 21:08:00,21932,2026-05-21 22:08:00,21962,2026-05-22 00:08:00,22022,2026-05-22 04:08:00
21904,2026-05-21 20:16:00,train,21545,21904,360,24,0.15,21919,2026-05-21 21:16:00,21934,2026-05-21 22:16:00,21964,2026-05-22 00:16:00,22024,2026-05-22 04:16:00
21907,2026-05-21 20:28:00,train,21548,21907,360,24,0.15,21922,2026-05-21 21:28:00,21937,2026-05-21 22:28:00,21967,2026-05-22 00:28:00,22027,2026-05-22 04:28:00
21908,2026-05-21 20:32:00,train,21549,21908,360,24,0.15,21923,2026-05-21 21:32:00,21938,2026-05-21 22:32:00,21968,2026-05-22 00:32:00,22028,2026-05-22 04:32:00
21912,2026-05-21 20:48:00,train,21553,21912,360,24,0.15,21927,2026-05-21 21:48:00,21942,2026-05-21 22:48:00,21972,2026-05-22 00:48:00,22032,2026-05-22 04:48:00
21914,2026-05-21 20:56:00,train,21555,21914,360,24,0.15,21929,2026-05-21 21:56:00,21944,2026-05-21 22:56:00,21974,2026-05-22 00:56:00,22034,2026-05-22 04:56:00
21917,2026-05-21 21:08:00,train,21558,21917,360,24,0.15,21932,2026-05-21 22:08:00,21947,2026-05-21 23:08:00,21977,2026-05-22 01:08:00,22037,2026-05-22 05:08:00
21918,2026-05-21 21:12:00,train,21559,21918,360,24,0.15,21933,2026-05-21 22:12:00,21948,2026-05-21 23:12:00,21978,2026-05-22 01:12:00,22038,2026-05-22 05:12:00
21919,2026-05-21 21:16:00,train,21560,21919,360,24,0.15,21934,2026-05-21 22:16:00,21949,2026-05-21 23:16:00,21979,2026-05-22 01:16:00,22039,2026-05-22 05:16:00
21920,2026-05-21 21:20:00,train,21561,21920,360,24,0.15,21935,2026-05-21 22:20:00,21950,2026-05-21 23:20:00,21980,2026-05-22 01:20:00,22040,2026-05-22 05:20:00
21921,2026-05-21 21:24:00,train,21562,21921,360,24,0.15,21936,2026-05-21 22:24:00,21951,2026-05-21 23:24:00,21981,2026-05-22 01:24:00,22041,2026-05-22 05:24:00
21927,2026-05-21 21:48:00,train,21568,21927,360,24,0.15,21942,2026-05-21 22:48:00,21957,2026-05-21 23:48:00,21987,2026-05-22 01:48:00,22047,2026-05-22 05:48:00
21931,2026-05-21 22:04:00,train,21572,21931,360,24,0.15,21946,2026-05-21 23:04:00,21961,2026-05-22 00:04:00,21991,2026-05-22 02:04:00,22051,2026-05-22 06:04:00
21932,2026-05-21 22:08:00,train,21573,21932,360,24,0.15,21947,2026-05-21 23:08:00,21962,2026-05-22 00:08:00,21992,2026-05-22 02:08:00,22052,2026-05-22 06:08:00
21934,2026-05-21 22:16:00,train,21575,21934,360,24,0.15,21949,2026-05-21 23:16:00,21964,2026-05-22 00:16:00,21994,2026-05-22 02:16:00,22054,2026-05-22 06:16:00
21938,2026-05-21 22:32:00,train,21579,21938,360,24,0.15,21953,2026-05-21 23:32:00,21968,2026-05-22 00:32:00,21998,2026-05-22 02:32:00,22058,2026-05-22 06:32:00
21945,2026-05-21 23:00:00,train,21586,21945,360,24,0.15,21960,2026-05-22 00:00:00,21975,2026-05-22 01:00:00,22005,2026-05-22 03:00:00,22065,2026-05-22 07:00:00
21949,2026-05-21 23:16:00,train,21590,21949,360,24,0.15,21964,2026-05-22 00:16:00,21979,2026-05-22 01:16:00,22009,2026-05-22 03:16:00,22069,2026-05-22 07:16:00
21957,2026-05-21 23:48:00,train,21598,21957,360,24,0.15,21972,2026-05-22 00:48:00,21987,2026-05-22 01:48:00,22017,2026-05-22 03:48:00,22077,2026-05-22 07:48:00
21960,2026-05-22 00:00:00,train,21601,21960,360,24,0.15,21975,2026-05-22 01:00:00,21990,2026-05-22 02:00:00,22020,2026-05-22 04:00:00,22080,2026-05-22 08:00:00
21961,2026-05-22 00:04:00,train,21602,21961,360,24,0.15,21976,2026-05-22 01:04:00,21991,2026-05-22 02:04:00,22021,2026-05-22 04:04:00,22081,2026-05-22 08:04:00
23862,2026-05-27 06:48:00,train,23503,23862,360,24,0.15,23877,2026-05-27 07:48:00,23892,2026-05-27 08:48:00,23922,2026-05-27 10:48:00,23982,2026-05-27 14:48:00
23863,2026-05-27 06:52:00,train,23504,23863,360,24,0.15,23878,2026-05-27 07:52:00,23893,2026-05-27 08:52:00,23923,2026-05-27 10:52:00,23983,2026-05-27 14:52:00
23865,2026-05-27 07:00:00,train,23506,23865,360,24,0.15,23880,2026-05-27 08:00:00,23895,2026-05-27 09:00:00,23925,2026-05-27 11:00:00,23985,2026-05-27 15:00:00
23866,2026-05-27 07:04:00,train,23507,23866,360,24,0.15,23881,2026-05-27 08:04:00,23896,2026-05-27 09:04:00,23926,2026-05-27 11:04:00,23986,2026-05-27 15:04:00
23882,2026-05-27 08:08:00,train,23523,23882,360,24,0.15,23897,2026-05-27 09:08:00,23912,2026-05-27 10:08:00,23942,2026-05-27 12:08:00,24002,2026-05-27 16:08:00
23910,2026-05-27 10:00:00,train,23551,23910,360,24,0.15,23925,2026-05-27 11:00:00,23940,2026-05-27 12:00:00,23970,2026-05-27 14:00:00,24030,2026-05-27 18:00:00
23912,2026-05-27 10:08:00,train,23553,23912,360,24,0.15,23927,2026-05-27 11:08:00,23942,2026-05-27 12:08:00,23972,2026-05-27 14:08:00,24032,2026-05-27 18:08:00
23933,2026-05-27 11:32:00,train,23574,23933,360,24,0.15,23948,2026-05-27 12:32:00,23963,2026-05-27 13:32:00,23993,2026-05-27 15:32:00,24053,2026-05-27 19:32:00
23947,2026-05-27 12:28:00,train,23588,23947,360,24,0.15,23962,2026-05-27 13:28:00,23977,2026-05-27 14:28:00,24007,2026-05-27 16:28:00,24067,2026-05-27 20:28:00
23949,2026-05-27 12:36:00,train,23590,23949,360,24,0.15,23964,2026-05-27 13:36:00,23979,2026-05-27 14:36:00,24009,2026-05-27 16:36:00,24069,2026-05-27 20:36:00
23950,2026-05-27 12:40:00,train,23591,23950,360,24,0.15,23965,2026-05-27 13:40:00,23980,2026-05-27 14:40:00,24010,2026-05-27 16:40:00,24070,2026-05-27 20:40:00
23952,2026-05-27 12:48:00,train,23593,23952,360,24,0.15,23967,2026-05-27 13:48:00,23982,2026-05-27 14:48:00,24012,2026-05-27 16:48:00,24072,2026-05-27 20:48:00
23956,2026-05-27 13:04:00,train,23597,23956,360,24,0.15,23971,2026-05-27 14:04:00,23986,2026-05-27 15:04:00,24016,2026-05-27 17:04:00,24076,2026-05-27 21:04:00
23963,2026-05-27 13:32:00,train,23604,23963,360,24,0.15,23978,2026-05-27 14:32:00,23993,2026-05-27 15:32:00,24023,2026-05-27 17:32:00,24083,2026-05-27 21:32:00
23965,2026-05-27 13:40:00,train,23606,23965,360,24,0.15,23980,2026-05-27 14:40:00,23995,2026-05-27 15:40:00,24025,2026-05-27 17:40:00,24085,2026-05-27 21:40:00
23968,2026-05-27 13:52:00,train,23609,23968,360,24,0.15,23983,2026-05-27 14:52:00,23998,2026-05-27 15:52:00,24028,2026-05-27 17:52:00,24088,2026-05-27 21:52:00
23970,2026-05-27 14:00:00,train,23611,23970,360,24,0.15,23985,2026-05-27 15:00:00,24000,2026-05-27 16:00:00,24030,2026-05-27 18:00:00,24090,2026-05-27 22:00:00
23971,2026-05-27 14:04:00,train,23612,23971,360,24,0.15,23986,2026-05-27 15:04:00,24001,2026-05-27 16:04:00,24031,2026-05-27 18:04:00,24091,2026-05-27 22:04:00
24724,2026-05-29 16:16:00,train,24365,24724,360,24,0.15,24739,2026-05-29 17:16:00,24754,2026-05-29 18:16:00,24784,2026-05-29 20:16:00,24844,2026-05-30 00:16:00
24725,2026-05-29 16:20:00,train,24366,24725,360,24,0.15,24740,2026-05-29 17:20:00,24755,2026-05-29 18:20:00,24785,2026-05-29 20:20:00,24845,2026-05-30 00:20:00
24726,2026-05-29 16:24:00,train,24367,24726,360,24,0.15,24741,2026-05-29 17:24:00,24756,2026-05-29 18:24:00,24786,2026-05-29 20:24:00,24846,2026-05-30 00:24:00
24727,2026-05-29 16:28:00,train,24368,24727,360,24,0.15,24742,2026-05-29 17:28:00,24757,2026-05-29 18:28:00,24787,2026-05-29 20:28:00,24847,2026-05-30 00:28:00
24728,2026-05-29 16:32:00,train,24369,24728,360,24,0.15,24743,2026-05-29 17:32:00,24758,2026-05-29 18:32:00,24788,2026-05-29 20:32:00,24848,2026-05-30 00:32:00
24729,2026-05-29 16:36:00,train,24370,24729,360,24,0.15,24744,2026-05-29 17:36:00,24759,2026-05-29 18:36:00,24789,2026-05-29 20:36:00,24849,2026-05-30 00:36:00
24732,2026-05-29 16:48:00,train,24373,24732,360,24,0.15,24747,2026-05-29 17:48:00,24762,2026-05-29 18:48:00,24792,2026-05-29 20:48:00,24852,2026-05-30 00:48:00
24733,2026-05-29 16:52:00,train,24374,24733,360,24,0.15,24748,2026-05-29 17:52:00,24763,2026-05-29 18:52:00,24793,2026-05-29 20:52:00,24853,2026-05-30 00:52:00
24734,2026-05-29 16:56:00,train,24375,24734,360,24,0.15,24749,2026-05-29 17:56:00,24764,2026-05-29 18:56:00,24794,2026-05-29 20:56:00,24854,2026-05-30 00:56:00
24735,2026-05-29 17:00:00,train,24376,24735,360,24,0.15,24750,2026-05-29 18:00:00,24765,2026-05-29 19:00:00,24795,2026-05-29 21:00:00,24855,2026-05-30 01:00:00
24736,2026-05-29 17:04:00,train,24377,24736,360,24,0.15,24751,2026-05-29 18:04:00,24766,2026-05-29 19:04:00,24796,2026-05-29 21:04:00,24856,2026-05-30 01:04:00
24737,2026-05-29 17:08:00,train,24378,24737,360,24,0.15,24752,2026-05-29 18:08:00,24767,2026-05-29 19:08:00,24797,2026-05-29 21:08:00,24857,2026-05-30 01:08:00
24738,2026-05-29 17:12:00,train,24379,24738,360,24,0.15,24753,2026-05-29 18:12:00,24768,2026-05-29 19:12:00,24798,2026-05-29 21:12:00,24858,2026-05-30 01:12:00
24740,2026-05-29 17:20:00,train,24381,24740,360,24,0.15,24755,2026-05-29 18:20:00,24770,2026-05-29 19:20:00,24800,2026-05-29 21:20:00,24860,2026-05-30 01:20:00
24741,2026-05-29 17:24:00,train,24382,24741,360,24,0.15,24756,2026-05-29 18:24:00,24771,2026-05-29 19:24:00,24801,2026-05-29 21:24:00,24861,2026-05-30 01:24:00
24742,2026-05-29 17:28:00,train,24383,24742,360,24,0.15,24757,2026-05-29 18:28:00,24772,2026-05-29 19:28:00,24802,2026-05-29 21:28:00,24862,2026-05-30 01:28:00
24743,2026-05-29 17:32:00,train,24384,24743,360,24,0.15,24758,2026-05-29 18:32:00,24773,2026-05-29 19:32:00,24803,2026-05-29 21:32:00,24863,2026-05-30 01:32:00
24744,2026-05-29 17:36:00,train,24385,24744,360,24,0.15,24759,2026-05-29 18:36:00,24774,2026-05-29 19:36:00,24804,2026-05-29 21:36:00,24864,2026-05-30 01:36:00
24746,2026-05-29 17:44:00,train,24387,24746,360,24,0.15,24761,2026-05-29 18:44:00,24776,2026-05-29 19:44:00,24806,2026-05-29 21:44:00,24866,2026-05-30 01:44:00
24747,2026-05-29 17:48:00,train,24388,24747,360,24,0.15,24762,2026-05-29 18:48:00,24777,2026-05-29 19:48:00,24807,2026-05-29 21:48:00,24867,2026-05-30 01:48:00
24748,2026-05-29 17:52:00,train,24389,24748,360,24,0.15,24763,2026-05-29 18:52:00,24778,2026-05-29 19:52:00,24808,2026-05-29 21:52:00,24868,2026-05-30 01:52:00
24749,2026-05-29 17:56:00,train,24390,24749,360,24,0.15,24764,2026-05-29 18:56:00,24779,2026-05-29 19:56:00,24809,2026-05-29 21:56:00,24869,2026-05-30 01:56:00
24750,2026-05-29 18:00:00,train,24391,24750,360,24,0.15,24765,2026-05-29 19:00:00,24780,2026-05-29 20:00:00,24810,2026-05-29 22:00:00,24870,2026-05-30 02:00:00
24751,2026-05-29 18:04:00,train,24392,24751,360,24,0.15,24766,2026-05-29 19:04:00,24781,2026-05-29 20:04:00,24811,2026-05-29 22:04:00,24871,2026-05-30 02:04:00
24752,2026-05-29 18:08:00,train,24393,24752,360,24,0.15,24767,2026-05-29 19:08:00,24782,2026-05-29 20:08:00,24812,2026-05-29 22:08:00,24872,2026-05-30 02:08:00
24753,2026-05-29 18:12:00,train,24394,24753,360,24,0.15,24768,2026-05-29 19:12:00,24783,2026-05-29 20:12:00,24813,2026-05-29 22:12:00,24873,2026-05-30 02:12:00
24754,2026-05-29 18:16:00,train,24395,24754,360,24,0.15,24769,2026-05-29 19:16:00,24784,2026-05-29 20:16:00,24814,2026-05-29 22:16:00,24874,2026-05-30 02:16:00
24755,2026-05-29 18:20:00,train,24396,24755,360,24,0.15,24770,2026-05-29 19:20:00,24785,2026-05-29 20:20:00,24815,2026-05-29 22:20:00,24875,2026-05-30 02:20:00
24756,2026-05-29 18:24:00,train,24397,24756,360,24,0.15,24771,2026-05-29 19:24:00,24786,2026-05-29 20:24:00,24816,2026-05-29 22:24:00,24876,2026-05-30 02:24:00
24757,2026-05-29 18:28:00,train,24398,24757,360,24,0.15,24772,2026-05-29 19:28:00,24787,2026-05-29 20:28:00,24817,2026-05-29 22:28:00,24877,2026-05-30 02:28:00
24758,2026-05-29 18:32:00,train,24399,24758,360,24,0.15,24773,2026-05-29 19:32:00,24788,2026-05-29 20:32:00,24818,2026-05-29 22:32:00,24878,2026-05-30 02:32:00
24759,2026-05-29 18:36:00,train,24400,24759,360,24,0.15,24774,2026-05-29 19:36:00,24789,2026-05-29 20:36:00,24819,2026-05-29 22:36:00,24879,2026-05-30 02:36:00
24760,2026-05-29 18:40:00,train,24401,24760,360,24,0.15,24775,2026-05-29 19:40:00,24790,2026-05-29 20:40:00,24820,2026-05-29 22:40:00,24880,2026-05-30 02:40:00
24762,2026-05-29 18:48:00,train,24403,24762,360,24,0.15,24777,2026-05-29 19:48:00,24792,2026-05-29 20:48:00,24822,2026-05-29 22:48:00,24882,2026-05-30 02:48:00
24763,2026-05-29 18:52:00,train,24404,24763,360,24,0.15,24778,2026-05-29 19:52:00,24793,2026-05-29 20:52:00,24823,2026-05-29 22:52:00,24883,2026-05-30 02:52:00
24765,2026-05-29 19:00:00,train,24406,24765,360,24,0.15,24780,2026-05-29 20:00:00,24795,2026-05-29 21:00:00,24825,2026-05-29 23:00:00,24885,2026-05-30 03:00:00
24766,2026-05-29 19:04:00,train,24407,24766,360,24,0.15,24781,2026-05-29 20:04:00,24796,2026-05-29 21:04:00,24826,2026-05-29 23:04:00,24886,2026-05-30 03:04:00
24768,2026-05-29 19:12:00,train,24409,24768,360,24,0.15,24783,2026-05-29 20:12:00,24798,2026-05-29 21:12:00,24828,2026-05-29 23:12:00,24888,2026-05-30 03:12:00
24769,2026-05-29 19:16:00,train,24410,24769,360,24,0.15,24784,2026-05-29 20:16:00,24799,2026-05-29 21:16:00,24829,2026-05-29 23:16:00,24889,2026-05-30 03:16:00
24770,2026-05-29 19:20:00,train,24411,24770,360,24,0.15,24785,2026-05-29 20:20:00,24800,2026-05-29 21:20:00,24830,2026-05-29 23:20:00,24890,2026-05-30 03:20:00
24771,2026-05-29 19:24:00,train,24412,24771,360,24,0.15,24786,2026-05-29 20:24:00,24801,2026-05-29 21:24:00,24831,2026-05-29 23:24:00,24891,2026-05-30 03:24:00
24772,2026-05-29 19:28:00,train,24413,24772,360,24,0.15,24787,2026-05-29 20:28:00,24802,2026-05-29 21:28:00,24832,2026-05-29 23:28:00,24892,2026-05-30 03:28:00
24773,2026-05-29 19:32:00,train,24414,24773,360,24,0.15,24788,2026-05-29 20:32:00,24803,2026-05-29 21:32:00,24833,2026-05-29 23:32:00,24893,2026-05-30 03:32:00
24775,2026-05-29 19:40:00,train,24416,24775,360,24,0.15,24790,2026-05-29 20:40:00,24805,2026-05-29 21:40:00,24835,2026-05-29 23:40:00,24895,2026-05-30 03:40:00
24777,2026-05-29 19:48:00,train,24418,24777,360,24,0.15,24792,2026-05-29 20:48:00,24807,2026-05-29 21:48:00,24837,2026-05-29 23:48:00,24897,2026-05-30 03:48:00
24779,2026-05-29 19:56:00,train,24420,24779,360,24,0.15,24794,2026-05-29 20:56:00,24809,2026-05-29 21:56:00,24839,2026-05-29 23:56:00,24899,2026-05-30 03:56:00
24780,2026-05-29 20:00:00,train,24421,24780,360,24,0.15,24795,2026-05-29 21:00:00,24810,2026-05-29 22:00:00,24840,2026-05-30 00:00:00,24900,2026-05-30 04:00:00
24781,2026-05-29 20:04:00,train,24422,24781,360,24,0.15,24796,2026-05-29 21:04:00,24811,2026-05-29 22:04:00,24841,2026-05-30 00:04:00,24901,2026-05-30 04:04:00
24782,2026-05-29 20:08:00,train,24423,24782,360,24,0.15,24797,2026-05-29 21:08:00,24812,2026-05-29 22:08:00,24842,2026-05-30 00:08:00,24902,2026-05-30 04:08:00
24783,2026-05-29 20:12:00,train,24424,24783,360,24,0.15,24798,2026-05-29 21:12:00,24813,2026-05-29 22:12:00,24843,2026-05-30 00:12:00,24903,2026-05-30 04:12:00
24784,2026-05-29 20:16:00,train,24425,24784,360,24,0.15,24799,2026-05-29 21:16:00,24814,2026-05-29 22:16:00,24844,2026-05-30 00:16:00,24904,2026-05-30 04:16:00
24785,2026-05-29 20:20:00,train,24426,24785,360,24,0.15,24800,2026-05-29 21:20:00,24815,2026-05-29 22:20:00,24845,2026-05-30 00:20:00,24905,2026-05-30 04:20:00
24786,2026-05-29 20:24:00,train,24427,24786,360,24,0.15,24801,2026-05-29 21:24:00,24816,2026-05-29 22:24:00,24846,2026-05-30 00:24:00,24906,2026-05-30 04:24:00
24787,2026-05-29 20:28:00,train,24428,24787,360,24,0.15,24802,2026-05-29 21:28:00,24817,2026-05-29 22:28:00,24847,2026-05-30 00:28:00,24907,2026-05-30 04:28:00
24788,2026-05-29 20:32:00,train,24429,24788,360,24,0.15,24803,2026-05-29 21:32:00,24818,2026-05-29 22:32:00,24848,2026-05-30 00:32:00,24908,2026-05-30 04:32:00
24789,2026-05-29 20:36:00,train,24430,24789,360,24,0.15,24804,2026-05-29 21:36:00,24819,2026-05-29 22:36:00,24849,2026-05-30 00:36:00,24909,2026-05-30 04:36:00
24790,2026-05-29 20:40:00,train,24431,24790,360,24,0.15,24805,2026-05-29 21:40:00,24820,2026-05-29 22:40:00,24850,2026-05-30 00:40:00,24910,2026-05-30 04:40:00
24791,2026-05-29 20:44:00,train,24432,24791,360,24,0.15,24806,2026-05-29 21:44:00,24821,2026-05-29 22:44:00,24851,2026-05-30 00:44:00,24911,2026-05-30 04:44:00
24792,2026-05-29 20:48:00,train,24433,24792,360,24,0.15,24807,2026-05-29 21:48:00,24822,2026-05-29 22:48:00,24852,2026-05-30 00:48:00,24912,2026-05-30 04:48:00
24793,2026-05-29 20:52:00,train,24434,24793,360,24,0.15,24808,2026-05-29 21:52:00,24823,2026-05-29 22:52:00,24853,2026-05-30 00:52:00,24913,2026-05-30 04:52:00
24795,2026-05-29 21:00:00,train,24436,24795,360,24,0.15,24810,2026-05-29 22:00:00,24825,2026-05-29 23:00:00,24855,2026-05-30 01:00:00,24915,2026-05-30 05:00:00
24796,2026-05-29 21:04:00,train,24437,24796,360,24,0.15,24811,2026-05-29 22:04:00,24826,2026-05-29 23:04:00,24856,2026-05-30 01:04:00,24916,2026-05-30 05:04:00
24797,2026-05-29 21:08:00,train,24438,24797,360,24,0.15,24812,2026-05-29 22:08:00,24827,2026-05-29 23:08:00,24857,2026-05-30 01:08:00,24917,2026-05-30 05:08:00
24798,2026-05-29 21:12:00,train,24439,24798,360,24,0.15,24813,2026-05-29 22:12:00,24828,2026-05-29 23:12:00,24858,2026-05-30 01:12:00,24918,2026-05-30 05:12:00
24800,2026-05-29 21:20:00,train,24441,24800,360,24,0.15,24815,2026-05-29 22:20:00,24830,2026-05-29 23:20:00,24860,2026-05-30 01:20:00,24920,2026-05-30 05:20:00
24801,2026-05-29 21:24:00,train,24442,24801,360,24,0.15,24816,2026-05-29 22:24:00,24831,2026-05-29 23:24:00,24861,2026-05-30 01:24:00,24921,2026-05-30 05:24:00
24802,2026-05-29 21:28:00,train,24443,24802,360,24,0.15,24817,2026-05-29 22:28:00,24832,2026-05-29 23:28:00,24862,2026-05-30 01:28:00,24922,2026-05-30 05:28:00
24803,2026-05-29 21:32:00,train,24444,24803,360,24,0.15,24818,2026-05-29 22:32:00,24833,2026-05-29 23:32:00,24863,2026-05-30 01:32:00,24923,2026-05-30 05:32:00
24804,2026-05-29 21:36:00,train,24445,24804,360,24,0.15,24819,2026-05-29 22:36:00,24834,2026-05-29 23:36:00,24864,2026-05-30 01:36:00,24924,2026-05-30 05:36:00
24805,2026-05-29 21:40:00,train,24446,24805,360,24,0.15,24820,2026-05-29 22:40:00,24835,2026-05-29 23:40:00,24865,2026-05-30 01:40:00,24925,2026-05-30 05:40:00
24806,2026-05-29 21:44:00,train,24447,24806,360,24,0.15,24821,2026-05-29 22:44:00,24836,2026-05-29 23:44:00,24866,2026-05-30 01:44:00,24926,2026-05-30 05:44:00
24807,2026-05-29 21:48:00,train,24448,24807,360,24,0.15,24822,2026-05-29 22:48:00,24837,2026-05-29 23:48:00,24867,2026-05-30 01:48:00,24927,2026-05-30 05:48:00
24811,2026-05-29 22:04:00,train,24452,24811,360,24,0.15,24826,2026-05-29 23:04:00,24841,2026-05-30 00:04:00,24871,2026-05-30 02:04:00,24931,2026-05-30 06:04:00
24812,2026-05-29 22:08:00,train,24453,24812,360,24,0.15,24827,2026-05-29 23:08:00,24842,2026-05-30 00:08:00,24872,2026-05-30 02:08:00,24932,2026-05-30 06:08:00
24813,2026-05-29 22:12:00,train,24454,24813,360,24,0.15,24828,2026-05-29 23:12:00,24843,2026-05-30 00:12:00,24873,2026-05-30 02:12:00,24933,2026-05-30 06:12:00
24814,2026-05-29 22:16:00,train,24455,24814,360,24,0.15,24829,2026-05-29 23:16:00,24844,2026-05-30 00:16:00,24874,2026-05-30 02:16:00,24934,2026-05-30 06:16:00
24816,2026-05-29 22:24:00,train,24457,24816,360,24,0.15,24831,2026-05-29 23:24:00,24846,2026-05-30 00:24:00,24876,2026-05-30 02:24:00,24936,2026-05-30 06:24:00
24817,2026-05-29 22:28:00,train,24458,24817,360,24,0.15,24832,2026-05-29 23:28:00,24847,2026-05-30 00:28:00,24877,2026-05-30 02:28:00,24937,2026-05-30 06:28:00
24818,2026-05-29 22:32:00,train,24459,24818,360,24,0.15,24833,2026-05-29 23:32:00,24848,2026-05-30 00:32:00,24878,2026-05-30 02:32:00,24938,2026-05-30 06:32:00
24819,2026-05-29 22:36:00,train,24460,24819,360,24,0.15,24834,2026-05-29 23:36:00,24849,2026-05-30 00:36:00,24879,2026-05-30 02:36:00,24939,2026-05-30 06:36:00
24820,2026-05-29 22:40:00,train,24461,24820,360,24,0.15,24835,2026-05-29 23:40:00,24850,2026-05-30 00:40:00,24880,2026-05-30 02:40:00,24940,2026-05-30 06:40:00
24821,2026-05-29 22:44:00,train,24462,24821,360,24,0.15,24836,2026-05-29 23:44:00,24851,2026-05-30 00:44:00,24881,2026-05-30 02:44:00,24941,2026-05-30 06:44:00
24822,2026-05-29 22:48:00,train,24463,24822,360,24,0.15,24837,2026-05-29 23:48:00,24852,2026-05-30 00:48:00,24882,2026-05-30 02:48:00,24942,2026-05-30 06:48:00
24824,2026-05-29 22:56:00,train,24465,24824,360,24,0.15,24839,2026-05-29 23:56:00,24854,2026-05-30 00:56:00,24884,2026-05-30 02:56:00,24944,2026-05-30 06:56:00
24825,2026-05-29 23:00:00,train,24466,24825,360,24,0.15,24840,2026-05-30 00:00:00,24855,2026-05-30 01:00:00,24885,2026-05-30 03:00:00,24945,2026-05-30 07:00:00
24826,2026-05-29 23:04:00,train,24467,24826,360,24,0.15,24841,2026-05-30 00:04:00,24856,2026-05-30 01:04:00,24886,2026-05-30 03:04:00,24946,2026-05-30 07:04:00
24828,2026-05-29 23:12:00,train,24469,24828,360,24,0.15,24843,2026-05-30 00:12:00,24858,2026-05-30 01:12:00,24888,2026-05-30 03:12:00,24948,2026-05-30 07:12:00
24830,2026-05-29 23:20:00,train,24471,24830,360,24,0.15,24845,2026-05-30 00:20:00,24860,2026-05-30 01:20:00,24890,2026-05-30 03:20:00,24950,2026-05-30 07:20:00
24831,2026-05-29 23:24:00,train,24472,24831,360,24,0.15,24846,2026-05-30 00:24:00,24861,2026-05-30 01:24:00,24891,2026-05-30 03:24:00,24951,2026-05-30 07:24:00
24832,2026-05-29 23:28:00,train,24473,24832,360,24,0.15,24847,2026-05-30 00:28:00,24862,2026-05-30 01:28:00,24892,2026-05-30 03:28:00,24952,2026-05-30 07:28:00
24833,2026-05-29 23:32:00,train,24474,24833,360,24,0.15,24848,2026-05-30 00:32:00,24863,2026-05-30 01:32:00,24893,2026-05-30 03:32:00,24953,2026-05-30 07:32:00
24835,2026-05-29 23:40:00,train,24476,24835,360,24,0.15,24850,2026-05-30 00:40:00,24865,2026-05-30 01:40:00,24895,2026-05-30 03:40:00,24955,2026-05-30 07:40:00
24836,2026-05-29 23:44:00,train,24477,24836,360,24,0.15,24851,2026-05-30 00:44:00,24866,2026-05-30 01:44:00,24896,2026-05-30 03:44:00,24956,2026-05-30 07:44:00
24837,2026-05-29 23:48:00,train,24478,24837,360,24,0.15,24852,2026-05-30 00:48:00,24867,2026-05-30 01:48:00,24897,2026-05-30 03:48:00,24957,2026-05-30 07:48:00
24838,2026-05-29 23:52:00,train,24479,24838,360,24,0.15,24853,2026-05-30 00:52:00,24868,2026-05-30 01:52:00,24898,2026-05-30 03:52:00,24958,2026-05-30 07:52:00
24839,2026-05-29 23:56:00,train,24480,24839,360,24,0.15,24854,2026-05-30 00:56:00,24869,2026-05-30 01:56:00,24899,2026-05-30 03:56:00,24959,2026-05-30 07:56:00
24840,2026-05-30 00:00:00,train,24481,24840,360,24,0.15,24855,2026-05-30 01:00:00,24870,2026-05-30 02:00:00,24900,2026-05-30 04:00:00,24960,2026-05-30 08:00:00
24841,2026-05-30 00:04:00,train,24482,24841,360,24,0.15,24856,2026-05-30 01:04:00,24871,2026-05-30 02:04:00,24901,2026-05-30 04:04:00,24961,2026-05-30 08:04:00
24843,2026-05-30 00:12:00,train,24484,24843,360,24,0.15,24858,2026-05-30 01:12:00,24873,2026-05-30 02:12:00,24903,2026-05-30 04:12:00,24963,2026-05-30 08:12:00
24845,2026-05-30 00:20:00,train,24486,24845,360,24,0.15,24860,2026-05-30 01:20:00,24875,2026-05-30 02:20:00,24905,2026-05-30 04:20:00,24965,2026-05-30 08:20:00
24846,2026-05-30 00:24:00,train,24487,24846,360,24,0.15,24861,2026-05-30 01:24:00,24876,2026-05-30 02:24:00,24906,2026-05-30 04:24:00,24966,2026-05-30 08:24:00
24848,2026-05-30 00:32:00,train,24489,24848,360,24,0.15,24863,2026-05-30 01:32:00,24878,2026-05-30 02:32:00,24908,2026-05-30 04:32:00,24968,2026-05-30 08:32:00
24849,2026-05-30 00:36:00,train,24490,24849,360,24,0.15,24864,2026-05-30 01:36:00,24879,2026-05-30 02:36:00,24909,2026-05-30 04:36:00,24969,2026-05-30 08:36:00
24850,2026-05-30 00:40:00,train,24491,24850,360,24,0.15,24865,2026-05-30 01:40:00,24880,2026-05-30 02:40:00,24910,2026-05-30 04:40:00,24970,2026-05-30 08:40:00
24851,2026-05-30 00:44:00,train,24492,24851,360,24,0.15,24866,2026-05-30 01:44:00,24881,2026-05-30 02:44:00,24911,2026-05-30 04:44:00,24971,2026-05-30 08:44:00
24852,2026-05-30 00:48:00,train,24493,24852,360,24,0.15,24867,2026-05-30 01:48:00,24882,2026-05-30 02:48:00,24912,2026-05-30 04:48:00,24972,2026-05-30 08:48:00
24853,2026-05-30 00:52:00,train,24494,24853,360,24,0.15,24868,2026-05-30 01:52:00,24883,2026-05-30 02:52:00,24913,2026-05-30 04:52:00,24973,2026-05-30 08:52:00
24854,2026-05-30 00:56:00,train,24495,24854,360,24,0.15,24869,2026-05-30 01:56:00,24884,2026-05-30 02:56:00,24914,2026-05-30 04:56:00,24974,2026-05-30 08:56:00
24855,2026-05-30 01:00:00,train,24496,24855,360,24,0.15,24870,2026-05-30 02:00:00,24885,2026-05-30 03:00:00,24915,2026-05-30 05:00:00,24975,2026-05-30 09:00:00
24856,2026-05-30 01:04:00,train,24497,24856,360,24,0.15,24871,2026-05-30 02:04:00,24886,2026-05-30 03:04:00,24916,2026-05-30 05:04:00,24976,2026-05-30 09:04:00
24858,2026-05-30 01:12:00,train,24499,24858,360,24,0.15,24873,2026-05-30 02:12:00,24888,2026-05-30 03:12:00,24918,2026-05-30 05:12:00,24978,2026-05-30 09:12:00
24859,2026-05-30 01:16:00,train,24500,24859,360,24,0.15,24874,2026-05-30 02:16:00,24889,2026-05-30 03:16:00,24919,2026-05-30 05:16:00,24979,2026-05-30 09:16:00
24860,2026-05-30 01:20:00,train,24501,24860,360,24,0.15,24875,2026-05-30 02:20:00,24890,2026-05-30 03:20:00,24920,2026-05-30 05:20:00,24980,2026-05-30 09:20:00
24863,2026-05-30 01:32:00,train,24504,24863,360,24,0.15,24878,2026-05-30 02:32:00,24893,2026-05-30 03:32:00,24923,2026-05-30 05:32:00,24983,2026-05-30 09:32:00
24865,2026-05-30 01:40:00,train,24506,24865,360,24,0.15,24880,2026-05-30 02:40:00,24895,2026-05-30 03:40:00,24925,2026-05-30 05:40:00,24985,2026-05-30 09:40:00
24866,2026-05-30 01:44:00,train,24507,24866,360,24,0.15,24881,2026-05-30 02:44:00,24896,2026-05-30 03:44:00,24926,2026-05-30 05:44:00,24986,2026-05-30 09:44:00
24867,2026-05-30 01:48:00,train,24508,24867,360,24,0.15,24882,2026-05-30 02:48:00,24897,2026-05-30 03:48:00,24927,2026-05-30 05:48:00,24987,2026-05-30 09:48:00
24868,2026-05-30 01:52:00,train,24509,24868,360,24,0.15,24883,2026-05-30 02:52:00,24898,2026-05-30 03:52:00,24928,2026-05-30 05:52:00,24988,2026-05-30 09:52:00
24869,2026-05-30 01:56:00,train,24510,24869,360,24,0.15,24884,2026-05-30 02:56:00,24899,2026-05-30 03:56:00,24929,2026-05-30 05:56:00,24989,2026-05-30 09:56:00
24871,2026-05-30 02:04:00,train,24512,24871,360,24,0.15,24886,2026-05-30 03:04:00,24901,2026-05-30 04:04:00,24931,2026-05-30 06:04:00,24991,2026-05-30 10:04:00
24874,2026-05-30 02:16:00,train,24515,24874,360,24,0.15,24889,2026-05-30 03:16:00,24904,2026-05-30 04:16:00,24934,2026-05-30 06:16:00,24994,2026-05-30 10:16:00
24876,2026-05-30 02:24:00,train,24517,24876,360,24,0.15,24891,2026-05-30 03:24:00,24906,2026-05-30 04:24:00,24936,2026-05-30 06:24:00,24996,2026-05-30 10:24:00
24877,2026-05-30 02:28:00,train,24518,24877,360,24,0.15,24892,2026-05-30 03:28:00,24907,2026-05-30 04:28:00,24937,2026-05-30 06:28:00,24997,2026-05-30 10:28:00
24878,2026-05-30 02:32:00,train,24519,24878,360,24,0.15,24893,2026-05-30 03:32:00,24908,2026-05-30 04:32:00,24938,2026-05-30 06:32:00,24998,2026-05-30 10:32:00
24881,2026-05-30 02:44:00,train,24522,24881,360,24,0.15,24896,2026-05-30 03:44:00,24911,2026-05-30 04:44:00,24941,2026-05-30 06:44:00,25001,2026-05-30 10:44:00
24882,2026-05-30 02:48:00,train,24523,24882,360,24,0.15,24897,2026-05-30 03:48:00,24912,2026-05-30 04:48:00,24942,2026-05-30 06:48:00,25002,2026-05-30 10:48:00
24883,2026-05-30 02:52:00,train,24524,24883,360,24,0.15,24898,2026-05-30 03:52:00,24913,2026-05-30 04:52:00,24943,2026-05-30 06:52:00,25003,2026-05-30 10:52:00
24885,2026-05-30 03:00:00,train,24526,24885,360,24,0.15,24900,2026-05-30 04:00:00,24915,2026-05-30 05:00:00,24945,2026-05-30 07:00:00,25005,2026-05-30 11:00:00
24887,2026-05-30 03:08:00,train,24528,24887,360,24,0.15,24902,2026-05-30 04:08:00,24917,2026-05-30 05:08:00,24947,2026-05-30 07:08:00,25007,2026-05-30 11:08:00
24888,2026-05-30 03:12:00,train,24529,24888,360,24,0.15,24903,2026-05-30 04:12:00,24918,2026-05-30 05:12:00,24948,2026-05-30 07:12:00,25008,2026-05-30 11:12:00
24890,2026-05-30 03:20:00,train,24531,24890,360,24,0.15,24905,2026-05-30 04:20:00,24920,2026-05-30 05:20:00,24950,2026-05-30 07:20:00,25010,2026-05-30 11:20:00
24891,2026-05-30 03:24:00,train,24532,24891,360,24,0.15,24906,2026-05-30 04:24:00,24921,2026-05-30 05:24:00,24951,2026-05-30 07:24:00,25011,2026-05-30 11:24:00
24892,2026-05-30 03:28:00,train,24533,24892,360,24,0.15,24907,2026-05-30 04:28:00,24922,2026-05-30 05:28:00,24952,2026-05-30 07:28:00,25012,2026-05-30 11:28:00
24893,2026-05-30 03:32:00,train,24534,24893,360,24,0.15,24908,2026-05-30 04:32:00,24923,2026-05-30 05:32:00,24953,2026-05-30 07:32:00,25013,2026-05-30 11:32:00
24894,2026-05-30 03:36:00,train,24535,24894,360,24,0.15,24909,2026-05-30 04:36:00,24924,2026-05-30 05:36:00,24954,2026-05-30 07:36:00,25014,2026-05-30 11:36:00
24895,2026-05-30 03:40:00,train,24536,24895,360,24,0.15,24910,2026-05-30 04:40:00,24925,2026-05-30 05:40:00,24955,2026-05-30 07:40:00,25015,2026-05-30 11:40:00
24896,2026-05-30 03:44:00,train,24537,24896,360,24,0.15,24911,2026-05-30 04:44:00,24926,2026-05-30 05:44:00,24956,2026-05-30 07:44:00,25016,2026-05-30 11:44:00
24899,2026-05-30 03:56:00,train,24540,24899,360,24,0.15,24914,2026-05-30 04:56:00,24929,2026-05-30 05:56:00,24959,2026-05-30 07:56:00,25019,2026-05-30 11:56:00
24901,2026-05-30 04:04:00,train,24542,24901,360,24,0.15,24916,2026-05-30 05:04:00,24931,2026-05-30 06:04:00,24961,2026-05-30 08:04:00,25021,2026-05-30 12:04:00
24903,2026-05-30 04:12:00,train,24544,24903,360,24,0.15,24918,2026-05-30 05:12:00,24933,2026-05-30 06:12:00,24963,2026-05-30 08:12:00,25023,2026-05-30 12:12:00
24904,2026-05-30 04:16:00,train,24545,24904,360,24,0.15,24919,2026-05-30 05:16:00,24934,2026-05-30 06:16:00,24964,2026-05-30 08:16:00,25024,2026-05-30 12:16:00
24906,2026-05-30 04:24:00,train,24547,24906,360,24,0.15,24921,2026-05-30 05:24:00,24936,2026-05-30 06:24:00,24966,2026-05-30 08:24:00,25026,2026-05-30 12:24:00
24909,2026-05-30 04:36:00,train,24550,24909,360,24,0.15,24924,2026-05-30 05:36:00,24939,2026-05-30 06:36:00,24969,2026-05-30 08:36:00,25029,2026-05-30 12:36:00
24910,2026-05-30 04:40:00,train,24551,24910,360,24,0.15,24925,2026-05-30 05:40:00,24940,2026-05-30 06:40:00,24970,2026-05-30 08:40:00,25030,2026-05-30 12:40:00
24912,2026-05-30 04:48:00,train,24553,24912,360,24,0.15,24927,2026-05-30 05:48:00,24942,2026-05-30 06:48:00,24972,2026-05-30 08:48:00,25032,2026-05-30 12:48:00
24914,2026-05-30 04:56:00,train,24555,24914,360,24,0.15,24929,2026-05-30 05:56:00,24944,2026-05-30 06:56:00,24974,2026-05-30 08:56:00,25034,2026-05-30 12:56:00
24916,2026-05-30 05:04:00,train,24557,24916,360,24,0.15,24931,2026-05-30 06:04:00,24946,2026-05-30 07:04:00,24976,2026-05-30 09:04:00,25036,2026-05-30 13:04:00
24917,2026-05-30 05:08:00,train,24558,24917,360,24,0.15,24932,2026-05-30 06:08:00,24947,2026-05-30 07:08:00,24977,2026-05-30 09:08:00,25037,2026-05-30 13:08:00
24918,2026-05-30 05:12:00,train,24559,24918,360,24,0.15,24933,2026-05-30 06:12:00,24948,2026-05-30 07:12:00,24978,2026-05-30 09:12:00,25038,2026-05-30 13:12:00
24919,2026-05-30 05:16:00,train,24560,24919,360,24,0.15,24934,2026-05-30 06:16:00,24949,2026-05-30 07:16:00,24979,2026-05-30 09:16:00,25039,2026-05-30 13:16:00
24923,2026-05-30 05:32:00,train,24564,24923,360,24,0.15,24938,2026-05-30 06:32:00,24953,2026-05-30 07:32:00,24983,2026-05-30 09:32:00,25043,2026-05-30 13:32:00
24924,2026-05-30 05:36:00,train,24565,24924,360,24,0.15,24939,2026-05-30 06:36:00,24954,2026-05-30 07:36:00,24984,2026-05-30 09:36:00,25044,2026-05-30 13:36:00
24925,2026-05-30 05:40:00,train,24566,24925,360,24,0.15,24940,2026-05-30 06:40:00,24955,2026-05-30 07:40:00,24985,2026-05-30 09:40:00,25045,2026-05-30 13:40:00
24926,2026-05-30 05:44:00,train,24567,24926,360,24,0.15,24941,2026-05-30 06:44:00,24956,2026-05-30 07:44:00,24986,2026-05-30 09:44:00,25046,2026-05-30 13:44:00
24927,2026-05-30 05:48:00,train,24568,24927,360,24,0.15,24942,2026-05-30 06:48:00,24957,2026-05-30 07:48:00,24987,2026-05-30 09:48:00,25047,2026-05-30 13:48:00
24928,2026-05-30 05:52:00,train,24569,24928,360,24,0.15,24943,2026-05-30 06:52:00,24958,2026-05-30 07:52:00,24988,2026-05-30 09:52:00,25048,2026-05-30 13:52:00
24929,2026-05-30 05:56:00,train,24570,24929,360,24,0.15,24944,2026-05-30 06:56:00,24959,2026-05-30 07:56:00,24989,2026-05-30 09:56:00,25049,2026-05-30 13:56:00
24931,2026-05-30 06:04:00,train,24572,24931,360,24,0.15,24946,2026-05-30 07:04:00,24961,2026-05-30 08:04:00,24991,2026-05-30 10:04:00,25051,2026-05-30 14:04:00
24935,2026-05-30 06:20:00,train,24576,24935,360,24,0.15,24950,2026-05-30 07:20:00,24965,2026-05-30 08:20:00,24995,2026-05-30 10:20:00,25055,2026-05-30 14:20:00
24936,2026-05-30 06:24:00,train,24577,24936,360,24,0.15,24951,2026-05-30 07:24:00,24966,2026-05-30 08:24:00,24996,2026-05-30 10:24:00,25056,2026-05-30 14:24:00
24938,2026-05-30 06:32:00,train,24579,24938,360,24,0.15,24953,2026-05-30 07:32:00,24968,2026-05-30 08:32:00,24998,2026-05-30 10:32:00,25058,2026-05-30 14:32:00
24939,2026-05-30 06:36:00,train,24580,24939,360,24,0.15,24954,2026-05-30 07:36:00,24969,2026-05-30 08:36:00,24999,2026-05-30 10:36:00,25059,2026-05-30 14:36:00
24941,2026-05-30 06:44:00,train,24582,24941,360,24,0.15,24956,2026-05-30 07:44:00,24971,2026-05-30 08:44:00,25001,2026-05-30 10:44:00,25061,2026-05-30 14:44:00
24942,2026-05-30 06:48:00,train,24583,24942,360,24,0.15,24957,2026-05-30 07:48:00,24972,2026-05-30 08:48:00,25002,2026-05-30 10:48:00,25062,2026-05-30 14:48:00
24943,2026-05-30 06:52:00,train,24584,24943,360,24,0.15,24958,2026-05-30 07:52:00,24973,2026-05-30 08:52:00,25003,2026-05-30 10:52:00,25063,2026-05-30 14:52:00
24945,2026-05-30 07:00:00,train,24586,24945,360,24,0.15,24960,2026-05-30 08:00:00,24975,2026-05-30 09:00:00,25005,2026-05-30 11:00:00,25065,2026-05-30 15:00:00
24948,2026-05-30 07:12:00,train,24589,24948,360,24,0.15,24963,2026-05-30 08:12:00,24978,2026-05-30 09:12:00,25008,2026-05-30 11:12:00,25068,2026-05-30 15:12:00
24950,2026-05-30 07:20:00,train,24591,24950,360,24,0.15,24965,2026-05-30 08:20:00,24980,2026-05-30 09:20:00,25010,2026-05-30 11:20:00,25070,2026-05-30 15:20:00
24953,2026-05-30 07:32:00,train,24594,24953,360,24,0.15,24968,2026-05-30 08:32:00,24983,2026-05-30 09:32:00,25013,2026-05-30 11:32:00,25073,2026-05-30 15:32:00
24954,2026-05-30 07:36:00,train,24595,24954,360,24,0.15,24969,2026-05-30 08:36:00,24984,2026-05-30 09:36:00,25014,2026-05-30 11:36:00,25074,2026-05-30 15:36:00
24955,2026-05-30 07:40:00,train,24596,24955,360,24,0.15,24970,2026-05-30 08:40:00,24985,2026-05-30 09:40:00,25015,2026-05-30 11:40:00,25075,2026-05-30 15:40:00
24956,2026-05-30 07:44:00,train,24597,24956,360,24,0.15,24971,2026-05-30 08:44:00,24986,2026-05-30 09:44:00,25016,2026-05-30 11:44:00,25076,2026-05-30 15:44:00
24961,2026-05-30 08:04:00,train,24602,24961,360,24,0.15,24976,2026-05-30 09:04:00,24991,2026-05-30 10:04:00,25021,2026-05-30 12:04:00,25081,2026-05-30 16:04:00
24962,2026-05-30 08:08:00,train,24603,24962,360,24,0.15,24977,2026-05-30 09:08:00,24992,2026-05-30 10:08:00,25022,2026-05-30 12:08:00,25082,2026-05-30 16:08:00
24964,2026-05-30 08:16:00,train,24605,24964,360,24,0.15,24979,2026-05-30 09:16:00,24994,2026-05-30 10:16:00,25024,2026-05-30 12:16:00,25084,2026-05-30 16:16:00
24969,2026-05-30 08:36:00,train,24610,24969,360,24,0.15,24984,2026-05-30 09:36:00,24999,2026-05-30 10:36:00,25029,2026-05-30 12:36:00,25089,2026-05-30 16:36:00
24972,2026-05-30 08:48:00,train,24613,24972,360,24,0.15,24987,2026-05-30 09:48:00,25002,2026-05-30 10:48:00,25032,2026-05-30 12:48:00,25092,2026-05-30 16:48:00
24977,2026-05-30 09:08:00,train,24618,24977,360,24,0.15,24992,2026-05-30 10:08:00,25007,2026-05-30 11:08:00,25037,2026-05-30 13:08:00,25097,2026-05-30 17:08:00
24980,2026-05-30 09:20:00,train,24621,24980,360,24,0.15,24995,2026-05-30 10:20:00,25010,2026-05-30 11:20:00,25040,2026-05-30 13:20:00,25100,2026-05-30 17:20:00
24981,2026-05-30 09:24:00,train,24622,24981,360,24,0.15,24996,2026-05-30 10:24:00,25011,2026-05-30 11:24:00,25041,2026-05-30 13:24:00,25101,2026-05-30 17:24:00
24983,2026-05-30 09:32:00,train,24624,24983,360,24,0.15,24998,2026-05-30 10:32:00,25013,2026-05-30 11:32:00,25043,2026-05-30 13:32:00,25103,2026-05-30 17:32:00
24984,2026-05-30 09:36:00,train,24625,24984,360,24,0.15,24999,2026-05-30 10:36:00,25014,2026-05-30 11:36:00,25044,2026-05-30 13:36:00,25104,2026-05-30 17:36:00
24986,2026-05-30 09:44:00,train,24627,24986,360,24,0.15,25001,2026-05-30 10:44:00,25016,2026-05-30 11:44:00,25046,2026-05-30 13:44:00,25106,2026-05-30 17:44:00
24999,2026-05-30 10:36:00,train,24640,24999,360,24,0.15,25014,2026-05-30 11:36:00,25029,2026-05-30 12:36:00,25059,2026-05-30 14:36:00,25119,2026-05-30 18:36:00
25000,2026-05-30 10:40:00,train,24641,25000,360,24,0.15,25015,2026-05-30 11:40:00,25030,2026-05-30 12:40:00,25060,2026-05-30 14:40:00,25120,2026-05-30 18:40:00
25004,2026-05-30 10:56:00,train,24645,25004,360,24,0.15,25019,2026-05-30 11:56:00,25034,2026-05-30 12:56:00,25064,2026-05-30 14:56:00,25124,2026-05-30 18:56:00
25006,2026-05-30 11:04:00,train,24647,25006,360,24,0.15,25021,2026-05-30 12:04:00,25036,2026-05-30 13:04:00,25066,2026-05-30 15:04:00,25126,2026-05-30 19:04:00
25007,2026-05-30 11:08:00,train,24648,25007,360,24,0.15,25022,2026-05-30 12:08:00,25037,2026-05-30 13:08:00,25067,2026-05-30 15:08:00,25127,2026-05-30 19:08:00
25008,2026-05-30 11:12:00,train,24649,25008,360,24,0.15,25023,2026-05-30 12:12:00,25038,2026-05-30 13:12:00,25068,2026-05-30 15:12:00,25128,2026-05-30 19:12:00
25011,2026-05-30 11:24:00,train,24652,25011,360,24,0.15,25026,2026-05-30 12:24:00,25041,2026-05-30 13:24:00,25071,2026-05-30 15:24:00,25131,2026-05-30 19:24:00
25014,2026-05-30 11:36:00,train,24655,25014,360,24,0.15,25029,2026-05-30 12:36:00,25044,2026-05-30 13:36:00,25074,2026-05-30 15:36:00,25134,2026-05-30 19:36:00
25015,2026-05-30 11:40:00,train,24656,25015,360,24,0.15,25030,2026-05-30 12:40:00,25045,2026-05-30 13:40:00,25075,2026-05-30 15:40:00,25135,2026-05-30 19:40:00
25021,2026-05-30 12:04:00,train,24662,25021,360,24,0.15,25036,2026-05-30 13:04:00,25051,2026-05-30 14:04:00,25081,2026-05-30 16:04:00,25141,2026-05-30 20:04:00
25022,2026-05-30 12:08:00,train,24663,25022,360,24,0.15,25037,2026-05-30 13:08:00,25052,2026-05-30 14:08:00,25082,2026-05-30 16:08:00,25142,2026-05-30 20:08:00
25028,2026-05-30 12:32:00,train,24669,25028,360,24,0.15,25043,2026-05-30 13:32:00,25058,2026-05-30 14:32:00,25088,2026-05-30 16:32:00,25148,2026-05-30 20:32:00
25029,2026-05-30 12:36:00,train,24670,25029,360,24,0.15,25044,2026-05-30 13:36:00,25059,2026-05-30 14:36:00,25089,2026-05-30 16:36:00,25149,2026-05-30 20:36:00
25030,2026-05-30 12:40:00,train,24671,25030,360,24,0.15,25045,2026-05-30 13:40:00,25060,2026-05-30 14:40:00,25090,2026-05-30 16:40:00,25150,2026-05-30 20:40:00
25031,2026-05-30 12:44:00,train,24672,25031,360,24,0.15,25046,2026-05-30 13:44:00,25061,2026-05-30 14:44:00,25091,2026-05-30 16:44:00,25151,2026-05-30 20:44:00
25032,2026-05-30 12:48:00,train,24673,25032,360,24,0.15,25047,2026-05-30 13:48:00,25062,2026-05-30 14:48:00,25092,2026-05-30 16:48:00,25152,2026-05-30 20:48:00
25033,2026-05-30 12:52:00,train,24674,25033,360,24,0.15,25048,2026-05-30 13:52:00,25063,2026-05-30 14:52:00,25093,2026-05-30 16:52:00,25153,2026-05-30 20:52:00
25037,2026-05-30 13:08:00,train,24678,25037,360,24,0.15,25052,2026-05-30 14:08:00,25067,2026-05-30 15:08:00,25097,2026-05-30 17:08:00,25157,2026-05-30 21:08:00
25040,2026-05-30 13:20:00,train,24681,25040,360,24,0.15,25055,2026-05-30 14:20:00,25070,2026-05-30 15:20:00,25100,2026-05-30 17:20:00,25160,2026-05-30 21:20:00
25041,2026-05-30 13:24:00,train,24682,25041,360,24,0.15,25056,2026-05-30 14:24:00,25071,2026-05-30 15:24:00,25101,2026-05-30 17:24:00,25161,2026-05-30 21:24:00
25043,2026-05-30 13:32:00,train,24684,25043,360,24,0.15,25058,2026-05-30 14:32:00,25073,2026-05-30 15:32:00,25103,2026-05-30 17:32:00,25163,2026-05-30 21:32:00
25046,2026-05-30 13:44:00,train,24687,25046,360,24,0.15,25061,2026-05-30 14:44:00,25076,2026-05-30 15:44:00,25106,2026-05-30 17:44:00,25166,2026-05-30 21:44:00
25048,2026-05-30 13:52:00,train,24689,25048,360,24,0.15,25063,2026-05-30 14:52:00,25078,2026-05-30 15:52:00,25108,2026-05-30 17:52:00,25168,2026-05-30 21:52:00
25051,2026-05-30 14:04:00,train,24692,25051,360,24,0.15,25066,2026-05-30 15:04:00,25081,2026-05-30 16:04:00,25111,2026-05-30 18:04:00,25171,2026-05-30 22:04:00
25053,2026-05-30 14:12:00,train,24694,25053,360,24,0.15,25068,2026-05-30 15:12:00,25083,2026-05-30 16:12:00,25113,2026-05-30 18:12:00,25173,2026-05-30 22:12:00
25057,2026-05-30 14:28:00,train,24698,25057,360,24,0.15,25072,2026-05-30 15:28:00,25087,2026-05-30 16:28:00,25117,2026-05-30 18:28:00,25177,2026-05-30 22:28:00
25059,2026-05-30 14:36:00,train,24700,25059,360,24,0.15,25074,2026-05-30 15:36:00,25089,2026-05-30 16:36:00,25119,2026-05-30 18:36:00,25179,2026-05-30 22:36:00
25060,2026-05-30 14:40:00,train,24701,25060,360,24,0.15,25075,2026-05-30 15:40:00,25090,2026-05-30 16:40:00,25120,2026-05-30 18:40:00,25180,2026-05-30 22:40:00
25061,2026-05-30 14:44:00,train,24702,25061,360,24,0.15,25076,2026-05-30 15:44:00,25091,2026-05-30 16:44:00,25121,2026-05-30 18:44:00,25181,2026-05-30 22:44:00
25063,2026-05-30 14:52:00,train,24704,25063,360,24,0.15,25078,2026-05-30 15:52:00,25093,2026-05-30 16:52:00,25123,2026-05-30 18:52:00,25183,2026-05-30 22:52:00
25067,2026-05-30 15:08:00,train,24708,25067,360,24,0.15,25082,2026-05-30 16:08:00,25097,2026-05-30 17:08:00,25127,2026-05-30 19:08:00,25187,2026-05-30 23:08:00
25068,2026-05-30 15:12:00,train,24709,25068,360,24,0.15,25083,2026-05-30 16:12:00,25098,2026-05-30 17:12:00,25128,2026-05-30 19:12:00,25188,2026-05-30 23:12:00
25069,2026-05-30 15:16:00,train,24710,25069,360,24,0.15,25084,2026-05-30 16:16:00,25099,2026-05-30 17:16:00,25129,2026-05-30 19:16:00,25189,2026-05-30 23:16:00
25071,2026-05-30 15:24:00,train,24712,25071,360,24,0.15,25086,2026-05-30 16:24:00,25101,2026-05-30 17:24:00,25131,2026-05-30 19:24:00,25191,2026-05-30 23:24:00
25073,2026-05-30 15:32:00,train,24714,25073,360,24,0.15,25088,2026-05-30 16:32:00,25103,2026-05-30 17:32:00,25133,2026-05-30 19:32:00,25193,2026-05-30 23:32:00
25080,2026-05-30 16:00:00,train,24721,25080,360,24,0.15,25095,2026-05-30 17:00:00,25110,2026-05-30 18:00:00,25140,2026-05-30 20:00:00,25200,2026-05-31 00:00:00
25083,2026-05-30 16:12:00,train,24724,25083,360,24,0.15,25098,2026-05-30 17:12:00,25113,2026-05-30 18:12:00,25143,2026-05-30 20:12:00,25203,2026-05-31 00:12:00
25084,2026-05-30 16:16:00,train,24725,25084,360,24,0.15,25099,2026-05-30 17:16:00,25114,2026-05-30 18:16:00,25144,2026-05-30 20:16:00,25204,2026-05-31 00:16:00
25089,2026-05-30 16:36:00,train,24730,25089,360,24,0.15,25104,2026-05-30 17:36:00,25119,2026-05-30 18:36:00,25149,2026-05-30 20:36:00,25209,2026-05-31 00:36:00
25091,2026-05-30 16:44:00,train,24732,25091,360,24,0.15,25106,2026-05-30 17:44:00,25121,2026-05-30 18:44:00,25151,2026-05-30 20:44:00,25211,2026-05-31 00:44:00
25092,2026-05-30 16:48:00,train,24733,25092,360,24,0.15,25107,2026-05-30 17:48:00,25122,2026-05-30 18:48:00,25152,2026-05-30 20:48:00,25212,2026-05-31 00:48:00
25093,2026-05-30 16:52:00,train,24734,25093,360,24,0.15,25108,2026-05-30 17:52:00,25123,2026-05-30 18:52:00,25153,2026-05-30 20:52:00,25213,2026-05-31 00:52:00
25095,2026-05-30 17:00:00,train,24736,25095,360,24,0.15,25110,2026-05-30 18:00:00,25125,2026-05-30 19:00:00,25155,2026-05-30 21:00:00,25215,2026-05-31 01:00:00
25096,2026-05-30 17:04:00,train,24737,25096,360,24,0.15,25111,2026-05-30 18:04:00,25126,2026-05-30 19:04:00,25156,2026-05-30 21:04:00,25216,2026-05-31 01:04:00
25098,2026-05-30 17:12:00,train,24739,25098,360,24,0.15,25113,2026-05-30 18:12:00,25128,2026-05-30 19:12:00,25158,2026-05-30 21:12:00,25218,2026-05-31 01:12:00
25100,2026-05-30 17:20:00,train,24741,25100,360,24,0.15,25115,2026-05-30 18:20:00,25130,2026-05-30 19:20:00,25160,2026-05-30 21:20:00,25220,2026-05-31 01:20:00
25102,2026-05-30 17:28:00,train,24743,25102,360,24,0.15,25117,2026-05-30 18:28:00,25132,2026-05-30 19:28:00,25162,2026-05-30 21:28:00,25222,2026-05-31 01:28:00
25109,2026-05-30 17:56:00,train,24750,25109,360,24,0.15,25124,2026-05-30 18:56:00,25139,2026-05-30 19:56:00,25169,2026-05-30 21:56:00,25229,2026-05-31 01:56:00
25110,2026-05-30 18:00:00,train,24751,25110,360,24,0.15,25125,2026-05-30 19:00:00,25140,2026-05-30 20:00:00,25170,2026-05-30 22:00:00,25230,2026-05-31 02:00:00
25111,2026-05-30 18:04:00,train,24752,25111,360,24,0.15,25126,2026-05-30 19:04:00,25141,2026-05-30 20:04:00,25171,2026-05-30 22:04:00,25231,2026-05-31 02:04:00
25112,2026-05-30 18:08:00,train,24753,25112,360,24,0.15,25127,2026-05-30 19:08:00,25142,2026-05-30 20:08:00,25172,2026-05-30 22:08:00,25232,2026-05-31 02:08:00
25113,2026-05-30 18:12:00,train,24754,25113,360,24,0.15,25128,2026-05-30 19:12:00,25143,2026-05-30 20:12:00,25173,2026-05-30 22:12:00,25233,2026-05-31 02:12:00
25114,2026-05-30 18:16:00,train,24755,25114,360,24,0.15,25129,2026-05-30 19:16:00,25144,2026-05-30 20:16:00,25174,2026-05-30 22:16:00,25234,2026-05-31 02:16:00
25117,2026-05-30 18:28:00,train,24758,25117,360,24,0.15,25132,2026-05-30 19:28:00,25147,2026-05-30 20:28:00,25177,2026-05-30 22:28:00,25237,2026-05-31 02:28:00
25118,2026-05-30 18:32:00,train,24759,25118,360,24,0.15,25133,2026-05-30 19:32:00,25148,2026-05-30 20:32:00,25178,2026-05-30 22:32:00,25238,2026-05-31 02:32:00
25123,2026-05-30 18:52:00,train,24764,25123,360,24,0.15,25138,2026-05-30 19:52:00,25153,2026-05-30 20:52:00,25183,2026-05-30 22:52:00,25243,2026-05-31 02:52:00
25124,2026-05-30 18:56:00,train,24765,25124,360,24,0.15,25139,2026-05-30 19:56:00,25154,2026-05-30 20:56:00,25184,2026-05-30 22:56:00,25244,2026-05-31 02:56:00
25126,2026-05-30 19:04:00,train,24767,25126,360,24,0.15,25141,2026-05-30 20:04:00,25156,2026-05-30 21:04:00,25186,2026-05-30 23:04:00,25246,2026-05-31 03:04:00
25127,2026-05-30 19:08:00,train,24768,25127,360,24,0.15,25142,2026-05-30 20:08:00,25157,2026-05-30 21:08:00,25187,2026-05-30 23:08:00,25247,2026-05-31 03:08:00
25128,2026-05-30 19:12:00,train,24769,25128,360,24,0.15,25143,2026-05-30 20:12:00,25158,2026-05-30 21:12:00,25188,2026-05-30 23:12:00,25248,2026-05-31 03:12:00
25132,2026-05-30 19:28:00,train,24773,25132,360,24,0.15,25147,2026-05-30 20:28:00,25162,2026-05-30 21:28:00,25192,2026-05-30 23:28:00,25252,2026-05-31 03:28:00
25135,2026-05-30 19:40:00,train,24776,25135,360,24,0.15,25150,2026-05-30 20:40:00,25165,2026-05-30 21:40:00,25195,2026-05-30 23:40:00,25255,2026-05-31 03:40:00
25136,2026-05-30 19:44:00,train,24777,25136,360,24,0.15,25151,2026-05-30 20:44:00,25166,2026-05-30 21:44:00,25196,2026-05-30 23:44:00,25256,2026-05-31 03:44:00
25139,2026-05-30 19:56:00,train,24780,25139,360,24,0.15,25154,2026-05-30 20:56:00,25169,2026-05-30 21:56:00,25199,2026-05-30 23:56:00,25259,2026-05-31 03:56:00
25142,2026-05-30 20:08:00,train,24783,25142,360,24,0.15,25157,2026-05-30 21:08:00,25172,2026-05-30 22:08:00,25202,2026-05-31 00:08:00,25262,2026-05-31 04:08:00
25144,2026-05-30 20:16:00,train,24785,25144,360,24,0.15,25159,2026-05-30 21:16:00,25174,2026-05-30 22:16:00,25204,2026-05-31 00:16:00,25264,2026-05-31 04:16:00
25145,2026-05-30 20:20:00,train,24786,25145,360,24,0.15,25160,2026-05-30 21:20:00,25175,2026-05-30 22:20:00,25205,2026-05-31 00:20:00,25265,2026-05-31 04:20:00
25147,2026-05-30 20:28:00,train,24788,25147,360,24,0.15,25162,2026-05-30 21:28:00,25177,2026-05-30 22:28:00,25207,2026-05-31 00:28:00,25267,2026-05-31 04:28:00
25150,2026-05-30 20:40:00,train,24791,25150,360,24,0.15,25165,2026-05-30 21:40:00,25180,2026-05-30 22:40:00,25210,2026-05-31 00:40:00,25270,2026-05-31 04:40:00
25151,2026-05-30 20:44:00,train,24792,25151,360,24,0.15,25166,2026-05-30 21:44:00,25181,2026-05-30 22:44:00,25211,2026-05-31 00:44:00,25271,2026-05-31 04:44:00
25152,2026-05-30 20:48:00,train,24793,25152,360,24,0.15,25167,2026-05-30 21:48:00,25182,2026-05-30 22:48:00,25212,2026-05-31 00:48:00,25272,2026-05-31 04:48:00
25155,2026-05-30 21:00:00,train,24796,25155,360,24,0.15,25170,2026-05-30 22:00:00,25185,2026-05-30 23:00:00,25215,2026-05-31 01:00:00,25275,2026-05-31 05:00:00
25156,2026-05-30 21:04:00,train,24797,25156,360,24,0.15,25171,2026-05-30 22:04:00,25186,2026-05-30 23:04:00,25216,2026-05-31 01:04:00,25276,2026-05-31 05:04:00
25157,2026-05-30 21:08:00,train,24798,25157,360,24,0.15,25172,2026-05-30 22:08:00,25187,2026-05-30 23:08:00,25217,2026-05-31 01:08:00,25277,2026-05-31 05:08:00
25158,2026-05-30 21:12:00,train,24799,25158,360,24,0.15,25173,2026-05-30 22:12:00,25188,2026-05-30 23:12:00,25218,2026-05-31 01:12:00,25278,2026-05-31 05:12:00
25160,2026-05-30 21:20:00,train,24801,25160,360,24,0.15,25175,2026-05-30 22:20:00,25190,2026-05-30 23:20:00,25220,2026-05-31 01:20:00,25280,2026-05-31 05:20:00
25161,2026-05-30 21:24:00,train,24802,25161,360,24,0.15,25176,2026-05-30 22:24:00,25191,2026-05-30 23:24:00,25221,2026-05-31 01:24:00,25281,2026-05-31 05:24:00
25162,2026-05-30 21:28:00,train,24803,25162,360,24,0.15,25177,2026-05-30 22:28:00,25192,2026-05-30 23:28:00,25222,2026-05-31 01:28:00,25282,2026-05-31 05:28:00
25167,2026-05-30 21:48:00,train,24808,25167,360,24,0.15,25182,2026-05-30 22:48:00,25197,2026-05-30 23:48:00,25227,2026-05-31 01:48:00,25287,2026-05-31 05:48:00
25169,2026-05-30 21:56:00,train,24810,25169,360,24,0.15,25184,2026-05-30 22:56:00,25199,2026-05-30 23:56:00,25229,2026-05-31 01:56:00,25289,2026-05-31 05:56:00
25170,2026-05-30 22:00:00,train,24811,25170,360,24,0.15,25185,2026-05-30 23:00:00,25200,2026-05-31 00:00:00,25230,2026-05-31 02:00:00,25290,2026-05-31 06:00:00
25173,2026-05-30 22:12:00,train,24814,25173,360,24,0.15,25188,2026-05-30 23:12:00,25203,2026-05-31 00:12:00,25233,2026-05-31 02:12:00,25293,2026-05-31 06:12:00
25174,2026-05-30 22:16:00,train,24815,25174,360,24,0.15,25189,2026-05-30 23:16:00,25204,2026-05-31 00:16:00,25234,2026-05-31 02:16:00,25294,2026-05-31 06:16:00
25176,2026-05-30 22:24:00,train,24817,25176,360,24,0.15,25191,2026-05-30 23:24:00,25206,2026-05-31 00:24:00,25236,2026-05-31 02:24:00,25296,2026-05-31 06:24:00
25178,2026-05-30 22:32:00,train,24819,25178,360,24,0.15,25193,2026-05-30 23:32:00,25208,2026-05-31 00:32:00,25238,2026-05-31 02:32:00,25298,2026-05-31 06:32:00
25181,2026-05-30 22:44:00,train,24822,25181,360,24,0.15,25196,2026-05-30 23:44:00,25211,2026-05-31 00:44:00,25241,2026-05-31 02:44:00,25301,2026-05-31 06:44:00
25188,2026-05-30 23:12:00,train,24829,25188,360,24,0.15,25203,2026-05-31 00:12:00,25218,2026-05-31 01:12:00,25248,2026-05-31 03:12:00,25308,2026-05-31 07:12:00
25191,2026-05-30 23:24:00,train,24832,25191,360,24,0.15,25206,2026-05-31 00:24:00,25221,2026-05-31 01:24:00,25251,2026-05-31 03:24:00,25311,2026-05-31 07:24:00
25192,2026-05-30 23:28:00,train,24833,25192,360,24,0.15,25207,2026-05-31 00:28:00,25222,2026-05-31 01:28:00,25252,2026-05-31 03:28:00,25312,2026-05-31 07:28:00
25202,2026-05-31 00:08:00,train,24843,25202,360,24,0.15,25217,2026-05-31 01:08:00,25232,2026-05-31 02:08:00,25262,2026-05-31 04:08:00,25322,2026-05-31 08:08:00
25205,2026-05-31 00:20:00,train,24846,25205,360,24,0.15,25220,2026-05-31 01:20:00,25235,2026-05-31 02:20:00,25265,2026-05-31 04:20:00,25325,2026-05-31 08:20:00
25207,2026-05-31 00:28:00,train,24848,25207,360,24,0.15,25222,2026-05-31 01:28:00,25237,2026-05-31 02:28:00,25267,2026-05-31 04:28:00,25327,2026-05-31 08:28:00
25214,2026-05-31 00:56:00,train,24855,25214,360,24,0.15,25229,2026-05-31 01:56:00,25244,2026-05-31 02:56:00,25274,2026-05-31 04:56:00,25334,2026-05-31 08:56:00
25217,2026-05-31 01:08:00,train,24858,25217,360,24,0.15,25232,2026-05-31 02:08:00,25247,2026-05-31 03:08:00,25277,2026-05-31 05:08:00,25337,2026-05-31 09:08:00
25218,2026-05-31 01:12:00,train,24859,25218,360,24,0.15,25233,2026-05-31 02:12:00,25248,2026-05-31 03:12:00,25278,2026-05-31 05:12:00,25338,2026-05-31 09:12:00
25220,2026-05-31 01:20:00,train,24861,25220,360,24,0.15,25235,2026-05-31 02:20:00,25250,2026-05-31 03:20:00,25280,2026-05-31 05:20:00,25340,2026-05-31 09:20:00
25222,2026-05-31 01:28:00,train,24863,25222,360,24,0.15,25237,2026-05-31 02:28:00,25252,2026-05-31 03:28:00,25282,2026-05-31 05:28:00,25342,2026-05-31 09:28:00
27808,2026-06-07 05:52:00,train,27449,27808,360,24,0.15,27823,2026-06-07 06:52:00,27838,2026-06-07 07:52:00,27868,2026-06-07 09:52:00,27928,2026-06-07 13:52:00
27820,2026-06-07 06:40:00,train,27461,27820,360,24,0.15,27835,2026-06-07 07:40:00,27850,2026-06-07 08:40:00,27880,2026-06-07 10:40:00,27940,2026-06-07 14:40:00
27823,2026-06-07 06:52:00,train,27464,27823,360,24,0.15,27838,2026-06-07 07:52:00,27853,2026-06-07 08:52:00,27883,2026-06-07 10:52:00,27943,2026-06-07 14:52:00
27826,2026-06-07 07:04:00,train,27467,27826,360,24,0.15,27841,2026-06-07 08:04:00,27856,2026-06-07 09:04:00,27886,2026-06-07 11:04:00,27946,2026-06-07 15:04:00
27827,2026-06-07 07:08:00,train,27468,27827,360,24,0.15,27842,2026-06-07 08:08:00,27857,2026-06-07 09:08:00,27887,2026-06-07 11:08:00,27947,2026-06-07 15:08:00
27832,2026-06-07 07:28:00,train,27473,27832,360,24,0.15,27847,2026-06-07 08:28:00,27862,2026-06-07 09:28:00,27892,2026-06-07 11:28:00,27952,2026-06-07 15:28:00
27833,2026-06-07 07:32:00,train,27474,27833,360,24,0.15,27848,2026-06-07 08:32:00,27863,2026-06-07 09:32:00,27893,2026-06-07 11:32:00,27953,2026-06-07 15:32:00
32910,2026-06-21 10:00:00,train,32551,32910,360,24,0.15,32925,2026-06-21 11:00:00,32940,2026-06-21 12:00:00,32970,2026-06-21 14:00:00,33030,2026-06-21 18:00:00
32914,2026-06-21 10:16:00,train,32555,32914,360,24,0.15,32929,2026-06-21 11:16:00,32944,2026-06-21 12:16:00,32974,2026-06-21 14:16:00,33034,2026-06-21 18:16:00
32918,2026-06-21 10:32:00,train,32559,32918,360,24,0.15,32933,2026-06-21 11:32:00,32948,2026-06-21 12:32:00,32978,2026-06-21 14:32:00,33038,2026-06-21 18:32:00
32919,2026-06-21 10:36:00,train,32560,32919,360,24,0.15,32934,2026-06-21 11:36:00,32949,2026-06-21 12:36:00,32979,2026-06-21 14:36:00,33039,2026-06-21 18:36:00
32921,2026-06-21 10:44:00,train,32562,32921,360,24,0.15,32936,2026-06-21 11:44:00,32951,2026-06-21 12:44:00,32981,2026-06-21 14:44:00,33041,2026-06-21 18:44:00
32922,2026-06-21 10:48:00,train,32563,32922,360,24,0.15,32937,2026-06-21 11:48:00,32952,2026-06-21 12:48:00,32982,2026-06-21 14:48:00,33042,2026-06-21 18:48:00
32925,2026-06-21 11:00:00,train,32566,32925,360,24,0.15,32940,2026-06-21 12:00:00,32955,2026-06-21 13:00:00,32985,2026-06-21 15:00:00,33045,2026-06-21 19:00:00
32928,2026-06-21 11:12:00,train,32569,32928,360,24,0.15,32943,2026-06-21 12:12:00,32958,2026-06-21 13:12:00,32988,2026-06-21 15:12:00,33048,2026-06-21 19:12:00
32932,2026-06-21 11:28:00,train,32573,32932,360,24,0.15,32947,2026-06-21 12:28:00,32962,2026-06-21 13:28:00,32992,2026-06-21 15:28:00,33052,2026-06-21 19:28:00
32933,2026-06-21 11:32:00,train,32574,32933,360,24,0.15,32948,2026-06-21 12:32:00,32963,2026-06-21 13:32:00,32993,2026-06-21 15:32:00,33053,2026-06-21 19:32:00
32934,2026-06-21 11:36:00,train,32575,32934,360,24,0.15,32949,2026-06-21 12:36:00,32964,2026-06-21 13:36:00,32994,2026-06-21 15:36:00,33054,2026-06-21 19:36:00
32935,2026-06-21 11:40:00,train,32576,32935,360,24,0.15,32950,2026-06-21 12:40:00,32965,2026-06-21 13:40:00,32995,2026-06-21 15:40:00,33055,2026-06-21 19:40:00
32937,2026-06-21 11:48:00,train,32578,32937,360,24,0.15,32952,2026-06-21 12:48:00,32967,2026-06-21 13:48:00,32997,2026-06-21 15:48:00,33057,2026-06-21 19:48:00
32943,2026-06-21 12:12:00,train,32584,32943,360,24,0.15,32958,2026-06-21 13:12:00,32973,2026-06-21 14:12:00,33003,2026-06-21 16:12:00,33063,2026-06-21 20:12:00
32946,2026-06-21 12:24:00,train,32587,32946,360,24,0.15,32961,2026-06-21 13:24:00,32976,2026-06-21 14:24:00,33006,2026-06-21 16:24:00,33066,2026-06-21 20:24:00
32952,2026-06-21 12:48:00,train,32593,32952,360,24,0.15,32967,2026-06-21 13:48:00,32982,2026-06-21 14:48:00,33012,2026-06-21 16:48:00,33072,2026-06-21 20:48:00
32955,2026-06-21 13:00:00,train,32596,32955,360,24,0.15,32970,2026-06-21 14:00:00,32985,2026-06-21 15:00:00,33015,2026-06-21 17:00:00,33075,2026-06-21 21:00:00
32960,2026-06-21 13:20:00,train,32601,32960,360,24,0.15,32975,2026-06-21 14:20:00,32990,2026-06-21 15:20:00,33020,2026-06-21 17:20:00,33080,2026-06-21 21:20:00
32961,2026-06-21 13:24:00,train,32602,32961,360,24,0.15,32976,2026-06-21 14:24:00,32991,2026-06-21 15:24:00,33021,2026-06-21 17:24:00,33081,2026-06-21 21:24:00
32962,2026-06-21 13:28:00,train,32603,32962,360,24,0.15,32977,2026-06-21 14:28:00,32992,2026-06-21 15:28:00,33022,2026-06-21 17:28:00,33082,2026-06-21 21:28:00
32963,2026-06-21 13:32:00,train,32604,32963,360,24,0.15,32978,2026-06-21 14:32:00,32993,2026-06-21 15:32:00,33023,2026-06-21 17:32:00,33083,2026-06-21 21:32:00
32964,2026-06-21 13:36:00,train,32605,32964,360,24,0.15,32979,2026-06-21 14:36:00,32994,2026-06-21 15:36:00,33024,2026-06-21 17:36:00,33084,2026-06-21 21:36:00
32970,2026-06-21 14:00:00,train,32611,32970,360,24,0.15,32985,2026-06-21 15:00:00,33000,2026-06-21 16:00:00,33030,2026-06-21 18:00:00,33090,2026-06-21 22:00:00
32974,2026-06-21 14:16:00,train,32615,32974,360,24,0.15,32989,2026-06-21 15:16:00,33004,2026-06-21 16:16:00,33034,2026-06-21 18:16:00,33094,2026-06-21 22:16:00
32975,2026-06-21 14:20:00,train,32616,32975,360,24,0.15,32990,2026-06-21 15:20:00,33005,2026-06-21 16:20:00,33035,2026-06-21 18:20:00,33095,2026-06-21 22:20:00
32976,2026-06-21 14:24:00,train,32617,32976,360,24,0.15,32991,2026-06-21 15:24:00,33006,2026-06-21 16:24:00,33036,2026-06-21 18:24:00,33096,2026-06-21 22:24:00
32978,2026-06-21 14:32:00,train,32619,32978,360,24,0.15,32993,2026-06-21 15:32:00,33008,2026-06-21 16:32:00,33038,2026-06-21 18:32:00,33098,2026-06-21 22:32:00
32980,2026-06-21 14:40:00,train,32621,32980,360,24,0.15,32995,2026-06-21 15:40:00,33010,2026-06-21 16:40:00,33040,2026-06-21 18:40:00,33100,2026-06-21 22:40:00
32981,2026-06-21 14:44:00,train,32622,32981,360,24,0.15,32996,2026-06-21 15:44:00,33011,2026-06-21 16:44:00,33041,2026-06-21 18:44:00,33101,2026-06-21 22:44:00
32982,2026-06-21 14:48:00,train,32623,32982,360,24,0.15,32997,2026-06-21 15:48:00,33012,2026-06-21 16:48:00,33042,2026-06-21 18:48:00,33102,2026-06-21 22:48:00
32983,2026-06-21 14:52:00,train,32624,32983,360,24,0.15,32998,2026-06-21 15:52:00,33013,2026-06-21 16:52:00,33043,2026-06-21 18:52:00,33103,2026-06-21 22:52:00
32984,2026-06-21 14:56:00,train,32625,32984,360,24,0.15,32999,2026-06-21 15:56:00,33014,2026-06-21 16:56:00,33044,2026-06-21 18:56:00,33104,2026-06-21 22:56:00
32985,2026-06-21 15:00:00,train,32626,32985,360,24,0.15,33000,2026-06-21 16:00:00,33015,2026-06-21 17:00:00,33045,2026-06-21 19:00:00,33105,2026-06-21 23:00:00
32990,2026-06-21 15:20:00,train,32631,32990,360,24,0.15,33005,2026-06-21 16:20:00,33020,2026-06-21 17:20:00,33050,2026-06-21 19:20:00,33110,2026-06-21 23:20:00
32991,2026-06-21 15:24:00,train,32632,32991,360,24,0.15,33006,2026-06-21 16:24:00,33021,2026-06-21 17:24:00,33051,2026-06-21 19:24:00,33111,2026-06-21 23:24:00
32998,2026-06-21 15:52:00,train,32639,32998,360,24,0.15,33013,2026-06-21 16:52:00,33028,2026-06-21 17:52:00,33058,2026-06-21 19:52:00,33118,2026-06-21 23:52:00
33006,2026-06-21 16:24:00,train,32647,33006,360,24,0.15,33021,2026-06-21 17:24:00,33036,2026-06-21 18:24:00,33066,2026-06-21 20:24:00,33126,2026-06-22 00:24:00
33009,2026-06-21 16:36:00,train,32650,33009,360,24,0.15,33024,2026-06-21 17:36:00,33039,2026-06-21 18:36:00,33069,2026-06-21 20:36:00,33129,2026-06-22 00:36:00
33012,2026-06-21 16:48:00,train,32653,33012,360,24,0.15,33027,2026-06-21 17:48:00,33042,2026-06-21 18:48:00,33072,2026-06-21 20:48:00,33132,2026-06-22 00:48:00
33013,2026-06-21 16:52:00,train,32654,33013,360,24,0.15,33028,2026-06-21 17:52:00,33043,2026-06-21 18:52:00,33073,2026-06-21 20:52:00,33133,2026-06-22 00:52:00
33014,2026-06-21 16:56:00,train,32655,33014,360,24,0.15,33029,2026-06-21 17:56:00,33044,2026-06-21 18:56:00,33074,2026-06-21 20:56:00,33134,2026-06-22 00:56:00
33015,2026-06-21 17:00:00,train,32656,33015,360,24,0.15,33030,2026-06-21 18:00:00,33045,2026-06-21 19:00:00,33075,2026-06-21 21:00:00,33135,2026-06-22 01:00:00
33020,2026-06-21 17:20:00,train,32661,33020,360,24,0.15,33035,2026-06-21 18:20:00,33050,2026-06-21 19:20:00,33080,2026-06-21 21:20:00,33140,2026-06-22 01:20:00
33023,2026-06-21 17:32:00,train,32664,33023,360,24,0.15,33038,2026-06-21 18:32:00,33053,2026-06-21 19:32:00,33083,2026-06-21 21:32:00,33143,2026-06-22 01:32:00
33024,2026-06-21 17:36:00,train,32665,33024,360,24,0.15,33039,2026-06-21 18:36:00,33054,2026-06-21 19:36:00,33084,2026-06-21 21:36:00,33144,2026-06-22 01:36:00
33025,2026-06-21 17:40:00,train,32666,33025,360,24,0.15,33040,2026-06-21 18:40:00,33055,2026-06-21 19:40:00,33085,2026-06-21 21:40:00,33145,2026-06-22 01:40:00
33042,2026-06-21 18:48:00,train,32683,33042,360,24,0.15,33057,2026-06-21 19:48:00,33072,2026-06-21 20:48:00,33102,2026-06-21 22:48:00,33162,2026-06-22 02:48:00
33043,2026-06-21 18:52:00,train,32684,33043,360,24,0.15,33058,2026-06-21 19:52:00,33073,2026-06-21 20:52:00,33103,2026-06-21 22:52:00,33163,2026-06-22 02:52:00
35098,2026-06-27 11:52:00,train,34739,35098,360,24,0.15,35113,2026-06-27 12:52:00,35128,2026-06-27 13:52:00,35158,2026-06-27 15:52:00,35218,2026-06-27 19:52:00
35103,2026-06-27 12:12:00,train,34744,35103,360,24,0.15,35118,2026-06-27 13:12:00,35133,2026-06-27 14:12:00,35163,2026-06-27 16:12:00,35223,2026-06-27 20:12:00
35104,2026-06-27 12:16:00,train,34745,35104,360,24,0.15,35119,2026-06-27 13:16:00,35134,2026-06-27 14:16:00,35164,2026-06-27 16:16:00,35224,2026-06-27 20:16:00
35106,2026-06-27 12:24:00,train,34747,35106,360,24,0.15,35121,2026-06-27 13:24:00,35136,2026-06-27 14:24:00,35166,2026-06-27 16:24:00,35226,2026-06-27 20:24:00
35107,2026-06-27 12:28:00,train,34748,35107,360,24,0.15,35122,2026-06-27 13:28:00,35137,2026-06-27 14:28:00,35167,2026-06-27 16:28:00,35227,2026-06-27 20:28:00
35108,2026-06-27 12:32:00,train,34749,35108,360,24,0.15,35123,2026-06-27 13:32:00,35138,2026-06-27 14:32:00,35168,2026-06-27 16:32:00,35228,2026-06-27 20:32:00
35109,2026-06-27 12:36:00,train,34750,35109,360,24,0.15,35124,2026-06-27 13:36:00,35139,2026-06-27 14:36:00,35169,2026-06-27 16:36:00,35229,2026-06-27 20:36:00
35114,2026-06-27 12:56:00,train,34755,35114,360,24,0.15,35129,2026-06-27 13:56:00,35144,2026-06-27 14:56:00,35174,2026-06-27 16:56:00,35234,2026-06-27 20:56:00
35115,2026-06-27 13:00:00,train,34756,35115,360,24,0.15,35130,2026-06-27 14:00:00,35145,2026-06-27 15:00:00,35175,2026-06-27 17:00:00,35235,2026-06-27 21:00:00
35116,2026-06-27 13:04:00,train,34757,35116,360,24,0.15,35131,2026-06-27 14:04:00,35146,2026-06-27 15:04:00,35176,2026-06-27 17:04:00,35236,2026-06-27 21:04:00
35117,2026-06-27 13:08:00,train,34758,35117,360,24,0.15,35132,2026-06-27 14:08:00,35147,2026-06-27 15:08:00,35177,2026-06-27 17:08:00,35237,2026-06-27 21:08:00
35119,2026-06-27 13:16:00,train,34760,35119,360,24,0.15,35134,2026-06-27 14:16:00,35149,2026-06-27 15:16:00,35179,2026-06-27 17:16:00,35239,2026-06-27 21:16:00
35123,2026-06-27 13:32:00,train,34764,35123,360,24,0.15,35138,2026-06-27 14:32:00,35153,2026-06-27 15:32:00,35183,2026-06-27 17:32:00,35243,2026-06-27 21:32:00
35128,2026-06-27 13:52:00,train,34769,35128,360,24,0.15,35143,2026-06-27 14:52:00,35158,2026-06-27 15:52:00,35188,2026-06-27 17:52:00,35248,2026-06-27 21:52:00
35131,2026-06-27 14:04:00,train,34772,35131,360,24,0.15,35146,2026-06-27 15:04:00,35161,2026-06-27 16:04:00,35191,2026-06-27 18:04:00,35251,2026-06-27 22:04:00
35133,2026-06-27 14:12:00,train,34774,35133,360,24,0.15,35148,2026-06-27 15:12:00,35163,2026-06-27 16:12:00,35193,2026-06-27 18:12:00,35253,2026-06-27 22:12:00
35134,2026-06-27 14:16:00,train,34775,35134,360,24,0.15,35149,2026-06-27 15:16:00,35164,2026-06-27 16:16:00,35194,2026-06-27 18:16:00,35254,2026-06-27 22:16:00
35138,2026-06-27 14:32:00,train,34779,35138,360,24,0.15,35153,2026-06-27 15:32:00,35168,2026-06-27 16:32:00,35198,2026-06-27 18:32:00,35258,2026-06-27 22:32:00
35140,2026-06-27 14:40:00,train,34781,35140,360,24,0.15,35155,2026-06-27 15:40:00,35170,2026-06-27 16:40:00,35200,2026-06-27 18:40:00,35260,2026-06-27 22:40:00
35141,2026-06-27 14:44:00,train,34782,35141,360,24,0.15,35156,2026-06-27 15:44:00,35171,2026-06-27 16:44:00,35201,2026-06-27 18:44:00,35261,2026-06-27 22:44:00
35142,2026-06-27 14:48:00,train,34783,35142,360,24,0.15,35157,2026-06-27 15:48:00,35172,2026-06-27 16:48:00,35202,2026-06-27 18:48:00,35262,2026-06-27 22:48:00
35143,2026-06-27 14:52:00,train,34784,35143,360,24,0.15,35158,2026-06-27 15:52:00,35173,2026-06-27 16:52:00,35203,2026-06-27 18:52:00,35263,2026-06-27 22:52:00
35144,2026-06-27 14:56:00,train,34785,35144,360,24,0.15,35159,2026-06-27 15:56:00,35174,2026-06-27 16:56:00,35204,2026-06-27 18:56:00,35264,2026-06-27 22:56:00
35145,2026-06-27 15:00:00,train,34786,35145,360,24,0.15,35160,2026-06-27 16:00:00,35175,2026-06-27 17:00:00,35205,2026-06-27 19:00:00,35265,2026-06-27 23:00:00
35146,2026-06-27 15:04:00,train,34787,35146,360,24,0.15,35161,2026-06-27 16:04:00,35176,2026-06-27 17:04:00,35206,2026-06-27 19:04:00,35266,2026-06-27 23:04:00
35151,2026-06-27 15:24:00,train,34792,35151,360,24,0.15,35166,2026-06-27 16:24:00,35181,2026-06-27 17:24:00,35211,2026-06-27 19:24:00,35271,2026-06-27 23:24:00
35152,2026-06-27 15:28:00,train,34793,35152,360,24,0.15,35167,2026-06-27 16:28:00,35182,2026-06-27 17:28:00,35212,2026-06-27 19:28:00,35272,2026-06-27 23:28:00
35153,2026-06-27 15:32:00,train,34794,35153,360,24,0.15,35168,2026-06-27 16:32:00,35183,2026-06-27 17:32:00,35213,2026-06-27 19:32:00,35273,2026-06-27 23:32:00
35154,2026-06-27 15:36:00,train,34795,35154,360,24,0.15,35169,2026-06-27 16:36:00,35184,2026-06-27 17:36:00,35214,2026-06-27 19:36:00,35274,2026-06-27 23:36:00
35158,2026-06-27 15:52:00,train,34799,35158,360,24,0.15,35173,2026-06-27 16:52:00,35188,2026-06-27 17:52:00,35218,2026-06-27 19:52:00,35278,2026-06-27 23:52:00
35161,2026-06-27 16:04:00,train,34802,35161,360,24,0.15,35176,2026-06-27 17:04:00,35191,2026-06-27 18:04:00,35221,2026-06-27 20:04:00,35281,2026-06-28 00:04:00
35162,2026-06-27 16:08:00,train,34803,35162,360,24,0.15,35177,2026-06-27 17:08:00,35192,2026-06-27 18:08:00,35222,2026-06-27 20:08:00,35282,2026-06-28 00:08:00
35164,2026-06-27 16:16:00,train,34805,35164,360,24,0.15,35179,2026-06-27 17:16:00,35194,2026-06-27 18:16:00,35224,2026-06-27 20:16:00,35284,2026-06-28 00:16:00
35165,2026-06-27 16:20:00,train,34806,35165,360,24,0.15,35180,2026-06-27 17:20:00,35195,2026-06-27 18:20:00,35225,2026-06-27 20:20:00,35285,2026-06-28 00:20:00
35166,2026-06-27 16:24:00,train,34807,35166,360,24,0.15,35181,2026-06-27 17:24:00,35196,2026-06-27 18:24:00,35226,2026-06-27 20:24:00,35286,2026-06-28 00:24:00
35176,2026-06-27 17:04:00,train,34817,35176,360,24,0.15,35191,2026-06-27 18:04:00,35206,2026-06-27 19:04:00,35236,2026-06-27 21:04:00,35296,2026-06-28 01:04:00
35177,2026-06-27 17:08:00,train,34818,35177,360,24,0.15,35192,2026-06-27 18:08:00,35207,2026-06-27 19:08:00,35237,2026-06-27 21:08:00,35297,2026-06-28 01:08:00
35178,2026-06-27 17:12:00,train,34819,35178,360,24,0.15,35193,2026-06-27 18:12:00,35208,2026-06-27 19:12:00,35238,2026-06-27 21:12:00,35298,2026-06-28 01:12:00
35180,2026-06-27 17:20:00,train,34821,35180,360,24,0.15,35195,2026-06-27 18:20:00,35210,2026-06-27 19:20:00,35240,2026-06-27 21:20:00,35300,2026-06-28 01:20:00
35181,2026-06-27 17:24:00,train,34822,35181,360,24,0.15,35196,2026-06-27 18:24:00,35211,2026-06-27 19:24:00,35241,2026-06-27 21:24:00,35301,2026-06-28 01:24:00
35183,2026-06-27 17:32:00,train,34824,35183,360,24,0.15,35198,2026-06-27 18:32:00,35213,2026-06-27 19:32:00,35243,2026-06-27 21:32:00,35303,2026-06-28 01:32:00
35187,2026-06-27 17:48:00,train,34828,35187,360,24,0.15,35202,2026-06-27 18:48:00,35217,2026-06-27 19:48:00,35247,2026-06-27 21:48:00,35307,2026-06-28 01:48:00
35188,2026-06-27 17:52:00,train,34829,35188,360,24,0.15,35203,2026-06-27 18:52:00,35218,2026-06-27 19:52:00,35248,2026-06-27 21:52:00,35308,2026-06-28 01:52:00
35190,2026-06-27 18:00:00,train,34831,35190,360,24,0.15,35205,2026-06-27 19:00:00,35220,2026-06-27 20:00:00,35250,2026-06-27 22:00:00,35310,2026-06-28 02:00:00
35191,2026-06-27 18:04:00,train,34832,35191,360,24,0.15,35206,2026-06-27 19:04:00,35221,2026-06-27 20:04:00,35251,2026-06-27 22:04:00,35311,2026-06-28 02:04:00
35193,2026-06-27 18:12:00,train,34834,35193,360,24,0.15,35208,2026-06-27 19:12:00,35223,2026-06-27 20:12:00,35253,2026-06-27 22:12:00,35313,2026-06-28 02:12:00
35195,2026-06-27 18:20:00,train,34836,35195,360,24,0.15,35210,2026-06-27 19:20:00,35225,2026-06-27 20:20:00,35255,2026-06-27 22:20:00,35315,2026-06-28 02:20:00
35198,2026-06-27 18:32:00,train,34839,35198,360,24,0.15,35213,2026-06-27 19:32:00,35228,2026-06-27 20:32:00,35258,2026-06-27 22:32:00,35318,2026-06-28 02:32:00
35199,2026-06-27 18:36:00,train,34840,35199,360,24,0.15,35214,2026-06-27 19:36:00,35229,2026-06-27 20:36:00,35259,2026-06-27 22:36:00,35319,2026-06-28 02:36:00
35202,2026-06-27 18:48:00,train,34843,35202,360,24,0.15,35217,2026-06-27 19:48:00,35232,2026-06-27 20:48:00,35262,2026-06-27 22:48:00,35322,2026-06-28 02:48:00
35204,2026-06-27 18:56:00,train,34845,35204,360,24,0.15,35219,2026-06-27 19:56:00,35234,2026-06-27 20:56:00,35264,2026-06-27 22:56:00,35324,2026-06-28 02:56:00
35205,2026-06-27 19:00:00,train,34846,35205,360,24,0.15,35220,2026-06-27 20:00:00,35235,2026-06-27 21:00:00,35265,2026-06-27 23:00:00,35325,2026-06-28 03:00:00
35206,2026-06-27 19:04:00,train,34847,35206,360,24,0.15,35221,2026-06-27 20:04:00,35236,2026-06-27 21:04:00,35266,2026-06-27 23:04:00,35326,2026-06-28 03:04:00
35209,2026-06-27 19:16:00,train,34850,35209,360,24,0.15,35224,2026-06-27 20:16:00,35239,2026-06-27 21:16:00,35269,2026-06-27 23:16:00,35329,2026-06-28 03:16:00
35210,2026-06-27 19:20:00,train,34851,35210,360,24,0.15,35225,2026-06-27 20:20:00,35240,2026-06-27 21:20:00,35270,2026-06-27 23:20:00,35330,2026-06-28 03:20:00
35211,2026-06-27 19:24:00,train,34852,35211,360,24,0.15,35226,2026-06-27 20:24:00,35241,2026-06-27 21:24:00,35271,2026-06-27 23:24:00,35331,2026-06-28 03:24:00
35213,2026-06-27 19:32:00,train,34854,35213,360,24,0.15,35228,2026-06-27 20:32:00,35243,2026-06-27 21:32:00,35273,2026-06-27 23:32:00,35333,2026-06-28 03:32:00
35214,2026-06-27 19:36:00,train,34855,35214,360,24,0.15,35229,2026-06-27 20:36:00,35244,2026-06-27 21:36:00,35274,2026-06-27 23:36:00,35334,2026-06-28 03:36:00
35215,2026-06-27 19:40:00,train,34856,35215,360,24,0.15,35230,2026-06-27 20:40:00,35245,2026-06-27 21:40:00,35275,2026-06-27 23:40:00,35335,2026-06-28 03:40:00
35217,2026-06-27 19:48:00,train,34858,35217,360,24,0.15,35232,2026-06-27 20:48:00,35247,2026-06-27 21:48:00,35277,2026-06-27 23:48:00,35337,2026-06-28 03:48:00
35220,2026-06-27 20:00:00,train,34861,35220,360,24,0.15,35235,2026-06-27 21:00:00,35250,2026-06-27 22:00:00,35280,2026-06-28 00:00:00,35340,2026-06-28 04:00:00
35221,2026-06-27 20:04:00,train,34862,35221,360,24,0.15,35236,2026-06-27 21:04:00,35251,2026-06-27 22:04:00,35281,2026-06-28 00:04:00,35341,2026-06-28 04:04:00
35225,2026-06-27 20:20:00,train,34866,35225,360,24,0.15,35240,2026-06-27 21:20:00,35255,2026-06-27 22:20:00,35285,2026-06-28 00:20:00,35345,2026-06-28 04:20:00
35229,2026-06-27 20:36:00,train,34870,35229,360,24,0.15,35244,2026-06-27 21:36:00,35259,2026-06-27 22:36:00,35289,2026-06-28 00:36:00,35349,2026-06-28 04:36:00
35231,2026-06-27 20:44:00,train,34872,35231,360,24,0.15,35246,2026-06-27 21:44:00,35261,2026-06-27 22:44:00,35291,2026-06-28 00:44:00,35351,2026-06-28 04:44:00
35232,2026-06-27 20:48:00,train,34873,35232,360,24,0.15,35247,2026-06-27 21:48:00,35262,2026-06-27 22:48:00,35292,2026-06-28 00:48:00,35352,2026-06-28 04:48:00
35233,2026-06-27 20:52:00,train,34874,35233,360,24,0.15,35248,2026-06-27 21:52:00,35263,2026-06-27 22:52:00,35293,2026-06-28 00:52:00,35353,2026-06-28 04:52:00
35236,2026-06-27 21:04:00,train,34877,35236,360,24,0.15,35251,2026-06-27 22:04:00,35266,2026-06-27 23:04:00,35296,2026-06-28 01:04:00,35356,2026-06-28 05:04:00
35238,2026-06-27 21:12:00,train,34879,35238,360,24,0.15,35253,2026-06-27 22:12:00,35268,2026-06-27 23:12:00,35298,2026-06-28 01:12:00,35358,2026-06-28 05:12:00
35239,2026-06-27 21:16:00,train,34880,35239,360,24,0.15,35254,2026-06-27 22:16:00,35269,2026-06-27 23:16:00,35299,2026-06-28 01:16:00,35359,2026-06-28 05:16:00
35240,2026-06-27 21:20:00,train,34881,35240,360,24,0.15,35255,2026-06-27 22:20:00,35270,2026-06-27 23:20:00,35300,2026-06-28 01:20:00,35360,2026-06-28 05:20:00
35243,2026-06-27 21:32:00,train,34884,35243,360,24,0.15,35258,2026-06-27 22:32:00,35273,2026-06-27 23:32:00,35303,2026-06-28 01:32:00,35363,2026-06-28 05:32:00
35244,2026-06-27 21:36:00,train,34885,35244,360,24,0.15,35259,2026-06-27 22:36:00,35274,2026-06-27 23:36:00,35304,2026-06-28 01:36:00,35364,2026-06-28 05:36:00
35245,2026-06-27 21:40:00,train,34886,35245,360,24,0.15,35260,2026-06-27 22:40:00,35275,2026-06-27 23:40:00,35305,2026-06-28 01:40:00,35365,2026-06-28 05:40:00
35247,2026-06-27 21:48:00,train,34888,35247,360,24,0.15,35262,2026-06-27 22:48:00,35277,2026-06-27 23:48:00,35307,2026-06-28 01:48:00,35367,2026-06-28 05:48:00
35248,2026-06-27 21:52:00,train,34889,35248,360,24,0.15,35263,2026-06-27 22:52:00,35278,2026-06-27 23:52:00,35308,2026-06-28 01:52:00,35368,2026-06-28 05:52:00
35251,2026-06-27 22:04:00,train,34892,35251,360,24,0.15,35266,2026-06-27 23:04:00,35281,2026-06-28 00:04:00,35311,2026-06-28 02:04:00,35371,2026-06-28 06:04:00
35254,2026-06-27 22:16:00,train,34895,35254,360,24,0.15,35269,2026-06-27 23:16:00,35284,2026-06-28 00:16:00,35314,2026-06-28 02:16:00,35374,2026-06-28 06:16:00
35255,2026-06-27 22:20:00,train,34896,35255,360,24,0.15,35270,2026-06-27 23:20:00,35285,2026-06-28 00:20:00,35315,2026-06-28 02:20:00,35375,2026-06-28 06:20:00
35259,2026-06-27 22:36:00,train,34900,35259,360,24,0.15,35274,2026-06-27 23:36:00,35289,2026-06-28 00:36:00,35319,2026-06-28 02:36:00,35379,2026-06-28 06:36:00
35261,2026-06-27 22:44:00,train,34902,35261,360,24,0.15,35276,2026-06-27 23:44:00,35291,2026-06-28 00:44:00,35321,2026-06-28 02:44:00,35381,2026-06-28 06:44:00
35262,2026-06-27 22:48:00,train,34903,35262,360,24,0.15,35277,2026-06-27 23:48:00,35292,2026-06-28 00:48:00,35322,2026-06-28 02:48:00,35382,2026-06-28 06:48:00
35263,2026-06-27 22:52:00,train,34904,35263,360,24,0.15,35278,2026-06-27 23:52:00,35293,2026-06-28 00:52:00,35323,2026-06-28 02:52:00,35383,2026-06-28 06:52:00
35266,2026-06-27 23:04:00,train,34907,35266,360,24,0.15,35281,2026-06-28 00:04:00,35296,2026-06-28 01:04:00,35326,2026-06-28 03:04:00,35386,2026-06-28 07:04:00
35267,2026-06-27 23:08:00,train,34908,35267,360,24,0.15,35282,2026-06-28 00:08:00,35297,2026-06-28 01:08:00,35327,2026-06-28 03:08:00,35387,2026-06-28 07:08:00
35270,2026-06-27 23:20:00,train,34911,35270,360,24,0.15,35285,2026-06-28 00:20:00,35300,2026-06-28 01:20:00,35330,2026-06-28 03:20:00,35390,2026-06-28 07:20:00
35271,2026-06-27 23:24:00,train,34912,35271,360,24,0.15,35286,2026-06-28 00:24:00,35301,2026-06-28 01:24:00,35331,2026-06-28 03:24:00,35391,2026-06-28 07:24:00
35274,2026-06-27 23:36:00,train,34915,35274,360,24,0.15,35289,2026-06-28 00:36:00,35304,2026-06-28 01:36:00,35334,2026-06-28 03:36:00,35394,2026-06-28 07:36:00
35278,2026-06-27 23:52:00,train,34919,35278,360,24,0.15,35293,2026-06-28 00:52:00,35308,2026-06-28 01:52:00,35338,2026-06-28 03:52:00,35398,2026-06-28 07:52:00
35283,2026-06-28 00:12:00,train,34924,35283,360,24,0.15,35298,2026-06-28 01:12:00,35313,2026-06-28 02:12:00,35343,2026-06-28 04:12:00,35403,2026-06-28 08:12:00
35289,2026-06-28 00:36:00,train,34930,35289,360,24,0.15,35304,2026-06-28 01:36:00,35319,2026-06-28 02:36:00,35349,2026-06-28 04:36:00,35409,2026-06-28 08:36:00
35290,2026-06-28 00:40:00,train,34931,35290,360,24,0.15,35305,2026-06-28 01:40:00,35320,2026-06-28 02:40:00,35350,2026-06-28 04:40:00,35410,2026-06-28 08:40:00
35292,2026-06-28 00:48:00,train,34933,35292,360,24,0.15,35307,2026-06-28 01:48:00,35322,2026-06-28 02:48:00,35352,2026-06-28 04:48:00,35412,2026-06-28 08:48:00
35293,2026-06-28 00:52:00,train,34934,35293,360,24,0.15,35308,2026-06-28 01:52:00,35323,2026-06-28 02:52:00,35353,2026-06-28 04:52:00,35413,2026-06-28 08:52:00
35294,2026-06-28 00:56:00,train,34935,35294,360,24,0.15,35309,2026-06-28 01:56:00,35324,2026-06-28 02:56:00,35354,2026-06-28 04:56:00,35414,2026-06-28 08:56:00
35295,2026-06-28 01:00:00,train,34936,35295,360,24,0.15,35310,2026-06-28 02:00:00,35325,2026-06-28 03:00:00,35355,2026-06-28 05:00:00,35415,2026-06-28 09:00:00
35299,2026-06-28 01:16:00,train,34940,35299,360,24,0.15,35314,2026-06-28 02:16:00,35329,2026-06-28 03:16:00,35359,2026-06-28 05:16:00,35419,2026-06-28 09:16:00
35300,2026-06-28 01:20:00,train,34941,35300,360,24,0.15,35315,2026-06-28 02:20:00,35330,2026-06-28 03:20:00,35360,2026-06-28 05:20:00,35420,2026-06-28 09:20:00
35303,2026-06-28 01:32:00,train,34944,35303,360,24,0.15,35318,2026-06-28 02:32:00,35333,2026-06-28 03:32:00,35363,2026-06-28 05:32:00,35423,2026-06-28 09:32:00
35304,2026-06-28 01:36:00,train,34945,35304,360,24,0.15,35319,2026-06-28 02:36:00,35334,2026-06-28 03:36:00,35364,2026-06-28 05:36:00,35424,2026-06-28 09:36:00
35305,2026-06-28 01:40:00,train,34946,35305,360,24,0.15,35320,2026-06-28 02:40:00,35335,2026-06-28 03:40:00,35365,2026-06-28 05:40:00,35425,2026-06-28 09:40:00
35306,2026-06-28 01:44:00,train,34947,35306,360,24,0.15,35321,2026-06-28 02:44:00,35336,2026-06-28 03:44:00,35366,2026-06-28 05:44:00,35426,2026-06-28 09:44:00
35307,2026-06-28 01:48:00,train,34948,35307,360,24,0.15,35322,2026-06-28 02:48:00,35337,2026-06-28 03:48:00,35367,2026-06-28 05:48:00,35427,2026-06-28 09:48:00
35308,2026-06-28 01:52:00,train,34949,35308,360,24,0.15,35323,2026-06-28 02:52:00,35338,2026-06-28 03:52:00,35368,2026-06-28 05:52:00,35428,2026-06-28 09:52:00
35311,2026-06-28 02:04:00,train,34952,35311,360,24,0.15,35326,2026-06-28 03:04:00,35341,2026-06-28 04:04:00,35371,2026-06-28 06:04:00,35431,2026-06-28 10:04:00
35315,2026-06-28 02:20:00,train,34956,35315,360,24,0.15,35330,2026-06-28 03:20:00,35345,2026-06-28 04:20:00,35375,2026-06-28 06:20:00,35435,2026-06-28 10:20:00
35316,2026-06-28 02:24:00,train,34957,35316,360,24,0.15,35331,2026-06-28 03:24:00,35346,2026-06-28 04:24:00,35376,2026-06-28 06:24:00,35436,2026-06-28 10:24:00
35317,2026-06-28 02:28:00,train,34958,35317,360,24,0.15,35332,2026-06-28 03:28:00,35347,2026-06-28 04:28:00,35377,2026-06-28 06:28:00,35437,2026-06-28 10:28:00
35318,2026-06-28 02:32:00,train,34959,35318,360,24,0.15,35333,2026-06-28 03:32:00,35348,2026-06-28 04:32:00,35378,2026-06-28 06:32:00,35438,2026-06-28 10:32:00
35319,2026-06-28 02:36:00,train,34960,35319,360,24,0.15,35334,2026-06-28 03:36:00,35349,2026-06-28 04:36:00,35379,2026-06-28 06:36:00,35439,2026-06-28 10:36:00
35321,2026-06-28 02:44:00,train,34962,35321,360,24,0.15,35336,2026-06-28 03:44:00,35351,2026-06-28 04:44:00,35381,2026-06-28 06:44:00,35441,2026-06-28 10:44:00
35322,2026-06-28 02:48:00,train,34963,35322,360,24,0.15,35337,2026-06-28 03:48:00,35352,2026-06-28 04:48:00,35382,2026-06-28 06:48:00,35442,2026-06-28 10:48:00
35323,2026-06-28 02:52:00,train,34964,35323,360,24,0.15,35338,2026-06-28 03:52:00,35353,2026-06-28 04:52:00,35383,2026-06-28 06:52:00,35443,2026-06-28 10:52:00
35328,2026-06-28 03:12:00,train,34969,35328,360,24,0.15,35343,2026-06-28 04:12:00,35358,2026-06-28 05:12:00,35388,2026-06-28 07:12:00,35448,2026-06-28 11:12:00
35330,2026-06-28 03:20:00,train,34971,35330,360,24,0.15,35345,2026-06-28 04:20:00,35360,2026-06-28 05:20:00,35390,2026-06-28 07:20:00,35450,2026-06-28 11:20:00
35331,2026-06-28 03:24:00,train,34972,35331,360,24,0.15,35346,2026-06-28 04:24:00,35361,2026-06-28 05:24:00,35391,2026-06-28 07:24:00,35451,2026-06-28 11:24:00
35333,2026-06-28 03:32:00,train,34974,35333,360,24,0.15,35348,2026-06-28 04:32:00,35363,2026-06-28 05:32:00,35393,2026-06-28 07:32:00,35453,2026-06-28 11:32:00
35334,2026-06-28 03:36:00,train,34975,35334,360,24,0.15,35349,2026-06-28 04:36:00,35364,2026-06-28 05:36:00,35394,2026-06-28 07:36:00,35454,2026-06-28 11:36:00
35335,2026-06-28 03:40:00,train,34976,35335,360,24,0.15,35350,2026-06-28 04:40:00,35365,2026-06-28 05:40:00,35395,2026-06-28 07:40:00,35455,2026-06-28 11:40:00
35338,2026-06-28 03:52:00,train,34979,35338,360,24,0.15,35353,2026-06-28 04:52:00,35368,2026-06-28 05:52:00,35398,2026-06-28 07:52:00,35458,2026-06-28 11:52:00
35342,2026-06-28 04:08:00,train,34983,35342,360,24,0.15,35357,2026-06-28 05:08:00,35372,2026-06-28 06:08:00,35402,2026-06-28 08:08:00,35462,2026-06-28 12:08:00
35343,2026-06-28 04:12:00,train,34984,35343,360,24,0.15,35358,2026-06-28 05:12:00,35373,2026-06-28 06:12:00,35403,2026-06-28 08:12:00,35463,2026-06-28 12:12:00
35346,2026-06-28 04:24:00,train,34987,35346,360,24,0.15,35361,2026-06-28 05:24:00,35376,2026-06-28 06:24:00,35406,2026-06-28 08:24:00,35466,2026-06-28 12:24:00
35349,2026-06-28 04:36:00,train,34990,35349,360,24,0.15,35364,2026-06-28 05:36:00,35379,2026-06-28 06:36:00,35409,2026-06-28 08:36:00,35469,2026-06-28 12:36:00
35351,2026-06-28 04:44:00,train,34992,35351,360,24,0.15,35366,2026-06-28 05:44:00,35381,2026-06-28 06:44:00,35411,2026-06-28 08:44:00,35471,2026-06-28 12:44:00
35352,2026-06-28 04:48:00,train,34993,35352,360,24,0.15,35367,2026-06-28 05:48:00,35382,2026-06-28 06:48:00,35412,2026-06-28 08:48:00,35472,2026-06-28 12:48:00
35354,2026-06-28 04:56:00,train,34995,35354,360,24,0.15,35369,2026-06-28 05:56:00,35384,2026-06-28 06:56:00,35414,2026-06-28 08:56:00,35474,2026-06-28 12:56:00
35358,2026-06-28 05:12:00,train,34999,35358,360,24,0.15,35373,2026-06-28 06:12:00,35388,2026-06-28 07:12:00,35418,2026-06-28 09:12:00,35478,2026-06-28 13:12:00
35360,2026-06-28 05:20:00,train,35001,35360,360,24,0.15,35375,2026-06-28 06:20:00,35390,2026-06-28 07:20:00,35420,2026-06-28 09:20:00,35480,2026-06-28 13:20:00
35361,2026-06-28 05:24:00,train,35002,35361,360,24,0.15,35376,2026-06-28 06:24:00,35391,2026-06-28 07:24:00,35421,2026-06-28 09:24:00,35481,2026-06-28 13:24:00
35362,2026-06-28 05:28:00,train,35003,35362,360,24,0.15,35377,2026-06-28 06:28:00,35392,2026-06-28 07:28:00,35422,2026-06-28 09:28:00,35482,2026-06-28 13:28:00
35363,2026-06-28 05:32:00,train,35004,35363,360,24,0.15,35378,2026-06-28 06:32:00,35393,2026-06-28 07:32:00,35423,2026-06-28 09:32:00,35483,2026-06-28 13:32:00
35364,2026-06-28 05:36:00,train,35005,35364,360,24,0.15,35379,2026-06-28 06:36:00,35394,2026-06-28 07:36:00,35424,2026-06-28 09:36:00,35484,2026-06-28 13:36:00
35368,2026-06-28 05:52:00,train,35009,35368,360,24,0.15,35383,2026-06-28 06:52:00,35398,2026-06-28 07:52:00,35428,2026-06-28 09:52:00,35488,2026-06-28 13:52:00
35369,2026-06-28 05:56:00,train,35010,35369,360,24,0.15,35384,2026-06-28 06:56:00,35399,2026-06-28 07:56:00,35429,2026-06-28 09:56:00,35489,2026-06-28 13:56:00
35372,2026-06-28 06:08:00,train,35013,35372,360,24,0.15,35387,2026-06-28 07:08:00,35402,2026-06-28 08:08:00,35432,2026-06-28 10:08:00,35492,2026-06-28 14:08:00
35376,2026-06-28 06:24:00,train,35017,35376,360,24,0.15,35391,2026-06-28 07:24:00,35406,2026-06-28 08:24:00,35436,2026-06-28 10:24:00,35496,2026-06-28 14:24:00
35380,2026-06-28 06:40:00,train,35021,35380,360,24,0.15,35395,2026-06-28 07:40:00,35410,2026-06-28 08:40:00,35440,2026-06-28 10:40:00,35500,2026-06-28 14:40:00
35384,2026-06-28 06:56:00,train,35025,35384,360,24,0.15,35399,2026-06-28 07:56:00,35414,2026-06-28 08:56:00,35444,2026-06-28 10:56:00,35504,2026-06-28 14:56:00
35385,2026-06-28 07:00:00,train,35026,35385,360,24,0.15,35400,2026-06-28 08:00:00,35415,2026-06-28 09:00:00,35445,2026-06-28 11:00:00,35505,2026-06-28 15:00:00
35388,2026-06-28 07:12:00,train,35029,35388,360,24,0.15,35403,2026-06-28 08:12:00,35418,2026-06-28 09:12:00,35448,2026-06-28 11:12:00,35508,2026-06-28 15:12:00
35391,2026-06-28 07:24:00,train,35032,35391,360,24,0.15,35406,2026-06-28 08:24:00,35421,2026-06-28 09:24:00,35451,2026-06-28 11:24:00,35511,2026-06-28 15:24:00
35396,2026-06-28 07:44:00,train,35037,35396,360,24,0.15,35411,2026-06-28 08:44:00,35426,2026-06-28 09:44:00,35456,2026-06-28 11:44:00,35516,2026-06-28 15:44:00
35397,2026-06-28 07:48:00,train,35038,35397,360,24,0.15,35412,2026-06-28 08:48:00,35427,2026-06-28 09:48:00,35457,2026-06-28 11:48:00,35517,2026-06-28 15:48:00
35398,2026-06-28 07:52:00,train,35039,35398,360,24,0.15,35413,2026-06-28 08:52:00,35428,2026-06-28 09:52:00,35458,2026-06-28 11:52:00,35518,2026-06-28 15:52:00
35768,2026-06-29 08:32:00,train,35409,35768,360,24,0.15,35783,2026-06-29 09:32:00,35798,2026-06-29 10:32:00,35828,2026-06-29 12:32:00,35888,2026-06-29 16:32:00
35769,2026-06-29 08:36:00,train,35410,35769,360,24,0.15,35784,2026-06-29 09:36:00,35799,2026-06-29 10:36:00,35829,2026-06-29 12:36:00,35889,2026-06-29 16:36:00
35772,2026-06-29 08:48:00,train,35413,35772,360,24,0.15,35787,2026-06-29 09:48:00,35802,2026-06-29 10:48:00,35832,2026-06-29 12:48:00,35892,2026-06-29 16:48:00
35774,2026-06-29 08:56:00,train,35415,35774,360,24,0.15,35789,2026-06-29 09:56:00,35804,2026-06-29 10:56:00,35834,2026-06-29 12:56:00,35894,2026-06-29 16:56:00
35776,2026-06-29 09:04:00,train,35417,35776,360,24,0.15,35791,2026-06-29 10:04:00,35806,2026-06-29 11:04:00,35836,2026-06-29 13:04:00,35896,2026-06-29 17:04:00
35779,2026-06-29 09:16:00,train,35420,35779,360,24,0.15,35794,2026-06-29 10:16:00,35809,2026-06-29 11:16:00,35839,2026-06-29 13:16:00,35899,2026-06-29 17:16:00
35780,2026-06-29 09:20:00,train,35421,35780,360,24,0.15,35795,2026-06-29 10:20:00,35810,2026-06-29 11:20:00,35840,2026-06-29 13:20:00,35900,2026-06-29 17:20:00
35781,2026-06-29 09:24:00,train,35422,35781,360,24,0.15,35796,2026-06-29 10:24:00,35811,2026-06-29 11:24:00,35841,2026-06-29 13:24:00,35901,2026-06-29 17:24:00
35783,2026-06-29 09:32:00,train,35424,35783,360,24,0.15,35798,2026-06-29 10:32:00,35813,2026-06-29 11:32:00,35843,2026-06-29 13:32:00,35903,2026-06-29 17:32:00
35784,2026-06-29 09:36:00,train,35425,35784,360,24,0.15,35799,2026-06-29 10:36:00,35814,2026-06-29 11:36:00,35844,2026-06-29 13:36:00,35904,2026-06-29 17:36:00
35794,2026-06-29 10:16:00,train,35435,35794,360,24,0.15,35809,2026-06-29 11:16:00,35824,2026-06-29 12:16:00,35854,2026-06-29 14:16:00,35914,2026-06-29 18:16:00
35795,2026-06-29 10:20:00,train,35436,35795,360,24,0.15,35810,2026-06-29 11:20:00,35825,2026-06-29 12:20:00,35855,2026-06-29 14:20:00,35915,2026-06-29 18:20:00
35796,2026-06-29 10:24:00,train,35437,35796,360,24,0.15,35811,2026-06-29 11:24:00,35826,2026-06-29 12:24:00,35856,2026-06-29 14:24:00,35916,2026-06-29 18:24:00
35810,2026-06-29 11:20:00,train,35451,35810,360,24,0.15,35825,2026-06-29 12:20:00,35840,2026-06-29 13:20:00,35870,2026-06-29 15:20:00,35930,2026-06-29 19:20:00
35811,2026-06-29 11:24:00,train,35452,35811,360,24,0.15,35826,2026-06-29 12:24:00,35841,2026-06-29 13:24:00,35871,2026-06-29 15:24:00,35931,2026-06-29 19:24:00
35813,2026-06-29 11:32:00,train,35454,35813,360,24,0.15,35828,2026-06-29 12:32:00,35843,2026-06-29 13:32:00,35873,2026-06-29 15:32:00,35933,2026-06-29 19:32:00
35814,2026-06-29 11:36:00,train,35455,35814,360,24,0.15,35829,2026-06-29 12:36:00,35844,2026-06-29 13:36:00,35874,2026-06-29 15:36:00,35934,2026-06-29 19:36:00
35820,2026-06-29 12:00:00,train,35461,35820,360,24,0.15,35835,2026-06-29 13:00:00,35850,2026-06-29 14:00:00,35880,2026-06-29 16:00:00,35940,2026-06-29 20:00:00
35822,2026-06-29 12:08:00,train,35463,35822,360,24,0.15,35837,2026-06-29 13:08:00,35852,2026-06-29 14:08:00,35882,2026-06-29 16:08:00,35942,2026-06-29 20:08:00
35823,2026-06-29 12:12:00,train,35464,35823,360,24,0.15,35838,2026-06-29 13:12:00,35853,2026-06-29 14:12:00,35883,2026-06-29 16:12:00,35943,2026-06-29 20:12:00
35824,2026-06-29 12:16:00,train,35465,35824,360,24,0.15,35839,2026-06-29 13:16:00,35854,2026-06-29 14:16:00,35884,2026-06-29 16:16:00,35944,2026-06-29 20:16:00
35825,2026-06-29 12:20:00,train,35466,35825,360,24,0.15,35840,2026-06-29 13:20:00,35855,2026-06-29 14:20:00,35885,2026-06-29 16:20:00,35945,2026-06-29 20:20:00
35827,2026-06-29 12:28:00,train,35468,35827,360,24,0.15,35842,2026-06-29 13:28:00,35857,2026-06-29 14:28:00,35887,2026-06-29 16:28:00,35947,2026-06-29 20:28:00
35828,2026-06-29 12:32:00,train,35469,35828,360,24,0.15,35843,2026-06-29 13:32:00,35858,2026-06-29 14:32:00,35888,2026-06-29 16:32:00,35948,2026-06-29 20:32:00
35829,2026-06-29 12:36:00,train,35470,35829,360,24,0.15,35844,2026-06-29 13:36:00,35859,2026-06-29 14:36:00,35889,2026-06-29 16:36:00,35949,2026-06-29 20:36:00
35835,2026-06-29 13:00:00,train,35476,35835,360,24,0.15,35850,2026-06-29 14:00:00,35865,2026-06-29 15:00:00,35895,2026-06-29 17:00:00,35955,2026-06-29 21:00:00
35840,2026-06-29 13:20:00,train,35481,35840,360,24,0.15,35855,2026-06-29 14:20:00,35870,2026-06-29 15:20:00,35900,2026-06-29 17:20:00,35960,2026-06-29 21:20:00
35843,2026-06-29 13:32:00,train,35484,35843,360,24,0.15,35858,2026-06-29 14:32:00,35873,2026-06-29 15:32:00,35903,2026-06-29 17:32:00,35963,2026-06-29 21:32:00
35844,2026-06-29 13:36:00,train,35485,35844,360,24,0.15,35859,2026-06-29 14:36:00,35874,2026-06-29 15:36:00,35904,2026-06-29 17:36:00,35964,2026-06-29 21:36:00
35845,2026-06-29 13:40:00,train,35486,35845,360,24,0.15,35860,2026-06-29 14:40:00,35875,2026-06-29 15:40:00,35905,2026-06-29 17:40:00,35965,2026-06-29 21:40:00
35848,2026-06-29 13:52:00,train,35489,35848,360,24,0.15,35863,2026-06-29 14:52:00,35878,2026-06-29 15:52:00,35908,2026-06-29 17:52:00,35968,2026-06-29 21:52:00
35850,2026-06-29 14:00:00,train,35491,35850,360,24,0.15,35865,2026-06-29 15:00:00,35880,2026-06-29 16:00:00,35910,2026-06-29 18:00:00,35970,2026-06-29 22:00:00
35855,2026-06-29 14:20:00,train,35496,35855,360,24,0.15,35870,2026-06-29 15:20:00,35885,2026-06-29 16:20:00,35915,2026-06-29 18:20:00,35975,2026-06-29 22:20:00
35867,2026-06-29 15:08:00,train,35508,35867,360,24,0.15,35882,2026-06-29 16:08:00,35897,2026-06-29 17:08:00,35927,2026-06-29 19:08:00,35987,2026-06-29 23:08:00
35869,2026-06-29 15:16:00,train,35510,35869,360,24,0.15,35884,2026-06-29 16:16:00,35899,2026-06-29 17:16:00,35929,2026-06-29 19:16:00,35989,2026-06-29 23:16:00
35870,2026-06-29 15:20:00,train,35511,35870,360,24,0.15,35885,2026-06-29 16:20:00,35900,2026-06-29 17:20:00,35930,2026-06-29 19:20:00,35990,2026-06-29 23:20:00
35872,2026-06-29 15:28:00,train,35513,35872,360,24,0.15,35887,2026-06-29 16:28:00,35902,2026-06-29 17:28:00,35932,2026-06-29 19:28:00,35992,2026-06-29 23:28:00
35873,2026-06-29 15:32:00,train,35514,35873,360,24,0.15,35888,2026-06-29 16:32:00,35903,2026-06-29 17:32:00,35933,2026-06-29 19:32:00,35993,2026-06-29 23:32:00
35875,2026-06-29 15:40:00,train,35516,35875,360,24,0.15,35890,2026-06-29 16:40:00,35905,2026-06-29 17:40:00,35935,2026-06-29 19:40:00,35995,2026-06-29 23:40:00
35876,2026-06-29 15:44:00,train,35517,35876,360,24,0.15,35891,2026-06-29 16:44:00,35906,2026-06-29 17:44:00,35936,2026-06-29 19:44:00,35996,2026-06-29 23:44:00
35878,2026-06-29 15:52:00,train,35519,35878,360,24,0.15,35893,2026-06-29 16:52:00,35908,2026-06-29 17:52:00,35938,2026-06-29 19:52:00,35998,2026-06-29 23:52:00
35879,2026-06-29 15:56:00,train,35520,35879,360,24,0.15,35894,2026-06-29 16:56:00,35909,2026-06-29 17:56:00,35939,2026-06-29 19:56:00,35999,2026-06-29 23:56:00
35880,2026-06-29 16:00:00,train,35521,35880,360,24,0.15,35895,2026-06-29 17:00:00,35910,2026-06-29 18:00:00,35940,2026-06-29 20:00:00,36000,2026-06-30 00:00:00
35884,2026-06-29 16:16:00,train,35525,35884,360,24,0.15,35899,2026-06-29 17:16:00,35914,2026-06-29 18:16:00,35944,2026-06-29 20:16:00,36004,2026-06-30 00:16:00
35885,2026-06-29 16:20:00,train,35526,35885,360,24,0.15,35900,2026-06-29 17:20:00,35915,2026-06-29 18:20:00,35945,2026-06-29 20:20:00,36005,2026-06-30 00:20:00
35886,2026-06-29 16:24:00,train,35527,35886,360,24,0.15,35901,2026-06-29 17:24:00,35916,2026-06-29 18:24:00,35946,2026-06-29 20:24:00,36006,2026-06-30 00:24:00
35887,2026-06-29 16:28:00,train,35528,35887,360,24,0.15,35902,2026-06-29 17:28:00,35917,2026-06-29 18:28:00,35947,2026-06-29 20:28:00,36007,2026-06-30 00:28:00
35900,2026-06-29 17:20:00,train,35541,35900,360,24,0.15,35915,2026-06-29 18:20:00,35930,2026-06-29 19:20:00,35960,2026-06-29 21:20:00,36020,2026-06-30 01:20:00
35902,2026-06-29 17:28:00,train,35543,35902,360,24,0.15,35917,2026-06-29 18:28:00,35932,2026-06-29 19:28:00,35962,2026-06-29 21:28:00,36022,2026-06-30 01:28:00
35911,2026-06-29 18:04:00,train,35552,35911,360,24,0.15,35926,2026-06-29 19:04:00,35941,2026-06-29 20:04:00,35971,2026-06-29 22:04:00,36031,2026-06-30 02:04:00
36285,2026-06-30 19:00:00,train,35926,36285,360,24,0.15,36300,2026-06-30 20:00:00,36315,2026-06-30 21:00:00,36345,2026-06-30 23:00:00,36405,2026-07-01 03:00:00
36288,2026-06-30 19:12:00,train,35929,36288,360,24,0.15,36303,2026-06-30 20:12:00,36318,2026-06-30 21:12:00,36348,2026-06-30 23:12:00,36408,2026-07-01 03:12:00
36297,2026-06-30 19:48:00,train,35938,36297,360,24,0.15,36312,2026-06-30 20:48:00,36327,2026-06-30 21:48:00,36357,2026-06-30 23:48:00,36417,2026-07-01 03:48:00
36301,2026-06-30 20:04:00,train,35942,36301,360,24,0.15,36316,2026-06-30 21:04:00,36331,2026-06-30 22:04:00,36361,2026-07-01 00:04:00,36421,2026-07-01 04:04:00
36317,2026-06-30 21:08:00,train,35958,36317,360,24,0.15,36332,2026-06-30 22:08:00,36347,2026-06-30 23:08:00,36377,2026-07-01 01:08:00,36437,2026-07-01 05:08:00
36318,2026-06-30 21:12:00,train,35959,36318,360,24,0.15,36333,2026-06-30 22:12:00,36348,2026-06-30 23:12:00,36378,2026-07-01 01:12:00,36438,2026-07-01 05:12:00
36331,2026-06-30 22:04:00,train,35972,36331,360,24,0.15,36346,2026-06-30 23:04:00,36361,2026-07-01 00:04:00,36391,2026-07-01 02:04:00,36451,2026-07-01 06:04:00
36333,2026-06-30 22:12:00,train,35974,36333,360,24,0.15,36348,2026-06-30 23:12:00,36363,2026-07-01 00:12:00,36393,2026-07-01 02:12:00,36453,2026-07-01 06:12:00
36334,2026-06-30 22:16:00,train,35975,36334,360,24,0.15,36349,2026-06-30 23:16:00,36364,2026-07-01 00:16:00,36394,2026-07-01 02:16:00,36454,2026-07-01 06:16:00
37590,2026-07-04 10:00:00,train,37231,37590,360,24,0.15,37605,2026-07-04 11:00:00,37620,2026-07-04 12:00:00,37650,2026-07-04 14:00:00,37710,2026-07-04 18:00:00
37592,2026-07-04 10:08:00,train,37233,37592,360,24,0.15,37607,2026-07-04 11:08:00,37622,2026-07-04 12:08:00,37652,2026-07-04 14:08:00,37712,2026-07-04 18:08:00
37593,2026-07-04 10:12:00,train,37234,37593,360,24,0.15,37608,2026-07-04 11:12:00,37623,2026-07-04 12:12:00,37653,2026-07-04 14:12:00,37713,2026-07-04 18:12:00
37594,2026-07-04 10:16:00,train,37235,37594,360,24,0.15,37609,2026-07-04 11:16:00,37624,2026-07-04 12:16:00,37654,2026-07-04 14:16:00,37714,2026-07-04 18:16:00
37598,2026-07-04 10:32:00,train,37239,37598,360,24,0.15,37613,2026-07-04 11:32:00,37628,2026-07-04 12:32:00,37658,2026-07-04 14:32:00,37718,2026-07-04 18:32:00
37599,2026-07-04 10:36:00,train,37240,37599,360,24,0.15,37614,2026-07-04 11:36:00,37629,2026-07-04 12:36:00,37659,2026-07-04 14:36:00,37719,2026-07-04 18:36:00
37602,2026-07-04 10:48:00,train,37243,37602,360,24,0.15,37617,2026-07-04 11:48:00,37632,2026-07-04 12:48:00,37662,2026-07-04 14:48:00,37722,2026-07-04 18:48:00
37603,2026-07-04 10:52:00,train,37244,37603,360,24,0.15,37618,2026-07-04 11:52:00,37633,2026-07-04 12:52:00,37663,2026-07-04 14:52:00,37723,2026-07-04 18:52:00
37610,2026-07-04 11:20:00,train,37251,37610,360,24,0.15,37625,2026-07-04 12:20:00,37640,2026-07-04 13:20:00,37670,2026-07-04 15:20:00,37730,2026-07-04 19:20:00
37611,2026-07-04 11:24:00,train,37252,37611,360,24,0.15,37626,2026-07-04 12:24:00,37641,2026-07-04 13:24:00,37671,2026-07-04 15:24:00,37731,2026-07-04 19:24:00
37620,2026-07-04 12:00:00,train,37261,37620,360,24,0.15,37635,2026-07-04 13:00:00,37650,2026-07-04 14:00:00,37680,2026-07-04 16:00:00,37740,2026-07-04 20:00:00
37629,2026-07-04 12:36:00,train,37270,37629,360,24,0.15,37644,2026-07-04 13:36:00,37659,2026-07-04 14:36:00,37689,2026-07-04 16:36:00,37749,2026-07-04 20:36:00
37644,2026-07-04 13:36:00,train,37285,37644,360,24,0.15,37659,2026-07-04 14:36:00,37674,2026-07-04 15:36:00,37704,2026-07-04 17:36:00,37764,2026-07-04 21:36:00
39595,2026-07-09 23:40:00,validation,39236,39595,360,24,0.15,39610,2026-07-10 00:40:00,39625,2026-07-10 01:40:00,39655,2026-07-10 03:40:00,39715,2026-07-10 07:40:00
39598,2026-07-09 23:52:00,validation,39239,39598,360,24,0.15,39613,2026-07-10 00:52:00,39628,2026-07-10 01:52:00,39658,2026-07-10 03:52:00,39718,2026-07-10 07:52:00
39599,2026-07-09 23:56:00,validation,39240,39599,360,24,0.15,39614,2026-07-10 00:56:00,39629,2026-07-10 01:56:00,39659,2026-07-10 03:56:00,39719,2026-07-10 07:56:00
39601,2026-07-10 00:04:00,validation,39242,39601,360,24,0.15,39616,2026-07-10 01:04:00,39631,2026-07-10 02:04:00,39661,2026-07-10 04:04:00,39721,2026-07-10 08:04:00
39602,2026-07-10 00:08:00,validation,39243,39602,360,24,0.15,39617,2026-07-10 01:08:00,39632,2026-07-10 02:08:00,39662,2026-07-10 04:08:00,39722,2026-07-10 08:08:00
39606,2026-07-10 00:24:00,validation,39247,39606,360,24,0.15,39621,2026-07-10 01:24:00,39636,2026-07-10 02:24:00,39666,2026-07-10 04:24:00,39726,2026-07-10 08:24:00
39613,2026-07-10 00:52:00,validation,39254,39613,360,24,0.15,39628,2026-07-10 01:52:00,39643,2026-07-10 02:52:00,39673,2026-07-10 04:52:00,39733,2026-07-10 08:52:00
39614,2026-07-10 00:56:00,validation,39255,39614,360,24,0.15,39629,2026-07-10 01:56:00,39644,2026-07-10 02:56:00,39674,2026-07-10 04:56:00,39734,2026-07-10 08:56:00
39620,2026-07-10 01:20:00,validation,39261,39620,360,24,0.15,39635,2026-07-10 02:20:00,39650,2026-07-10 03:20:00,39680,2026-07-10 05:20:00,39740,2026-07-10 09:20:00
39622,2026-07-10 01:28:00,validation,39263,39622,360,24,0.15,39637,2026-07-10 02:28:00,39652,2026-07-10 03:28:00,39682,2026-07-10 05:28:00,39742,2026-07-10 09:28:00
39623,2026-07-10 01:32:00,validation,39264,39623,360,24,0.15,39638,2026-07-10 02:32:00,39653,2026-07-10 03:32:00,39683,2026-07-10 05:32:00,39743,2026-07-10 09:32:00
39625,2026-07-10 01:40:00,validation,39266,39625,360,24,0.15,39640,2026-07-10 02:40:00,39655,2026-07-10 03:40:00,39685,2026-07-10 05:40:00,39745,2026-07-10 09:40:00
39628,2026-07-10 01:52:00,validation,39269,39628,360,24,0.15,39643,2026-07-10 02:52:00,39658,2026-07-10 03:52:00,39688,2026-07-10 05:52:00,39748,2026-07-10 09:52:00
39629,2026-07-10 01:56:00,validation,39270,39629,360,24,0.15,39644,2026-07-10 02:56:00,39659,2026-07-10 03:56:00,39689,2026-07-10 05:56:00,39749,2026-07-10 09:56:00
39631,2026-07-10 02:04:00,validation,39272,39631,360,24,0.15,39646,2026-07-10 03:04:00,39661,2026-07-10 04:04:00,39691,2026-07-10 06:04:00,39751,2026-07-10 10:04:00
39632,2026-07-10 02:08:00,validation,39273,39632,360,24,0.15,39647,2026-07-10 03:08:00,39662,2026-07-10 04:08:00,39692,2026-07-10 06:08:00,39752,2026-07-10 10:08:00
39634,2026-07-10 02:16:00,validation,39275,39634,360,24,0.15,39649,2026-07-10 03:16:00,39664,2026-07-10 04:16:00,39694,2026-07-10 06:16:00,39754,2026-07-10 10:16:00
39635,2026-07-10 02:20:00,validation,39276,39635,360,24,0.15,39650,2026-07-10 03:20:00,39665,2026-07-10 04:20:00,39695,2026-07-10 06:20:00,39755,2026-07-10 10:20:00
39637,2026-07-10 02:28:00,validation,39278,39637,360,24,0.15,39652,2026-07-10 03:28:00,39667,2026-07-10 04:28:00,39697,2026-07-10 06:28:00,39757,2026-07-10 10:28:00
39638,2026-07-10 02:32:00,validation,39279,39638,360,24,0.15,39653,2026-07-10 03:32:00,39668,2026-07-10 04:32:00,39698,2026-07-10 06:32:00,39758,2026-07-10 10:32:00
39641,2026-07-10 02:44:00,validation,39282,39641,360,24,0.15,39656,2026-07-10 03:44:00,39671,2026-07-10 04:44:00,39701,2026-07-10 06:44:00,39761,2026-07-10 10:44:00
39643,2026-07-10 02:52:00,validation,39284,39643,360,24,0.15,39658,2026-07-10 03:52:00,39673,2026-07-10 04:52:00,39703,2026-07-10 06:52:00,39763,2026-07-10 10:52:00
39644,2026-07-10 02:56:00,validation,39285,39644,360,24,0.15,39659,2026-07-10 03:56:00,39674,2026-07-10 04:56:00,39704,2026-07-10 06:56:00,39764,2026-07-10 10:56:00
39647,2026-07-10 03:08:00,validation,39288,39647,360,24,0.15,39662,2026-07-10 04:08:00,39677,2026-07-10 05:08:00,39707,2026-07-10 07:08:00,39767,2026-07-10 11:08:00
39648,2026-07-10 03:12:00,validation,39289,39648,360,24,0.15,39663,2026-07-10 04:12:00,39678,2026-07-10 05:12:00,39708,2026-07-10 07:12:00,39768,2026-07-10 11:12:00
39649,2026-07-10 03:16:00,validation,39290,39649,360,24,0.15,39664,2026-07-10 04:16:00,39679,2026-07-10 05:16:00,39709,2026-07-10 07:16:00,39769,2026-07-10 11:16:00
39650,2026-07-10 03:20:00,validation,39291,39650,360,24,0.15,39665,2026-07-10 04:20:00,39680,2026-07-10 05:20:00,39710,2026-07-10 07:20:00,39770,2026-07-10 11:20:00
39652,2026-07-10 03:28:00,validation,39293,39652,360,24,0.15,39667,2026-07-10 04:28:00,39682,2026-07-10 05:28:00,39712,2026-07-10 07:28:00,39772,2026-07-10 11:28:00
39656,2026-07-10 03:44:00,validation,39297,39656,360,24,0.15,39671,2026-07-10 04:44:00,39686,2026-07-10 05:44:00,39716,2026-07-10 07:44:00,39776,2026-07-10 11:44:00
39658,2026-07-10 03:52:00,validation,39299,39658,360,24,0.15,39673,2026-07-10 04:52:00,39688,2026-07-10 05:52:00,39718,2026-07-10 07:52:00,39778,2026-07-10 11:52:00
39659,2026-07-10 03:56:00,validation,39300,39659,360,24,0.15,39674,2026-07-10 04:56:00,39689,2026-07-10 05:56:00,39719,2026-07-10 07:56:00,39779,2026-07-10 11:56:00
39662,2026-07-10 04:08:00,validation,39303,39662,360,24,0.15,39677,2026-07-10 05:08:00,39692,2026-07-10 06:08:00,39722,2026-07-10 08:08:00,39782,2026-07-10 12:08:00
39663,2026-07-10 04:12:00,validation,39304,39663,360,24,0.15,39678,2026-07-10 05:12:00,39693,2026-07-10 06:12:00,39723,2026-07-10 08:12:00,39783,2026-07-10 12:12:00
39664,2026-07-10 04:16:00,validation,39305,39664,360,24,0.15,39679,2026-07-10 05:16:00,39694,2026-07-10 06:16:00,39724,2026-07-10 08:16:00,39784,2026-07-10 12:16:00
39667,2026-07-10 04:28:00,validation,39308,39667,360,24,0.15,39682,2026-07-10 05:28:00,39697,2026-07-10 06:28:00,39727,2026-07-10 08:28:00,39787,2026-07-10 12:28:00
39670,2026-07-10 04:40:00,validation,39311,39670,360,24,0.15,39685,2026-07-10 05:40:00,39700,2026-07-10 06:40:00,39730,2026-07-10 08:40:00,39790,2026-07-10 12:40:00
39671,2026-07-10 04:44:00,validation,39312,39671,360,24,0.15,39686,2026-07-10 05:44:00,39701,2026-07-10 06:44:00,39731,2026-07-10 08:44:00,39791,2026-07-10 12:44:00
39673,2026-07-10 04:52:00,validation,39314,39673,360,24,0.15,39688,2026-07-10 05:52:00,39703,2026-07-10 06:52:00,39733,2026-07-10 08:52:00,39793,2026-07-10 12:52:00
39674,2026-07-10 04:56:00,validation,39315,39674,360,24,0.15,39689,2026-07-10 05:56:00,39704,2026-07-10 06:56:00,39734,2026-07-10 08:56:00,39794,2026-07-10 12:56:00
39680,2026-07-10 05:20:00,validation,39321,39680,360,24,0.15,39695,2026-07-10 06:20:00,39710,2026-07-10 07:20:00,39740,2026-07-10 09:20:00,39800,2026-07-10 13:20:00
39681,2026-07-10 05:24:00,validation,39322,39681,360,24,0.15,39696,2026-07-10 06:24:00,39711,2026-07-10 07:24:00,39741,2026-07-10 09:24:00,39801,2026-07-10 13:24:00
39682,2026-07-10 05:28:00,validation,39323,39682,360,24,0.15,39697,2026-07-10 06:28:00,39712,2026-07-10 07:28:00,39742,2026-07-10 09:28:00,39802,2026-07-10 13:28:00
39684,2026-07-10 05:36:00,validation,39325,39684,360,24,0.15,39699,2026-07-10 06:36:00,39714,2026-07-10 07:36:00,39744,2026-07-10 09:36:00,39804,2026-07-10 13:36:00
39685,2026-07-10 05:40:00,validation,39326,39685,360,24,0.15,39700,2026-07-10 06:40:00,39715,2026-07-10 07:40:00,39745,2026-07-10 09:40:00,39805,2026-07-10 13:40:00
39688,2026-07-10 05:52:00,validation,39329,39688,360,24,0.15,39703,2026-07-10 06:52:00,39718,2026-07-10 07:52:00,39748,2026-07-10 09:52:00,39808,2026-07-10 13:52:00
39689,2026-07-10 05:56:00,validation,39330,39689,360,24,0.15,39704,2026-07-10 06:56:00,39719,2026-07-10 07:56:00,39749,2026-07-10 09:56:00,39809,2026-07-10 13:56:00
39690,2026-07-10 06:00:00,validation,39331,39690,360,24,0.15,39705,2026-07-10 07:00:00,39720,2026-07-10 08:00:00,39750,2026-07-10 10:00:00,39810,2026-07-10 14:00:00
39693,2026-07-10 06:12:00,validation,39334,39693,360,24,0.15,39708,2026-07-10 07:12:00,39723,2026-07-10 08:12:00,39753,2026-07-10 10:12:00,39813,2026-07-10 14:12:00
39700,2026-07-10 06:40:00,validation,39341,39700,360,24,0.15,39715,2026-07-10 07:40:00,39730,2026-07-10 08:40:00,39760,2026-07-10 10:40:00,39820,2026-07-10 14:40:00
39701,2026-07-10 06:44:00,validation,39342,39701,360,24,0.15,39716,2026-07-10 07:44:00,39731,2026-07-10 08:44:00,39761,2026-07-10 10:44:00,39821,2026-07-10 14:44:00
39703,2026-07-10 06:52:00,validation,39344,39703,360,24,0.15,39718,2026-07-10 07:52:00,39733,2026-07-10 08:52:00,39763,2026-07-10 10:52:00,39823,2026-07-10 14:52:00
39704,2026-07-10 06:56:00,validation,39345,39704,360,24,0.15,39719,2026-07-10 07:56:00,39734,2026-07-10 08:56:00,39764,2026-07-10 10:56:00,39824,2026-07-10 14:56:00
39705,2026-07-10 07:00:00,validation,39346,39705,360,24,0.15,39720,2026-07-10 08:00:00,39735,2026-07-10 09:00:00,39765,2026-07-10 11:00:00,39825,2026-07-10 15:00:00
39706,2026-07-10 07:04:00,validation,39347,39706,360,24,0.15,39721,2026-07-10 08:04:00,39736,2026-07-10 09:04:00,39766,2026-07-10 11:04:00,39826,2026-07-10 15:04:00
39711,2026-07-10 07:24:00,validation,39352,39711,360,24,0.15,39726,2026-07-10 08:24:00,39741,2026-07-10 09:24:00,39771,2026-07-10 11:24:00,39831,2026-07-10 15:24:00
39712,2026-07-10 07:28:00,validation,39353,39712,360,24,0.15,39727,2026-07-10 08:28:00,39742,2026-07-10 09:28:00,39772,2026-07-10 11:28:00,39832,2026-07-10 15:28:00
39715,2026-07-10 07:40:00,validation,39356,39715,360,24,0.15,39730,2026-07-10 08:40:00,39745,2026-07-10 09:40:00,39775,2026-07-10 11:40:00,39835,2026-07-10 15:40:00
39718,2026-07-10 07:52:00,validation,39359,39718,360,24,0.15,39733,2026-07-10 08:52:00,39748,2026-07-10 09:52:00,39778,2026-07-10 11:52:00,39838,2026-07-10 15:52:00
39721,2026-07-10 08:04:00,validation,39362,39721,360,24,0.15,39736,2026-07-10 09:04:00,39751,2026-07-10 10:04:00,39781,2026-07-10 12:04:00,39841,2026-07-10 16:04:00
39725,2026-07-10 08:20:00,validation,39366,39725,360,24,0.15,39740,2026-07-10 09:20:00,39755,2026-07-10 10:20:00,39785,2026-07-10 12:20:00,39845,2026-07-10 16:20:00
39727,2026-07-10 08:28:00,validation,39368,39727,360,24,0.15,39742,2026-07-10 09:28:00,39757,2026-07-10 10:28:00,39787,2026-07-10 12:28:00,39847,2026-07-10 16:28:00
39732,2026-07-10 08:48:00,validation,39373,39732,360,24,0.15,39747,2026-07-10 09:48:00,39762,2026-07-10 10:48:00,39792,2026-07-10 12:48:00,39852,2026-07-10 16:48:00
39733,2026-07-10 08:52:00,validation,39374,39733,360,24,0.15,39748,2026-07-10 09:52:00,39763,2026-07-10 10:52:00,39793,2026-07-10 12:52:00,39853,2026-07-10 16:52:00
39734,2026-07-10 08:56:00,validation,39375,39734,360,24,0.15,39749,2026-07-10 09:56:00,39764,2026-07-10 10:56:00,39794,2026-07-10 12:56:00,39854,2026-07-10 16:56:00
39735,2026-07-10 09:00:00,validation,39376,39735,360,24,0.15,39750,2026-07-10 10:00:00,39765,2026-07-10 11:00:00,39795,2026-07-10 13:00:00,39855,2026-07-10 17:00:00
39736,2026-07-10 09:04:00,validation,39377,39736,360,24,0.15,39751,2026-07-10 10:04:00,39766,2026-07-10 11:04:00,39796,2026-07-10 13:04:00,39856,2026-07-10 17:04:00
39737,2026-07-10 09:08:00,validation,39378,39737,360,24,0.15,39752,2026-07-10 10:08:00,39767,2026-07-10 11:08:00,39797,2026-07-10 13:08:00,39857,2026-07-10 17:08:00
39775,2026-07-10 11:40:00,validation,39416,39775,360,24,0.15,39790,2026-07-10 12:40:00,39805,2026-07-10 13:40:00,39835,2026-07-10 15:40:00,39895,2026-07-10 19:40:00
39776,2026-07-10 11:44:00,validation,39417,39776,360,24,0.15,39791,2026-07-10 12:44:00,39806,2026-07-10 13:44:00,39836,2026-07-10 15:44:00,39896,2026-07-10 19:44:00
39778,2026-07-10 11:52:00,validation,39419,39778,360,24,0.15,39793,2026-07-10 12:52:00,39808,2026-07-10 13:52:00,39838,2026-07-10 15:52:00,39898,2026-07-10 19:52:00
39786,2026-07-10 12:24:00,validation,39427,39786,360,24,0.15,39801,2026-07-10 13:24:00,39816,2026-07-10 14:24:00,39846,2026-07-10 16:24:00,39906,2026-07-10 20:24:00
39806,2026-07-10 13:44:00,validation,39447,39806,360,24,0.15,39821,2026-07-10 14:44:00,39836,2026-07-10 15:44:00,39866,2026-07-10 17:44:00,39926,2026-07-10 21:44:00
39808,2026-07-10 13:52:00,validation,39449,39808,360,24,0.15,39823,2026-07-10 14:52:00,39838,2026-07-10 15:52:00,39868,2026-07-10 17:52:00,39928,2026-07-10 21:52:00
39810,2026-07-10 14:00:00,validation,39451,39810,360,24,0.15,39825,2026-07-10 15:00:00,39840,2026-07-10 16:00:00,39870,2026-07-10 18:00:00,39930,2026-07-10 22:00:00
39819,2026-07-10 14:36:00,validation,39460,39819,360,24,0.15,39834,2026-07-10 15:36:00,39849,2026-07-10 16:36:00,39879,2026-07-10 18:36:00,39939,2026-07-10 22:36:00
39823,2026-07-10 14:52:00,validation,39464,39823,360,24,0.15,39838,2026-07-10 15:52:00,39853,2026-07-10 16:52:00,39883,2026-07-10 18:52:00,39943,2026-07-10 22:52:00
39825,2026-07-10 15:00:00,validation,39466,39825,360,24,0.15,39840,2026-07-10 16:00:00,39855,2026-07-10 17:00:00,39885,2026-07-10 19:00:00,39945,2026-07-10 23:00:00
39826,2026-07-10 15:04:00,validation,39467,39826,360,24,0.15,39841,2026-07-10 16:04:00,39856,2026-07-10 17:04:00,39886,2026-07-10 19:04:00,39946,2026-07-10 23:04:00
39828,2026-07-10 15:12:00,validation,39469,39828,360,24,0.15,39843,2026-07-10 16:12:00,39858,2026-07-10 17:12:00,39888,2026-07-10 19:12:00,39948,2026-07-10 23:12:00
39829,2026-07-10 15:16:00,validation,39470,39829,360,24,0.15,39844,2026-07-10 16:16:00,39859,2026-07-10 17:16:00,39889,2026-07-10 19:16:00,39949,2026-07-10 23:16:00
39830,2026-07-10 15:20:00,validation,39471,39830,360,24,0.15,39845,2026-07-10 16:20:00,39860,2026-07-10 17:20:00,39890,2026-07-10 19:20:00,39950,2026-07-10 23:20:00
39832,2026-07-10 15:28:00,validation,39473,39832,360,24,0.15,39847,2026-07-10 16:28:00,39862,2026-07-10 17:28:00,39892,2026-07-10 19:28:00,39952,2026-07-10 23:28:00
39833,2026-07-10 15:32:00,validation,39474,39833,360,24,0.15,39848,2026-07-10 16:32:00,39863,2026-07-10 17:32:00,39893,2026-07-10 19:32:00,39953,2026-07-10 23:32:00
39834,2026-07-10 15:36:00,validation,39475,39834,360,24,0.15,39849,2026-07-10 16:36:00,39864,2026-07-10 17:36:00,39894,2026-07-10 19:36:00,39954,2026-07-10 23:36:00
39836,2026-07-10 15:44:00,validation,39477,39836,360,24,0.15,39851,2026-07-10 16:44:00,39866,2026-07-10 17:44:00,39896,2026-07-10 19:44:00,39956,2026-07-10 23:44:00
39837,2026-07-10 15:48:00,validation,39478,39837,360,24,0.15,39852,2026-07-10 16:48:00,39867,2026-07-10 17:48:00,39897,2026-07-10 19:48:00,39957,2026-07-10 23:48:00
39838,2026-07-10 15:52:00,validation,39479,39838,360,24,0.15,39853,2026-07-10 16:52:00,39868,2026-07-10 17:52:00,39898,2026-07-10 19:52:00,39958,2026-07-10 23:52:00
39840,2026-07-10 16:00:00,validation,39481,39840,360,24,0.15,39855,2026-07-10 17:00:00,39870,2026-07-10 18:00:00,39900,2026-07-10 20:00:00,39960,2026-07-11 00:00:00
39841,2026-07-10 16:04:00,validation,39482,39841,360,24,0.15,39856,2026-07-10 17:04:00,39871,2026-07-10 18:04:00,39901,2026-07-10 20:04:00,39961,2026-07-11 00:04:00
39842,2026-07-10 16:08:00,validation,39483,39842,360,24,0.15,39857,2026-07-10 17:08:00,39872,2026-07-10 18:08:00,39902,2026-07-10 20:08:00,39962,2026-07-11 00:08:00
39843,2026-07-10 16:12:00,validation,39484,39843,360,24,0.15,39858,2026-07-10 17:12:00,39873,2026-07-10 18:12:00,39903,2026-07-10 20:12:00,39963,2026-07-11 00:12:00
39846,2026-07-10 16:24:00,validation,39487,39846,360,24,0.15,39861,2026-07-10 17:24:00,39876,2026-07-10 18:24:00,39906,2026-07-10 20:24:00,39966,2026-07-11 00:24:00
39847,2026-07-10 16:28:00,validation,39488,39847,360,24,0.15,39862,2026-07-10 17:28:00,39877,2026-07-10 18:28:00,39907,2026-07-10 20:28:00,39967,2026-07-11 00:28:00
39848,2026-07-10 16:32:00,validation,39489,39848,360,24,0.15,39863,2026-07-10 17:32:00,39878,2026-07-10 18:32:00,39908,2026-07-10 20:32:00,39968,2026-07-11 00:32:00
39849,2026-07-10 16:36:00,validation,39490,39849,360,24,0.15,39864,2026-07-10 17:36:00,39879,2026-07-10 18:36:00,39909,2026-07-10 20:36:00,39969,2026-07-11 00:36:00
39852,2026-07-10 16:48:00,validation,39493,39852,360,24,0.15,39867,2026-07-10 17:48:00,39882,2026-07-10 18:48:00,39912,2026-07-10 20:48:00,39972,2026-07-11 00:48:00
39853,2026-07-10 16:52:00,validation,39494,39853,360,24,0.15,39868,2026-07-10 17:52:00,39883,2026-07-10 18:52:00,39913,2026-07-10 20:52:00,39973,2026-07-11 00:52:00
39855,2026-07-10 17:00:00,validation,39496,39855,360,24,0.15,39870,2026-07-10 18:00:00,39885,2026-07-10 19:00:00,39915,2026-07-10 21:00:00,39975,2026-07-11 01:00:00
39856,2026-07-10 17:04:00,validation,39497,39856,360,24,0.15,39871,2026-07-10 18:04:00,39886,2026-07-10 19:04:00,39916,2026-07-10 21:04:00,39976,2026-07-11 01:04:00
39857,2026-07-10 17:08:00,validation,39498,39857,360,24,0.15,39872,2026-07-10 18:08:00,39887,2026-07-10 19:08:00,39917,2026-07-10 21:08:00,39977,2026-07-11 01:08:00
39858,2026-07-10 17:12:00,validation,39499,39858,360,24,0.15,39873,2026-07-10 18:12:00,39888,2026-07-10 19:12:00,39918,2026-07-10 21:12:00,39978,2026-07-11 01:12:00
39860,2026-07-10 17:20:00,validation,39501,39860,360,24,0.15,39875,2026-07-10 18:20:00,39890,2026-07-10 19:20:00,39920,2026-07-10 21:20:00,39980,2026-07-11 01:20:00
39861,2026-07-10 17:24:00,validation,39502,39861,360,24,0.15,39876,2026-07-10 18:24:00,39891,2026-07-10 19:24:00,39921,2026-07-10 21:24:00,39981,2026-07-11 01:24:00
39863,2026-07-10 17:32:00,validation,39504,39863,360,24,0.15,39878,2026-07-10 18:32:00,39893,2026-07-10 19:32:00,39923,2026-07-10 21:32:00,39983,2026-07-11 01:32:00
39864,2026-07-10 17:36:00,validation,39505,39864,360,24,0.15,39879,2026-07-10 18:36:00,39894,2026-07-10 19:36:00,39924,2026-07-10 21:36:00,39984,2026-07-11 01:36:00
39865,2026-07-10 17:40:00,validation,39506,39865,360,24,0.15,39880,2026-07-10 18:40:00,39895,2026-07-10 19:40:00,39925,2026-07-10 21:40:00,39985,2026-07-11 01:40:00
39866,2026-07-10 17:44:00,validation,39507,39866,360,24,0.15,39881,2026-07-10 18:44:00,39896,2026-07-10 19:44:00,39926,2026-07-10 21:44:00,39986,2026-07-11 01:44:00
39867,2026-07-10 17:48:00,validation,39508,39867,360,24,0.15,39882,2026-07-10 18:48:00,39897,2026-07-10 19:48:00,39927,2026-07-10 21:48:00,39987,2026-07-11 01:48:00
39868,2026-07-10 17:52:00,validation,39509,39868,360,24,0.15,39883,2026-07-10 18:52:00,39898,2026-07-10 19:52:00,39928,2026-07-10 21:52:00,39988,2026-07-11 01:52:00
39869,2026-07-10 17:56:00,validation,39510,39869,360,24,0.15,39884,2026-07-10 18:56:00,39899,2026-07-10 19:56:00,39929,2026-07-10 21:56:00,39989,2026-07-11 01:56:00
39870,2026-07-10 18:00:00,validation,39511,39870,360,24,0.15,39885,2026-07-10 19:00:00,39900,2026-07-10 20:00:00,39930,2026-07-10 22:00:00,39990,2026-07-11 02:00:00
39871,2026-07-10 18:04:00,validation,39512,39871,360,24,0.15,39886,2026-07-10 19:04:00,39901,2026-07-10 20:04:00,39931,2026-07-10 22:04:00,39991,2026-07-11 02:04:00
39872,2026-07-10 18:08:00,validation,39513,39872,360,24,0.15,39887,2026-07-10 19:08:00,39902,2026-07-10 20:08:00,39932,2026-07-10 22:08:00,39992,2026-07-11 02:08:00
39873,2026-07-10 18:12:00,validation,39514,39873,360,24,0.15,39888,2026-07-10 19:12:00,39903,2026-07-10 20:12:00,39933,2026-07-10 22:12:00,39993,2026-07-11 02:12:00
39875,2026-07-10 18:20:00,validation,39516,39875,360,24,0.15,39890,2026-07-10 19:20:00,39905,2026-07-10 20:20:00,39935,2026-07-10 22:20:00,39995,2026-07-11 02:20:00
39876,2026-07-10 18:24:00,validation,39517,39876,360,24,0.15,39891,2026-07-10 19:24:00,39906,2026-07-10 20:24:00,39936,2026-07-10 22:24:00,39996,2026-07-11 02:24:00
39877,2026-07-10 18:28:00,validation,39518,39877,360,24,0.15,39892,2026-07-10 19:28:00,39907,2026-07-10 20:28:00,39937,2026-07-10 22:28:00,39997,2026-07-11 02:28:00
39878,2026-07-10 18:32:00,validation,39519,39878,360,24,0.15,39893,2026-07-10 19:32:00,39908,2026-07-10 20:32:00,39938,2026-07-10 22:32:00,39998,2026-07-11 02:32:00
39879,2026-07-10 18:36:00,validation,39520,39879,360,24,0.15,39894,2026-07-10 19:36:00,39909,2026-07-10 20:36:00,39939,2026-07-10 22:36:00,39999,2026-07-11 02:36:00
39880,2026-07-10 18:40:00,validation,39521,39880,360,24,0.15,39895,2026-07-10 19:40:00,39910,2026-07-10 20:40:00,39940,2026-07-10 22:40:00,40000,2026-07-11 02:40:00
39883,2026-07-10 18:52:00,validation,39524,39883,360,24,0.15,39898,2026-07-10 19:52:00,39913,2026-07-10 20:52:00,39943,2026-07-10 22:52:00,40003,2026-07-11 02:52:00
39884,2026-07-10 18:56:00,validation,39525,39884,360,24,0.15,39899,2026-07-10 19:56:00,39914,2026-07-10 20:56:00,39944,2026-07-10 22:56:00,40004,2026-07-11 02:56:00
39885,2026-07-10 19:00:00,validation,39526,39885,360,24,0.15,39900,2026-07-10 20:00:00,39915,2026-07-10 21:00:00,39945,2026-07-10 23:00:00,40005,2026-07-11 03:00:00
39886,2026-07-10 19:04:00,validation,39527,39886,360,24,0.15,39901,2026-07-10 20:04:00,39916,2026-07-10 21:04:00,39946,2026-07-10 23:04:00,40006,2026-07-11 03:04:00
39888,2026-07-10 19:12:00,validation,39529,39888,360,24,0.15,39903,2026-07-10 20:12:00,39918,2026-07-10 21:12:00,39948,2026-07-10 23:12:00,40008,2026-07-11 03:12:00
39890,2026-07-10 19:20:00,validation,39531,39890,360,24,0.15,39905,2026-07-10 20:20:00,39920,2026-07-10 21:20:00,39950,2026-07-10 23:20:00,40010,2026-07-11 03:20:00
39892,2026-07-10 19:28:00,validation,39533,39892,360,24,0.15,39907,2026-07-10 20:28:00,39922,2026-07-10 21:28:00,39952,2026-07-10 23:28:00,40012,2026-07-11 03:28:00
39893,2026-07-10 19:32:00,validation,39534,39893,360,24,0.15,39908,2026-07-10 20:32:00,39923,2026-07-10 21:32:00,39953,2026-07-10 23:32:00,40013,2026-07-11 03:32:00
39894,2026-07-10 19:36:00,validation,39535,39894,360,24,0.15,39909,2026-07-10 20:36:00,39924,2026-07-10 21:36:00,39954,2026-07-10 23:36:00,40014,2026-07-11 03:36:00
39897,2026-07-10 19:48:00,validation,39538,39897,360,24,0.15,39912,2026-07-10 20:48:00,39927,2026-07-10 21:48:00,39957,2026-07-10 23:48:00,40017,2026-07-11 03:48:00
39898,2026-07-10 19:52:00,validation,39539,39898,360,24,0.15,39913,2026-07-10 20:52:00,39928,2026-07-10 21:52:00,39958,2026-07-10 23:52:00,40018,2026-07-11 03:52:00
39900,2026-07-10 20:00:00,validation,39541,39900,360,24,0.15,39915,2026-07-10 21:00:00,39930,2026-07-10 22:00:00,39960,2026-07-11 00:00:00,40020,2026-07-11 04:00:00
39901,2026-07-10 20:04:00,validation,39542,39901,360,24,0.15,39916,2026-07-10 21:04:00,39931,2026-07-10 22:04:00,39961,2026-07-11 00:04:00,40021,2026-07-11 04:04:00
39902,2026-07-10 20:08:00,validation,39543,39902,360,24,0.15,39917,2026-07-10 21:08:00,39932,2026-07-10 22:08:00,39962,2026-07-11 00:08:00,40022,2026-07-11 04:08:00
39903,2026-07-10 20:12:00,validation,39544,39903,360,24,0.15,39918,2026-07-10 21:12:00,39933,2026-07-10 22:12:00,39963,2026-07-11 00:12:00,40023,2026-07-11 04:12:00
39904,2026-07-10 20:16:00,validation,39545,39904,360,24,0.15,39919,2026-07-10 21:16:00,39934,2026-07-10 22:16:00,39964,2026-07-11 00:16:00,40024,2026-07-11 04:16:00
39907,2026-07-10 20:28:00,validation,39548,39907,360,24,0.15,39922,2026-07-10 21:28:00,39937,2026-07-10 22:28:00,39967,2026-07-11 00:28:00,40027,2026-07-11 04:28:00
39908,2026-07-10 20:32:00,validation,39549,39908,360,24,0.15,39923,2026-07-10 21:32:00,39938,2026-07-10 22:32:00,39968,2026-07-11 00:32:00,40028,2026-07-11 04:32:00
39909,2026-07-10 20:36:00,validation,39550,39909,360,24,0.15,39924,2026-07-10 21:36:00,39939,2026-07-10 22:36:00,39969,2026-07-11 00:36:00,40029,2026-07-11 04:36:00
39912,2026-07-10 20:48:00,validation,39553,39912,360,24,0.15,39927,2026-07-10 21:48:00,39942,2026-07-10 22:48:00,39972,2026-07-11 00:48:00,40032,2026-07-11 04:48:00
39915,2026-07-10 21:00:00,validation,39556,39915,360,24,0.15,39930,2026-07-10 22:00:00,39945,2026-07-10 23:00:00,39975,2026-07-11 01:00:00,40035,2026-07-11 05:00:00
39916,2026-07-10 21:04:00,validation,39557,39916,360,24,0.15,39931,2026-07-10 22:04:00,39946,2026-07-10 23:04:00,39976,2026-07-11 01:04:00,40036,2026-07-11 05:04:00
39918,2026-07-10 21:12:00,validation,39559,39918,360,24,0.15,39933,2026-07-10 22:12:00,39948,2026-07-10 23:12:00,39978,2026-07-11 01:12:00,40038,2026-07-11 05:12:00
39923,2026-07-10 21:32:00,validation,39564,39923,360,24,0.15,39938,2026-07-10 22:32:00,39953,2026-07-10 23:32:00,39983,2026-07-11 01:32:00,40043,2026-07-11 05:32:00
39924,2026-07-10 21:36:00,validation,39565,39924,360,24,0.15,39939,2026-07-10 22:36:00,39954,2026-07-10 23:36:00,39984,2026-07-11 01:36:00,40044,2026-07-11 05:36:00
39925,2026-07-10 21:40:00,validation,39566,39925,360,24,0.15,39940,2026-07-10 22:40:00,39955,2026-07-10 23:40:00,39985,2026-07-11 01:40:00,40045,2026-07-11 05:40:00
39927,2026-07-10 21:48:00,validation,39568,39927,360,24,0.15,39942,2026-07-10 22:48:00,39957,2026-07-10 23:48:00,39987,2026-07-11 01:48:00,40047,2026-07-11 05:48:00
39928,2026-07-10 21:52:00,validation,39569,39928,360,24,0.15,39943,2026-07-10 22:52:00,39958,2026-07-10 23:52:00,39988,2026-07-11 01:52:00,40048,2026-07-11 05:52:00
39930,2026-07-10 22:00:00,validation,39571,39930,360,24,0.15,39945,2026-07-10 23:00:00,39960,2026-07-11 00:00:00,39990,2026-07-11 02:00:00,40050,2026-07-11 06:00:00
39931,2026-07-10 22:04:00,validation,39572,39931,360,24,0.15,39946,2026-07-10 23:04:00,39961,2026-07-11 00:04:00,39991,2026-07-11 02:04:00,40051,2026-07-11 06:04:00
39933,2026-07-10 22:12:00,validation,39574,39933,360,24,0.15,39948,2026-07-10 23:12:00,39963,2026-07-11 00:12:00,39993,2026-07-11 02:12:00,40053,2026-07-11 06:12:00
39934,2026-07-10 22:16:00,validation,39575,39934,360,24,0.15,39949,2026-07-10 23:16:00,39964,2026-07-11 00:16:00,39994,2026-07-11 02:16:00,40054,2026-07-11 06:16:00
39938,2026-07-10 22:32:00,validation,39579,39938,360,24,0.15,39953,2026-07-10 23:32:00,39968,2026-07-11 00:32:00,39998,2026-07-11 02:32:00,40058,2026-07-11 06:32:00
39939,2026-07-10 22:36:00,validation,39580,39939,360,24,0.15,39954,2026-07-10 23:36:00,39969,2026-07-11 00:36:00,39999,2026-07-11 02:36:00,40059,2026-07-11 06:36:00
39943,2026-07-10 22:52:00,validation,39584,39943,360,24,0.15,39958,2026-07-10 23:52:00,39973,2026-07-11 00:52:00,40003,2026-07-11 02:52:00,40063,2026-07-11 06:52:00
39945,2026-07-10 23:00:00,validation,39586,39945,360,24,0.15,39960,2026-07-11 00:00:00,39975,2026-07-11 01:00:00,40005,2026-07-11 03:00:00,40065,2026-07-11 07:00:00
39946,2026-07-10 23:04:00,validation,39587,39946,360,24,0.15,39961,2026-07-11 00:04:00,39976,2026-07-11 01:04:00,40006,2026-07-11 03:04:00,40066,2026-07-11 07:04:00
39947,2026-07-10 23:08:00,validation,39588,39947,360,24,0.15,39962,2026-07-11 00:08:00,39977,2026-07-11 01:08:00,40007,2026-07-11 03:08:00,40067,2026-07-11 07:08:00
39953,2026-07-10 23:32:00,validation,39594,39953,360,24,0.15,39968,2026-07-11 00:32:00,39983,2026-07-11 01:32:00,40013,2026-07-11 03:32:00,40073,2026-07-11 07:32:00
39954,2026-07-10 23:36:00,validation,39595,39954,360,24,0.15,39969,2026-07-11 00:36:00,39984,2026-07-11 01:36:00,40014,2026-07-11 03:36:00,40074,2026-07-11 07:36:00
39957,2026-07-10 23:48:00,validation,39598,39957,360,24,0.15,39972,2026-07-11 00:48:00,39987,2026-07-11 01:48:00,40017,2026-07-11 03:48:00,40077,2026-07-11 07:48:00
39958,2026-07-10 23:52:00,validation,39599,39958,360,24,0.15,39973,2026-07-11 00:52:00,39988,2026-07-11 01:52:00,40018,2026-07-11 03:52:00,40078,2026-07-11 07:52:00
39960,2026-07-11 00:00:00,validation,39601,39960,360,24,0.15,39975,2026-07-11 01:00:00,39990,2026-07-11 02:00:00,40020,2026-07-11 04:00:00,40080,2026-07-11 08:00:00
39961,2026-07-11 00:04:00,validation,39602,39961,360,24,0.15,39976,2026-07-11 01:04:00,39991,2026-07-11 02:04:00,40021,2026-07-11 04:04:00,40081,2026-07-11 08:04:00
39962,2026-07-11 00:08:00,validation,39603,39962,360,24,0.15,39977,2026-07-11 01:08:00,39992,2026-07-11 02:08:00,40022,2026-07-11 04:08:00,40082,2026-07-11 08:08:00
39963,2026-07-11 00:12:00,validation,39604,39963,360,24,0.15,39978,2026-07-11 01:12:00,39993,2026-07-11 02:12:00,40023,2026-07-11 04:12:00,40083,2026-07-11 08:12:00
39965,2026-07-11 00:20:00,validation,39606,39965,360,24,0.15,39980,2026-07-11 01:20:00,39995,2026-07-11 02:20:00,40025,2026-07-11 04:20:00,40085,2026-07-11 08:20:00
39968,2026-07-11 00:32:00,validation,39609,39968,360,24,0.15,39983,2026-07-11 01:32:00,39998,2026-07-11 02:32:00,40028,2026-07-11 04:32:00,40088,2026-07-11 08:32:00
39969,2026-07-11 00:36:00,validation,39610,39969,360,24,0.15,39984,2026-07-11 01:36:00,39999,2026-07-11 02:36:00,40029,2026-07-11 04:36:00,40089,2026-07-11 08:36:00
39970,2026-07-11 00:40:00,validation,39611,39970,360,24,0.15,39985,2026-07-11 01:40:00,40000,2026-07-11 02:40:00,40030,2026-07-11 04:40:00,40090,2026-07-11 08:40:00
39971,2026-07-11 00:44:00,validation,39612,39971,360,24,0.15,39986,2026-07-11 01:44:00,40001,2026-07-11 02:44:00,40031,2026-07-11 04:44:00,40091,2026-07-11 08:44:00
39974,2026-07-11 00:56:00,validation,39615,39974,360,24,0.15,39989,2026-07-11 01:56:00,40004,2026-07-11 02:56:00,40034,2026-07-11 04:56:00,40094,2026-07-11 08:56:00
39975,2026-07-11 01:00:00,validation,39616,39975,360,24,0.15,39990,2026-07-11 02:00:00,40005,2026-07-11 03:00:00,40035,2026-07-11 05:00:00,40095,2026-07-11 09:00:00
39976,2026-07-11 01:04:00,validation,39617,39976,360,24,0.15,39991,2026-07-11 02:04:00,40006,2026-07-11 03:04:00,40036,2026-07-11 05:04:00,40096,2026-07-11 09:04:00
39982,2026-07-11 01:28:00,validation,39623,39982,360,24,0.15,39997,2026-07-11 02:28:00,40012,2026-07-11 03:28:00,40042,2026-07-11 05:28:00,40102,2026-07-11 09:28:00
39983,2026-07-11 01:32:00,validation,39624,39983,360,24,0.15,39998,2026-07-11 02:32:00,40013,2026-07-11 03:32:00,40043,2026-07-11 05:32:00,40103,2026-07-11 09:32:00
39984,2026-07-11 01:36:00,validation,39625,39984,360,24,0.15,39999,2026-07-11 02:36:00,40014,2026-07-11 03:36:00,40044,2026-07-11 05:36:00,40104,2026-07-11 09:36:00
39988,2026-07-11 01:52:00,validation,39629,39988,360,24,0.15,40003,2026-07-11 02:52:00,40018,2026-07-11 03:52:00,40048,2026-07-11 05:52:00,40108,2026-07-11 09:52:00
39989,2026-07-11 01:56:00,validation,39630,39989,360,24,0.15,40004,2026-07-11 02:56:00,40019,2026-07-11 03:56:00,40049,2026-07-11 05:56:00,40109,2026-07-11 09:56:00
39990,2026-07-11 02:00:00,validation,39631,39990,360,24,0.15,40005,2026-07-11 03:00:00,40020,2026-07-11 04:00:00,40050,2026-07-11 06:00:00,40110,2026-07-11 10:00:00
39991,2026-07-11 02:04:00,validation,39632,39991,360,24,0.15,40006,2026-07-11 03:04:00,40021,2026-07-11 04:04:00,40051,2026-07-11 06:04:00,40111,2026-07-11 10:04:00
39992,2026-07-11 02:08:00,validation,39633,39992,360,24,0.15,40007,2026-07-11 03:08:00,40022,2026-07-11 04:08:00,40052,2026-07-11 06:08:00,40112,2026-07-11 10:08:00
39993,2026-07-11 02:12:00,validation,39634,39993,360,24,0.15,40008,2026-07-11 03:12:00,40023,2026-07-11 04:12:00,40053,2026-07-11 06:12:00,40113,2026-07-11 10:12:00
39994,2026-07-11 02:16:00,validation,39635,39994,360,24,0.15,40009,2026-07-11 03:16:00,40024,2026-07-11 04:16:00,40054,2026-07-11 06:16:00,40114,2026-07-11 10:16:00
39995,2026-07-11 02:20:00,validation,39636,39995,360,24,0.15,40010,2026-07-11 03:20:00,40025,2026-07-11 04:20:00,40055,2026-07-11 06:20:00,40115,2026-07-11 10:20:00
39998,2026-07-11 02:32:00,validation,39639,39998,360,24,0.15,40013,2026-07-11 03:32:00,40028,2026-07-11 04:32:00,40058,2026-07-11 06:32:00,40118,2026-07-11 10:32:00
39999,2026-07-11 02:36:00,validation,39640,39999,360,24,0.15,40014,2026-07-11 03:36:00,40029,2026-07-11 04:36:00,40059,2026-07-11 06:36:00,40119,2026-07-11 10:36:00
40002,2026-07-11 02:48:00,validation,39643,40002,360,24,0.15,40017,2026-07-11 03:48:00,40032,2026-07-11 04:48:00,40062,2026-07-11 06:48:00,40122,2026-07-11 10:48:00
40004,2026-07-11 02:56:00,validation,39645,40004,360,24,0.15,40019,2026-07-11 03:56:00,40034,2026-07-11 04:56:00,40064,2026-07-11 06:56:00,40124,2026-07-11 10:56:00
40006,2026-07-11 03:04:00,validation,39647,40006,360,24,0.15,40021,2026-07-11 04:04:00,40036,2026-07-11 05:04:00,40066,2026-07-11 07:04:00,40126,2026-07-11 11:04:00
40012,2026-07-11 03:28:00,validation,39653,40012,360,24,0.15,40027,2026-07-11 04:28:00,40042,2026-07-11 05:28:00,40072,2026-07-11 07:28:00,40132,2026-07-11 11:28:00
40013,2026-07-11 03:32:00,validation,39654,40013,360,24,0.15,40028,2026-07-11 04:32:00,40043,2026-07-11 05:32:00,40073,2026-07-11 07:32:00,40133,2026-07-11 11:32:00
40014,2026-07-11 03:36:00,validation,39655,40014,360,24,0.15,40029,2026-07-11 04:36:00,40044,2026-07-11 05:36:00,40074,2026-07-11 07:36:00,40134,2026-07-11 11:36:00
40015,2026-07-11 03:40:00,validation,39656,40015,360,24,0.15,40030,2026-07-11 04:40:00,40045,2026-07-11 05:40:00,40075,2026-07-11 07:40:00,40135,2026-07-11 11:40:00
40016,2026-07-11 03:44:00,validation,39657,40016,360,24,0.15,40031,2026-07-11 04:44:00,40046,2026-07-11 05:44:00,40076,2026-07-11 07:44:00,40136,2026-07-11 11:44:00
40017,2026-07-11 03:48:00,validation,39658,40017,360,24,0.15,40032,2026-07-11 04:48:00,40047,2026-07-11 05:48:00,40077,2026-07-11 07:48:00,40137,2026-07-11 11:48:00
40019,2026-07-11 03:56:00,validation,39660,40019,360,24,0.15,40034,2026-07-11 04:56:00,40049,2026-07-11 05:56:00,40079,2026-07-11 07:56:00,40139,2026-07-11 11:56:00
40020,2026-07-11 04:00:00,validation,39661,40020,360,24,0.15,40035,2026-07-11 05:00:00,40050,2026-07-11 06:00:00,40080,2026-07-11 08:00:00,40140,2026-07-11 12:00:00
40021,2026-07-11 04:04:00,validation,39662,40021,360,24,0.15,40036,2026-07-11 05:04:00,40051,2026-07-11 06:04:00,40081,2026-07-11 08:04:00,40141,2026-07-11 12:04:00
40023,2026-07-11 04:12:00,validation,39664,40023,360,24,0.15,40038,2026-07-11 05:12:00,40053,2026-07-11 06:12:00,40083,2026-07-11 08:12:00,40143,2026-07-11 12:12:00
40028,2026-07-11 04:32:00,validation,39669,40028,360,24,0.15,40043,2026-07-11 05:32:00,40058,2026-07-11 06:32:00,40088,2026-07-11 08:32:00,40148,2026-07-11 12:32:00
40029,2026-07-11 04:36:00,validation,39670,40029,360,24,0.15,40044,2026-07-11 05:36:00,40059,2026-07-11 06:36:00,40089,2026-07-11 08:36:00,40149,2026-07-11 12:36:00
40031,2026-07-11 04:44:00,validation,39672,40031,360,24,0.15,40046,2026-07-11 05:44:00,40061,2026-07-11 06:44:00,40091,2026-07-11 08:44:00,40151,2026-07-11 12:44:00
40032,2026-07-11 04:48:00,validation,39673,40032,360,24,0.15,40047,2026-07-11 05:48:00,40062,2026-07-11 06:48:00,40092,2026-07-11 08:48:00,40152,2026-07-11 12:48:00
40034,2026-07-11 04:56:00,validation,39675,40034,360,24,0.15,40049,2026-07-11 05:56:00,40064,2026-07-11 06:56:00,40094,2026-07-11 08:56:00,40154,2026-07-11 12:56:00
40035,2026-07-11 05:00:00,validation,39676,40035,360,24,0.15,40050,2026-07-11 06:00:00,40065,2026-07-11 07:00:00,40095,2026-07-11 09:00:00,40155,2026-07-11 13:00:00
40037,2026-07-11 05:08:00,validation,39678,40037,360,24,0.15,40052,2026-07-11 06:08:00,40067,2026-07-11 07:08:00,40097,2026-07-11 09:08:00,40157,2026-07-11 13:08:00
40039,2026-07-11 05:16:00,validation,39680,40039,360,24,0.15,40054,2026-07-11 06:16:00,40069,2026-07-11 07:16:00,40099,2026-07-11 09:16:00,40159,2026-07-11 13:16:00
40040,2026-07-11 05:20:00,validation,39681,40040,360,24,0.15,40055,2026-07-11 06:20:00,40070,2026-07-11 07:20:00,40100,2026-07-11 09:20:00,40160,2026-07-11 13:20:00
40043,2026-07-11 05:32:00,validation,39684,40043,360,24,0.15,40058,2026-07-11 06:32:00,40073,2026-07-11 07:32:00,40103,2026-07-11 09:32:00,40163,2026-07-11 13:32:00
40044,2026-07-11 05:36:00,validation,39685,40044,360,24,0.15,40059,2026-07-11 06:36:00,40074,2026-07-11 07:36:00,40104,2026-07-11 09:36:00,40164,2026-07-11 13:36:00
40047,2026-07-11 05:48:00,validation,39688,40047,360,24,0.15,40062,2026-07-11 06:48:00,40077,2026-07-11 07:48:00,40107,2026-07-11 09:48:00,40167,2026-07-11 13:48:00
40048,2026-07-11 05:52:00,validation,39689,40048,360,24,0.15,40063,2026-07-11 06:52:00,40078,2026-07-11 07:52:00,40108,2026-07-11 09:52:00,40168,2026-07-11 13:52:00
40049,2026-07-11 05:56:00,validation,39690,40049,360,24,0.15,40064,2026-07-11 06:56:00,40079,2026-07-11 07:56:00,40109,2026-07-11 09:56:00,40169,2026-07-11 13:56:00
40051,2026-07-11 06:04:00,validation,39692,40051,360,24,0.15,40066,2026-07-11 07:04:00,40081,2026-07-11 08:04:00,40111,2026-07-11 10:04:00,40171,2026-07-11 14:04:00
40052,2026-07-11 06:08:00,validation,39693,40052,360,24,0.15,40067,2026-07-11 07:08:00,40082,2026-07-11 08:08:00,40112,2026-07-11 10:08:00,40172,2026-07-11 14:08:00
40055,2026-07-11 06:20:00,validation,39696,40055,360,24,0.15,40070,2026-07-11 07:20:00,40085,2026-07-11 08:20:00,40115,2026-07-11 10:20:00,40175,2026-07-11 14:20:00
40057,2026-07-11 06:28:00,validation,39698,40057,360,24,0.15,40072,2026-07-11 07:28:00,40087,2026-07-11 08:28:00,40117,2026-07-11 10:28:00,40177,2026-07-11 14:28:00
40059,2026-07-11 06:36:00,validation,39700,40059,360,24,0.15,40074,2026-07-11 07:36:00,40089,2026-07-11 08:36:00,40119,2026-07-11 10:36:00,40179,2026-07-11 14:36:00
40060,2026-07-11 06:40:00,validation,39701,40060,360,24,0.15,40075,2026-07-11 07:40:00,40090,2026-07-11 08:40:00,40120,2026-07-11 10:40:00,40180,2026-07-11 14:40:00
40061,2026-07-11 06:44:00,validation,39702,40061,360,24,0.15,40076,2026-07-11 07:44:00,40091,2026-07-11 08:44:00,40121,2026-07-11 10:44:00,40181,2026-07-11 14:44:00
40062,2026-07-11 06:48:00,validation,39703,40062,360,24,0.15,40077,2026-07-11 07:48:00,40092,2026-07-11 08:48:00,40122,2026-07-11 10:48:00,40182,2026-07-11 14:48:00
40064,2026-07-11 06:56:00,validation,39705,40064,360,24,0.15,40079,2026-07-11 07:56:00,40094,2026-07-11 08:56:00,40124,2026-07-11 10:56:00,40184,2026-07-11 14:56:00
40066,2026-07-11 07:04:00,validation,39707,40066,360,24,0.15,40081,2026-07-11 08:04:00,40096,2026-07-11 09:04:00,40126,2026-07-11 11:04:00,40186,2026-07-11 15:04:00
40067,2026-07-11 07:08:00,validation,39708,40067,360,24,0.15,40082,2026-07-11 08:08:00,40097,2026-07-11 09:08:00,40127,2026-07-11 11:08:00,40187,2026-07-11 15:08:00
40070,2026-07-11 07:20:00,validation,39711,40070,360,24,0.15,40085,2026-07-11 08:20:00,40100,2026-07-11 09:20:00,40130,2026-07-11 11:20:00,40190,2026-07-11 15:20:00
40071,2026-07-11 07:24:00,validation,39712,40071,360,24,0.15,40086,2026-07-11 08:24:00,40101,2026-07-11 09:24:00,40131,2026-07-11 11:24:00,40191,2026-07-11 15:24:00
40072,2026-07-11 07:28:00,validation,39713,40072,360,24,0.15,40087,2026-07-11 08:28:00,40102,2026-07-11 09:28:00,40132,2026-07-11 11:28:00,40192,2026-07-11 15:28:00
40073,2026-07-11 07:32:00,validation,39714,40073,360,24,0.15,40088,2026-07-11 08:32:00,40103,2026-07-11 09:32:00,40133,2026-07-11 11:32:00,40193,2026-07-11 15:32:00
40075,2026-07-11 07:40:00,validation,39716,40075,360,24,0.15,40090,2026-07-11 08:40:00,40105,2026-07-11 09:40:00,40135,2026-07-11 11:40:00,40195,2026-07-11 15:40:00
40076,2026-07-11 07:44:00,validation,39717,40076,360,24,0.15,40091,2026-07-11 08:44:00,40106,2026-07-11 09:44:00,40136,2026-07-11 11:44:00,40196,2026-07-11 15:44:00
40077,2026-07-11 07:48:00,validation,39718,40077,360,24,0.15,40092,2026-07-11 08:48:00,40107,2026-07-11 09:48:00,40137,2026-07-11 11:48:00,40197,2026-07-11 15:48:00
40079,2026-07-11 07:56:00,validation,39720,40079,360,24,0.15,40094,2026-07-11 08:56:00,40109,2026-07-11 09:56:00,40139,2026-07-11 11:56:00,40199,2026-07-11 15:56:00
40080,2026-07-11 08:00:00,validation,39721,40080,360,24,0.15,40095,2026-07-11 09:00:00,40110,2026-07-11 10:00:00,40140,2026-07-11 12:00:00,40200,2026-07-11 16:00:00
40081,2026-07-11 08:04:00,validation,39722,40081,360,24,0.15,40096,2026-07-11 09:04:00,40111,2026-07-11 10:04:00,40141,2026-07-11 12:04:00,40201,2026-07-11 16:04:00
40082,2026-07-11 08:08:00,validation,39723,40082,360,24,0.15,40097,2026-07-11 09:08:00,40112,2026-07-11 10:08:00,40142,2026-07-11 12:08:00,40202,2026-07-11 16:08:00
40086,2026-07-11 08:24:00,validation,39727,40086,360,24,0.15,40101,2026-07-11 09:24:00,40116,2026-07-11 10:24:00,40146,2026-07-11 12:24:00,40206,2026-07-11 16:24:00
40087,2026-07-11 08:28:00,validation,39728,40087,360,24,0.15,40102,2026-07-11 09:28:00,40117,2026-07-11 10:28:00,40147,2026-07-11 12:28:00,40207,2026-07-11 16:28:00
40088,2026-07-11 08:32:00,validation,39729,40088,360,24,0.15,40103,2026-07-11 09:32:00,40118,2026-07-11 10:32:00,40148,2026-07-11 12:32:00,40208,2026-07-11 16:32:00
40089,2026-07-11 08:36:00,validation,39730,40089,360,24,0.15,40104,2026-07-11 09:36:00,40119,2026-07-11 10:36:00,40149,2026-07-11 12:36:00,40209,2026-07-11 16:36:00
40090,2026-07-11 08:40:00,validation,39731,40090,360,24,0.15,40105,2026-07-11 09:40:00,40120,2026-07-11 10:40:00,40150,2026-07-11 12:40:00,40210,2026-07-11 16:40:00
40091,2026-07-11 08:44:00,validation,39732,40091,360,24,0.15,40106,2026-07-11 09:44:00,40121,2026-07-11 10:44:00,40151,2026-07-11 12:44:00,40211,2026-07-11 16:44:00
40092,2026-07-11 08:48:00,validation,39733,40092,360,24,0.15,40107,2026-07-11 09:48:00,40122,2026-07-11 10:48:00,40152,2026-07-11 12:48:00,40212,2026-07-11 16:48:00
40094,2026-07-11 08:56:00,validation,39735,40094,360,24,0.15,40109,2026-07-11 09:56:00,40124,2026-07-11 10:56:00,40154,2026-07-11 12:56:00,40214,2026-07-11 16:56:00
40097,2026-07-11 09:08:00,validation,39738,40097,360,24,0.15,40112,2026-07-11 10:08:00,40127,2026-07-11 11:08:00,40157,2026-07-11 13:08:00,40217,2026-07-11 17:08:00
40098,2026-07-11 09:12:00,validation,39739,40098,360,24,0.15,40113,2026-07-11 10:12:00,40128,2026-07-11 11:12:00,40158,2026-07-11 13:12:00,40218,2026-07-11 17:12:00
40100,2026-07-11 09:20:00,validation,39741,40100,360,24,0.15,40115,2026-07-11 10:20:00,40130,2026-07-11 11:20:00,40160,2026-07-11 13:20:00,40220,2026-07-11 17:20:00
40101,2026-07-11 09:24:00,validation,39742,40101,360,24,0.15,40116,2026-07-11 10:24:00,40131,2026-07-11 11:24:00,40161,2026-07-11 13:24:00,40221,2026-07-11 17:24:00
40102,2026-07-11 09:28:00,validation,39743,40102,360,24,0.15,40117,2026-07-11 10:28:00,40132,2026-07-11 11:28:00,40162,2026-07-11 13:28:00,40222,2026-07-11 17:28:00
40103,2026-07-11 09:32:00,validation,39744,40103,360,24,0.15,40118,2026-07-11 10:32:00,40133,2026-07-11 11:32:00,40163,2026-07-11 13:32:00,40223,2026-07-11 17:32:00
40104,2026-07-11 09:36:00,validation,39745,40104,360,24,0.15,40119,2026-07-11 10:36:00,40134,2026-07-11 11:36:00,40164,2026-07-11 13:36:00,40224,2026-07-11 17:36:00
40105,2026-07-11 09:40:00,validation,39746,40105,360,24,0.15,40120,2026-07-11 10:40:00,40135,2026-07-11 11:40:00,40165,2026-07-11 13:40:00,40225,2026-07-11 17:40:00
40107,2026-07-11 09:48:00,validation,39748,40107,360,24,0.15,40122,2026-07-11 10:48:00,40137,2026-07-11 11:48:00,40167,2026-07-11 13:48:00,40227,2026-07-11 17:48:00
40109,2026-07-11 09:56:00,validation,39750,40109,360,24,0.15,40124,2026-07-11 10:56:00,40139,2026-07-11 11:56:00,40169,2026-07-11 13:56:00,40229,2026-07-11 17:56:00
40111,2026-07-11 10:04:00,validation,39752,40111,360,24,0.15,40126,2026-07-11 11:04:00,40141,2026-07-11 12:04:00,40171,2026-07-11 14:04:00,40231,2026-07-11 18:04:00
40113,2026-07-11 10:12:00,validation,39754,40113,360,24,0.15,40128,2026-07-11 11:12:00,40143,2026-07-11 12:12:00,40173,2026-07-11 14:12:00,40233,2026-07-11 18:12:00
40116,2026-07-11 10:24:00,validation,39757,40116,360,24,0.15,40131,2026-07-11 11:24:00,40146,2026-07-11 12:24:00,40176,2026-07-11 14:24:00,40236,2026-07-11 18:24:00
40117,2026-07-11 10:28:00,validation,39758,40117,360,24,0.15,40132,2026-07-11 11:28:00,40147,2026-07-11 12:28:00,40177,2026-07-11 14:28:00,40237,2026-07-11 18:28:00
40119,2026-07-11 10:36:00,validation,39760,40119,360,24,0.15,40134,2026-07-11 11:36:00,40149,2026-07-11 12:36:00,40179,2026-07-11 14:36:00,40239,2026-07-11 18:36:00
40120,2026-07-11 10:40:00,validation,39761,40120,360,24,0.15,40135,2026-07-11 11:40:00,40150,2026-07-11 12:40:00,40180,2026-07-11 14:40:00,40240,2026-07-11 18:40:00
40121,2026-07-11 10:44:00,validation,39762,40121,360,24,0.15,40136,2026-07-11 11:44:00,40151,2026-07-11 12:44:00,40181,2026-07-11 14:44:00,40241,2026-07-11 18:44:00
40122,2026-07-11 10:48:00,validation,39763,40122,360,24,0.15,40137,2026-07-11 11:48:00,40152,2026-07-11 12:48:00,40182,2026-07-11 14:48:00,40242,2026-07-11 18:48:00
40123,2026-07-11 10:52:00,validation,39764,40123,360,24,0.15,40138,2026-07-11 11:52:00,40153,2026-07-11 12:52:00,40183,2026-07-11 14:52:00,40243,2026-07-11 18:52:00
40124,2026-07-11 10:56:00,validation,39765,40124,360,24,0.15,40139,2026-07-11 11:56:00,40154,2026-07-11 12:56:00,40184,2026-07-11 14:56:00,40244,2026-07-11 18:56:00
40125,2026-07-11 11:00:00,validation,39766,40125,360,24,0.15,40140,2026-07-11 12:00:00,40155,2026-07-11 13:00:00,40185,2026-07-11 15:00:00,40245,2026-07-11 19:00:00
40127,2026-07-11 11:08:00,validation,39768,40127,360,24,0.15,40142,2026-07-11 12:08:00,40157,2026-07-11 13:08:00,40187,2026-07-11 15:08:00,40247,2026-07-11 19:08:00
40128,2026-07-11 11:12:00,validation,39769,40128,360,24,0.15,40143,2026-07-11 12:12:00,40158,2026-07-11 13:12:00,40188,2026-07-11 15:12:00,40248,2026-07-11 19:12:00
40130,2026-07-11 11:20:00,validation,39771,40130,360,24,0.15,40145,2026-07-11 12:20:00,40160,2026-07-11 13:20:00,40190,2026-07-11 15:20:00,40250,2026-07-11 19:20:00
40131,2026-07-11 11:24:00,validation,39772,40131,360,24,0.15,40146,2026-07-11 12:24:00,40161,2026-07-11 13:24:00,40191,2026-07-11 15:24:00,40251,2026-07-11 19:24:00
40132,2026-07-11 11:28:00,validation,39773,40132,360,24,0.15,40147,2026-07-11 12:28:00,40162,2026-07-11 13:28:00,40192,2026-07-11 15:28:00,40252,2026-07-11 19:28:00
40133,2026-07-11 11:32:00,validation,39774,40133,360,24,0.15,40148,2026-07-11 12:32:00,40163,2026-07-11 13:32:00,40193,2026-07-11 15:32:00,40253,2026-07-11 19:32:00
40137,2026-07-11 11:48:00,validation,39778,40137,360,24,0.15,40152,2026-07-11 12:48:00,40167,2026-07-11 13:48:00,40197,2026-07-11 15:48:00,40257,2026-07-11 19:48:00
40138,2026-07-11 11:52:00,validation,39779,40138,360,24,0.15,40153,2026-07-11 12:52:00,40168,2026-07-11 13:52:00,40198,2026-07-11 15:52:00,40258,2026-07-11 19:52:00
40139,2026-07-11 11:56:00,validation,39780,40139,360,24,0.15,40154,2026-07-11 12:56:00,40169,2026-07-11 13:56:00,40199,2026-07-11 15:56:00,40259,2026-07-11 19:56:00
40143,2026-07-11 12:12:00,validation,39784,40143,360,24,0.15,40158,2026-07-11 13:12:00,40173,2026-07-11 14:12:00,40203,2026-07-11 16:12:00,40263,2026-07-11 20:12:00
40146,2026-07-11 12:24:00,validation,39787,40146,360,24,0.15,40161,2026-07-11 13:24:00,40176,2026-07-11 14:24:00,40206,2026-07-11 16:24:00,40266,2026-07-11 20:24:00
40147,2026-07-11 12:28:00,validation,39788,40147,360,24,0.15,40162,2026-07-11 13:28:00,40177,2026-07-11 14:28:00,40207,2026-07-11 16:28:00,40267,2026-07-11 20:28:00
40149,2026-07-11 12:36:00,validation,39790,40149,360,24,0.15,40164,2026-07-11 13:36:00,40179,2026-07-11 14:36:00,40209,2026-07-11 16:36:00,40269,2026-07-11 20:36:00
40150,2026-07-11 12:40:00,validation,39791,40150,360,24,0.15,40165,2026-07-11 13:40:00,40180,2026-07-11 14:40:00,40210,2026-07-11 16:40:00,40270,2026-07-11 20:40:00
40152,2026-07-11 12:48:00,validation,39793,40152,360,24,0.15,40167,2026-07-11 13:48:00,40182,2026-07-11 14:48:00,40212,2026-07-11 16:48:00,40272,2026-07-11 20:48:00
40153,2026-07-11 12:52:00,validation,39794,40153,360,24,0.15,40168,2026-07-11 13:52:00,40183,2026-07-11 14:52:00,40213,2026-07-11 16:52:00,40273,2026-07-11 20:52:00
40154,2026-07-11 12:56:00,validation,39795,40154,360,24,0.15,40169,2026-07-11 13:56:00,40184,2026-07-11 14:56:00,40214,2026-07-11 16:56:00,40274,2026-07-11 20:56:00
40156,2026-07-11 13:04:00,validation,39797,40156,360,24,0.15,40171,2026-07-11 14:04:00,40186,2026-07-11 15:04:00,40216,2026-07-11 17:04:00,40276,2026-07-11 21:04:00
40157,2026-07-11 13:08:00,validation,39798,40157,360,24,0.15,40172,2026-07-11 14:08:00,40187,2026-07-11 15:08:00,40217,2026-07-11 17:08:00,40277,2026-07-11 21:08:00
40158,2026-07-11 13:12:00,validation,39799,40158,360,24,0.15,40173,2026-07-11 14:12:00,40188,2026-07-11 15:12:00,40218,2026-07-11 17:12:00,40278,2026-07-11 21:12:00
40160,2026-07-11 13:20:00,validation,39801,40160,360,24,0.15,40175,2026-07-11 14:20:00,40190,2026-07-11 15:20:00,40220,2026-07-11 17:20:00,40280,2026-07-11 21:20:00
40161,2026-07-11 13:24:00,validation,39802,40161,360,24,0.15,40176,2026-07-11 14:24:00,40191,2026-07-11 15:24:00,40221,2026-07-11 17:24:00,40281,2026-07-11 21:24:00
40162,2026-07-11 13:28:00,validation,39803,40162,360,24,0.15,40177,2026-07-11 14:28:00,40192,2026-07-11 15:28:00,40222,2026-07-11 17:28:00,40282,2026-07-11 21:28:00
40165,2026-07-11 13:40:00,validation,39806,40165,360,24,0.15,40180,2026-07-11 14:40:00,40195,2026-07-11 15:40:00,40225,2026-07-11 17:40:00,40285,2026-07-11 21:40:00
40166,2026-07-11 13:44:00,validation,39807,40166,360,24,0.15,40181,2026-07-11 14:44:00,40196,2026-07-11 15:44:00,40226,2026-07-11 17:44:00,40286,2026-07-11 21:44:00
40167,2026-07-11 13:48:00,validation,39808,40167,360,24,0.15,40182,2026-07-11 14:48:00,40197,2026-07-11 15:48:00,40227,2026-07-11 17:48:00,40287,2026-07-11 21:48:00
40168,2026-07-11 13:52:00,validation,39809,40168,360,24,0.15,40183,2026-07-11 14:52:00,40198,2026-07-11 15:52:00,40228,2026-07-11 17:52:00,40288,2026-07-11 21:52:00
40169,2026-07-11 13:56:00,validation,39810,40169,360,24,0.15,40184,2026-07-11 14:56:00,40199,2026-07-11 15:56:00,40229,2026-07-11 17:56:00,40289,2026-07-11 21:56:00
40170,2026-07-11 14:00:00,validation,39811,40170,360,24,0.15,40185,2026-07-11 15:00:00,40200,2026-07-11 16:00:00,40230,2026-07-11 18:00:00,40290,2026-07-11 22:00:00
40171,2026-07-11 14:04:00,validation,39812,40171,360,24,0.15,40186,2026-07-11 15:04:00,40201,2026-07-11 16:04:00,40231,2026-07-11 18:04:00,40291,2026-07-11 22:04:00
40173,2026-07-11 14:12:00,validation,39814,40173,360,24,0.15,40188,2026-07-11 15:12:00,40203,2026-07-11 16:12:00,40233,2026-07-11 18:12:00,40293,2026-07-11 22:12:00
40176,2026-07-11 14:24:00,validation,39817,40176,360,24,0.15,40191,2026-07-11 15:24:00,40206,2026-07-11 16:24:00,40236,2026-07-11 18:24:00,40296,2026-07-11 22:24:00
40177,2026-07-11 14:28:00,validation,39818,40177,360,24,0.15,40192,2026-07-11 15:28:00,40207,2026-07-11 16:28:00,40237,2026-07-11 18:28:00,40297,2026-07-11 22:28:00
40178,2026-07-11 14:32:00,validation,39819,40178,360,24,0.15,40193,2026-07-11 15:32:00,40208,2026-07-11 16:32:00,40238,2026-07-11 18:32:00,40298,2026-07-11 22:32:00
40180,2026-07-11 14:40:00,validation,39821,40180,360,24,0.15,40195,2026-07-11 15:40:00,40210,2026-07-11 16:40:00,40240,2026-07-11 18:40:00,40300,2026-07-11 22:40:00
40181,2026-07-11 14:44:00,validation,39822,40181,360,24,0.15,40196,2026-07-11 15:44:00,40211,2026-07-11 16:44:00,40241,2026-07-11 18:44:00,40301,2026-07-11 22:44:00
40182,2026-07-11 14:48:00,validation,39823,40182,360,24,0.15,40197,2026-07-11 15:48:00,40212,2026-07-11 16:48:00,40242,2026-07-11 18:48:00,40302,2026-07-11 22:48:00
40183,2026-07-11 14:52:00,validation,39824,40183,360,24,0.15,40198,2026-07-11 15:52:00,40213,2026-07-11 16:52:00,40243,2026-07-11 18:52:00,40303,2026-07-11 22:52:00
40185,2026-07-11 15:00:00,validation,39826,40185,360,24,0.15,40200,2026-07-11 16:00:00,40215,2026-07-11 17:00:00,40245,2026-07-11 19:00:00,40305,2026-07-11 23:00:00
40187,2026-07-11 15:08:00,validation,39828,40187,360,24,0.15,40202,2026-07-11 16:08:00,40217,2026-07-11 17:08:00,40247,2026-07-11 19:08:00,40307,2026-07-11 23:08:00
40191,2026-07-11 15:24:00,validation,39832,40191,360,24,0.15,40206,2026-07-11 16:24:00,40221,2026-07-11 17:24:00,40251,2026-07-11 19:24:00,40311,2026-07-11 23:24:00
40192,2026-07-11 15:28:00,validation,39833,40192,360,24,0.15,40207,2026-07-11 16:28:00,40222,2026-07-11 17:28:00,40252,2026-07-11 19:28:00,40312,2026-07-11 23:28:00
40193,2026-07-11 15:32:00,validation,39834,40193,360,24,0.15,40208,2026-07-11 16:32:00,40223,2026-07-11 17:32:00,40253,2026-07-11 19:32:00,40313,2026-07-11 23:32:00
40194,2026-07-11 15:36:00,validation,39835,40194,360,24,0.15,40209,2026-07-11 16:36:00,40224,2026-07-11 17:36:00,40254,2026-07-11 19:36:00,40314,2026-07-11 23:36:00
40196,2026-07-11 15:44:00,validation,39837,40196,360,24,0.15,40211,2026-07-11 16:44:00,40226,2026-07-11 17:44:00,40256,2026-07-11 19:44:00,40316,2026-07-11 23:44:00
40197,2026-07-11 15:48:00,validation,39838,40197,360,24,0.15,40212,2026-07-11 16:48:00,40227,2026-07-11 17:48:00,40257,2026-07-11 19:48:00,40317,2026-07-11 23:48:00
40199,2026-07-11 15:56:00,validation,39840,40199,360,24,0.15,40214,2026-07-11 16:56:00,40229,2026-07-11 17:56:00,40259,2026-07-11 19:56:00,40319,2026-07-11 23:56:00
40200,2026-07-11 16:00:00,validation,39841,40200,360,24,0.15,40215,2026-07-11 17:00:00,40230,2026-07-11 18:00:00,40260,2026-07-11 20:00:00,40320,2026-07-12 00:00:00
40203,2026-07-11 16:12:00,validation,39844,40203,360,24,0.15,40218,2026-07-11 17:12:00,40233,2026-07-11 18:12:00,40263,2026-07-11 20:12:00,40323,2026-07-12 00:12:00
40206,2026-07-11 16:24:00,validation,39847,40206,360,24,0.15,40221,2026-07-11 17:24:00,40236,2026-07-11 18:24:00,40266,2026-07-11 20:24:00,40326,2026-07-12 00:24:00
40207,2026-07-11 16:28:00,validation,39848,40207,360,24,0.15,40222,2026-07-11 17:28:00,40237,2026-07-11 18:28:00,40267,2026-07-11 20:28:00,40327,2026-07-12 00:28:00
40211,2026-07-11 16:44:00,validation,39852,40211,360,24,0.15,40226,2026-07-11 17:44:00,40241,2026-07-11 18:44:00,40271,2026-07-11 20:44:00,40331,2026-07-12 00:44:00
40212,2026-07-11 16:48:00,validation,39853,40212,360,24,0.15,40227,2026-07-11 17:48:00,40242,2026-07-11 18:48:00,40272,2026-07-11 20:48:00,40332,2026-07-12 00:48:00
40213,2026-07-11 16:52:00,validation,39854,40213,360,24,0.15,40228,2026-07-11 17:52:00,40243,2026-07-11 18:52:00,40273,2026-07-11 20:52:00,40333,2026-07-12 00:52:00
40214,2026-07-11 16:56:00,validation,39855,40214,360,24,0.15,40229,2026-07-11 17:56:00,40244,2026-07-11 18:56:00,40274,2026-07-11 20:56:00,40334,2026-07-12 00:56:00
40215,2026-07-11 17:00:00,validation,39856,40215,360,24,0.15,40230,2026-07-11 18:00:00,40245,2026-07-11 19:00:00,40275,2026-07-11 21:00:00,40335,2026-07-12 01:00:00
40219,2026-07-11 17:16:00,validation,39860,40219,360,24,0.15,40234,2026-07-11 18:16:00,40249,2026-07-11 19:16:00,40279,2026-07-11 21:16:00,40339,2026-07-12 01:16:00
40221,2026-07-11 17:24:00,validation,39862,40221,360,24,0.15,40236,2026-07-11 18:24:00,40251,2026-07-11 19:24:00,40281,2026-07-11 21:24:00,40341,2026-07-12 01:24:00
40222,2026-07-11 17:28:00,validation,39863,40222,360,24,0.15,40237,2026-07-11 18:28:00,40252,2026-07-11 19:28:00,40282,2026-07-11 21:28:00,40342,2026-07-12 01:28:00
40224,2026-07-11 17:36:00,validation,39865,40224,360,24,0.15,40239,2026-07-11 18:36:00,40254,2026-07-11 19:36:00,40284,2026-07-11 21:36:00,40344,2026-07-12 01:36:00
40226,2026-07-11 17:44:00,validation,39867,40226,360,24,0.15,40241,2026-07-11 18:44:00,40256,2026-07-11 19:44:00,40286,2026-07-11 21:44:00,40346,2026-07-12 01:44:00
40227,2026-07-11 17:48:00,validation,39868,40227,360,24,0.15,40242,2026-07-11 18:48:00,40257,2026-07-11 19:48:00,40287,2026-07-11 21:48:00,40347,2026-07-12 01:48:00
40228,2026-07-11 17:52:00,validation,39869,40228,360,24,0.15,40243,2026-07-11 18:52:00,40258,2026-07-11 19:52:00,40288,2026-07-11 21:52:00,40348,2026-07-12 01:52:00
40229,2026-07-11 17:56:00,validation,39870,40229,360,24,0.15,40244,2026-07-11 18:56:00,40259,2026-07-11 19:56:00,40289,2026-07-11 21:56:00,40349,2026-07-12 01:56:00
40230,2026-07-11 18:00:00,validation,39871,40230,360,24,0.15,40245,2026-07-11 19:00:00,40260,2026-07-11 20:00:00,40290,2026-07-11 22:00:00,40350,2026-07-12 02:00:00
40233,2026-07-11 18:12:00,validation,39874,40233,360,24,0.15,40248,2026-07-11 19:12:00,40263,2026-07-11 20:12:00,40293,2026-07-11 22:12:00,40353,2026-07-12 02:12:00
40234,2026-07-11 18:16:00,validation,39875,40234,360,24,0.15,40249,2026-07-11 19:16:00,40264,2026-07-11 20:16:00,40294,2026-07-11 22:16:00,40354,2026-07-12 02:16:00
40236,2026-07-11 18:24:00,validation,39877,40236,360,24,0.15,40251,2026-07-11 19:24:00,40266,2026-07-11 20:24:00,40296,2026-07-11 22:24:00,40356,2026-07-12 02:24:00
40237,2026-07-11 18:28:00,validation,39878,40237,360,24,0.15,40252,2026-07-11 19:28:00,40267,2026-07-11 20:28:00,40297,2026-07-11 22:28:00,40357,2026-07-12 02:28:00
40239,2026-07-11 18:36:00,validation,39880,40239,360,24,0.15,40254,2026-07-11 19:36:00,40269,2026-07-11 20:36:00,40299,2026-07-11 22:36:00,40359,2026-07-12 02:36:00
40245,2026-07-11 19:00:00,validation,39886,40245,360,24,0.15,40260,2026-07-11 20:00:00,40275,2026-07-11 21:00:00,40305,2026-07-11 23:00:00,40365,2026-07-12 03:00:00
40246,2026-07-11 19:04:00,validation,39887,40246,360,24,0.15,40261,2026-07-11 20:04:00,40276,2026-07-11 21:04:00,40306,2026-07-11 23:04:00,40366,2026-07-12 03:04:00
40249,2026-07-11 19:16:00,validation,39890,40249,360,24,0.15,40264,2026-07-11 20:16:00,40279,2026-07-11 21:16:00,40309,2026-07-11 23:16:00,40369,2026-07-12 03:16:00
40251,2026-07-11 19:24:00,validation,39892,40251,360,24,0.15,40266,2026-07-11 20:24:00,40281,2026-07-11 21:24:00,40311,2026-07-11 23:24:00,40371,2026-07-12 03:24:00
40252,2026-07-11 19:28:00,validation,39893,40252,360,24,0.15,40267,2026-07-11 20:28:00,40282,2026-07-11 21:28:00,40312,2026-07-11 23:28:00,40372,2026-07-12 03:28:00
40253,2026-07-11 19:32:00,validation,39894,40253,360,24,0.15,40268,2026-07-11 20:32:00,40283,2026-07-11 21:32:00,40313,2026-07-11 23:32:00,40373,2026-07-12 03:32:00
40255,2026-07-11 19:40:00,validation,39896,40255,360,24,0.15,40270,2026-07-11 20:40:00,40285,2026-07-11 21:40:00,40315,2026-07-11 23:40:00,40375,2026-07-12 03:40:00
40256,2026-07-11 19:44:00,validation,39897,40256,360,24,0.15,40271,2026-07-11 20:44:00,40286,2026-07-11 21:44:00,40316,2026-07-11 23:44:00,40376,2026-07-12 03:44:00
40259,2026-07-11 19:56:00,validation,39900,40259,360,24,0.15,40274,2026-07-11 20:56:00,40289,2026-07-11 21:56:00,40319,2026-07-11 23:56:00,40379,2026-07-12 03:56:00
40262,2026-07-11 20:08:00,validation,39903,40262,360,24,0.15,40277,2026-07-11 21:08:00,40292,2026-07-11 22:08:00,40322,2026-07-12 00:08:00,40382,2026-07-12 04:08:00
40263,2026-07-11 20:12:00,validation,39904,40263,360,24,0.15,40278,2026-07-11 21:12:00,40293,2026-07-11 22:12:00,40323,2026-07-12 00:12:00,40383,2026-07-12 04:12:00
40264,2026-07-11 20:16:00,validation,39905,40264,360,24,0.15,40279,2026-07-11 21:16:00,40294,2026-07-11 22:16:00,40324,2026-07-12 00:16:00,40384,2026-07-12 04:16:00
40266,2026-07-11 20:24:00,validation,39907,40266,360,24,0.15,40281,2026-07-11 21:24:00,40296,2026-07-11 22:24:00,40326,2026-07-12 00:24:00,40386,2026-07-12 04:24:00
40267,2026-07-11 20:28:00,validation,39908,40267,360,24,0.15,40282,2026-07-11 21:28:00,40297,2026-07-11 22:28:00,40327,2026-07-12 00:28:00,40387,2026-07-12 04:28:00
40271,2026-07-11 20:44:00,validation,39912,40271,360,24,0.15,40286,2026-07-11 21:44:00,40301,2026-07-11 22:44:00,40331,2026-07-12 00:44:00,40391,2026-07-12 04:44:00
40272,2026-07-11 20:48:00,validation,39913,40272,360,24,0.15,40287,2026-07-11 21:48:00,40302,2026-07-11 22:48:00,40332,2026-07-12 00:48:00,40392,2026-07-12 04:48:00
40273,2026-07-11 20:52:00,validation,39914,40273,360,24,0.15,40288,2026-07-11 21:52:00,40303,2026-07-11 22:52:00,40333,2026-07-12 00:52:00,40393,2026-07-12 04:52:00
40275,2026-07-11 21:00:00,validation,39916,40275,360,24,0.15,40290,2026-07-11 22:00:00,40305,2026-07-11 23:00:00,40335,2026-07-12 01:00:00,40395,2026-07-12 05:00:00
40277,2026-07-11 21:08:00,validation,39918,40277,360,24,0.15,40292,2026-07-11 22:08:00,40307,2026-07-11 23:08:00,40337,2026-07-12 01:08:00,40397,2026-07-12 05:08:00
40279,2026-07-11 21:16:00,validation,39920,40279,360,24,0.15,40294,2026-07-11 22:16:00,40309,2026-07-11 23:16:00,40339,2026-07-12 01:16:00,40399,2026-07-12 05:16:00
40280,2026-07-11 21:20:00,validation,39921,40280,360,24,0.15,40295,2026-07-11 22:20:00,40310,2026-07-11 23:20:00,40340,2026-07-12 01:20:00,40400,2026-07-12 05:20:00
40281,2026-07-11 21:24:00,validation,39922,40281,360,24,0.15,40296,2026-07-11 22:24:00,40311,2026-07-11 23:24:00,40341,2026-07-12 01:24:00,40401,2026-07-12 05:24:00
40282,2026-07-11 21:28:00,validation,39923,40282,360,24,0.15,40297,2026-07-11 22:28:00,40312,2026-07-11 23:28:00,40342,2026-07-12 01:28:00,40402,2026-07-12 05:28:00
40284,2026-07-11 21:36:00,validation,39925,40284,360,24,0.15,40299,2026-07-11 22:36:00,40314,2026-07-11 23:36:00,40344,2026-07-12 01:36:00,40404,2026-07-12 05:36:00
40286,2026-07-11 21:44:00,validation,39927,40286,360,24,0.15,40301,2026-07-11 22:44:00,40316,2026-07-11 23:44:00,40346,2026-07-12 01:44:00,40406,2026-07-12 05:44:00
40287,2026-07-11 21:48:00,validation,39928,40287,360,24,0.15,40302,2026-07-11 22:48:00,40317,2026-07-11 23:48:00,40347,2026-07-12 01:48:00,40407,2026-07-12 05:48:00
40290,2026-07-11 22:00:00,validation,39931,40290,360,24,0.15,40305,2026-07-11 23:00:00,40320,2026-07-12 00:00:00,40350,2026-07-12 02:00:00,40410,2026-07-12 06:00:00
40292,2026-07-11 22:08:00,validation,39933,40292,360,24,0.15,40307,2026-07-11 23:08:00,40322,2026-07-12 00:08:00,40352,2026-07-12 02:08:00,40412,2026-07-12 06:08:00
40294,2026-07-11 22:16:00,validation,39935,40294,360,24,0.15,40309,2026-07-11 23:16:00,40324,2026-07-12 00:16:00,40354,2026-07-12 02:16:00,40414,2026-07-12 06:16:00
40296,2026-07-11 22:24:00,validation,39937,40296,360,24,0.15,40311,2026-07-11 23:24:00,40326,2026-07-12 00:24:00,40356,2026-07-12 02:24:00,40416,2026-07-12 06:24:00
40297,2026-07-11 22:28:00,validation,39938,40297,360,24,0.15,40312,2026-07-11 23:28:00,40327,2026-07-12 00:28:00,40357,2026-07-12 02:28:00,40417,2026-07-12 06:28:00
40304,2026-07-11 22:56:00,validation,39945,40304,360,24,0.15,40319,2026-07-11 23:56:00,40334,2026-07-12 00:56:00,40364,2026-07-12 02:56:00,40424,2026-07-12 06:56:00
40305,2026-07-11 23:00:00,validation,39946,40305,360,24,0.15,40320,2026-07-12 00:00:00,40335,2026-07-12 01:00:00,40365,2026-07-12 03:00:00,40425,2026-07-12 07:00:00
40307,2026-07-11 23:08:00,validation,39948,40307,360,24,0.15,40322,2026-07-12 00:08:00,40337,2026-07-12 01:08:00,40367,2026-07-12 03:08:00,40427,2026-07-12 07:08:00
40311,2026-07-11 23:24:00,validation,39952,40311,360,24,0.15,40326,2026-07-12 00:24:00,40341,2026-07-12 01:24:00,40371,2026-07-12 03:24:00,40431,2026-07-12 07:24:00
40312,2026-07-11 23:28:00,validation,39953,40312,360,24,0.15,40327,2026-07-12 00:28:00,40342,2026-07-12 01:28:00,40372,2026-07-12 03:28:00,40432,2026-07-12 07:28:00
40316,2026-07-11 23:44:00,validation,39957,40316,360,24,0.15,40331,2026-07-12 00:44:00,40346,2026-07-12 01:44:00,40376,2026-07-12 03:44:00,40436,2026-07-12 07:44:00
40318,2026-07-11 23:52:00,validation,39959,40318,360,24,0.15,40333,2026-07-12 00:52:00,40348,2026-07-12 01:52:00,40378,2026-07-12 03:52:00,40438,2026-07-12 07:52:00
40321,2026-07-12 00:04:00,validation,39962,40321,360,24,0.15,40336,2026-07-12 01:04:00,40351,2026-07-12 02:04:00,40381,2026-07-12 04:04:00,40441,2026-07-12 08:04:00
40322,2026-07-12 00:08:00,validation,39963,40322,360,24,0.15,40337,2026-07-12 01:08:00,40352,2026-07-12 02:08:00,40382,2026-07-12 04:08:00,40442,2026-07-12 08:08:00
40324,2026-07-12 00:16:00,validation,39965,40324,360,24,0.15,40339,2026-07-12 01:16:00,40354,2026-07-12 02:16:00,40384,2026-07-12 04:16:00,40444,2026-07-12 08:16:00
40325,2026-07-12 00:20:00,validation,39966,40325,360,24,0.15,40340,2026-07-12 01:20:00,40355,2026-07-12 02:20:00,40385,2026-07-12 04:20:00,40445,2026-07-12 08:20:00
40326,2026-07-12 00:24:00,validation,39967,40326,360,24,0.15,40341,2026-07-12 01:24:00,40356,2026-07-12 02:24:00,40386,2026-07-12 04:24:00,40446,2026-07-12 08:24:00
40330,2026-07-12 00:40:00,validation,39971,40330,360,24,0.15,40345,2026-07-12 01:40:00,40360,2026-07-12 02:40:00,40390,2026-07-12 04:40:00,40450,2026-07-12 08:40:00
40335,2026-07-12 01:00:00,validation,39976,40335,360,24,0.15,40350,2026-07-12 02:00:00,40365,2026-07-12 03:00:00,40395,2026-07-12 05:00:00,40455,2026-07-12 09:00:00
40338,2026-07-12 01:12:00,validation,39979,40338,360,24,0.15,40353,2026-07-12 02:12:00,40368,2026-07-12 03:12:00,40398,2026-07-12 05:12:00,40458,2026-07-12 09:12:00
40339,2026-07-12 01:16:00,validation,39980,40339,360,24,0.15,40354,2026-07-12 02:16:00,40369,2026-07-12 03:16:00,40399,2026-07-12 05:16:00,40459,2026-07-12 09:16:00
40340,2026-07-12 01:20:00,validation,39981,40340,360,24,0.15,40355,2026-07-12 02:20:00,40370,2026-07-12 03:20:00,40400,2026-07-12 05:20:00,40460,2026-07-12 09:20:00
40341,2026-07-12 01:24:00,validation,39982,40341,360,24,0.15,40356,2026-07-12 02:24:00,40371,2026-07-12 03:24:00,40401,2026-07-12 05:24:00,40461,2026-07-12 09:24:00
40342,2026-07-12 01:28:00,validation,39983,40342,360,24,0.15,40357,2026-07-12 02:28:00,40372,2026-07-12 03:28:00,40402,2026-07-12 05:28:00,40462,2026-07-12 09:28:00
40349,2026-07-12 01:56:00,validation,39990,40349,360,24,0.15,40364,2026-07-12 02:56:00,40379,2026-07-12 03:56:00,40409,2026-07-12 05:56:00,40469,2026-07-12 09:56:00
40352,2026-07-12 02:08:00,validation,39993,40352,360,24,0.15,40367,2026-07-12 03:08:00,40382,2026-07-12 04:08:00,40412,2026-07-12 06:08:00,40472,2026-07-12 10:08:00
40353,2026-07-12 02:12:00,validation,39994,40353,360,24,0.15,40368,2026-07-12 03:12:00,40383,2026-07-12 04:12:00,40413,2026-07-12 06:12:00,40473,2026-07-12 10:12:00
40357,2026-07-12 02:28:00,validation,39998,40357,360,24,0.15,40372,2026-07-12 03:28:00,40387,2026-07-12 04:28:00,40417,2026-07-12 06:28:00,40477,2026-07-12 10:28:00
40360,2026-07-12 02:40:00,validation,40001,40360,360,24,0.15,40375,2026-07-12 03:40:00,40390,2026-07-12 04:40:00,40420,2026-07-12 06:40:00,40480,2026-07-12 10:40:00
40361,2026-07-12 02:44:00,validation,40002,40361,360,24,0.15,40376,2026-07-12 03:44:00,40391,2026-07-12 04:44:00,40421,2026-07-12 06:44:00,40481,2026-07-12 10:44:00
40363,2026-07-12 02:52:00,validation,40004,40363,360,24,0.15,40378,2026-07-12 03:52:00,40393,2026-07-12 04:52:00,40423,2026-07-12 06:52:00,40483,2026-07-12 10:52:00
40364,2026-07-12 02:56:00,validation,40005,40364,360,24,0.15,40379,2026-07-12 03:56:00,40394,2026-07-12 04:56:00,40424,2026-07-12 06:56:00,40484,2026-07-12 10:56:00
40367,2026-07-12 03:08:00,validation,40008,40367,360,24,0.15,40382,2026-07-12 04:08:00,40397,2026-07-12 05:08:00,40427,2026-07-12 07:08:00,40487,2026-07-12 11:08:00
40368,2026-07-12 03:12:00,validation,40009,40368,360,24,0.15,40383,2026-07-12 04:12:00,40398,2026-07-12 05:12:00,40428,2026-07-12 07:12:00,40488,2026-07-12 11:12:00
40371,2026-07-12 03:24:00,validation,40012,40371,360,24,0.15,40386,2026-07-12 04:24:00,40401,2026-07-12 05:24:00,40431,2026-07-12 07:24:00,40491,2026-07-12 11:24:00
40372,2026-07-12 03:28:00,validation,40013,40372,360,24,0.15,40387,2026-07-12 04:28:00,40402,2026-07-12 05:28:00,40432,2026-07-12 07:28:00,40492,2026-07-12 11:28:00
40374,2026-07-12 03:36:00,validation,40015,40374,360,24,0.15,40389,2026-07-12 04:36:00,40404,2026-07-12 05:36:00,40434,2026-07-12 07:36:00,40494,2026-07-12 11:36:00
40376,2026-07-12 03:44:00,validation,40017,40376,360,24,0.15,40391,2026-07-12 04:44:00,40406,2026-07-12 05:44:00,40436,2026-07-12 07:44:00,40496,2026-07-12 11:44:00
40377,2026-07-12 03:48:00,validation,40018,40377,360,24,0.15,40392,2026-07-12 04:48:00,40407,2026-07-12 05:48:00,40437,2026-07-12 07:48:00,40497,2026-07-12 11:48:00
40380,2026-07-12 04:00:00,validation,40021,40380,360,24,0.15,40395,2026-07-12 05:00:00,40410,2026-07-12 06:00:00,40440,2026-07-12 08:00:00,40500,2026-07-12 12:00:00
40383,2026-07-12 04:12:00,validation,40024,40383,360,24,0.15,40398,2026-07-12 05:12:00,40413,2026-07-12 06:12:00,40443,2026-07-12 08:12:00,40503,2026-07-12 12:12:00
40384,2026-07-12 04:16:00,validation,40025,40384,360,24,0.15,40399,2026-07-12 05:16:00,40414,2026-07-12 06:16:00,40444,2026-07-12 08:16:00,40504,2026-07-12 12:16:00
40385,2026-07-12 04:20:00,validation,40026,40385,360,24,0.15,40400,2026-07-12 05:20:00,40415,2026-07-12 06:20:00,40445,2026-07-12 08:20:00,40505,2026-07-12 12:20:00
40386,2026-07-12 04:24:00,validation,40027,40386,360,24,0.15,40401,2026-07-12 05:24:00,40416,2026-07-12 06:24:00,40446,2026-07-12 08:24:00,40506,2026-07-12 12:24:00
40388,2026-07-12 04:32:00,validation,40029,40388,360,24,0.15,40403,2026-07-12 05:32:00,40418,2026-07-12 06:32:00,40448,2026-07-12 08:32:00,40508,2026-07-12 12:32:00
40391,2026-07-12 04:44:00,validation,40032,40391,360,24,0.15,40406,2026-07-12 05:44:00,40421,2026-07-12 06:44:00,40451,2026-07-12 08:44:00,40511,2026-07-12 12:44:00
40395,2026-07-12 05:00:00,validation,40036,40395,360,24,0.15,40410,2026-07-12 06:00:00,40425,2026-07-12 07:00:00,40455,2026-07-12 09:00:00,40515,2026-07-12 13:00:00
40398,2026-07-12 05:12:00,validation,40039,40398,360,24,0.15,40413,2026-07-12 06:12:00,40428,2026-07-12 07:12:00,40458,2026-07-12 09:12:00,40518,2026-07-12 13:12:00
40400,2026-07-12 05:20:00,validation,40041,40400,360,24,0.15,40415,2026-07-12 06:20:00,40430,2026-07-12 07:20:00,40460,2026-07-12 09:20:00,40520,2026-07-12 13:20:00
40401,2026-07-12 05:24:00,validation,40042,40401,360,24,0.15,40416,2026-07-12 06:24:00,40431,2026-07-12 07:24:00,40461,2026-07-12 09:24:00,40521,2026-07-12 13:24:00
40405,2026-07-12 05:40:00,validation,40046,40405,360,24,0.15,40420,2026-07-12 06:40:00,40435,2026-07-12 07:40:00,40465,2026-07-12 09:40:00,40525,2026-07-12 13:40:00
40407,2026-07-12 05:48:00,validation,40048,40407,360,24,0.15,40422,2026-07-12 06:48:00,40437,2026-07-12 07:48:00,40467,2026-07-12 09:48:00,40527,2026-07-12 13:48:00
40408,2026-07-12 05:52:00,validation,40049,40408,360,24,0.15,40423,2026-07-12 06:52:00,40438,2026-07-12 07:52:00,40468,2026-07-12 09:52:00,40528,2026-07-12 13:52:00
40410,2026-07-12 06:00:00,validation,40051,40410,360,24,0.15,40425,2026-07-12 07:00:00,40440,2026-07-12 08:00:00,40470,2026-07-12 10:00:00,40530,2026-07-12 14:00:00
40412,2026-07-12 06:08:00,validation,40053,40412,360,24,0.15,40427,2026-07-12 07:08:00,40442,2026-07-12 08:08:00,40472,2026-07-12 10:08:00,40532,2026-07-12 14:08:00
40413,2026-07-12 06:12:00,validation,40054,40413,360,24,0.15,40428,2026-07-12 07:12:00,40443,2026-07-12 08:12:00,40473,2026-07-12 10:12:00,40533,2026-07-12 14:12:00
40420,2026-07-12 06:40:00,validation,40061,40420,360,24,0.15,40435,2026-07-12 07:40:00,40450,2026-07-12 08:40:00,40480,2026-07-12 10:40:00,40540,2026-07-12 14:40:00
40421,2026-07-12 06:44:00,validation,40062,40421,360,24,0.15,40436,2026-07-12 07:44:00,40451,2026-07-12 08:44:00,40481,2026-07-12 10:44:00,40541,2026-07-12 14:44:00
40423,2026-07-12 06:52:00,validation,40064,40423,360,24,0.15,40438,2026-07-12 07:52:00,40453,2026-07-12 08:52:00,40483,2026-07-12 10:52:00,40543,2026-07-12 14:52:00
40425,2026-07-12 07:00:00,validation,40066,40425,360,24,0.15,40440,2026-07-12 08:00:00,40455,2026-07-12 09:00:00,40485,2026-07-12 11:00:00,40545,2026-07-12 15:00:00
40426,2026-07-12 07:04:00,validation,40067,40426,360,24,0.15,40441,2026-07-12 08:04:00,40456,2026-07-12 09:04:00,40486,2026-07-12 11:04:00,40546,2026-07-12 15:04:00
40428,2026-07-12 07:12:00,validation,40069,40428,360,24,0.15,40443,2026-07-12 08:12:00,40458,2026-07-12 09:12:00,40488,2026-07-12 11:12:00,40548,2026-07-12 15:12:00
40429,2026-07-12 07:16:00,validation,40070,40429,360,24,0.15,40444,2026-07-12 08:16:00,40459,2026-07-12 09:16:00,40489,2026-07-12 11:16:00,40549,2026-07-12 15:16:00
40431,2026-07-12 07:24:00,validation,40072,40431,360,24,0.15,40446,2026-07-12 08:24:00,40461,2026-07-12 09:24:00,40491,2026-07-12 11:24:00,40551,2026-07-12 15:24:00
40433,2026-07-12 07:32:00,validation,40074,40433,360,24,0.15,40448,2026-07-12 08:32:00,40463,2026-07-12 09:32:00,40493,2026-07-12 11:32:00,40553,2026-07-12 15:32:00
40435,2026-07-12 07:40:00,validation,40076,40435,360,24,0.15,40450,2026-07-12 08:40:00,40465,2026-07-12 09:40:00,40495,2026-07-12 11:40:00,40555,2026-07-12 15:40:00
40436,2026-07-12 07:44:00,validation,40077,40436,360,24,0.15,40451,2026-07-12 08:44:00,40466,2026-07-12 09:44:00,40496,2026-07-12 11:44:00,40556,2026-07-12 15:44:00
40440,2026-07-12 08:00:00,validation,40081,40440,360,24,0.15,40455,2026-07-12 09:00:00,40470,2026-07-12 10:00:00,40500,2026-07-12 12:00:00,40560,2026-07-12 16:00:00
40443,2026-07-12 08:12:00,validation,40084,40443,360,24,0.15,40458,2026-07-12 09:12:00,40473,2026-07-12 10:12:00,40503,2026-07-12 12:12:00,40563,2026-07-12 16:12:00
40451,2026-07-12 08:44:00,validation,40092,40451,360,24,0.15,40466,2026-07-12 09:44:00,40481,2026-07-12 10:44:00,40511,2026-07-12 12:44:00,40571,2026-07-12 16:44:00
40453,2026-07-12 08:52:00,validation,40094,40453,360,24,0.15,40468,2026-07-12 09:52:00,40483,2026-07-12 10:52:00,40513,2026-07-12 12:52:00,40573,2026-07-12 16:52:00
40454,2026-07-12 08:56:00,validation,40095,40454,360,24,0.15,40469,2026-07-12 09:56:00,40484,2026-07-12 10:56:00,40514,2026-07-12 12:56:00,40574,2026-07-12 16:56:00
40457,2026-07-12 09:08:00,validation,40098,40457,360,24,0.15,40472,2026-07-12 10:08:00,40487,2026-07-12 11:08:00,40517,2026-07-12 13:08:00,40577,2026-07-12 17:08:00
40464,2026-07-12 09:36:00,validation,40105,40464,360,24,0.15,40479,2026-07-12 10:36:00,40494,2026-07-12 11:36:00,40524,2026-07-12 13:36:00,40584,2026-07-12 17:36:00
40465,2026-07-12 09:40:00,validation,40106,40465,360,24,0.15,40480,2026-07-12 10:40:00,40495,2026-07-12 11:40:00,40525,2026-07-12 13:40:00,40585,2026-07-12 17:40:00
40470,2026-07-12 10:00:00,validation,40111,40470,360,24,0.15,40485,2026-07-12 11:00:00,40500,2026-07-12 12:00:00,40530,2026-07-12 14:00:00,40590,2026-07-12 18:00:00
40471,2026-07-12 10:04:00,validation,40112,40471,360,24,0.15,40486,2026-07-12 11:04:00,40501,2026-07-12 12:04:00,40531,2026-07-12 14:04:00,40591,2026-07-12 18:04:00
40473,2026-07-12 10:12:00,validation,40114,40473,360,24,0.15,40488,2026-07-12 11:12:00,40503,2026-07-12 12:12:00,40533,2026-07-12 14:12:00,40593,2026-07-12 18:12:00
40474,2026-07-12 10:16:00,validation,40115,40474,360,24,0.15,40489,2026-07-12 11:16:00,40504,2026-07-12 12:16:00,40534,2026-07-12 14:16:00,40594,2026-07-12 18:16:00
40476,2026-07-12 10:24:00,validation,40117,40476,360,24,0.15,40491,2026-07-12 11:24:00,40506,2026-07-12 12:24:00,40536,2026-07-12 14:24:00,40596,2026-07-12 18:24:00
40478,2026-07-12 10:32:00,validation,40119,40478,360,24,0.15,40493,2026-07-12 11:32:00,40508,2026-07-12 12:32:00,40538,2026-07-12 14:32:00,40598,2026-07-12 18:32:00
40481,2026-07-12 10:44:00,validation,40122,40481,360,24,0.15,40496,2026-07-12 11:44:00,40511,2026-07-12 12:44:00,40541,2026-07-12 14:44:00,40601,2026-07-12 18:44:00
40484,2026-07-12 10:56:00,validation,40125,40484,360,24,0.15,40499,2026-07-12 11:56:00,40514,2026-07-12 12:56:00,40544,2026-07-12 14:56:00,40604,2026-07-12 18:56:00
40485,2026-07-12 11:00:00,validation,40126,40485,360,24,0.15,40500,2026-07-12 12:00:00,40515,2026-07-12 13:00:00,40545,2026-07-12 15:00:00,40605,2026-07-12 19:00:00
40486,2026-07-12 11:04:00,validation,40127,40486,360,24,0.15,40501,2026-07-12 12:04:00,40516,2026-07-12 13:04:00,40546,2026-07-12 15:04:00,40606,2026-07-12 19:04:00
40488,2026-07-12 11:12:00,validation,40129,40488,360,24,0.15,40503,2026-07-12 12:12:00,40518,2026-07-12 13:12:00,40548,2026-07-12 15:12:00,40608,2026-07-12 19:12:00
40494,2026-07-12 11:36:00,validation,40135,40494,360,24,0.15,40509,2026-07-12 12:36:00,40524,2026-07-12 13:36:00,40554,2026-07-12 15:36:00,40614,2026-07-12 19:36:00
40972,2026-07-13 19:28:00,validation,40613,40972,360,24,0.15,40987,2026-07-13 20:28:00,41002,2026-07-13 21:28:00,41032,2026-07-13 23:28:00,41092,2026-07-14 03:28:00
40973,2026-07-13 19:32:00,validation,40614,40973,360,24,0.15,40988,2026-07-13 20:32:00,41003,2026-07-13 21:32:00,41033,2026-07-13 23:32:00,41093,2026-07-14 03:32:00
40974,2026-07-13 19:36:00,validation,40615,40974,360,24,0.15,40989,2026-07-13 20:36:00,41004,2026-07-13 21:36:00,41034,2026-07-13 23:36:00,41094,2026-07-14 03:36:00
40975,2026-07-13 19:40:00,validation,40616,40975,360,24,0.15,40990,2026-07-13 20:40:00,41005,2026-07-13 21:40:00,41035,2026-07-13 23:40:00,41095,2026-07-14 03:40:00
40977,2026-07-13 19:48:00,validation,40618,40977,360,24,0.15,40992,2026-07-13 20:48:00,41007,2026-07-13 21:48:00,41037,2026-07-13 23:48:00,41097,2026-07-14 03:48:00
40979,2026-07-13 19:56:00,validation,40620,40979,360,24,0.15,40994,2026-07-13 20:56:00,41009,2026-07-13 21:56:00,41039,2026-07-13 23:56:00,41099,2026-07-14 03:56:00
40985,2026-07-13 20:20:00,validation,40626,40985,360,24,0.15,41000,2026-07-13 21:20:00,41015,2026-07-13 22:20:00,41045,2026-07-14 00:20:00,41105,2026-07-14 04:20:00
40986,2026-07-13 20:24:00,validation,40627,40986,360,24,0.15,41001,2026-07-13 21:24:00,41016,2026-07-13 22:24:00,41046,2026-07-14 00:24:00,41106,2026-07-14 04:24:00
40987,2026-07-13 20:28:00,validation,40628,40987,360,24,0.15,41002,2026-07-13 21:28:00,41017,2026-07-13 22:28:00,41047,2026-07-14 00:28:00,41107,2026-07-14 04:28:00
40988,2026-07-13 20:32:00,validation,40629,40988,360,24,0.15,41003,2026-07-13 21:32:00,41018,2026-07-13 22:32:00,41048,2026-07-14 00:32:00,41108,2026-07-14 04:32:00
40989,2026-07-13 20:36:00,validation,40630,40989,360,24,0.15,41004,2026-07-13 21:36:00,41019,2026-07-13 22:36:00,41049,2026-07-14 00:36:00,41109,2026-07-14 04:36:00
40990,2026-07-13 20:40:00,validation,40631,40990,360,24,0.15,41005,2026-07-13 21:40:00,41020,2026-07-13 22:40:00,41050,2026-07-14 00:40:00,41110,2026-07-14 04:40:00
40991,2026-07-13 20:44:00,validation,40632,40991,360,24,0.15,41006,2026-07-13 21:44:00,41021,2026-07-13 22:44:00,41051,2026-07-14 00:44:00,41111,2026-07-14 04:44:00
40993,2026-07-13 20:52:00,validation,40634,40993,360,24,0.15,41008,2026-07-13 21:52:00,41023,2026-07-13 22:52:00,41053,2026-07-14 00:52:00,41113,2026-07-14 04:52:00
40994,2026-07-13 20:56:00,validation,40635,40994,360,24,0.15,41009,2026-07-13 21:56:00,41024,2026-07-13 22:56:00,41054,2026-07-14 00:56:00,41114,2026-07-14 04:56:00
40995,2026-07-13 21:00:00,validation,40636,40995,360,24,0.15,41010,2026-07-13 22:00:00,41025,2026-07-13 23:00:00,41055,2026-07-14 01:00:00,41115,2026-07-14 05:00:00
41001,2026-07-13 21:24:00,validation,40642,41001,360,24,0.15,41016,2026-07-13 22:24:00,41031,2026-07-13 23:24:00,41061,2026-07-14 01:24:00,41121,2026-07-14 05:24:00
41002,2026-07-13 21:28:00,validation,40643,41002,360,24,0.15,41017,2026-07-13 22:28:00,41032,2026-07-13 23:28:00,41062,2026-07-14 01:28:00,41122,2026-07-14 05:28:00
41003,2026-07-13 21:32:00,validation,40644,41003,360,24,0.15,41018,2026-07-13 22:32:00,41033,2026-07-13 23:32:00,41063,2026-07-14 01:32:00,41123,2026-07-14 05:32:00
41004,2026-07-13 21:36:00,validation,40645,41004,360,24,0.15,41019,2026-07-13 22:36:00,41034,2026-07-13 23:36:00,41064,2026-07-14 01:36:00,41124,2026-07-14 05:36:00
41005,2026-07-13 21:40:00,validation,40646,41005,360,24,0.15,41020,2026-07-13 22:40:00,41035,2026-07-13 23:40:00,41065,2026-07-14 01:40:00,41125,2026-07-14 05:40:00
41006,2026-07-13 21:44:00,validation,40647,41006,360,24,0.15,41021,2026-07-13 22:44:00,41036,2026-07-13 23:44:00,41066,2026-07-14 01:44:00,41126,2026-07-14 05:44:00
41007,2026-07-13 21:48:00,validation,40648,41007,360,24,0.15,41022,2026-07-13 22:48:00,41037,2026-07-13 23:48:00,41067,2026-07-14 01:48:00,41127,2026-07-14 05:48:00
41008,2026-07-13 21:52:00,validation,40649,41008,360,24,0.15,41023,2026-07-13 22:52:00,41038,2026-07-13 23:52:00,41068,2026-07-14 01:52:00,41128,2026-07-14 05:52:00
41009,2026-07-13 21:56:00,validation,40650,41009,360,24,0.15,41024,2026-07-13 22:56:00,41039,2026-07-13 23:56:00,41069,2026-07-14 01:56:00,41129,2026-07-14 05:56:00
41011,2026-07-13 22:04:00,validation,40652,41011,360,24,0.15,41026,2026-07-13 23:04:00,41041,2026-07-14 00:04:00,41071,2026-07-14 02:04:00,41131,2026-07-14 06:04:00
41012,2026-07-13 22:08:00,validation,40653,41012,360,24,0.15,41027,2026-07-13 23:08:00,41042,2026-07-14 00:08:00,41072,2026-07-14 02:08:00,41132,2026-07-14 06:08:00
41015,2026-07-13 22:20:00,validation,40656,41015,360,24,0.15,41030,2026-07-13 23:20:00,41045,2026-07-14 00:20:00,41075,2026-07-14 02:20:00,41135,2026-07-14 06:20:00
41016,2026-07-13 22:24:00,validation,40657,41016,360,24,0.15,41031,2026-07-13 23:24:00,41046,2026-07-14 00:24:00,41076,2026-07-14 02:24:00,41136,2026-07-14 06:24:00
41017,2026-07-13 22:28:00,validation,40658,41017,360,24,0.15,41032,2026-07-13 23:28:00,41047,2026-07-14 00:28:00,41077,2026-07-14 02:28:00,41137,2026-07-14 06:28:00
41018,2026-07-13 22:32:00,validation,40659,41018,360,24,0.15,41033,2026-07-13 23:32:00,41048,2026-07-14 00:32:00,41078,2026-07-14 02:32:00,41138,2026-07-14 06:32:00
41019,2026-07-13 22:36:00,validation,40660,41019,360,24,0.15,41034,2026-07-13 23:36:00,41049,2026-07-14 00:36:00,41079,2026-07-14 02:36:00,41139,2026-07-14 06:36:00
41020,2026-07-13 22:40:00,validation,40661,41020,360,24,0.15,41035,2026-07-13 23:40:00,41050,2026-07-14 00:40:00,41080,2026-07-14 02:40:00,41140,2026-07-14 06:40:00
41021,2026-07-13 22:44:00,validation,40662,41021,360,24,0.15,41036,2026-07-13 23:44:00,41051,2026-07-14 00:44:00,41081,2026-07-14 02:44:00,41141,2026-07-14 06:44:00
41022,2026-07-13 22:48:00,validation,40663,41022,360,24,0.15,41037,2026-07-13 23:48:00,41052,2026-07-14 00:48:00,41082,2026-07-14 02:48:00,41142,2026-07-14 06:48:00
41024,2026-07-13 22:56:00,validation,40665,41024,360,24,0.15,41039,2026-07-13 23:56:00,41054,2026-07-14 00:56:00,41084,2026-07-14 02:56:00,41144,2026-07-14 06:56:00
41030,2026-07-13 23:20:00,validation,40671,41030,360,24,0.15,41045,2026-07-14 00:20:00,41060,2026-07-14 01:20:00,41090,2026-07-14 03:20:00,41150,2026-07-14 07:20:00
41032,2026-07-13 23:28:00,validation,40673,41032,360,24,0.15,41047,2026-07-14 00:28:00,41062,2026-07-14 01:28:00,41092,2026-07-14 03:28:00,41152,2026-07-14 07:28:00
41033,2026-07-13 23:32:00,validation,40674,41033,360,24,0.15,41048,2026-07-14 00:32:00,41063,2026-07-14 01:32:00,41093,2026-07-14 03:32:00,41153,2026-07-14 07:32:00
41034,2026-07-13 23:36:00,validation,40675,41034,360,24,0.15,41049,2026-07-14 00:36:00,41064,2026-07-14 01:36:00,41094,2026-07-14 03:36:00,41154,2026-07-14 07:36:00
41035,2026-07-13 23:40:00,validation,40676,41035,360,24,0.15,41050,2026-07-14 00:40:00,41065,2026-07-14 01:40:00,41095,2026-07-14 03:40:00,41155,2026-07-14 07:40:00
41037,2026-07-13 23:48:00,validation,40678,41037,360,24,0.15,41052,2026-07-14 00:48:00,41067,2026-07-14 01:48:00,41097,2026-07-14 03:48:00,41157,2026-07-14 07:48:00
41039,2026-07-13 23:56:00,validation,40680,41039,360,24,0.15,41054,2026-07-14 00:56:00,41069,2026-07-14 01:56:00,41099,2026-07-14 03:56:00,41159,2026-07-14 07:56:00
41045,2026-07-14 00:20:00,validation,40686,41045,360,24,0.15,41060,2026-07-14 01:20:00,41075,2026-07-14 02:20:00,41105,2026-07-14 04:20:00,41165,2026-07-14 08:20:00
41046,2026-07-14 00:24:00,validation,40687,41046,360,24,0.15,41061,2026-07-14 01:24:00,41076,2026-07-14 02:24:00,41106,2026-07-14 04:24:00,41166,2026-07-14 08:24:00
41049,2026-07-14 00:36:00,validation,40690,41049,360,24,0.15,41064,2026-07-14 01:36:00,41079,2026-07-14 02:36:00,41109,2026-07-14 04:36:00,41169,2026-07-14 08:36:00
41050,2026-07-14 00:40:00,validation,40691,41050,360,24,0.15,41065,2026-07-14 01:40:00,41080,2026-07-14 02:40:00,41110,2026-07-14 04:40:00,41170,2026-07-14 08:40:00
41051,2026-07-14 00:44:00,validation,40692,41051,360,24,0.15,41066,2026-07-14 01:44:00,41081,2026-07-14 02:44:00,41111,2026-07-14 04:44:00,41171,2026-07-14 08:44:00
41054,2026-07-14 00:56:00,validation,40695,41054,360,24,0.15,41069,2026-07-14 01:56:00,41084,2026-07-14 02:56:00,41114,2026-07-14 04:56:00,41174,2026-07-14 08:56:00
41055,2026-07-14 01:00:00,validation,40696,41055,360,24,0.15,41070,2026-07-14 02:00:00,41085,2026-07-14 03:00:00,41115,2026-07-14 05:00:00,41175,2026-07-14 09:00:00
41057,2026-07-14 01:08:00,validation,40698,41057,360,24,0.15,41072,2026-07-14 02:08:00,41087,2026-07-14 03:08:00,41117,2026-07-14 05:08:00,41177,2026-07-14 09:08:00
41062,2026-07-14 01:28:00,validation,40703,41062,360,24,0.15,41077,2026-07-14 02:28:00,41092,2026-07-14 03:28:00,41122,2026-07-14 05:28:00,41182,2026-07-14 09:28:00
41063,2026-07-14 01:32:00,validation,40704,41063,360,24,0.15,41078,2026-07-14 02:32:00,41093,2026-07-14 03:32:00,41123,2026-07-14 05:32:00,41183,2026-07-14 09:32:00
41064,2026-07-14 01:36:00,validation,40705,41064,360,24,0.15,41079,2026-07-14 02:36:00,41094,2026-07-14 03:36:00,41124,2026-07-14 05:36:00,41184,2026-07-14 09:36:00
41065,2026-07-14 01:40:00,validation,40706,41065,360,24,0.15,41080,2026-07-14 02:40:00,41095,2026-07-14 03:40:00,41125,2026-07-14 05:40:00,41185,2026-07-14 09:40:00
41072,2026-07-14 02:08:00,validation,40713,41072,360,24,0.15,41087,2026-07-14 03:08:00,41102,2026-07-14 04:08:00,41132,2026-07-14 06:08:00,41192,2026-07-14 10:08:00
41074,2026-07-14 02:16:00,validation,40715,41074,360,24,0.15,41089,2026-07-14 03:16:00,41104,2026-07-14 04:16:00,41134,2026-07-14 06:16:00,41194,2026-07-14 10:16:00
41075,2026-07-14 02:20:00,validation,40716,41075,360,24,0.15,41090,2026-07-14 03:20:00,41105,2026-07-14 04:20:00,41135,2026-07-14 06:20:00,41195,2026-07-14 10:20:00
41077,2026-07-14 02:28:00,validation,40718,41077,360,24,0.15,41092,2026-07-14 03:28:00,41107,2026-07-14 04:28:00,41137,2026-07-14 06:28:00,41197,2026-07-14 10:28:00
41078,2026-07-14 02:32:00,validation,40719,41078,360,24,0.15,41093,2026-07-14 03:32:00,41108,2026-07-14 04:32:00,41138,2026-07-14 06:32:00,41198,2026-07-14 10:32:00
41079,2026-07-14 02:36:00,validation,40720,41079,360,24,0.15,41094,2026-07-14 03:36:00,41109,2026-07-14 04:36:00,41139,2026-07-14 06:36:00,41199,2026-07-14 10:36:00
41080,2026-07-14 02:40:00,validation,40721,41080,360,24,0.15,41095,2026-07-14 03:40:00,41110,2026-07-14 04:40:00,41140,2026-07-14 06:40:00,41200,2026-07-14 10:40:00
41084,2026-07-14 02:56:00,validation,40725,41084,360,24,0.15,41099,2026-07-14 03:56:00,41114,2026-07-14 04:56:00,41144,2026-07-14 06:56:00,41204,2026-07-14 10:56:00
41085,2026-07-14 03:00:00,validation,40726,41085,360,24,0.15,41100,2026-07-14 04:00:00,41115,2026-07-14 05:00:00,41145,2026-07-14 07:00:00,41205,2026-07-14 11:00:00
41087,2026-07-14 03:08:00,validation,40728,41087,360,24,0.15,41102,2026-07-14 04:08:00,41117,2026-07-14 05:08:00,41147,2026-07-14 07:08:00,41207,2026-07-14 11:08:00
41091,2026-07-14 03:24:00,validation,40732,41091,360,24,0.15,41106,2026-07-14 04:24:00,41121,2026-07-14 05:24:00,41151,2026-07-14 07:24:00,41211,2026-07-14 11:24:00
41092,2026-07-14 03:28:00,validation,40733,41092,360,24,0.15,41107,2026-07-14 04:28:00,41122,2026-07-14 05:28:00,41152,2026-07-14 07:28:00,41212,2026-07-14 11:28:00
41093,2026-07-14 03:32:00,validation,40734,41093,360,24,0.15,41108,2026-07-14 04:32:00,41123,2026-07-14 05:32:00,41153,2026-07-14 07:32:00,41213,2026-07-14 11:32:00
41094,2026-07-14 03:36:00,validation,40735,41094,360,24,0.15,41109,2026-07-14 04:36:00,41124,2026-07-14 05:36:00,41154,2026-07-14 07:36:00,41214,2026-07-14 11:36:00
41095,2026-07-14 03:40:00,validation,40736,41095,360,24,0.15,41110,2026-07-14 04:40:00,41125,2026-07-14 05:40:00,41155,2026-07-14 07:40:00,41215,2026-07-14 11:40:00
41096,2026-07-14 03:44:00,validation,40737,41096,360,24,0.15,41111,2026-07-14 04:44:00,41126,2026-07-14 05:44:00,41156,2026-07-14 07:44:00,41216,2026-07-14 11:44:00
41098,2026-07-14 03:52:00,validation,40739,41098,360,24,0.15,41113,2026-07-14 04:52:00,41128,2026-07-14 05:52:00,41158,2026-07-14 07:52:00,41218,2026-07-14 11:52:00
41101,2026-07-14 04:04:00,validation,40742,41101,360,24,0.15,41116,2026-07-14 05:04:00,41131,2026-07-14 06:04:00,41161,2026-07-14 08:04:00,41221,2026-07-14 12:04:00
41104,2026-07-14 04:16:00,validation,40745,41104,360,24,0.15,41119,2026-07-14 05:16:00,41134,2026-07-14 06:16:00,41164,2026-07-14 08:16:00,41224,2026-07-14 12:16:00
41109,2026-07-14 04:36:00,validation,40750,41109,360,24,0.15,41124,2026-07-14 05:36:00,41139,2026-07-14 06:36:00,41169,2026-07-14 08:36:00,41229,2026-07-14 12:36:00
41110,2026-07-14 04:40:00,validation,40751,41110,360,24,0.15,41125,2026-07-14 05:40:00,41140,2026-07-14 06:40:00,41170,2026-07-14 08:40:00,41230,2026-07-14 12:40:00
41111,2026-07-14 04:44:00,validation,40752,41111,360,24,0.15,41126,2026-07-14 05:44:00,41141,2026-07-14 06:44:00,41171,2026-07-14 08:44:00,41231,2026-07-14 12:44:00
41113,2026-07-14 04:52:00,validation,40754,41113,360,24,0.15,41128,2026-07-14 05:52:00,41143,2026-07-14 06:52:00,41173,2026-07-14 08:52:00,41233,2026-07-14 12:52:00
41115,2026-07-14 05:00:00,validation,40756,41115,360,24,0.15,41130,2026-07-14 06:00:00,41145,2026-07-14 07:00:00,41175,2026-07-14 09:00:00,41235,2026-07-14 13:00:00
41119,2026-07-14 05:16:00,validation,40760,41119,360,24,0.15,41134,2026-07-14 06:16:00,41149,2026-07-14 07:16:00,41179,2026-07-14 09:16:00,41239,2026-07-14 13:16:00
41120,2026-07-14 05:20:00,validation,40761,41120,360,24,0.15,41135,2026-07-14 06:20:00,41150,2026-07-14 07:20:00,41180,2026-07-14 09:20:00,41240,2026-07-14 13:20:00
41121,2026-07-14 05:24:00,validation,40762,41121,360,24,0.15,41136,2026-07-14 06:24:00,41151,2026-07-14 07:24:00,41181,2026-07-14 09:24:00,41241,2026-07-14 13:24:00
41122,2026-07-14 05:28:00,validation,40763,41122,360,24,0.15,41137,2026-07-14 06:28:00,41152,2026-07-14 07:28:00,41182,2026-07-14 09:28:00,41242,2026-07-14 13:28:00
41123,2026-07-14 05:32:00,validation,40764,41123,360,24,0.15,41138,2026-07-14 06:32:00,41153,2026-07-14 07:32:00,41183,2026-07-14 09:32:00,41243,2026-07-14 13:32:00
41124,2026-07-14 05:36:00,validation,40765,41124,360,24,0.15,41139,2026-07-14 06:36:00,41154,2026-07-14 07:36:00,41184,2026-07-14 09:36:00,41244,2026-07-14 13:36:00
41125,2026-07-14 05:40:00,validation,40766,41125,360,24,0.15,41140,2026-07-14 06:40:00,41155,2026-07-14 07:40:00,41185,2026-07-14 09:40:00,41245,2026-07-14 13:40:00
41128,2026-07-14 05:52:00,validation,40769,41128,360,24,0.15,41143,2026-07-14 06:52:00,41158,2026-07-14 07:52:00,41188,2026-07-14 09:52:00,41248,2026-07-14 13:52:00
41131,2026-07-14 06:04:00,validation,40772,41131,360,24,0.15,41146,2026-07-14 07:04:00,41161,2026-07-14 08:04:00,41191,2026-07-14 10:04:00,41251,2026-07-14 14:04:00
41133,2026-07-14 06:12:00,validation,40774,41133,360,24,0.15,41148,2026-07-14 07:12:00,41163,2026-07-14 08:12:00,41193,2026-07-14 10:12:00,41253,2026-07-14 14:12:00
41134,2026-07-14 06:16:00,validation,40775,41134,360,24,0.15,41149,2026-07-14 07:16:00,41164,2026-07-14 08:16:00,41194,2026-07-14 10:16:00,41254,2026-07-14 14:16:00
41135,2026-07-14 06:20:00,validation,40776,41135,360,24,0.15,41150,2026-07-14 07:20:00,41165,2026-07-14 08:20:00,41195,2026-07-14 10:20:00,41255,2026-07-14 14:20:00
41136,2026-07-14 06:24:00,validation,40777,41136,360,24,0.15,41151,2026-07-14 07:24:00,41166,2026-07-14 08:24:00,41196,2026-07-14 10:24:00,41256,2026-07-14 14:24:00
41139,2026-07-14 06:36:00,validation,40780,41139,360,24,0.15,41154,2026-07-14 07:36:00,41169,2026-07-14 08:36:00,41199,2026-07-14 10:36:00,41259,2026-07-14 14:36:00
41140,2026-07-14 06:40:00,validation,40781,41140,360,24,0.15,41155,2026-07-14 07:40:00,41170,2026-07-14 08:40:00,41200,2026-07-14 10:40:00,41260,2026-07-14 14:40:00
41141,2026-07-14 06:44:00,validation,40782,41141,360,24,0.15,41156,2026-07-14 07:44:00,41171,2026-07-14 08:44:00,41201,2026-07-14 10:44:00,41261,2026-07-14 14:44:00
41143,2026-07-14 06:52:00,validation,40784,41143,360,24,0.15,41158,2026-07-14 07:52:00,41173,2026-07-14 08:52:00,41203,2026-07-14 10:52:00,41263,2026-07-14 14:52:00
41146,2026-07-14 07:04:00,validation,40787,41146,360,24,0.15,41161,2026-07-14 08:04:00,41176,2026-07-14 09:04:00,41206,2026-07-14 11:04:00,41266,2026-07-14 15:04:00
41147,2026-07-14 07:08:00,validation,40788,41147,360,24,0.15,41162,2026-07-14 08:08:00,41177,2026-07-14 09:08:00,41207,2026-07-14 11:08:00,41267,2026-07-14 15:08:00
41151,2026-07-14 07:24:00,validation,40792,41151,360,24,0.15,41166,2026-07-14 08:24:00,41181,2026-07-14 09:24:00,41211,2026-07-14 11:24:00,41271,2026-07-14 15:24:00
41154,2026-07-14 07:36:00,validation,40795,41154,360,24,0.15,41169,2026-07-14 08:36:00,41184,2026-07-14 09:36:00,41214,2026-07-14 11:36:00,41274,2026-07-14 15:36:00
41155,2026-07-14 07:40:00,validation,40796,41155,360,24,0.15,41170,2026-07-14 08:40:00,41185,2026-07-14 09:40:00,41215,2026-07-14 11:40:00,41275,2026-07-14 15:40:00
41158,2026-07-14 07:52:00,validation,40799,41158,360,24,0.15,41173,2026-07-14 08:52:00,41188,2026-07-14 09:52:00,41218,2026-07-14 11:52:00,41278,2026-07-14 15:52:00
41165,2026-07-14 08:20:00,validation,40806,41165,360,24,0.15,41180,2026-07-14 09:20:00,41195,2026-07-14 10:20:00,41225,2026-07-14 12:20:00,41285,2026-07-14 16:20:00
41168,2026-07-14 08:32:00,validation,40809,41168,360,24,0.15,41183,2026-07-14 09:32:00,41198,2026-07-14 10:32:00,41228,2026-07-14 12:32:00,41288,2026-07-14 16:32:00
41169,2026-07-14 08:36:00,validation,40810,41169,360,24,0.15,41184,2026-07-14 09:36:00,41199,2026-07-14 10:36:00,41229,2026-07-14 12:36:00,41289,2026-07-14 16:36:00
41170,2026-07-14 08:40:00,validation,40811,41170,360,24,0.15,41185,2026-07-14 09:40:00,41200,2026-07-14 10:40:00,41230,2026-07-14 12:40:00,41290,2026-07-14 16:40:00
41171,2026-07-14 08:44:00,validation,40812,41171,360,24,0.15,41186,2026-07-14 09:44:00,41201,2026-07-14 10:44:00,41231,2026-07-14 12:44:00,41291,2026-07-14 16:44:00
41173,2026-07-14 08:52:00,validation,40814,41173,360,24,0.15,41188,2026-07-14 09:52:00,41203,2026-07-14 10:52:00,41233,2026-07-14 12:52:00,41293,2026-07-14 16:52:00
41180,2026-07-14 09:20:00,validation,40821,41180,360,24,0.15,41195,2026-07-14 10:20:00,41210,2026-07-14 11:20:00,41240,2026-07-14 13:20:00,41300,2026-07-14 17:20:00
41181,2026-07-14 09:24:00,validation,40822,41181,360,24,0.15,41196,2026-07-14 10:24:00,41211,2026-07-14 11:24:00,41241,2026-07-14 13:24:00,41301,2026-07-14 17:24:00
41182,2026-07-14 09:28:00,validation,40823,41182,360,24,0.15,41197,2026-07-14 10:28:00,41212,2026-07-14 11:28:00,41242,2026-07-14 13:28:00,41302,2026-07-14 17:28:00
41183,2026-07-14 09:32:00,validation,40824,41183,360,24,0.15,41198,2026-07-14 10:32:00,41213,2026-07-14 11:32:00,41243,2026-07-14 13:32:00,41303,2026-07-14 17:32:00
41184,2026-07-14 09:36:00,validation,40825,41184,360,24,0.15,41199,2026-07-14 10:36:00,41214,2026-07-14 11:36:00,41244,2026-07-14 13:36:00,41304,2026-07-14 17:36:00
41187,2026-07-14 09:48:00,validation,40828,41187,360,24,0.15,41202,2026-07-14 10:48:00,41217,2026-07-14 11:48:00,41247,2026-07-14 13:48:00,41307,2026-07-14 17:48:00
41188,2026-07-14 09:52:00,validation,40829,41188,360,24,0.15,41203,2026-07-14 10:52:00,41218,2026-07-14 11:52:00,41248,2026-07-14 13:52:00,41308,2026-07-14 17:52:00
41190,2026-07-14 10:00:00,validation,40831,41190,360,24,0.15,41205,2026-07-14 11:00:00,41220,2026-07-14 12:00:00,41250,2026-07-14 14:00:00,41310,2026-07-14 18:00:00
41191,2026-07-14 10:04:00,validation,40832,41191,360,24,0.15,41206,2026-07-14 11:04:00,41221,2026-07-14 12:04:00,41251,2026-07-14 14:04:00,41311,2026-07-14 18:04:00
41193,2026-07-14 10:12:00,validation,40834,41193,360,24,0.15,41208,2026-07-14 11:12:00,41223,2026-07-14 12:12:00,41253,2026-07-14 14:12:00,41313,2026-07-14 18:12:00
41195,2026-07-14 10:20:00,validation,40836,41195,360,24,0.15,41210,2026-07-14 11:20:00,41225,2026-07-14 12:20:00,41255,2026-07-14 14:20:00,41315,2026-07-14 18:20:00
41197,2026-07-14 10:28:00,validation,40838,41197,360,24,0.15,41212,2026-07-14 11:28:00,41227,2026-07-14 12:28:00,41257,2026-07-14 14:28:00,41317,2026-07-14 18:28:00
41198,2026-07-14 10:32:00,validation,40839,41198,360,24,0.15,41213,2026-07-14 11:32:00,41228,2026-07-14 12:32:00,41258,2026-07-14 14:32:00,41318,2026-07-14 18:32:00
41199,2026-07-14 10:36:00,validation,40840,41199,360,24,0.15,41214,2026-07-14 11:36:00,41229,2026-07-14 12:36:00,41259,2026-07-14 14:36:00,41319,2026-07-14 18:36:00
41200,2026-07-14 10:40:00,validation,40841,41200,360,24,0.15,41215,2026-07-14 11:40:00,41230,2026-07-14 12:40:00,41260,2026-07-14 14:40:00,41320,2026-07-14 18:40:00
41201,2026-07-14 10:44:00,validation,40842,41201,360,24,0.15,41216,2026-07-14 11:44:00,41231,2026-07-14 12:44:00,41261,2026-07-14 14:44:00,41321,2026-07-14 18:44:00
41202,2026-07-14 10:48:00,validation,40843,41202,360,24,0.15,41217,2026-07-14 11:48:00,41232,2026-07-14 12:48:00,41262,2026-07-14 14:48:00,41322,2026-07-14 18:48:00
41203,2026-07-14 10:52:00,validation,40844,41203,360,24,0.15,41218,2026-07-14 11:52:00,41233,2026-07-14 12:52:00,41263,2026-07-14 14:52:00,41323,2026-07-14 18:52:00
41205,2026-07-14 11:00:00,validation,40846,41205,360,24,0.15,41220,2026-07-14 12:00:00,41235,2026-07-14 13:00:00,41265,2026-07-14 15:00:00,41325,2026-07-14 19:00:00
41209,2026-07-14 11:16:00,validation,40850,41209,360,24,0.15,41224,2026-07-14 12:16:00,41239,2026-07-14 13:16:00,41269,2026-07-14 15:16:00,41329,2026-07-14 19:16:00
41212,2026-07-14 11:28:00,validation,40853,41212,360,24,0.15,41227,2026-07-14 12:28:00,41242,2026-07-14 13:28:00,41272,2026-07-14 15:28:00,41332,2026-07-14 19:28:00
41213,2026-07-14 11:32:00,validation,40854,41213,360,24,0.15,41228,2026-07-14 12:32:00,41243,2026-07-14 13:32:00,41273,2026-07-14 15:32:00,41333,2026-07-14 19:32:00
41214,2026-07-14 11:36:00,validation,40855,41214,360,24,0.15,41229,2026-07-14 12:36:00,41244,2026-07-14 13:36:00,41274,2026-07-14 15:36:00,41334,2026-07-14 19:36:00
41215,2026-07-14 11:40:00,validation,40856,41215,360,24,0.15,41230,2026-07-14 12:40:00,41245,2026-07-14 13:40:00,41275,2026-07-14 15:40:00,41335,2026-07-14 19:40:00
41218,2026-07-14 11:52:00,validation,40859,41218,360,24,0.15,41233,2026-07-14 12:52:00,41248,2026-07-14 13:52:00,41278,2026-07-14 15:52:00,41338,2026-07-14 19:52:00
41220,2026-07-14 12:00:00,validation,40861,41220,360,24,0.15,41235,2026-07-14 13:00:00,41250,2026-07-14 14:00:00,41280,2026-07-14 16:00:00,41340,2026-07-14 20:00:00
41225,2026-07-14 12:20:00,validation,40866,41225,360,24,0.15,41240,2026-07-14 13:20:00,41255,2026-07-14 14:20:00,41285,2026-07-14 16:20:00,41345,2026-07-14 20:20:00
41228,2026-07-14 12:32:00,validation,40869,41228,360,24,0.15,41243,2026-07-14 13:32:00,41258,2026-07-14 14:32:00,41288,2026-07-14 16:32:00,41348,2026-07-14 20:32:00
41229,2026-07-14 12:36:00,validation,40870,41229,360,24,0.15,41244,2026-07-14 13:36:00,41259,2026-07-14 14:36:00,41289,2026-07-14 16:36:00,41349,2026-07-14 20:36:00
41230,2026-07-14 12:40:00,validation,40871,41230,360,24,0.15,41245,2026-07-14 13:40:00,41260,2026-07-14 14:40:00,41290,2026-07-14 16:40:00,41350,2026-07-14 20:40:00
41232,2026-07-14 12:48:00,validation,40873,41232,360,24,0.15,41247,2026-07-14 13:48:00,41262,2026-07-14 14:48:00,41292,2026-07-14 16:48:00,41352,2026-07-14 20:48:00
41235,2026-07-14 13:00:00,validation,40876,41235,360,24,0.15,41250,2026-07-14 14:00:00,41265,2026-07-14 15:00:00,41295,2026-07-14 17:00:00,41355,2026-07-14 21:00:00
41236,2026-07-14 13:04:00,validation,40877,41236,360,24,0.15,41251,2026-07-14 14:04:00,41266,2026-07-14 15:04:00,41296,2026-07-14 17:04:00,41356,2026-07-14 21:04:00
41239,2026-07-14 13:16:00,validation,40880,41239,360,24,0.15,41254,2026-07-14 14:16:00,41269,2026-07-14 15:16:00,41299,2026-07-14 17:16:00,41359,2026-07-14 21:16:00
41243,2026-07-14 13:32:00,validation,40884,41243,360,24,0.15,41258,2026-07-14 14:32:00,41273,2026-07-14 15:32:00,41303,2026-07-14 17:32:00,41363,2026-07-14 21:32:00
41244,2026-07-14 13:36:00,validation,40885,41244,360,24,0.15,41259,2026-07-14 14:36:00,41274,2026-07-14 15:36:00,41304,2026-07-14 17:36:00,41364,2026-07-14 21:36:00
41248,2026-07-14 13:52:00,validation,40889,41248,360,24,0.15,41263,2026-07-14 14:52:00,41278,2026-07-14 15:52:00,41308,2026-07-14 17:52:00,41368,2026-07-14 21:52:00
41250,2026-07-14 14:00:00,validation,40891,41250,360,24,0.15,41265,2026-07-14 15:00:00,41280,2026-07-14 16:00:00,41310,2026-07-14 18:00:00,41370,2026-07-14 22:00:00
41253,2026-07-14 14:12:00,validation,40894,41253,360,24,0.15,41268,2026-07-14 15:12:00,41283,2026-07-14 16:12:00,41313,2026-07-14 18:12:00,41373,2026-07-14 22:12:00
41258,2026-07-14 14:32:00,validation,40899,41258,360,24,0.15,41273,2026-07-14 15:32:00,41288,2026-07-14 16:32:00,41318,2026-07-14 18:32:00,41378,2026-07-14 22:32:00
41259,2026-07-14 14:36:00,validation,40900,41259,360,24,0.15,41274,2026-07-14 15:36:00,41289,2026-07-14 16:36:00,41319,2026-07-14 18:36:00,41379,2026-07-14 22:36:00
41260,2026-07-14 14:40:00,validation,40901,41260,360,24,0.15,41275,2026-07-14 15:40:00,41290,2026-07-14 16:40:00,41320,2026-07-14 18:40:00,41380,2026-07-14 22:40:00
41263,2026-07-14 14:52:00,validation,40904,41263,360,24,0.15,41278,2026-07-14 15:52:00,41293,2026-07-14 16:52:00,41323,2026-07-14 18:52:00,41383,2026-07-14 22:52:00
41264,2026-07-14 14:56:00,validation,40905,41264,360,24,0.15,41279,2026-07-14 15:56:00,41294,2026-07-14 16:56:00,41324,2026-07-14 18:56:00,41384,2026-07-14 22:56:00
41265,2026-07-14 15:00:00,validation,40906,41265,360,24,0.15,41280,2026-07-14 16:00:00,41295,2026-07-14 17:00:00,41325,2026-07-14 19:00:00,41385,2026-07-14 23:00:00
41274,2026-07-14 15:36:00,validation,40915,41274,360,24,0.15,41289,2026-07-14 16:36:00,41304,2026-07-14 17:36:00,41334,2026-07-14 19:36:00,41394,2026-07-14 23:36:00
41276,2026-07-14 15:44:00,validation,40917,41276,360,24,0.15,41291,2026-07-14 16:44:00,41306,2026-07-14 17:44:00,41336,2026-07-14 19:44:00,41396,2026-07-14 23:44:00
41278,2026-07-14 15:52:00,validation,40919,41278,360,24,0.15,41293,2026-07-14 16:52:00,41308,2026-07-14 17:52:00,41338,2026-07-14 19:52:00,41398,2026-07-14 23:52:00
41280,2026-07-14 16:00:00,validation,40921,41280,360,24,0.15,41295,2026-07-14 17:00:00,41310,2026-07-14 18:00:00,41340,2026-07-14 20:00:00,41400,2026-07-15 00:00:00
41281,2026-07-14 16:04:00,validation,40922,41281,360,24,0.15,41296,2026-07-14 17:04:00,41311,2026-07-14 18:04:00,41341,2026-07-14 20:04:00,41401,2026-07-15 00:04:00
41285,2026-07-14 16:20:00,validation,40926,41285,360,24,0.15,41300,2026-07-14 17:20:00,41315,2026-07-14 18:20:00,41345,2026-07-14 20:20:00,41405,2026-07-15 00:20:00
41287,2026-07-14 16:28:00,validation,40928,41287,360,24,0.15,41302,2026-07-14 17:28:00,41317,2026-07-14 18:28:00,41347,2026-07-14 20:28:00,41407,2026-07-15 00:28:00
41288,2026-07-14 16:32:00,validation,40929,41288,360,24,0.15,41303,2026-07-14 17:32:00,41318,2026-07-14 18:32:00,41348,2026-07-14 20:32:00,41408,2026-07-15 00:32:00
41289,2026-07-14 16:36:00,validation,40930,41289,360,24,0.15,41304,2026-07-14 17:36:00,41319,2026-07-14 18:36:00,41349,2026-07-14 20:36:00,41409,2026-07-15 00:36:00
41292,2026-07-14 16:48:00,validation,40933,41292,360,24,0.15,41307,2026-07-14 17:48:00,41322,2026-07-14 18:48:00,41352,2026-07-14 20:48:00,41412,2026-07-15 00:48:00
41294,2026-07-14 16:56:00,validation,40935,41294,360,24,0.15,41309,2026-07-14 17:56:00,41324,2026-07-14 18:56:00,41354,2026-07-14 20:56:00,41414,2026-07-15 00:56:00
41296,2026-07-14 17:04:00,validation,40937,41296,360,24,0.15,41311,2026-07-14 18:04:00,41326,2026-07-14 19:04:00,41356,2026-07-14 21:04:00,41416,2026-07-15 01:04:00
41299,2026-07-14 17:16:00,validation,40940,41299,360,24,0.15,41314,2026-07-14 18:16:00,41329,2026-07-14 19:16:00,41359,2026-07-14 21:16:00,41419,2026-07-15 01:16:00
41305,2026-07-14 17:40:00,validation,40946,41305,360,24,0.15,41320,2026-07-14 18:40:00,41335,2026-07-14 19:40:00,41365,2026-07-14 21:40:00,41425,2026-07-15 01:40:00
41306,2026-07-14 17:44:00,validation,40947,41306,360,24,0.15,41321,2026-07-14 18:44:00,41336,2026-07-14 19:44:00,41366,2026-07-14 21:44:00,41426,2026-07-15 01:44:00
41308,2026-07-14 17:52:00,validation,40949,41308,360,24,0.15,41323,2026-07-14 18:52:00,41338,2026-07-14 19:52:00,41368,2026-07-14 21:52:00,41428,2026-07-15 01:52:00
41310,2026-07-14 18:00:00,validation,40951,41310,360,24,0.15,41325,2026-07-14 19:00:00,41340,2026-07-14 20:00:00,41370,2026-07-14 22:00:00,41430,2026-07-15 02:00:00
41311,2026-07-14 18:04:00,validation,40952,41311,360,24,0.15,41326,2026-07-14 19:04:00,41341,2026-07-14 20:04:00,41371,2026-07-14 22:04:00,41431,2026-07-15 02:04:00
41313,2026-07-14 18:12:00,validation,40954,41313,360,24,0.15,41328,2026-07-14 19:12:00,41343,2026-07-14 20:12:00,41373,2026-07-14 22:12:00,41433,2026-07-15 02:12:00
41317,2026-07-14 18:28:00,validation,40958,41317,360,24,0.15,41332,2026-07-14 19:28:00,41347,2026-07-14 20:28:00,41377,2026-07-14 22:28:00,41437,2026-07-15 02:28:00
41318,2026-07-14 18:32:00,validation,40959,41318,360,24,0.15,41333,2026-07-14 19:32:00,41348,2026-07-14 20:32:00,41378,2026-07-14 22:32:00,41438,2026-07-15 02:32:00
41319,2026-07-14 18:36:00,validation,40960,41319,360,24,0.15,41334,2026-07-14 19:36:00,41349,2026-07-14 20:36:00,41379,2026-07-14 22:36:00,41439,2026-07-15 02:36:00
41320,2026-07-14 18:40:00,validation,40961,41320,360,24,0.15,41335,2026-07-14 19:40:00,41350,2026-07-14 20:40:00,41380,2026-07-14 22:40:00,41440,2026-07-15 02:40:00
41325,2026-07-14 19:00:00,validation,40966,41325,360,24,0.15,41340,2026-07-14 20:00:00,41355,2026-07-14 21:00:00,41385,2026-07-14 23:00:00,41445,2026-07-15 03:00:00
41330,2026-07-14 19:20:00,validation,40971,41330,360,24,0.15,41345,2026-07-14 20:20:00,41360,2026-07-14 21:20:00,41390,2026-07-14 23:20:00,41450,2026-07-15 03:20:00
41609,2026-07-15 13:56:00,validation,41250,41609,360,24,0.15,41624,2026-07-15 14:56:00,41639,2026-07-15 15:56:00,41669,2026-07-15 17:56:00,41729,2026-07-15 21:56:00
41610,2026-07-15 14:00:00,validation,41251,41610,360,24,0.15,41625,2026-07-15 15:00:00,41640,2026-07-15 16:00:00,41670,2026-07-15 18:00:00,41730,2026-07-15 22:00:00
41615,2026-07-15 14:20:00,validation,41256,41615,360,24,0.15,41630,2026-07-15 15:20:00,41645,2026-07-15 16:20:00,41675,2026-07-15 18:20:00,41735,2026-07-15 22:20:00
41617,2026-07-15 14:28:00,validation,41258,41617,360,24,0.15,41632,2026-07-15 15:28:00,41647,2026-07-15 16:28:00,41677,2026-07-15 18:28:00,41737,2026-07-15 22:28:00
41624,2026-07-15 14:56:00,validation,41265,41624,360,24,0.15,41639,2026-07-15 15:56:00,41654,2026-07-15 16:56:00,41684,2026-07-15 18:56:00,41744,2026-07-15 22:56:00
41625,2026-07-15 15:00:00,validation,41266,41625,360,24,0.15,41640,2026-07-15 16:00:00,41655,2026-07-15 17:00:00,41685,2026-07-15 19:00:00,41745,2026-07-15 23:00:00
41626,2026-07-15 15:04:00,validation,41267,41626,360,24,0.15,41641,2026-07-15 16:04:00,41656,2026-07-15 17:04:00,41686,2026-07-15 19:04:00,41746,2026-07-15 23:04:00
41630,2026-07-15 15:20:00,validation,41271,41630,360,24,0.15,41645,2026-07-15 16:20:00,41660,2026-07-15 17:20:00,41690,2026-07-15 19:20:00,41750,2026-07-15 23:20:00
41631,2026-07-15 15:24:00,validation,41272,41631,360,24,0.15,41646,2026-07-15 16:24:00,41661,2026-07-15 17:24:00,41691,2026-07-15 19:24:00,41751,2026-07-15 23:24:00
41632,2026-07-15 15:28:00,validation,41273,41632,360,24,0.15,41647,2026-07-15 16:28:00,41662,2026-07-15 17:28:00,41692,2026-07-15 19:28:00,41752,2026-07-15 23:28:00
41637,2026-07-15 15:48:00,validation,41278,41637,360,24,0.15,41652,2026-07-15 16:48:00,41667,2026-07-15 17:48:00,41697,2026-07-15 19:48:00,41757,2026-07-15 23:48:00
41643,2026-07-15 16:12:00,validation,41284,41643,360,24,0.15,41658,2026-07-15 17:12:00,41673,2026-07-15 18:12:00,41703,2026-07-15 20:12:00,41763,2026-07-16 00:12:00
41647,2026-07-15 16:28:00,validation,41288,41647,360,24,0.15,41662,2026-07-15 17:28:00,41677,2026-07-15 18:28:00,41707,2026-07-15 20:28:00,41767,2026-07-16 00:28:00
41649,2026-07-15 16:36:00,validation,41290,41649,360,24,0.15,41664,2026-07-15 17:36:00,41679,2026-07-15 18:36:00,41709,2026-07-15 20:36:00,41769,2026-07-16 00:36:00
41652,2026-07-15 16:48:00,validation,41293,41652,360,24,0.15,41667,2026-07-15 17:48:00,41682,2026-07-15 18:48:00,41712,2026-07-15 20:48:00,41772,2026-07-16 00:48:00
41654,2026-07-15 16:56:00,validation,41295,41654,360,24,0.15,41669,2026-07-15 17:56:00,41684,2026-07-15 18:56:00,41714,2026-07-15 20:56:00,41774,2026-07-16 00:56:00
41655,2026-07-15 17:00:00,validation,41296,41655,360,24,0.15,41670,2026-07-15 18:00:00,41685,2026-07-15 19:00:00,41715,2026-07-15 21:00:00,41775,2026-07-16 01:00:00
41662,2026-07-15 17:28:00,validation,41303,41662,360,24,0.15,41677,2026-07-15 18:28:00,41692,2026-07-15 19:28:00,41722,2026-07-15 21:28:00,41782,2026-07-16 01:28:00
41664,2026-07-15 17:36:00,validation,41305,41664,360,24,0.15,41679,2026-07-15 18:36:00,41694,2026-07-15 19:36:00,41724,2026-07-15 21:36:00,41784,2026-07-16 01:36:00
41665,2026-07-15 17:40:00,validation,41306,41665,360,24,0.15,41680,2026-07-15 18:40:00,41695,2026-07-15 19:40:00,41725,2026-07-15 21:40:00,41785,2026-07-16 01:40:00
41667,2026-07-15 17:48:00,validation,41308,41667,360,24,0.15,41682,2026-07-15 18:48:00,41697,2026-07-15 19:48:00,41727,2026-07-15 21:48:00,41787,2026-07-16 01:48:00
41668,2026-07-15 17:52:00,validation,41309,41668,360,24,0.15,41683,2026-07-15 18:52:00,41698,2026-07-15 19:52:00,41728,2026-07-15 21:52:00,41788,2026-07-16 01:52:00
41670,2026-07-15 18:00:00,validation,41311,41670,360,24,0.15,41685,2026-07-15 19:00:00,41700,2026-07-15 20:00:00,41730,2026-07-15 22:00:00,41790,2026-07-16 02:00:00
41677,2026-07-15 18:28:00,validation,41318,41677,360,24,0.15,41692,2026-07-15 19:28:00,41707,2026-07-15 20:28:00,41737,2026-07-15 22:28:00,41797,2026-07-16 02:28:00
41678,2026-07-15 18:32:00,validation,41319,41678,360,24,0.15,41693,2026-07-15 19:32:00,41708,2026-07-15 20:32:00,41738,2026-07-15 22:32:00,41798,2026-07-16 02:32:00
41681,2026-07-15 18:44:00,validation,41322,41681,360,24,0.15,41696,2026-07-15 19:44:00,41711,2026-07-15 20:44:00,41741,2026-07-15 22:44:00,41801,2026-07-16 02:44:00
41682,2026-07-15 18:48:00,validation,41323,41682,360,24,0.15,41697,2026-07-15 19:48:00,41712,2026-07-15 20:48:00,41742,2026-07-15 22:48:00,41802,2026-07-16 02:48:00
41685,2026-07-15 19:00:00,validation,41326,41685,360,24,0.15,41700,2026-07-15 20:00:00,41715,2026-07-15 21:00:00,41745,2026-07-15 23:00:00,41805,2026-07-16 03:00:00
41687,2026-07-15 19:08:00,validation,41328,41687,360,24,0.15,41702,2026-07-15 20:08:00,41717,2026-07-15 21:08:00,41747,2026-07-15 23:08:00,41807,2026-07-16 03:08:00
41689,2026-07-15 19:16:00,validation,41330,41689,360,24,0.15,41704,2026-07-15 20:16:00,41719,2026-07-15 21:16:00,41749,2026-07-15 23:16:00,41809,2026-07-16 03:16:00
41691,2026-07-15 19:24:00,validation,41332,41691,360,24,0.15,41706,2026-07-15 20:24:00,41721,2026-07-15 21:24:00,41751,2026-07-15 23:24:00,41811,2026-07-16 03:24:00
41692,2026-07-15 19:28:00,validation,41333,41692,360,24,0.15,41707,2026-07-15 20:28:00,41722,2026-07-15 21:28:00,41752,2026-07-15 23:28:00,41812,2026-07-16 03:28:00
41697,2026-07-15 19:48:00,validation,41338,41697,360,24,0.15,41712,2026-07-15 20:48:00,41727,2026-07-15 21:48:00,41757,2026-07-15 23:48:00,41817,2026-07-16 03:48:00
41704,2026-07-15 20:16:00,validation,41345,41704,360,24,0.15,41719,2026-07-15 21:16:00,41734,2026-07-15 22:16:00,41764,2026-07-16 00:16:00,41824,2026-07-16 04:16:00
41707,2026-07-15 20:28:00,validation,41348,41707,360,24,0.15,41722,2026-07-15 21:28:00,41737,2026-07-15 22:28:00,41767,2026-07-16 00:28:00,41827,2026-07-16 04:28:00
41708,2026-07-15 20:32:00,validation,41349,41708,360,24,0.15,41723,2026-07-15 21:32:00,41738,2026-07-15 22:32:00,41768,2026-07-16 00:32:00,41828,2026-07-16 04:32:00
41709,2026-07-15 20:36:00,validation,41350,41709,360,24,0.15,41724,2026-07-15 21:36:00,41739,2026-07-15 22:36:00,41769,2026-07-16 00:36:00,41829,2026-07-16 04:36:00
41714,2026-07-15 20:56:00,validation,41355,41714,360,24,0.15,41729,2026-07-15 21:56:00,41744,2026-07-15 22:56:00,41774,2026-07-16 00:56:00,41834,2026-07-16 04:56:00
41715,2026-07-15 21:00:00,validation,41356,41715,360,24,0.15,41730,2026-07-15 22:00:00,41745,2026-07-15 23:00:00,41775,2026-07-16 01:00:00,41835,2026-07-16 05:00:00
41719,2026-07-15 21:16:00,validation,41360,41719,360,24,0.15,41734,2026-07-15 22:16:00,41749,2026-07-15 23:16:00,41779,2026-07-16 01:16:00,41839,2026-07-16 05:16:00
41722,2026-07-15 21:28:00,validation,41363,41722,360,24,0.15,41737,2026-07-15 22:28:00,41752,2026-07-15 23:28:00,41782,2026-07-16 01:28:00,41842,2026-07-16 05:28:00
41727,2026-07-15 21:48:00,validation,41368,41727,360,24,0.15,41742,2026-07-15 22:48:00,41757,2026-07-15 23:48:00,41787,2026-07-16 01:48:00,41847,2026-07-16 05:48:00
41735,2026-07-15 22:20:00,validation,41376,41735,360,24,0.15,41750,2026-07-15 23:20:00,41765,2026-07-16 00:20:00,41795,2026-07-16 02:20:00,41855,2026-07-16 06:20:00
41737,2026-07-15 22:28:00,validation,41378,41737,360,24,0.15,41752,2026-07-15 23:28:00,41767,2026-07-16 00:28:00,41797,2026-07-16 02:28:00,41857,2026-07-16 06:28:00
41742,2026-07-15 22:48:00,validation,41383,41742,360,24,0.15,41757,2026-07-15 23:48:00,41772,2026-07-16 00:48:00,41802,2026-07-16 02:48:00,41862,2026-07-16 06:48:00
41747,2026-07-15 23:08:00,validation,41388,41747,360,24,0.15,41762,2026-07-16 00:08:00,41777,2026-07-16 01:08:00,41807,2026-07-16 03:08:00,41867,2026-07-16 07:08:00
41752,2026-07-15 23:28:00,validation,41393,41752,360,24,0.15,41767,2026-07-16 00:28:00,41782,2026-07-16 01:28:00,41812,2026-07-16 03:28:00,41872,2026-07-16 07:28:00
42163,2026-07-17 02:52:00,validation,41804,42163,360,24,0.15,42178,2026-07-17 03:52:00,42193,2026-07-17 04:52:00,42223,2026-07-17 06:52:00,42283,2026-07-17 10:52:00
42165,2026-07-17 03:00:00,validation,41806,42165,360,24,0.15,42180,2026-07-17 04:00:00,42195,2026-07-17 05:00:00,42225,2026-07-17 07:00:00,42285,2026-07-17 11:00:00
42166,2026-07-17 03:04:00,validation,41807,42166,360,24,0.15,42181,2026-07-17 04:04:00,42196,2026-07-17 05:04:00,42226,2026-07-17 07:04:00,42286,2026-07-17 11:04:00
42169,2026-07-17 03:16:00,validation,41810,42169,360,24,0.15,42184,2026-07-17 04:16:00,42199,2026-07-17 05:16:00,42229,2026-07-17 07:16:00,42289,2026-07-17 11:16:00
42170,2026-07-17 03:20:00,validation,41811,42170,360,24,0.15,42185,2026-07-17 04:20:00,42200,2026-07-17 05:20:00,42230,2026-07-17 07:20:00,42290,2026-07-17 11:20:00
42172,2026-07-17 03:28:00,validation,41813,42172,360,24,0.15,42187,2026-07-17 04:28:00,42202,2026-07-17 05:28:00,42232,2026-07-17 07:28:00,42292,2026-07-17 11:28:00
42173,2026-07-17 03:32:00,validation,41814,42173,360,24,0.15,42188,2026-07-17 04:32:00,42203,2026-07-17 05:32:00,42233,2026-07-17 07:32:00,42293,2026-07-17 11:32:00
42174,2026-07-17 03:36:00,validation,41815,42174,360,24,0.15,42189,2026-07-17 04:36:00,42204,2026-07-17 05:36:00,42234,2026-07-17 07:36:00,42294,2026-07-17 11:36:00
42175,2026-07-17 03:40:00,validation,41816,42175,360,24,0.15,42190,2026-07-17 04:40:00,42205,2026-07-17 05:40:00,42235,2026-07-17 07:40:00,42295,2026-07-17 11:40:00
42177,2026-07-17 03:48:00,validation,41818,42177,360,24,0.15,42192,2026-07-17 04:48:00,42207,2026-07-17 05:48:00,42237,2026-07-17 07:48:00,42297,2026-07-17 11:48:00
42178,2026-07-17 03:52:00,validation,41819,42178,360,24,0.15,42193,2026-07-17 04:52:00,42208,2026-07-17 05:52:00,42238,2026-07-17 07:52:00,42298,2026-07-17 11:52:00
42180,2026-07-17 04:00:00,validation,41821,42180,360,24,0.15,42195,2026-07-17 05:00:00,42210,2026-07-17 06:00:00,42240,2026-07-17 08:00:00,42300,2026-07-17 12:00:00
42193,2026-07-17 04:52:00,validation,41834,42193,360,24,0.15,42208,2026-07-17 05:52:00,42223,2026-07-17 06:52:00,42253,2026-07-17 08:52:00,42313,2026-07-17 12:52:00
42197,2026-07-17 05:08:00,validation,41838,42197,360,24,0.15,42212,2026-07-17 06:08:00,42227,2026-07-17 07:08:00,42257,2026-07-17 09:08:00,42317,2026-07-17 13:08:00
42198,2026-07-17 05:12:00,validation,41839,42198,360,24,0.15,42213,2026-07-17 06:12:00,42228,2026-07-17 07:12:00,42258,2026-07-17 09:12:00,42318,2026-07-17 13:12:00
42201,2026-07-17 05:24:00,validation,41842,42201,360,24,0.15,42216,2026-07-17 06:24:00,42231,2026-07-17 07:24:00,42261,2026-07-17 09:24:00,42321,2026-07-17 13:24:00
42203,2026-07-17 05:32:00,validation,41844,42203,360,24,0.15,42218,2026-07-17 06:32:00,42233,2026-07-17 07:32:00,42263,2026-07-17 09:32:00,42323,2026-07-17 13:32:00
42204,2026-07-17 05:36:00,validation,41845,42204,360,24,0.15,42219,2026-07-17 06:36:00,42234,2026-07-17 07:36:00,42264,2026-07-17 09:36:00,42324,2026-07-17 13:36:00
42205,2026-07-17 05:40:00,validation,41846,42205,360,24,0.15,42220,2026-07-17 06:40:00,42235,2026-07-17 07:40:00,42265,2026-07-17 09:40:00,42325,2026-07-17 13:40:00
42210,2026-07-17 06:00:00,validation,41851,42210,360,24,0.15,42225,2026-07-17 07:00:00,42240,2026-07-17 08:00:00,42270,2026-07-17 10:00:00,42330,2026-07-17 14:00:00
42211,2026-07-17 06:04:00,validation,41852,42211,360,24,0.15,42226,2026-07-17 07:04:00,42241,2026-07-17 08:04:00,42271,2026-07-17 10:04:00,42331,2026-07-17 14:04:00
42213,2026-07-17 06:12:00,validation,41854,42213,360,24,0.15,42228,2026-07-17 07:12:00,42243,2026-07-17 08:12:00,42273,2026-07-17 10:12:00,42333,2026-07-17 14:12:00
42214,2026-07-17 06:16:00,validation,41855,42214,360,24,0.15,42229,2026-07-17 07:16:00,42244,2026-07-17 08:16:00,42274,2026-07-17 10:16:00,42334,2026-07-17 14:16:00
42215,2026-07-17 06:20:00,validation,41856,42215,360,24,0.15,42230,2026-07-17 07:20:00,42245,2026-07-17 08:20:00,42275,2026-07-17 10:20:00,42335,2026-07-17 14:20:00
42216,2026-07-17 06:24:00,validation,41857,42216,360,24,0.15,42231,2026-07-17 07:24:00,42246,2026-07-17 08:24:00,42276,2026-07-17 10:24:00,42336,2026-07-17 14:24:00
42217,2026-07-17 06:28:00,validation,41858,42217,360,24,0.15,42232,2026-07-17 07:28:00,42247,2026-07-17 08:28:00,42277,2026-07-17 10:28:00,42337,2026-07-17 14:28:00
42218,2026-07-17 06:32:00,validation,41859,42218,360,24,0.15,42233,2026-07-17 07:32:00,42248,2026-07-17 08:32:00,42278,2026-07-17 10:32:00,42338,2026-07-17 14:32:00
42223,2026-07-17 06:52:00,validation,41864,42223,360,24,0.15,42238,2026-07-17 07:52:00,42253,2026-07-17 08:52:00,42283,2026-07-17 10:52:00,42343,2026-07-17 14:52:00
42224,2026-07-17 06:56:00,validation,41865,42224,360,24,0.15,42239,2026-07-17 07:56:00,42254,2026-07-17 08:56:00,42284,2026-07-17 10:56:00,42344,2026-07-17 14:56:00
42225,2026-07-17 07:00:00,validation,41866,42225,360,24,0.15,42240,2026-07-17 08:00:00,42255,2026-07-17 09:00:00,42285,2026-07-17 11:00:00,42345,2026-07-17 15:00:00
42226,2026-07-17 07:04:00,validation,41867,42226,360,24,0.15,42241,2026-07-17 08:04:00,42256,2026-07-17 09:04:00,42286,2026-07-17 11:04:00,42346,2026-07-17 15:04:00
42227,2026-07-17 07:08:00,validation,41868,42227,360,24,0.15,42242,2026-07-17 08:08:00,42257,2026-07-17 09:08:00,42287,2026-07-17 11:08:00,42347,2026-07-17 15:08:00
42228,2026-07-17 07:12:00,validation,41869,42228,360,24,0.15,42243,2026-07-17 08:12:00,42258,2026-07-17 09:12:00,42288,2026-07-17 11:12:00,42348,2026-07-17 15:12:00
42229,2026-07-17 07:16:00,validation,41870,42229,360,24,0.15,42244,2026-07-17 08:16:00,42259,2026-07-17 09:16:00,42289,2026-07-17 11:16:00,42349,2026-07-17 15:16:00
42230,2026-07-17 07:20:00,validation,41871,42230,360,24,0.15,42245,2026-07-17 08:20:00,42260,2026-07-17 09:20:00,42290,2026-07-17 11:20:00,42350,2026-07-17 15:20:00
42234,2026-07-17 07:36:00,validation,41875,42234,360,24,0.15,42249,2026-07-17 08:36:00,42264,2026-07-17 09:36:00,42294,2026-07-17 11:36:00,42354,2026-07-17 15:36:00
42239,2026-07-17 07:56:00,validation,41880,42239,360,24,0.15,42254,2026-07-17 08:56:00,42269,2026-07-17 09:56:00,42299,2026-07-17 11:56:00,42359,2026-07-17 15:56:00
42241,2026-07-17 08:04:00,validation,41882,42241,360,24,0.15,42256,2026-07-17 09:04:00,42271,2026-07-17 10:04:00,42301,2026-07-17 12:04:00,42361,2026-07-17 16:04:00
42243,2026-07-17 08:12:00,validation,41884,42243,360,24,0.15,42258,2026-07-17 09:12:00,42273,2026-07-17 10:12:00,42303,2026-07-17 12:12:00,42363,2026-07-17 16:12:00
42244,2026-07-17 08:16:00,validation,41885,42244,360,24,0.15,42259,2026-07-17 09:16:00,42274,2026-07-17 10:16:00,42304,2026-07-17 12:16:00,42364,2026-07-17 16:16:00
42245,2026-07-17 08:20:00,validation,41886,42245,360,24,0.15,42260,2026-07-17 09:20:00,42275,2026-07-17 10:20:00,42305,2026-07-17 12:20:00,42365,2026-07-17 16:20:00
42246,2026-07-17 08:24:00,validation,41887,42246,360,24,0.15,42261,2026-07-17 09:24:00,42276,2026-07-17 10:24:00,42306,2026-07-17 12:24:00,42366,2026-07-17 16:24:00
42250,2026-07-17 08:40:00,validation,41891,42250,360,24,0.15,42265,2026-07-17 09:40:00,42280,2026-07-17 10:40:00,42310,2026-07-17 12:40:00,42370,2026-07-17 16:40:00
42252,2026-07-17 08:48:00,validation,41893,42252,360,24,0.15,42267,2026-07-17 09:48:00,42282,2026-07-17 10:48:00,42312,2026-07-17 12:48:00,42372,2026-07-17 16:48:00
42257,2026-07-17 09:08:00,validation,41898,42257,360,24,0.15,42272,2026-07-17 10:08:00,42287,2026-07-17 11:08:00,42317,2026-07-17 13:08:00,42377,2026-07-17 17:08:00
42258,2026-07-17 09:12:00,validation,41899,42258,360,24,0.15,42273,2026-07-17 10:12:00,42288,2026-07-17 11:12:00,42318,2026-07-17 13:12:00,42378,2026-07-17 17:12:00
42261,2026-07-17 09:24:00,validation,41902,42261,360,24,0.15,42276,2026-07-17 10:24:00,42291,2026-07-17 11:24:00,42321,2026-07-17 13:24:00,42381,2026-07-17 17:24:00
42262,2026-07-17 09:28:00,validation,41903,42262,360,24,0.15,42277,2026-07-17 10:28:00,42292,2026-07-17 11:28:00,42322,2026-07-17 13:28:00,42382,2026-07-17 17:28:00
42263,2026-07-17 09:32:00,validation,41904,42263,360,24,0.15,42278,2026-07-17 10:32:00,42293,2026-07-17 11:32:00,42323,2026-07-17 13:32:00,42383,2026-07-17 17:32:00
42265,2026-07-17 09:40:00,validation,41906,42265,360,24,0.15,42280,2026-07-17 10:40:00,42295,2026-07-17 11:40:00,42325,2026-07-17 13:40:00,42385,2026-07-17 17:40:00
42267,2026-07-17 09:48:00,validation,41908,42267,360,24,0.15,42282,2026-07-17 10:48:00,42297,2026-07-17 11:48:00,42327,2026-07-17 13:48:00,42387,2026-07-17 17:48:00
42270,2026-07-17 10:00:00,validation,41911,42270,360,24,0.15,42285,2026-07-17 11:00:00,42300,2026-07-17 12:00:00,42330,2026-07-17 14:00:00,42390,2026-07-17 18:00:00
42271,2026-07-17 10:04:00,validation,41912,42271,360,24,0.15,42286,2026-07-17 11:04:00,42301,2026-07-17 12:04:00,42331,2026-07-17 14:04:00,42391,2026-07-17 18:04:00
42273,2026-07-17 10:12:00,validation,41914,42273,360,24,0.15,42288,2026-07-17 11:12:00,42303,2026-07-17 12:12:00,42333,2026-07-17 14:12:00,42393,2026-07-17 18:12:00
42274,2026-07-17 10:16:00,validation,41915,42274,360,24,0.15,42289,2026-07-17 11:16:00,42304,2026-07-17 12:16:00,42334,2026-07-17 14:16:00,42394,2026-07-17 18:16:00
42276,2026-07-17 10:24:00,validation,41917,42276,360,24,0.15,42291,2026-07-17 11:24:00,42306,2026-07-17 12:24:00,42336,2026-07-17 14:24:00,42396,2026-07-17 18:24:00
42277,2026-07-17 10:28:00,validation,41918,42277,360,24,0.15,42292,2026-07-17 11:28:00,42307,2026-07-17 12:28:00,42337,2026-07-17 14:28:00,42397,2026-07-17 18:28:00
42278,2026-07-17 10:32:00,validation,41919,42278,360,24,0.15,42293,2026-07-17 11:32:00,42308,2026-07-17 12:32:00,42338,2026-07-17 14:32:00,42398,2026-07-17 18:32:00
42282,2026-07-17 10:48:00,validation,41923,42282,360,24,0.15,42297,2026-07-17 11:48:00,42312,2026-07-17 12:48:00,42342,2026-07-17 14:48:00,42402,2026-07-17 18:48:00
42283,2026-07-17 10:52:00,validation,41924,42283,360,24,0.15,42298,2026-07-17 11:52:00,42313,2026-07-17 12:52:00,42343,2026-07-17 14:52:00,42403,2026-07-17 18:52:00
42288,2026-07-17 11:12:00,validation,41929,42288,360,24,0.15,42303,2026-07-17 12:12:00,42318,2026-07-17 13:12:00,42348,2026-07-17 15:12:00,42408,2026-07-17 19:12:00
42295,2026-07-17 11:40:00,validation,41936,42295,360,24,0.15,42310,2026-07-17 12:40:00,42325,2026-07-17 13:40:00,42355,2026-07-17 15:40:00,42415,2026-07-17 19:40:00
42297,2026-07-17 11:48:00,validation,41938,42297,360,24,0.15,42312,2026-07-17 12:48:00,42327,2026-07-17 13:48:00,42357,2026-07-17 15:48:00,42417,2026-07-17 19:48:00
42303,2026-07-17 12:12:00,validation,41944,42303,360,24,0.15,42318,2026-07-17 13:12:00,42333,2026-07-17 14:12:00,42363,2026-07-17 16:12:00,42423,2026-07-17 20:12:00
42306,2026-07-17 12:24:00,validation,41947,42306,360,24,0.15,42321,2026-07-17 13:24:00,42336,2026-07-17 14:24:00,42366,2026-07-17 16:24:00,42426,2026-07-17 20:24:00
42307,2026-07-17 12:28:00,validation,41948,42307,360,24,0.15,42322,2026-07-17 13:28:00,42337,2026-07-17 14:28:00,42367,2026-07-17 16:28:00,42427,2026-07-17 20:28:00
42312,2026-07-17 12:48:00,validation,41953,42312,360,24,0.15,42327,2026-07-17 13:48:00,42342,2026-07-17 14:48:00,42372,2026-07-17 16:48:00,42432,2026-07-17 20:48:00
42316,2026-07-17 13:04:00,validation,41957,42316,360,24,0.15,42331,2026-07-17 14:04:00,42346,2026-07-17 15:04:00,42376,2026-07-17 17:04:00,42436,2026-07-17 21:04:00
42318,2026-07-17 13:12:00,validation,41959,42318,360,24,0.15,42333,2026-07-17 14:12:00,42348,2026-07-17 15:12:00,42378,2026-07-17 17:12:00,42438,2026-07-17 21:12:00
42322,2026-07-17 13:28:00,validation,41963,42322,360,24,0.15,42337,2026-07-17 14:28:00,42352,2026-07-17 15:28:00,42382,2026-07-17 17:28:00,42442,2026-07-17 21:28:00
42327,2026-07-17 13:48:00,validation,41968,42327,360,24,0.15,42342,2026-07-17 14:48:00,42357,2026-07-17 15:48:00,42387,2026-07-17 17:48:00,42447,2026-07-17 21:48:00
42328,2026-07-17 13:52:00,validation,41969,42328,360,24,0.15,42343,2026-07-17 14:52:00,42358,2026-07-17 15:52:00,42388,2026-07-17 17:52:00,42448,2026-07-17 21:52:00
42329,2026-07-17 13:56:00,validation,41970,42329,360,24,0.15,42344,2026-07-17 14:56:00,42359,2026-07-17 15:56:00,42389,2026-07-17 17:56:00,42449,2026-07-17 21:56:00
42333,2026-07-17 14:12:00,validation,41974,42333,360,24,0.15,42348,2026-07-17 15:12:00,42363,2026-07-17 16:12:00,42393,2026-07-17 18:12:00,42453,2026-07-17 22:12:00
42334,2026-07-17 14:16:00,validation,41975,42334,360,24,0.15,42349,2026-07-17 15:16:00,42364,2026-07-17 16:16:00,42394,2026-07-17 18:16:00,42454,2026-07-17 22:16:00
42337,2026-07-17 14:28:00,validation,41978,42337,360,24,0.15,42352,2026-07-17 15:28:00,42367,2026-07-17 16:28:00,42397,2026-07-17 18:28:00,42457,2026-07-17 22:28:00
42340,2026-07-17 14:40:00,validation,41981,42340,360,24,0.15,42355,2026-07-17 15:40:00,42370,2026-07-17 16:40:00,42400,2026-07-17 18:40:00,42460,2026-07-17 22:40:00
42342,2026-07-17 14:48:00,validation,41983,42342,360,24,0.15,42357,2026-07-17 15:48:00,42372,2026-07-17 16:48:00,42402,2026-07-17 18:48:00,42462,2026-07-17 22:48:00
42343,2026-07-17 14:52:00,validation,41984,42343,360,24,0.15,42358,2026-07-17 15:52:00,42373,2026-07-17 16:52:00,42403,2026-07-17 18:52:00,42463,2026-07-17 22:52:00
42344,2026-07-17 14:56:00,validation,41985,42344,360,24,0.15,42359,2026-07-17 15:56:00,42374,2026-07-17 16:56:00,42404,2026-07-17 18:56:00,42464,2026-07-17 22:56:00
42346,2026-07-17 15:04:00,validation,41987,42346,360,24,0.15,42361,2026-07-17 16:04:00,42376,2026-07-17 17:04:00,42406,2026-07-17 19:04:00,42466,2026-07-17 23:04:00
42347,2026-07-17 15:08:00,validation,41988,42347,360,24,0.15,42362,2026-07-17 16:08:00,42377,2026-07-17 17:08:00,42407,2026-07-17 19:08:00,42467,2026-07-17 23:08:00
42348,2026-07-17 15:12:00,validation,41989,42348,360,24,0.15,42363,2026-07-17 16:12:00,42378,2026-07-17 17:12:00,42408,2026-07-17 19:12:00,42468,2026-07-17 23:12:00
42349,2026-07-17 15:16:00,validation,41990,42349,360,24,0.15,42364,2026-07-17 16:16:00,42379,2026-07-17 17:16:00,42409,2026-07-17 19:16:00,42469,2026-07-17 23:16:00
42350,2026-07-17 15:20:00,validation,41991,42350,360,24,0.15,42365,2026-07-17 16:20:00,42380,2026-07-17 17:20:00,42410,2026-07-17 19:20:00,42470,2026-07-17 23:20:00
42351,2026-07-17 15:24:00,validation,41992,42351,360,24,0.15,42366,2026-07-17 16:24:00,42381,2026-07-17 17:24:00,42411,2026-07-17 19:24:00,42471,2026-07-17 23:24:00
42355,2026-07-17 15:40:00,validation,41996,42355,360,24,0.15,42370,2026-07-17 16:40:00,42385,2026-07-17 17:40:00,42415,2026-07-17 19:40:00,42475,2026-07-17 23:40:00
42357,2026-07-17 15:48:00,validation,41998,42357,360,24,0.15,42372,2026-07-17 16:48:00,42387,2026-07-17 17:48:00,42417,2026-07-17 19:48:00,42477,2026-07-17 23:48:00
42358,2026-07-17 15:52:00,validation,41999,42358,360,24,0.15,42373,2026-07-17 16:52:00,42388,2026-07-17 17:52:00,42418,2026-07-17 19:52:00,42478,2026-07-17 23:52:00
42359,2026-07-17 15:56:00,validation,42000,42359,360,24,0.15,42374,2026-07-17 16:56:00,42389,2026-07-17 17:56:00,42419,2026-07-17 19:56:00,42479,2026-07-17 23:56:00
42361,2026-07-17 16:04:00,validation,42002,42361,360,24,0.15,42376,2026-07-17 17:04:00,42391,2026-07-17 18:04:00,42421,2026-07-17 20:04:00,42481,2026-07-18 00:04:00
42363,2026-07-17 16:12:00,validation,42004,42363,360,24,0.15,42378,2026-07-17 17:12:00,42393,2026-07-17 18:12:00,42423,2026-07-17 20:12:00,42483,2026-07-18 00:12:00
42364,2026-07-17 16:16:00,validation,42005,42364,360,24,0.15,42379,2026-07-17 17:16:00,42394,2026-07-17 18:16:00,42424,2026-07-17 20:16:00,42484,2026-07-18 00:16:00
42366,2026-07-17 16:24:00,validation,42007,42366,360,24,0.15,42381,2026-07-17 17:24:00,42396,2026-07-17 18:24:00,42426,2026-07-17 20:24:00,42486,2026-07-18 00:24:00
42367,2026-07-17 16:28:00,validation,42008,42367,360,24,0.15,42382,2026-07-17 17:28:00,42397,2026-07-17 18:28:00,42427,2026-07-17 20:28:00,42487,2026-07-18 00:28:00
42368,2026-07-17 16:32:00,validation,42009,42368,360,24,0.15,42383,2026-07-17 17:32:00,42398,2026-07-17 18:32:00,42428,2026-07-17 20:32:00,42488,2026-07-18 00:32:00
42369,2026-07-17 16:36:00,validation,42010,42369,360,24,0.15,42384,2026-07-17 17:36:00,42399,2026-07-17 18:36:00,42429,2026-07-17 20:36:00,42489,2026-07-18 00:36:00
42372,2026-07-17 16:48:00,validation,42013,42372,360,24,0.15,42387,2026-07-17 17:48:00,42402,2026-07-17 18:48:00,42432,2026-07-17 20:48:00,42492,2026-07-18 00:48:00
42373,2026-07-17 16:52:00,validation,42014,42373,360,24,0.15,42388,2026-07-17 17:52:00,42403,2026-07-17 18:52:00,42433,2026-07-17 20:52:00,42493,2026-07-18 00:52:00
42376,2026-07-17 17:04:00,validation,42017,42376,360,24,0.15,42391,2026-07-17 18:04:00,42406,2026-07-17 19:04:00,42436,2026-07-17 21:04:00,42496,2026-07-18 01:04:00
42378,2026-07-17 17:12:00,validation,42019,42378,360,24,0.15,42393,2026-07-17 18:12:00,42408,2026-07-17 19:12:00,42438,2026-07-17 21:12:00,42498,2026-07-18 01:12:00
42381,2026-07-17 17:24:00,validation,42022,42381,360,24,0.15,42396,2026-07-17 18:24:00,42411,2026-07-17 19:24:00,42441,2026-07-17 21:24:00,42501,2026-07-18 01:24:00
42383,2026-07-17 17:32:00,validation,42024,42383,360,24,0.15,42398,2026-07-17 18:32:00,42413,2026-07-17 19:32:00,42443,2026-07-17 21:32:00,42503,2026-07-18 01:32:00
42387,2026-07-17 17:48:00,validation,42028,42387,360,24,0.15,42402,2026-07-17 18:48:00,42417,2026-07-17 19:48:00,42447,2026-07-17 21:48:00,42507,2026-07-18 01:48:00
42388,2026-07-17 17:52:00,validation,42029,42388,360,24,0.15,42403,2026-07-17 18:52:00,42418,2026-07-17 19:52:00,42448,2026-07-17 21:52:00,42508,2026-07-18 01:52:00
42389,2026-07-17 17:56:00,validation,42030,42389,360,24,0.15,42404,2026-07-17 18:56:00,42419,2026-07-17 19:56:00,42449,2026-07-17 21:56:00,42509,2026-07-18 01:56:00
42390,2026-07-17 18:00:00,validation,42031,42390,360,24,0.15,42405,2026-07-17 19:00:00,42420,2026-07-17 20:00:00,42450,2026-07-17 22:00:00,42510,2026-07-18 02:00:00
42393,2026-07-17 18:12:00,validation,42034,42393,360,24,0.15,42408,2026-07-17 19:12:00,42423,2026-07-17 20:12:00,42453,2026-07-17 22:12:00,42513,2026-07-18 02:12:00
42394,2026-07-17 18:16:00,validation,42035,42394,360,24,0.15,42409,2026-07-17 19:16:00,42424,2026-07-17 20:16:00,42454,2026-07-17 22:16:00,42514,2026-07-18 02:16:00
42395,2026-07-17 18:20:00,validation,42036,42395,360,24,0.15,42410,2026-07-17 19:20:00,42425,2026-07-17 20:20:00,42455,2026-07-17 22:20:00,42515,2026-07-18 02:20:00
42396,2026-07-17 18:24:00,validation,42037,42396,360,24,0.15,42411,2026-07-17 19:24:00,42426,2026-07-17 20:24:00,42456,2026-07-17 22:24:00,42516,2026-07-18 02:24:00
42398,2026-07-17 18:32:00,validation,42039,42398,360,24,0.15,42413,2026-07-17 19:32:00,42428,2026-07-17 20:32:00,42458,2026-07-17 22:32:00,42518,2026-07-18 02:32:00
42400,2026-07-17 18:40:00,validation,42041,42400,360,24,0.15,42415,2026-07-17 19:40:00,42430,2026-07-17 20:40:00,42460,2026-07-17 22:40:00,42520,2026-07-18 02:40:00
42401,2026-07-17 18:44:00,validation,42042,42401,360,24,0.15,42416,2026-07-17 19:44:00,42431,2026-07-17 20:44:00,42461,2026-07-17 22:44:00,42521,2026-07-18 02:44:00
42403,2026-07-17 18:52:00,validation,42044,42403,360,24,0.15,42418,2026-07-17 19:52:00,42433,2026-07-17 20:52:00,42463,2026-07-17 22:52:00,42523,2026-07-18 02:52:00
42406,2026-07-17 19:04:00,validation,42047,42406,360,24,0.15,42421,2026-07-17 20:04:00,42436,2026-07-17 21:04:00,42466,2026-07-17 23:04:00,42526,2026-07-18 03:04:00
42411,2026-07-17 19:24:00,validation,42052,42411,360,24,0.15,42426,2026-07-17 20:24:00,42441,2026-07-17 21:24:00,42471,2026-07-17 23:24:00,42531,2026-07-18 03:24:00
42413,2026-07-17 19:32:00,validation,42054,42413,360,24,0.15,42428,2026-07-17 20:32:00,42443,2026-07-17 21:32:00,42473,2026-07-17 23:32:00,42533,2026-07-18 03:32:00
42426,2026-07-17 20:24:00,validation,42067,42426,360,24,0.15,42441,2026-07-17 21:24:00,42456,2026-07-17 22:24:00,42486,2026-07-18 00:24:00,42546,2026-07-18 04:24:00
42427,2026-07-17 20:28:00,validation,42068,42427,360,24,0.15,42442,2026-07-17 21:28:00,42457,2026-07-17 22:28:00,42487,2026-07-18 00:28:00,42547,2026-07-18 04:28:00
42428,2026-07-17 20:32:00,validation,42069,42428,360,24,0.15,42443,2026-07-17 21:32:00,42458,2026-07-17 22:32:00,42488,2026-07-18 00:32:00,42548,2026-07-18 04:32:00
42429,2026-07-17 20:36:00,validation,42070,42429,360,24,0.15,42444,2026-07-17 21:36:00,42459,2026-07-17 22:36:00,42489,2026-07-18 00:36:00,42549,2026-07-18 04:36:00
42432,2026-07-17 20:48:00,validation,42073,42432,360,24,0.15,42447,2026-07-17 21:48:00,42462,2026-07-17 22:48:00,42492,2026-07-18 00:48:00,42552,2026-07-18 04:48:00
42433,2026-07-17 20:52:00,validation,42074,42433,360,24,0.15,42448,2026-07-17 21:52:00,42463,2026-07-17 22:52:00,42493,2026-07-18 00:52:00,42553,2026-07-18 04:52:00
42434,2026-07-17 20:56:00,validation,42075,42434,360,24,0.15,42449,2026-07-17 21:56:00,42464,2026-07-17 22:56:00,42494,2026-07-18 00:56:00,42554,2026-07-18 04:56:00
42435,2026-07-17 21:00:00,validation,42076,42435,360,24,0.15,42450,2026-07-17 22:00:00,42465,2026-07-17 23:00:00,42495,2026-07-18 01:00:00,42555,2026-07-18 05:00:00
42447,2026-07-17 21:48:00,validation,42088,42447,360,24,0.15,42462,2026-07-17 22:48:00,42477,2026-07-17 23:48:00,42507,2026-07-18 01:48:00,42567,2026-07-18 05:48:00
42448,2026-07-17 21:52:00,validation,42089,42448,360,24,0.15,42463,2026-07-17 22:52:00,42478,2026-07-17 23:52:00,42508,2026-07-18 01:52:00,42568,2026-07-18 05:52:00
42456,2026-07-17 22:24:00,validation,42097,42456,360,24,0.15,42471,2026-07-17 23:24:00,42486,2026-07-18 00:24:00,42516,2026-07-18 02:24:00,42576,2026-07-18 06:24:00
42458,2026-07-17 22:32:00,validation,42099,42458,360,24,0.15,42473,2026-07-17 23:32:00,42488,2026-07-18 00:32:00,42518,2026-07-18 02:32:00,42578,2026-07-18 06:32:00
42463,2026-07-17 22:52:00,validation,42104,42463,360,24,0.15,42478,2026-07-17 23:52:00,42493,2026-07-18 00:52:00,42523,2026-07-18 02:52:00,42583,2026-07-18 06:52:00
42465,2026-07-17 23:00:00,validation,42106,42465,360,24,0.15,42480,2026-07-18 00:00:00,42495,2026-07-18 01:00:00,42525,2026-07-18 03:00:00,42585,2026-07-18 07:00:00
42466,2026-07-17 23:04:00,validation,42107,42466,360,24,0.15,42481,2026-07-18 00:04:00,42496,2026-07-18 01:04:00,42526,2026-07-18 03:04:00,42586,2026-07-18 07:04:00
42469,2026-07-17 23:16:00,validation,42110,42469,360,24,0.15,42484,2026-07-18 00:16:00,42499,2026-07-18 01:16:00,42529,2026-07-18 03:16:00,42589,2026-07-18 07:16:00
42470,2026-07-17 23:20:00,validation,42111,42470,360,24,0.15,42485,2026-07-18 00:20:00,42500,2026-07-18 01:20:00,42530,2026-07-18 03:20:00,42590,2026-07-18 07:20:00
42471,2026-07-17 23:24:00,validation,42112,42471,360,24,0.15,42486,2026-07-18 00:24:00,42501,2026-07-18 01:24:00,42531,2026-07-18 03:24:00,42591,2026-07-18 07:24:00
42473,2026-07-17 23:32:00,validation,42114,42473,360,24,0.15,42488,2026-07-18 00:32:00,42503,2026-07-18 01:32:00,42533,2026-07-18 03:32:00,42593,2026-07-18 07:32:00
42474,2026-07-17 23:36:00,validation,42115,42474,360,24,0.15,42489,2026-07-18 00:36:00,42504,2026-07-18 01:36:00,42534,2026-07-18 03:36:00,42594,2026-07-18 07:36:00
42477,2026-07-17 23:48:00,validation,42118,42477,360,24,0.15,42492,2026-07-18 00:48:00,42507,2026-07-18 01:48:00,42537,2026-07-18 03:48:00,42597,2026-07-18 07:48:00
42478,2026-07-17 23:52:00,validation,42119,42478,360,24,0.15,42493,2026-07-18 00:52:00,42508,2026-07-18 01:52:00,42538,2026-07-18 03:52:00,42598,2026-07-18 07:52:00
42479,2026-07-17 23:56:00,validation,42120,42479,360,24,0.15,42494,2026-07-18 00:56:00,42509,2026-07-18 01:56:00,42539,2026-07-18 03:56:00,42599,2026-07-18 07:56:00
42480,2026-07-18 00:00:00,validation,42121,42480,360,24,0.15,42495,2026-07-18 01:00:00,42510,2026-07-18 02:00:00,42540,2026-07-18 04:00:00,42600,2026-07-18 08:00:00
42481,2026-07-18 00:04:00,validation,42122,42481,360,24,0.15,42496,2026-07-18 01:04:00,42511,2026-07-18 02:04:00,42541,2026-07-18 04:04:00,42601,2026-07-18 08:04:00
42483,2026-07-18 00:12:00,validation,42124,42483,360,24,0.15,42498,2026-07-18 01:12:00,42513,2026-07-18 02:12:00,42543,2026-07-18 04:12:00,42603,2026-07-18 08:12:00
42484,2026-07-18 00:16:00,validation,42125,42484,360,24,0.15,42499,2026-07-18 01:16:00,42514,2026-07-18 02:16:00,42544,2026-07-18 04:16:00,42604,2026-07-18 08:16:00
42488,2026-07-18 00:32:00,validation,42129,42488,360,24,0.15,42503,2026-07-18 01:32:00,42518,2026-07-18 02:32:00,42548,2026-07-18 04:32:00,42608,2026-07-18 08:32:00
42489,2026-07-18 00:36:00,validation,42130,42489,360,24,0.15,42504,2026-07-18 01:36:00,42519,2026-07-18 02:36:00,42549,2026-07-18 04:36:00,42609,2026-07-18 08:36:00
42493,2026-07-18 00:52:00,validation,42134,42493,360,24,0.15,42508,2026-07-18 01:52:00,42523,2026-07-18 02:52:00,42553,2026-07-18 04:52:00,42613,2026-07-18 08:52:00
42495,2026-07-18 01:00:00,validation,42136,42495,360,24,0.15,42510,2026-07-18 02:00:00,42525,2026-07-18 03:00:00,42555,2026-07-18 05:00:00,42615,2026-07-18 09:00:00
42499,2026-07-18 01:16:00,validation,42140,42499,360,24,0.15,42514,2026-07-18 02:16:00,42529,2026-07-18 03:16:00,42559,2026-07-18 05:16:00,42619,2026-07-18 09:16:00
42500,2026-07-18 01:20:00,validation,42141,42500,360,24,0.15,42515,2026-07-18 02:20:00,42530,2026-07-18 03:20:00,42560,2026-07-18 05:20:00,42620,2026-07-18 09:20:00
42504,2026-07-18 01:36:00,validation,42145,42504,360,24,0.15,42519,2026-07-18 02:36:00,42534,2026-07-18 03:36:00,42564,2026-07-18 05:36:00,42624,2026-07-18 09:36:00
42505,2026-07-18 01:40:00,validation,42146,42505,360,24,0.15,42520,2026-07-18 02:40:00,42535,2026-07-18 03:40:00,42565,2026-07-18 05:40:00,42625,2026-07-18 09:40:00
42506,2026-07-18 01:44:00,validation,42147,42506,360,24,0.15,42521,2026-07-18 02:44:00,42536,2026-07-18 03:44:00,42566,2026-07-18 05:44:00,42626,2026-07-18 09:44:00
42508,2026-07-18 01:52:00,validation,42149,42508,360,24,0.15,42523,2026-07-18 02:52:00,42538,2026-07-18 03:52:00,42568,2026-07-18 05:52:00,42628,2026-07-18 09:52:00
42511,2026-07-18 02:04:00,validation,42152,42511,360,24,0.15,42526,2026-07-18 03:04:00,42541,2026-07-18 04:04:00,42571,2026-07-18 06:04:00,42631,2026-07-18 10:04:00
42514,2026-07-18 02:16:00,validation,42155,42514,360,24,0.15,42529,2026-07-18 03:16:00,42544,2026-07-18 04:16:00,42574,2026-07-18 06:16:00,42634,2026-07-18 10:16:00
42516,2026-07-18 02:24:00,validation,42157,42516,360,24,0.15,42531,2026-07-18 03:24:00,42546,2026-07-18 04:24:00,42576,2026-07-18 06:24:00,42636,2026-07-18 10:24:00
42518,2026-07-18 02:32:00,validation,42159,42518,360,24,0.15,42533,2026-07-18 03:32:00,42548,2026-07-18 04:32:00,42578,2026-07-18 06:32:00,42638,2026-07-18 10:32:00
42521,2026-07-18 02:44:00,validation,42162,42521,360,24,0.15,42536,2026-07-18 03:44:00,42551,2026-07-18 04:44:00,42581,2026-07-18 06:44:00,42641,2026-07-18 10:44:00
42726,2026-07-18 16:24:00,validation,42367,42726,360,24,0.15,42741,2026-07-18 17:24:00,42756,2026-07-18 18:24:00,42786,2026-07-18 20:24:00,42846,2026-07-19 00:24:00
42731,2026-07-18 16:44:00,validation,42372,42731,360,24,0.15,42746,2026-07-18 17:44:00,42761,2026-07-18 18:44:00,42791,2026-07-18 20:44:00,42851,2026-07-19 00:44:00
42732,2026-07-18 16:48:00,validation,42373,42732,360,24,0.15,42747,2026-07-18 17:48:00,42762,2026-07-18 18:48:00,42792,2026-07-18 20:48:00,42852,2026-07-19 00:48:00
42736,2026-07-18 17:04:00,validation,42377,42736,360,24,0.15,42751,2026-07-18 18:04:00,42766,2026-07-18 19:04:00,42796,2026-07-18 21:04:00,42856,2026-07-19 01:04:00
42741,2026-07-18 17:24:00,validation,42382,42741,360,24,0.15,42756,2026-07-18 18:24:00,42771,2026-07-18 19:24:00,42801,2026-07-18 21:24:00,42861,2026-07-19 01:24:00
42743,2026-07-18 17:32:00,validation,42384,42743,360,24,0.15,42758,2026-07-18 18:32:00,42773,2026-07-18 19:32:00,42803,2026-07-18 21:32:00,42863,2026-07-19 01:32:00
42744,2026-07-18 17:36:00,validation,42385,42744,360,24,0.15,42759,2026-07-18 18:36:00,42774,2026-07-18 19:36:00,42804,2026-07-18 21:36:00,42864,2026-07-19 01:36:00
42745,2026-07-18 17:40:00,validation,42386,42745,360,24,0.15,42760,2026-07-18 18:40:00,42775,2026-07-18 19:40:00,42805,2026-07-18 21:40:00,42865,2026-07-19 01:40:00
42747,2026-07-18 17:48:00,validation,42388,42747,360,24,0.15,42762,2026-07-18 18:48:00,42777,2026-07-18 19:48:00,42807,2026-07-18 21:48:00,42867,2026-07-19 01:48:00
42749,2026-07-18 17:56:00,validation,42390,42749,360,24,0.15,42764,2026-07-18 18:56:00,42779,2026-07-18 19:56:00,42809,2026-07-18 21:56:00,42869,2026-07-19 01:56:00
43144,2026-07-19 20:16:00,validation,42785,43144,360,24,0.15,43159,2026-07-19 21:16:00,43174,2026-07-19 22:16:00,43204,2026-07-20 00:16:00,43264,2026-07-20 04:16:00
43148,2026-07-19 20:32:00,validation,42789,43148,360,24,0.15,43163,2026-07-19 21:32:00,43178,2026-07-19 22:32:00,43208,2026-07-20 00:32:00,43268,2026-07-20 04:32:00
43150,2026-07-19 20:40:00,validation,42791,43150,360,24,0.15,43165,2026-07-19 21:40:00,43180,2026-07-19 22:40:00,43210,2026-07-20 00:40:00,43270,2026-07-20 04:40:00
43152,2026-07-19 20:48:00,validation,42793,43152,360,24,0.15,43167,2026-07-19 21:48:00,43182,2026-07-19 22:48:00,43212,2026-07-20 00:48:00,43272,2026-07-20 04:48:00
43155,2026-07-19 21:00:00,validation,42796,43155,360,24,0.15,43170,2026-07-19 22:00:00,43185,2026-07-19 23:00:00,43215,2026-07-20 01:00:00,43275,2026-07-20 05:00:00
43157,2026-07-19 21:08:00,validation,42798,43157,360,24,0.15,43172,2026-07-19 22:08:00,43187,2026-07-19 23:08:00,43217,2026-07-20 01:08:00,43277,2026-07-20 05:08:00
43159,2026-07-19 21:16:00,validation,42800,43159,360,24,0.15,43174,2026-07-19 22:16:00,43189,2026-07-19 23:16:00,43219,2026-07-20 01:16:00,43279,2026-07-20 05:16:00
43160,2026-07-19 21:20:00,validation,42801,43160,360,24,0.15,43175,2026-07-19 22:20:00,43190,2026-07-19 23:20:00,43220,2026-07-20 01:20:00,43280,2026-07-20 05:20:00
43162,2026-07-19 21:28:00,validation,42803,43162,360,24,0.15,43177,2026-07-19 22:28:00,43192,2026-07-19 23:28:00,43222,2026-07-20 01:28:00,43282,2026-07-20 05:28:00
43164,2026-07-19 21:36:00,validation,42805,43164,360,24,0.15,43179,2026-07-19 22:36:00,43194,2026-07-19 23:36:00,43224,2026-07-20 01:36:00,43284,2026-07-20 05:36:00
43165,2026-07-19 21:40:00,validation,42806,43165,360,24,0.15,43180,2026-07-19 22:40:00,43195,2026-07-19 23:40:00,43225,2026-07-20 01:40:00,43285,2026-07-20 05:40:00
43167,2026-07-19 21:48:00,validation,42808,43167,360,24,0.15,43182,2026-07-19 22:48:00,43197,2026-07-19 23:48:00,43227,2026-07-20 01:48:00,43287,2026-07-20 05:48:00
43170,2026-07-19 22:00:00,validation,42811,43170,360,24,0.15,43185,2026-07-19 23:00:00,43200,2026-07-20 00:00:00,43230,2026-07-20 02:00:00,43290,2026-07-20 06:00:00
43171,2026-07-19 22:04:00,validation,42812,43171,360,24,0.15,43186,2026-07-19 23:04:00,43201,2026-07-20 00:04:00,43231,2026-07-20 02:04:00,43291,2026-07-20 06:04:00
43172,2026-07-19 22:08:00,validation,42813,43172,360,24,0.15,43187,2026-07-19 23:08:00,43202,2026-07-20 00:08:00,43232,2026-07-20 02:08:00,43292,2026-07-20 06:08:00
43176,2026-07-19 22:24:00,validation,42817,43176,360,24,0.15,43191,2026-07-19 23:24:00,43206,2026-07-20 00:24:00,43236,2026-07-20 02:24:00,43296,2026-07-20 06:24:00
43178,2026-07-19 22:32:00,validation,42819,43178,360,24,0.15,43193,2026-07-19 23:32:00,43208,2026-07-20 00:32:00,43238,2026-07-20 02:32:00,43298,2026-07-20 06:32:00
43179,2026-07-19 22:36:00,validation,42820,43179,360,24,0.15,43194,2026-07-19 23:36:00,43209,2026-07-20 00:36:00,43239,2026-07-20 02:36:00,43299,2026-07-20 06:36:00
43181,2026-07-19 22:44:00,validation,42822,43181,360,24,0.15,43196,2026-07-19 23:44:00,43211,2026-07-20 00:44:00,43241,2026-07-20 02:44:00,43301,2026-07-20 06:44:00
43182,2026-07-19 22:48:00,validation,42823,43182,360,24,0.15,43197,2026-07-19 23:48:00,43212,2026-07-20 00:48:00,43242,2026-07-20 02:48:00,43302,2026-07-20 06:48:00
43183,2026-07-19 22:52:00,validation,42824,43183,360,24,0.15,43198,2026-07-19 23:52:00,43213,2026-07-20 00:52:00,43243,2026-07-20 02:52:00,43303,2026-07-20 06:52:00
43185,2026-07-19 23:00:00,validation,42826,43185,360,24,0.15,43200,2026-07-20 00:00:00,43215,2026-07-20 01:00:00,43245,2026-07-20 03:00:00,43305,2026-07-20 07:00:00
43187,2026-07-19 23:08:00,validation,42828,43187,360,24,0.15,43202,2026-07-20 00:08:00,43217,2026-07-20 01:08:00,43247,2026-07-20 03:08:00,43307,2026-07-20 07:08:00
43189,2026-07-19 23:16:00,validation,42830,43189,360,24,0.15,43204,2026-07-20 00:16:00,43219,2026-07-20 01:16:00,43249,2026-07-20 03:16:00,43309,2026-07-20 07:16:00
43194,2026-07-19 23:36:00,validation,42835,43194,360,24,0.15,43209,2026-07-20 00:36:00,43224,2026-07-20 01:36:00,43254,2026-07-20 03:36:00,43314,2026-07-20 07:36:00
43196,2026-07-19 23:44:00,validation,42837,43196,360,24,0.15,43211,2026-07-20 00:44:00,43226,2026-07-20 01:44:00,43256,2026-07-20 03:44:00,43316,2026-07-20 07:44:00
43197,2026-07-19 23:48:00,validation,42838,43197,360,24,0.15,43212,2026-07-20 00:48:00,43227,2026-07-20 01:48:00,43257,2026-07-20 03:48:00,43317,2026-07-20 07:48:00
43198,2026-07-19 23:52:00,validation,42839,43198,360,24,0.15,43213,2026-07-20 00:52:00,43228,2026-07-20 01:52:00,43258,2026-07-20 03:52:00,43318,2026-07-20 07:52:00
43200,2026-07-20 00:00:00,validation,42841,43200,360,24,0.15,43215,2026-07-20 01:00:00,43230,2026-07-20 02:00:00,43260,2026-07-20 04:00:00,43320,2026-07-20 08:00:00
43202,2026-07-20 00:08:00,validation,42843,43202,360,24,0.15,43217,2026-07-20 01:08:00,43232,2026-07-20 02:08:00,43262,2026-07-20 04:08:00,43322,2026-07-20 08:08:00
43207,2026-07-20 00:28:00,validation,42848,43207,360,24,0.15,43222,2026-07-20 01:28:00,43237,2026-07-20 02:28:00,43267,2026-07-20 04:28:00,43327,2026-07-20 08:28:00
43208,2026-07-20 00:32:00,validation,42849,43208,360,24,0.15,43223,2026-07-20 01:32:00,43238,2026-07-20 02:32:00,43268,2026-07-20 04:32:00,43328,2026-07-20 08:32:00
43210,2026-07-20 00:40:00,validation,42851,43210,360,24,0.15,43225,2026-07-20 01:40:00,43240,2026-07-20 02:40:00,43270,2026-07-20 04:40:00,43330,2026-07-20 08:40:00
43211,2026-07-20 00:44:00,validation,42852,43211,360,24,0.15,43226,2026-07-20 01:44:00,43241,2026-07-20 02:44:00,43271,2026-07-20 04:44:00,43331,2026-07-20 08:44:00
43212,2026-07-20 00:48:00,validation,42853,43212,360,24,0.15,43227,2026-07-20 01:48:00,43242,2026-07-20 02:48:00,43272,2026-07-20 04:48:00,43332,2026-07-20 08:48:00
43213,2026-07-20 00:52:00,validation,42854,43213,360,24,0.15,43228,2026-07-20 01:52:00,43243,2026-07-20 02:52:00,43273,2026-07-20 04:52:00,43333,2026-07-20 08:52:00
43216,2026-07-20 01:04:00,validation,42857,43216,360,24,0.15,43231,2026-07-20 02:04:00,43246,2026-07-20 03:04:00,43276,2026-07-20 05:04:00,43336,2026-07-20 09:04:00
43217,2026-07-20 01:08:00,validation,42858,43217,360,24,0.15,43232,2026-07-20 02:08:00,43247,2026-07-20 03:08:00,43277,2026-07-20 05:08:00,43337,2026-07-20 09:08:00
43218,2026-07-20 01:12:00,validation,42859,43218,360,24,0.15,43233,2026-07-20 02:12:00,43248,2026-07-20 03:12:00,43278,2026-07-20 05:12:00,43338,2026-07-20 09:12:00
43221,2026-07-20 01:24:00,validation,42862,43221,360,24,0.15,43236,2026-07-20 02:24:00,43251,2026-07-20 03:24:00,43281,2026-07-20 05:24:00,43341,2026-07-20 09:24:00
43222,2026-07-20 01:28:00,validation,42863,43222,360,24,0.15,43237,2026-07-20 02:28:00,43252,2026-07-20 03:28:00,43282,2026-07-20 05:28:00,43342,2026-07-20 09:28:00
43224,2026-07-20 01:36:00,validation,42865,43224,360,24,0.15,43239,2026-07-20 02:36:00,43254,2026-07-20 03:36:00,43284,2026-07-20 05:36:00,43344,2026-07-20 09:36:00
43226,2026-07-20 01:44:00,validation,42867,43226,360,24,0.15,43241,2026-07-20 02:44:00,43256,2026-07-20 03:44:00,43286,2026-07-20 05:44:00,43346,2026-07-20 09:44:00
43227,2026-07-20 01:48:00,validation,42868,43227,360,24,0.15,43242,2026-07-20 02:48:00,43257,2026-07-20 03:48:00,43287,2026-07-20 05:48:00,43347,2026-07-20 09:48:00
43228,2026-07-20 01:52:00,validation,42869,43228,360,24,0.15,43243,2026-07-20 02:52:00,43258,2026-07-20 03:52:00,43288,2026-07-20 05:52:00,43348,2026-07-20 09:52:00
43230,2026-07-20 02:00:00,validation,42871,43230,360,24,0.15,43245,2026-07-20 03:00:00,43260,2026-07-20 04:00:00,43290,2026-07-20 06:00:00,43350,2026-07-20 10:00:00
43231,2026-07-20 02:04:00,validation,42872,43231,360,24,0.15,43246,2026-07-20 03:04:00,43261,2026-07-20 04:04:00,43291,2026-07-20 06:04:00,43351,2026-07-20 10:04:00
43232,2026-07-20 02:08:00,validation,42873,43232,360,24,0.15,43247,2026-07-20 03:08:00,43262,2026-07-20 04:08:00,43292,2026-07-20 06:08:00,43352,2026-07-20 10:08:00
43234,2026-07-20 02:16:00,validation,42875,43234,360,24,0.15,43249,2026-07-20 03:16:00,43264,2026-07-20 04:16:00,43294,2026-07-20 06:16:00,43354,2026-07-20 10:16:00
43236,2026-07-20 02:24:00,validation,42877,43236,360,24,0.15,43251,2026-07-20 03:24:00,43266,2026-07-20 04:24:00,43296,2026-07-20 06:24:00,43356,2026-07-20 10:24:00
43241,2026-07-20 02:44:00,validation,42882,43241,360,24,0.15,43256,2026-07-20 03:44:00,43271,2026-07-20 04:44:00,43301,2026-07-20 06:44:00,43361,2026-07-20 10:44:00
43243,2026-07-20 02:52:00,validation,42884,43243,360,24,0.15,43258,2026-07-20 03:52:00,43273,2026-07-20 04:52:00,43303,2026-07-20 06:52:00,43363,2026-07-20 10:52:00
43245,2026-07-20 03:00:00,validation,42886,43245,360,24,0.15,43260,2026-07-20 04:00:00,43275,2026-07-20 05:00:00,43305,2026-07-20 07:00:00,43365,2026-07-20 11:00:00
43246,2026-07-20 03:04:00,validation,42887,43246,360,24,0.15,43261,2026-07-20 04:04:00,43276,2026-07-20 05:04:00,43306,2026-07-20 07:04:00,43366,2026-07-20 11:04:00
43247,2026-07-20 03:08:00,validation,42888,43247,360,24,0.15,43262,2026-07-20 04:08:00,43277,2026-07-20 05:08:00,43307,2026-07-20 07:08:00,43367,2026-07-20 11:08:00
43248,2026-07-20 03:12:00,validation,42889,43248,360,24,0.15,43263,2026-07-20 04:12:00,43278,2026-07-20 05:12:00,43308,2026-07-20 07:12:00,43368,2026-07-20 11:12:00
43249,2026-07-20 03:16:00,validation,42890,43249,360,24,0.15,43264,2026-07-20 04:16:00,43279,2026-07-20 05:16:00,43309,2026-07-20 07:16:00,43369,2026-07-20 11:16:00
43251,2026-07-20 03:24:00,validation,42892,43251,360,24,0.15,43266,2026-07-20 04:24:00,43281,2026-07-20 05:24:00,43311,2026-07-20 07:24:00,43371,2026-07-20 11:24:00
43252,2026-07-20 03:28:00,validation,42893,43252,360,24,0.15,43267,2026-07-20 04:28:00,43282,2026-07-20 05:28:00,43312,2026-07-20 07:28:00,43372,2026-07-20 11:28:00
43255,2026-07-20 03:40:00,validation,42896,43255,360,24,0.15,43270,2026-07-20 04:40:00,43285,2026-07-20 05:40:00,43315,2026-07-20 07:40:00,43375,2026-07-20 11:40:00
43256,2026-07-20 03:44:00,validation,42897,43256,360,24,0.15,43271,2026-07-20 04:44:00,43286,2026-07-20 05:44:00,43316,2026-07-20 07:44:00,43376,2026-07-20 11:44:00
43257,2026-07-20 03:48:00,validation,42898,43257,360,24,0.15,43272,2026-07-20 04:48:00,43287,2026-07-20 05:48:00,43317,2026-07-20 07:48:00,43377,2026-07-20 11:48:00
43258,2026-07-20 03:52:00,validation,42899,43258,360,24,0.15,43273,2026-07-20 04:52:00,43288,2026-07-20 05:52:00,43318,2026-07-20 07:52:00,43378,2026-07-20 11:52:00
43259,2026-07-20 03:56:00,validation,42900,43259,360,24,0.15,43274,2026-07-20 04:56:00,43289,2026-07-20 05:56:00,43319,2026-07-20 07:56:00,43379,2026-07-20 11:56:00
43260,2026-07-20 04:00:00,validation,42901,43260,360,24,0.15,43275,2026-07-20 05:00:00,43290,2026-07-20 06:00:00,43320,2026-07-20 08:00:00,43380,2026-07-20 12:00:00
43261,2026-07-20 04:04:00,validation,42902,43261,360,24,0.15,43276,2026-07-20 05:04:00,43291,2026-07-20 06:04:00,43321,2026-07-20 08:04:00,43381,2026-07-20 12:04:00
43262,2026-07-20 04:08:00,validation,42903,43262,360,24,0.15,43277,2026-07-20 05:08:00,43292,2026-07-20 06:08:00,43322,2026-07-20 08:08:00,43382,2026-07-20 12:08:00
43265,2026-07-20 04:20:00,validation,42906,43265,360,24,0.15,43280,2026-07-20 05:20:00,43295,2026-07-20 06:20:00,43325,2026-07-20 08:20:00,43385,2026-07-20 12:20:00
43271,2026-07-20 04:44:00,validation,42912,43271,360,24,0.15,43286,2026-07-20 05:44:00,43301,2026-07-20 06:44:00,43331,2026-07-20 08:44:00,43391,2026-07-20 12:44:00
43272,2026-07-20 04:48:00,validation,42913,43272,360,24,0.15,43287,2026-07-20 05:48:00,43302,2026-07-20 06:48:00,43332,2026-07-20 08:48:00,43392,2026-07-20 12:48:00
43276,2026-07-20 05:04:00,validation,42917,43276,360,24,0.15,43291,2026-07-20 06:04:00,43306,2026-07-20 07:04:00,43336,2026-07-20 09:04:00,43396,2026-07-20 13:04:00
43277,2026-07-20 05:08:00,validation,42918,43277,360,24,0.15,43292,2026-07-20 06:08:00,43307,2026-07-20 07:08:00,43337,2026-07-20 09:08:00,43397,2026-07-20 13:08:00
43279,2026-07-20 05:16:00,validation,42920,43279,360,24,0.15,43294,2026-07-20 06:16:00,43309,2026-07-20 07:16:00,43339,2026-07-20 09:16:00,43399,2026-07-20 13:16:00
43281,2026-07-20 05:24:00,validation,42922,43281,360,24,0.15,43296,2026-07-20 06:24:00,43311,2026-07-20 07:24:00,43341,2026-07-20 09:24:00,43401,2026-07-20 13:24:00
43283,2026-07-20 05:32:00,validation,42924,43283,360,24,0.15,43298,2026-07-20 06:32:00,43313,2026-07-20 07:32:00,43343,2026-07-20 09:32:00,43403,2026-07-20 13:32:00
43286,2026-07-20 05:44:00,validation,42927,43286,360,24,0.15,43301,2026-07-20 06:44:00,43316,2026-07-20 07:44:00,43346,2026-07-20 09:44:00,43406,2026-07-20 13:44:00
43287,2026-07-20 05:48:00,validation,42928,43287,360,24,0.15,43302,2026-07-20 06:48:00,43317,2026-07-20 07:48:00,43347,2026-07-20 09:48:00,43407,2026-07-20 13:48:00
43288,2026-07-20 05:52:00,validation,42929,43288,360,24,0.15,43303,2026-07-20 06:52:00,43318,2026-07-20 07:52:00,43348,2026-07-20 09:52:00,43408,2026-07-20 13:52:00
43290,2026-07-20 06:00:00,validation,42931,43290,360,24,0.15,43305,2026-07-20 07:00:00,43320,2026-07-20 08:00:00,43350,2026-07-20 10:00:00,43410,2026-07-20 14:00:00
43291,2026-07-20 06:04:00,validation,42932,43291,360,24,0.15,43306,2026-07-20 07:04:00,43321,2026-07-20 08:04:00,43351,2026-07-20 10:04:00,43411,2026-07-20 14:04:00
43292,2026-07-20 06:08:00,validation,42933,43292,360,24,0.15,43307,2026-07-20 07:08:00,43322,2026-07-20 08:08:00,43352,2026-07-20 10:08:00,43412,2026-07-20 14:08:00
43293,2026-07-20 06:12:00,validation,42934,43293,360,24,0.15,43308,2026-07-20 07:12:00,43323,2026-07-20 08:12:00,43353,2026-07-20 10:12:00,43413,2026-07-20 14:12:00
43294,2026-07-20 06:16:00,validation,42935,43294,360,24,0.15,43309,2026-07-20 07:16:00,43324,2026-07-20 08:16:00,43354,2026-07-20 10:16:00,43414,2026-07-20 14:16:00
43296,2026-07-20 06:24:00,validation,42937,43296,360,24,0.15,43311,2026-07-20 07:24:00,43326,2026-07-20 08:24:00,43356,2026-07-20 10:24:00,43416,2026-07-20 14:24:00
43300,2026-07-20 06:40:00,validation,42941,43300,360,24,0.15,43315,2026-07-20 07:40:00,43330,2026-07-20 08:40:00,43360,2026-07-20 10:40:00,43420,2026-07-20 14:40:00
43301,2026-07-20 06:44:00,validation,42942,43301,360,24,0.15,43316,2026-07-20 07:44:00,43331,2026-07-20 08:44:00,43361,2026-07-20 10:44:00,43421,2026-07-20 14:44:00
43304,2026-07-20 06:56:00,validation,42945,43304,360,24,0.15,43319,2026-07-20 07:56:00,43334,2026-07-20 08:56:00,43364,2026-07-20 10:56:00,43424,2026-07-20 14:56:00
43306,2026-07-20 07:04:00,validation,42947,43306,360,24,0.15,43321,2026-07-20 08:04:00,43336,2026-07-20 09:04:00,43366,2026-07-20 11:04:00,43426,2026-07-20 15:04:00
43307,2026-07-20 07:08:00,validation,42948,43307,360,24,0.15,43322,2026-07-20 08:08:00,43337,2026-07-20 09:08:00,43367,2026-07-20 11:08:00,43427,2026-07-20 15:08:00
43308,2026-07-20 07:12:00,validation,42949,43308,360,24,0.15,43323,2026-07-20 08:12:00,43338,2026-07-20 09:12:00,43368,2026-07-20 11:12:00,43428,2026-07-20 15:12:00
43309,2026-07-20 07:16:00,validation,42950,43309,360,24,0.15,43324,2026-07-20 08:16:00,43339,2026-07-20 09:16:00,43369,2026-07-20 11:16:00,43429,2026-07-20 15:16:00
43310,2026-07-20 07:20:00,validation,42951,43310,360,24,0.15,43325,2026-07-20 08:20:00,43340,2026-07-20 09:20:00,43370,2026-07-20 11:20:00,43430,2026-07-20 15:20:00
43312,2026-07-20 07:28:00,validation,42953,43312,360,24,0.15,43327,2026-07-20 08:28:00,43342,2026-07-20 09:28:00,43372,2026-07-20 11:28:00,43432,2026-07-20 15:28:00
43313,2026-07-20 07:32:00,validation,42954,43313,360,24,0.15,43328,2026-07-20 08:32:00,43343,2026-07-20 09:32:00,43373,2026-07-20 11:32:00,43433,2026-07-20 15:32:00
43315,2026-07-20 07:40:00,validation,42956,43315,360,24,0.15,43330,2026-07-20 08:40:00,43345,2026-07-20 09:40:00,43375,2026-07-20 11:40:00,43435,2026-07-20 15:40:00
43316,2026-07-20 07:44:00,validation,42957,43316,360,24,0.15,43331,2026-07-20 08:44:00,43346,2026-07-20 09:44:00,43376,2026-07-20 11:44:00,43436,2026-07-20 15:44:00
43317,2026-07-20 07:48:00,validation,42958,43317,360,24,0.15,43332,2026-07-20 08:48:00,43347,2026-07-20 09:48:00,43377,2026-07-20 11:48:00,43437,2026-07-20 15:48:00
43318,2026-07-20 07:52:00,validation,42959,43318,360,24,0.15,43333,2026-07-20 08:52:00,43348,2026-07-20 09:52:00,43378,2026-07-20 11:52:00,43438,2026-07-20 15:52:00
43321,2026-07-20 08:04:00,validation,42962,43321,360,24,0.15,43336,2026-07-20 09:04:00,43351,2026-07-20 10:04:00,43381,2026-07-20 12:04:00,43441,2026-07-20 16:04:00
43322,2026-07-20 08:08:00,validation,42963,43322,360,24,0.15,43337,2026-07-20 09:08:00,43352,2026-07-20 10:08:00,43382,2026-07-20 12:08:00,43442,2026-07-20 16:08:00
43325,2026-07-20 08:20:00,validation,42966,43325,360,24,0.15,43340,2026-07-20 09:20:00,43355,2026-07-20 10:20:00,43385,2026-07-20 12:20:00,43445,2026-07-20 16:20:00
43331,2026-07-20 08:44:00,validation,42972,43331,360,24,0.15,43346,2026-07-20 09:44:00,43361,2026-07-20 10:44:00,43391,2026-07-20 12:44:00,43451,2026-07-20 16:44:00
43335,2026-07-20 09:00:00,validation,42976,43335,360,24,0.15,43350,2026-07-20 10:00:00,43365,2026-07-20 11:00:00,43395,2026-07-20 13:00:00,43455,2026-07-20 17:00:00
43336,2026-07-20 09:04:00,validation,42977,43336,360,24,0.15,43351,2026-07-20 10:04:00,43366,2026-07-20 11:04:00,43396,2026-07-20 13:04:00,43456,2026-07-20 17:04:00
43337,2026-07-20 09:08:00,validation,42978,43337,360,24,0.15,43352,2026-07-20 10:08:00,43367,2026-07-20 11:08:00,43397,2026-07-20 13:08:00,43457,2026-07-20 17:08:00
43338,2026-07-20 09:12:00,validation,42979,43338,360,24,0.15,43353,2026-07-20 10:12:00,43368,2026-07-20 11:12:00,43398,2026-07-20 13:12:00,43458,2026-07-20 17:12:00
43339,2026-07-20 09:16:00,validation,42980,43339,360,24,0.15,43354,2026-07-20 10:16:00,43369,2026-07-20 11:16:00,43399,2026-07-20 13:16:00,43459,2026-07-20 17:16:00
43340,2026-07-20 09:20:00,validation,42981,43340,360,24,0.15,43355,2026-07-20 10:20:00,43370,2026-07-20 11:20:00,43400,2026-07-20 13:20:00,43460,2026-07-20 17:20:00
43341,2026-07-20 09:24:00,validation,42982,43341,360,24,0.15,43356,2026-07-20 10:24:00,43371,2026-07-20 11:24:00,43401,2026-07-20 13:24:00,43461,2026-07-20 17:24:00
43345,2026-07-20 09:40:00,validation,42986,43345,360,24,0.15,43360,2026-07-20 10:40:00,43375,2026-07-20 11:40:00,43405,2026-07-20 13:40:00,43465,2026-07-20 17:40:00
43346,2026-07-20 09:44:00,validation,42987,43346,360,24,0.15,43361,2026-07-20 10:44:00,43376,2026-07-20 11:44:00,43406,2026-07-20 13:44:00,43466,2026-07-20 17:44:00
43348,2026-07-20 09:52:00,validation,42989,43348,360,24,0.15,43363,2026-07-20 10:52:00,43378,2026-07-20 11:52:00,43408,2026-07-20 13:52:00,43468,2026-07-20 17:52:00
43350,2026-07-20 10:00:00,validation,42991,43350,360,24,0.15,43365,2026-07-20 11:00:00,43380,2026-07-20 12:00:00,43410,2026-07-20 14:00:00,43470,2026-07-20 18:00:00
43351,2026-07-20 10:04:00,validation,42992,43351,360,24,0.15,43366,2026-07-20 11:04:00,43381,2026-07-20 12:04:00,43411,2026-07-20 14:04:00,43471,2026-07-20 18:04:00
43352,2026-07-20 10:08:00,validation,42993,43352,360,24,0.15,43367,2026-07-20 11:08:00,43382,2026-07-20 12:08:00,43412,2026-07-20 14:08:00,43472,2026-07-20 18:08:00
43366,2026-07-20 11:04:00,validation,43007,43366,360,24,0.15,43381,2026-07-20 12:04:00,43396,2026-07-20 13:04:00,43426,2026-07-20 15:04:00,43486,2026-07-20 19:04:00
43367,2026-07-20 11:08:00,validation,43008,43367,360,24,0.15,43382,2026-07-20 12:08:00,43397,2026-07-20 13:08:00,43427,2026-07-20 15:08:00,43487,2026-07-20 19:08:00
43370,2026-07-20 11:20:00,validation,43011,43370,360,24,0.15,43385,2026-07-20 12:20:00,43400,2026-07-20 13:20:00,43430,2026-07-20 15:20:00,43490,2026-07-20 19:20:00
43372,2026-07-20 11:28:00,validation,43013,43372,360,24,0.15,43387,2026-07-20 12:28:00,43402,2026-07-20 13:28:00,43432,2026-07-20 15:28:00,43492,2026-07-20 19:28:00
43376,2026-07-20 11:44:00,validation,43017,43376,360,24,0.15,43391,2026-07-20 12:44:00,43406,2026-07-20 13:44:00,43436,2026-07-20 15:44:00,43496,2026-07-20 19:44:00
43377,2026-07-20 11:48:00,validation,43018,43377,360,24,0.15,43392,2026-07-20 12:48:00,43407,2026-07-20 13:48:00,43437,2026-07-20 15:48:00,43497,2026-07-20 19:48:00
43380,2026-07-20 12:00:00,validation,43021,43380,360,24,0.15,43395,2026-07-20 13:00:00,43410,2026-07-20 14:00:00,43440,2026-07-20 16:00:00,43500,2026-07-20 20:00:00
43381,2026-07-20 12:04:00,validation,43022,43381,360,24,0.15,43396,2026-07-20 13:04:00,43411,2026-07-20 14:04:00,43441,2026-07-20 16:04:00,43501,2026-07-20 20:04:00
43382,2026-07-20 12:08:00,validation,43023,43382,360,24,0.15,43397,2026-07-20 13:08:00,43412,2026-07-20 14:08:00,43442,2026-07-20 16:08:00,43502,2026-07-20 20:08:00
43383,2026-07-20 12:12:00,validation,43024,43383,360,24,0.15,43398,2026-07-20 13:12:00,43413,2026-07-20 14:12:00,43443,2026-07-20 16:12:00,43503,2026-07-20 20:12:00
43384,2026-07-20 12:16:00,validation,43025,43384,360,24,0.15,43399,2026-07-20 13:16:00,43414,2026-07-20 14:16:00,43444,2026-07-20 16:16:00,43504,2026-07-20 20:16:00
43385,2026-07-20 12:20:00,validation,43026,43385,360,24,0.15,43400,2026-07-20 13:20:00,43415,2026-07-20 14:20:00,43445,2026-07-20 16:20:00,43505,2026-07-20 20:20:00
43386,2026-07-20 12:24:00,validation,43027,43386,360,24,0.15,43401,2026-07-20 13:24:00,43416,2026-07-20 14:24:00,43446,2026-07-20 16:24:00,43506,2026-07-20 20:24:00
43390,2026-07-20 12:40:00,validation,43031,43390,360,24,0.15,43405,2026-07-20 13:40:00,43420,2026-07-20 14:40:00,43450,2026-07-20 16:40:00,43510,2026-07-20 20:40:00
43392,2026-07-20 12:48:00,validation,43033,43392,360,24,0.15,43407,2026-07-20 13:48:00,43422,2026-07-20 14:48:00,43452,2026-07-20 16:48:00,43512,2026-07-20 20:48:00
43396,2026-07-20 13:04:00,validation,43037,43396,360,24,0.15,43411,2026-07-20 14:04:00,43426,2026-07-20 15:04:00,43456,2026-07-20 17:04:00,43516,2026-07-20 21:04:00
43397,2026-07-20 13:08:00,validation,43038,43397,360,24,0.15,43412,2026-07-20 14:08:00,43427,2026-07-20 15:08:00,43457,2026-07-20 17:08:00,43517,2026-07-20 21:08:00
43398,2026-07-20 13:12:00,validation,43039,43398,360,24,0.15,43413,2026-07-20 14:12:00,43428,2026-07-20 15:12:00,43458,2026-07-20 17:12:00,43518,2026-07-20 21:12:00
43399,2026-07-20 13:16:00,validation,43040,43399,360,24,0.15,43414,2026-07-20 14:16:00,43429,2026-07-20 15:16:00,43459,2026-07-20 17:16:00,43519,2026-07-20 21:16:00
43400,2026-07-20 13:20:00,validation,43041,43400,360,24,0.15,43415,2026-07-20 14:20:00,43430,2026-07-20 15:20:00,43460,2026-07-20 17:20:00,43520,2026-07-20 21:20:00
43405,2026-07-20 13:40:00,validation,43046,43405,360,24,0.15,43420,2026-07-20 14:40:00,43435,2026-07-20 15:40:00,43465,2026-07-20 17:40:00,43525,2026-07-20 21:40:00
43407,2026-07-20 13:48:00,validation,43048,43407,360,24,0.15,43422,2026-07-20 14:48:00,43437,2026-07-20 15:48:00,43467,2026-07-20 17:48:00,43527,2026-07-20 21:48:00
43411,2026-07-20 14:04:00,validation,43052,43411,360,24,0.15,43426,2026-07-20 15:04:00,43441,2026-07-20 16:04:00,43471,2026-07-20 18:04:00,43531,2026-07-20 22:04:00
43412,2026-07-20 14:08:00,validation,43053,43412,360,24,0.15,43427,2026-07-20 15:08:00,43442,2026-07-20 16:08:00,43472,2026-07-20 18:08:00,43532,2026-07-20 22:08:00
43413,2026-07-20 14:12:00,validation,43054,43413,360,24,0.15,43428,2026-07-20 15:12:00,43443,2026-07-20 16:12:00,43473,2026-07-20 18:12:00,43533,2026-07-20 22:12:00
43414,2026-07-20 14:16:00,validation,43055,43414,360,24,0.15,43429,2026-07-20 15:16:00,43444,2026-07-20 16:16:00,43474,2026-07-20 18:16:00,43534,2026-07-20 22:16:00
43418,2026-07-20 14:32:00,validation,43059,43418,360,24,0.15,43433,2026-07-20 15:32:00,43448,2026-07-20 16:32:00,43478,2026-07-20 18:32:00,43538,2026-07-20 22:32:00
43419,2026-07-20 14:36:00,validation,43060,43419,360,24,0.15,43434,2026-07-20 15:36:00,43449,2026-07-20 16:36:00,43479,2026-07-20 18:36:00,43539,2026-07-20 22:36:00
43423,2026-07-20 14:52:00,validation,43064,43423,360,24,0.15,43438,2026-07-20 15:52:00,43453,2026-07-20 16:52:00,43483,2026-07-20 18:52:00,43543,2026-07-20 22:52:00
43425,2026-07-20 15:00:00,validation,43066,43425,360,24,0.15,43440,2026-07-20 16:00:00,43455,2026-07-20 17:00:00,43485,2026-07-20 19:00:00,43545,2026-07-20 23:00:00
43426,2026-07-20 15:04:00,validation,43067,43426,360,24,0.15,43441,2026-07-20 16:04:00,43456,2026-07-20 17:04:00,43486,2026-07-20 19:04:00,43546,2026-07-20 23:04:00
43427,2026-07-20 15:08:00,validation,43068,43427,360,24,0.15,43442,2026-07-20 16:08:00,43457,2026-07-20 17:08:00,43487,2026-07-20 19:08:00,43547,2026-07-20 23:08:00
43428,2026-07-20 15:12:00,validation,43069,43428,360,24,0.15,43443,2026-07-20 16:12:00,43458,2026-07-20 17:12:00,43488,2026-07-20 19:12:00,43548,2026-07-20 23:12:00
43429,2026-07-20 15:16:00,validation,43070,43429,360,24,0.15,43444,2026-07-20 16:16:00,43459,2026-07-20 17:16:00,43489,2026-07-20 19:16:00,43549,2026-07-20 23:16:00
43431,2026-07-20 15:24:00,validation,43072,43431,360,24,0.15,43446,2026-07-20 16:24:00,43461,2026-07-20 17:24:00,43491,2026-07-20 19:24:00,43551,2026-07-20 23:24:00
43432,2026-07-20 15:28:00,validation,43073,43432,360,24,0.15,43447,2026-07-20 16:28:00,43462,2026-07-20 17:28:00,43492,2026-07-20 19:28:00,43552,2026-07-20 23:28:00
43434,2026-07-20 15:36:00,validation,43075,43434,360,24,0.15,43449,2026-07-20 16:36:00,43464,2026-07-20 17:36:00,43494,2026-07-20 19:36:00,43554,2026-07-20 23:36:00
43435,2026-07-20 15:40:00,validation,43076,43435,360,24,0.15,43450,2026-07-20 16:40:00,43465,2026-07-20 17:40:00,43495,2026-07-20 19:40:00,43555,2026-07-20 23:40:00
43436,2026-07-20 15:44:00,validation,43077,43436,360,24,0.15,43451,2026-07-20 16:44:00,43466,2026-07-20 17:44:00,43496,2026-07-20 19:44:00,43556,2026-07-20 23:44:00
43437,2026-07-20 15:48:00,validation,43078,43437,360,24,0.15,43452,2026-07-20 16:48:00,43467,2026-07-20 17:48:00,43497,2026-07-20 19:48:00,43557,2026-07-20 23:48:00
43438,2026-07-20 15:52:00,validation,43079,43438,360,24,0.15,43453,2026-07-20 16:52:00,43468,2026-07-20 17:52:00,43498,2026-07-20 19:52:00,43558,2026-07-20 23:52:00
43440,2026-07-20 16:00:00,validation,43081,43440,360,24,0.15,43455,2026-07-20 17:00:00,43470,2026-07-20 18:00:00,43500,2026-07-20 20:00:00,43560,2026-07-21 00:00:00
43441,2026-07-20 16:04:00,validation,43082,43441,360,24,0.15,43456,2026-07-20 17:04:00,43471,2026-07-20 18:04:00,43501,2026-07-20 20:04:00,43561,2026-07-21 00:04:00
43442,2026-07-20 16:08:00,validation,43083,43442,360,24,0.15,43457,2026-07-20 17:08:00,43472,2026-07-20 18:08:00,43502,2026-07-20 20:08:00,43562,2026-07-21 00:08:00
43443,2026-07-20 16:12:00,validation,43084,43443,360,24,0.15,43458,2026-07-20 17:12:00,43473,2026-07-20 18:12:00,43503,2026-07-20 20:12:00,43563,2026-07-21 00:12:00
43444,2026-07-20 16:16:00,validation,43085,43444,360,24,0.15,43459,2026-07-20 17:16:00,43474,2026-07-20 18:16:00,43504,2026-07-20 20:16:00,43564,2026-07-21 00:16:00
43446,2026-07-20 16:24:00,validation,43087,43446,360,24,0.15,43461,2026-07-20 17:24:00,43476,2026-07-20 18:24:00,43506,2026-07-20 20:24:00,43566,2026-07-21 00:24:00
43447,2026-07-20 16:28:00,validation,43088,43447,360,24,0.15,43462,2026-07-20 17:28:00,43477,2026-07-20 18:28:00,43507,2026-07-20 20:28:00,43567,2026-07-21 00:28:00
43449,2026-07-20 16:36:00,validation,43090,43449,360,24,0.15,43464,2026-07-20 17:36:00,43479,2026-07-20 18:36:00,43509,2026-07-20 20:36:00,43569,2026-07-21 00:36:00
43453,2026-07-20 16:52:00,validation,43094,43453,360,24,0.15,43468,2026-07-20 17:52:00,43483,2026-07-20 18:52:00,43513,2026-07-20 20:52:00,43573,2026-07-21 00:52:00
43456,2026-07-20 17:04:00,validation,43097,43456,360,24,0.15,43471,2026-07-20 18:04:00,43486,2026-07-20 19:04:00,43516,2026-07-20 21:04:00,43576,2026-07-21 01:04:00
43458,2026-07-20 17:12:00,validation,43099,43458,360,24,0.15,43473,2026-07-20 18:12:00,43488,2026-07-20 19:12:00,43518,2026-07-20 21:12:00,43578,2026-07-21 01:12:00
43459,2026-07-20 17:16:00,validation,43100,43459,360,24,0.15,43474,2026-07-20 18:16:00,43489,2026-07-20 19:16:00,43519,2026-07-20 21:16:00,43579,2026-07-21 01:16:00
43463,2026-07-20 17:32:00,validation,43104,43463,360,24,0.15,43478,2026-07-20 18:32:00,43493,2026-07-20 19:32:00,43523,2026-07-20 21:32:00,43583,2026-07-21 01:32:00
43464,2026-07-20 17:36:00,validation,43105,43464,360,24,0.15,43479,2026-07-20 18:36:00,43494,2026-07-20 19:36:00,43524,2026-07-20 21:36:00,43584,2026-07-21 01:36:00
43468,2026-07-20 17:52:00,validation,43109,43468,360,24,0.15,43483,2026-07-20 18:52:00,43498,2026-07-20 19:52:00,43528,2026-07-20 21:52:00,43588,2026-07-21 01:52:00
43470,2026-07-20 18:00:00,validation,43111,43470,360,24,0.15,43485,2026-07-20 19:00:00,43500,2026-07-20 20:00:00,43530,2026-07-20 22:00:00,43590,2026-07-21 02:00:00
43471,2026-07-20 18:04:00,validation,43112,43471,360,24,0.15,43486,2026-07-20 19:04:00,43501,2026-07-20 20:04:00,43531,2026-07-20 22:04:00,43591,2026-07-21 02:04:00
43472,2026-07-20 18:08:00,validation,43113,43472,360,24,0.15,43487,2026-07-20 19:08:00,43502,2026-07-20 20:08:00,43532,2026-07-20 22:08:00,43592,2026-07-21 02:08:00
43473,2026-07-20 18:12:00,validation,43114,43473,360,24,0.15,43488,2026-07-20 19:12:00,43503,2026-07-20 20:12:00,43533,2026-07-20 22:12:00,43593,2026-07-21 02:12:00
43474,2026-07-20 18:16:00,validation,43115,43474,360,24,0.15,43489,2026-07-20 19:16:00,43504,2026-07-20 20:16:00,43534,2026-07-20 22:16:00,43594,2026-07-21 02:16:00
43475,2026-07-20 18:20:00,validation,43116,43475,360,24,0.15,43490,2026-07-20 19:20:00,43505,2026-07-20 20:20:00,43535,2026-07-20 22:20:00,43595,2026-07-21 02:20:00
43476,2026-07-20 18:24:00,validation,43117,43476,360,24,0.15,43491,2026-07-20 19:24:00,43506,2026-07-20 20:24:00,43536,2026-07-20 22:24:00,43596,2026-07-21 02:24:00
43478,2026-07-20 18:32:00,validation,43119,43478,360,24,0.15,43493,2026-07-20 19:32:00,43508,2026-07-20 20:32:00,43538,2026-07-20 22:32:00,43598,2026-07-21 02:32:00
43479,2026-07-20 18:36:00,validation,43120,43479,360,24,0.15,43494,2026-07-20 19:36:00,43509,2026-07-20 20:36:00,43539,2026-07-20 22:36:00,43599,2026-07-21 02:36:00
43480,2026-07-20 18:40:00,validation,43121,43480,360,24,0.15,43495,2026-07-20 19:40:00,43510,2026-07-20 20:40:00,43540,2026-07-20 22:40:00,43600,2026-07-21 02:40:00
43503,2026-07-20 20:12:00,validation,43144,43503,360,24,0.15,43518,2026-07-20 21:12:00,43533,2026-07-20 22:12:00,43563,2026-07-21 00:12:00,43623,2026-07-21 04:12:00
43504,2026-07-20 20:16:00,validation,43145,43504,360,24,0.15,43519,2026-07-20 21:16:00,43534,2026-07-20 22:16:00,43564,2026-07-21 00:16:00,43624,2026-07-21 04:16:00
43505,2026-07-20 20:20:00,validation,43146,43505,360,24,0.15,43520,2026-07-20 21:20:00,43535,2026-07-20 22:20:00,43565,2026-07-21 00:20:00,43625,2026-07-21 04:20:00
43506,2026-07-20 20:24:00,validation,43147,43506,360,24,0.15,43521,2026-07-20 21:24:00,43536,2026-07-20 22:24:00,43566,2026-07-21 00:24:00,43626,2026-07-21 04:24:00
43508,2026-07-20 20:32:00,validation,43149,43508,360,24,0.15,43523,2026-07-20 21:32:00,43538,2026-07-20 22:32:00,43568,2026-07-21 00:32:00,43628,2026-07-21 04:32:00
43509,2026-07-20 20:36:00,validation,43150,43509,360,24,0.15,43524,2026-07-20 21:36:00,43539,2026-07-20 22:36:00,43569,2026-07-21 00:36:00,43629,2026-07-21 04:36:00
43512,2026-07-20 20:48:00,validation,43153,43512,360,24,0.15,43527,2026-07-20 21:48:00,43542,2026-07-20 22:48:00,43572,2026-07-21 00:48:00,43632,2026-07-21 04:48:00
43513,2026-07-20 20:52:00,validation,43154,43513,360,24,0.15,43528,2026-07-20 21:52:00,43543,2026-07-20 22:52:00,43573,2026-07-21 00:52:00,43633,2026-07-21 04:52:00
43518,2026-07-20 21:12:00,validation,43159,43518,360,24,0.15,43533,2026-07-20 22:12:00,43548,2026-07-20 23:12:00,43578,2026-07-21 01:12:00,43638,2026-07-21 05:12:00
43519,2026-07-20 21:16:00,validation,43160,43519,360,24,0.15,43534,2026-07-20 22:16:00,43549,2026-07-20 23:16:00,43579,2026-07-21 01:16:00,43639,2026-07-21 05:16:00
43523,2026-07-20 21:32:00,validation,43164,43523,360,24,0.15,43538,2026-07-20 22:32:00,43553,2026-07-20 23:32:00,43583,2026-07-21 01:32:00,43643,2026-07-21 05:32:00
43524,2026-07-20 21:36:00,validation,43165,43524,360,24,0.15,43539,2026-07-20 22:36:00,43554,2026-07-20 23:36:00,43584,2026-07-21 01:36:00,43644,2026-07-21 05:36:00
43525,2026-07-20 21:40:00,validation,43166,43525,360,24,0.15,43540,2026-07-20 22:40:00,43555,2026-07-20 23:40:00,43585,2026-07-21 01:40:00,43645,2026-07-21 05:40:00
43528,2026-07-20 21:52:00,validation,43169,43528,360,24,0.15,43543,2026-07-20 22:52:00,43558,2026-07-20 23:52:00,43588,2026-07-21 01:52:00,43648,2026-07-21 05:52:00
43530,2026-07-20 22:00:00,validation,43171,43530,360,24,0.15,43545,2026-07-20 23:00:00,43560,2026-07-21 00:00:00,43590,2026-07-21 02:00:00,43650,2026-07-21 06:00:00
43531,2026-07-20 22:04:00,validation,43172,43531,360,24,0.15,43546,2026-07-20 23:04:00,43561,2026-07-21 00:04:00,43591,2026-07-21 02:04:00,43651,2026-07-21 06:04:00
43532,2026-07-20 22:08:00,validation,43173,43532,360,24,0.15,43547,2026-07-20 23:08:00,43562,2026-07-21 00:08:00,43592,2026-07-21 02:08:00,43652,2026-07-21 06:08:00
43533,2026-07-20 22:12:00,validation,43174,43533,360,24,0.15,43548,2026-07-20 23:12:00,43563,2026-07-21 00:12:00,43593,2026-07-21 02:12:00,43653,2026-07-21 06:12:00
43534,2026-07-20 22:16:00,validation,43175,43534,360,24,0.15,43549,2026-07-20 23:16:00,43564,2026-07-21 00:16:00,43594,2026-07-21 02:16:00,43654,2026-07-21 06:16:00
43536,2026-07-20 22:24:00,validation,43177,43536,360,24,0.15,43551,2026-07-20 23:24:00,43566,2026-07-21 00:24:00,43596,2026-07-21 02:24:00,43656,2026-07-21 06:24:00
43537,2026-07-20 22:28:00,validation,43178,43537,360,24,0.15,43552,2026-07-20 23:28:00,43567,2026-07-21 00:28:00,43597,2026-07-21 02:28:00,43657,2026-07-21 06:28:00
43538,2026-07-20 22:32:00,validation,43179,43538,360,24,0.15,43553,2026-07-20 23:32:00,43568,2026-07-21 00:32:00,43598,2026-07-21 02:32:00,43658,2026-07-21 06:32:00
43539,2026-07-20 22:36:00,validation,43180,43539,360,24,0.15,43554,2026-07-20 23:36:00,43569,2026-07-21 00:36:00,43599,2026-07-21 02:36:00,43659,2026-07-21 06:36:00
43541,2026-07-20 22:44:00,validation,43182,43541,360,24,0.15,43556,2026-07-20 23:44:00,43571,2026-07-21 00:44:00,43601,2026-07-21 02:44:00,43661,2026-07-21 06:44:00
43542,2026-07-20 22:48:00,validation,43183,43542,360,24,0.15,43557,2026-07-20 23:48:00,43572,2026-07-21 00:48:00,43602,2026-07-21 02:48:00,43662,2026-07-21 06:48:00
43544,2026-07-20 22:56:00,validation,43185,43544,360,24,0.15,43559,2026-07-20 23:56:00,43574,2026-07-21 00:56:00,43604,2026-07-21 02:56:00,43664,2026-07-21 06:56:00
43548,2026-07-20 23:12:00,validation,43189,43548,360,24,0.15,43563,2026-07-21 00:12:00,43578,2026-07-21 01:12:00,43608,2026-07-21 03:12:00,43668,2026-07-21 07:12:00
43553,2026-07-20 23:32:00,validation,43194,43553,360,24,0.15,43568,2026-07-21 00:32:00,43583,2026-07-21 01:32:00,43613,2026-07-21 03:32:00,43673,2026-07-21 07:32:00
43555,2026-07-20 23:40:00,validation,43196,43555,360,24,0.15,43570,2026-07-21 00:40:00,43585,2026-07-21 01:40:00,43615,2026-07-21 03:40:00,43675,2026-07-21 07:40:00
43558,2026-07-20 23:52:00,validation,43199,43558,360,24,0.15,43573,2026-07-21 00:52:00,43588,2026-07-21 01:52:00,43618,2026-07-21 03:52:00,43678,2026-07-21 07:52:00
43559,2026-07-20 23:56:00,validation,43200,43559,360,24,0.15,43574,2026-07-21 00:56:00,43589,2026-07-21 01:56:00,43619,2026-07-21 03:56:00,43679,2026-07-21 07:56:00
43560,2026-07-21 00:00:00,validation,43201,43560,360,24,0.15,43575,2026-07-21 01:00:00,43590,2026-07-21 02:00:00,43620,2026-07-21 04:00:00,43680,2026-07-21 08:00:00
43563,2026-07-21 00:12:00,validation,43204,43563,360,24,0.15,43578,2026-07-21 01:12:00,43593,2026-07-21 02:12:00,43623,2026-07-21 04:12:00,43683,2026-07-21 08:12:00
43568,2026-07-21 00:32:00,validation,43209,43568,360,24,0.15,43583,2026-07-21 01:32:00,43598,2026-07-21 02:32:00,43628,2026-07-21 04:32:00,43688,2026-07-21 08:32:00
43569,2026-07-21 00:36:00,validation,43210,43569,360,24,0.15,43584,2026-07-21 01:36:00,43599,2026-07-21 02:36:00,43629,2026-07-21 04:36:00,43689,2026-07-21 08:36:00
43574,2026-07-21 00:56:00,validation,43215,43574,360,24,0.15,43589,2026-07-21 01:56:00,43604,2026-07-21 02:56:00,43634,2026-07-21 04:56:00,43694,2026-07-21 08:56:00
43578,2026-07-21 01:12:00,validation,43219,43578,360,24,0.15,43593,2026-07-21 02:12:00,43608,2026-07-21 03:12:00,43638,2026-07-21 05:12:00,43698,2026-07-21 09:12:00
43580,2026-07-21 01:20:00,validation,43221,43580,360,24,0.15,43595,2026-07-21 02:20:00,43610,2026-07-21 03:20:00,43640,2026-07-21 05:20:00,43700,2026-07-21 09:20:00
43581,2026-07-21 01:24:00,validation,43222,43581,360,24,0.15,43596,2026-07-21 02:24:00,43611,2026-07-21 03:24:00,43641,2026-07-21 05:24:00,43701,2026-07-21 09:24:00
43582,2026-07-21 01:28:00,validation,43223,43582,360,24,0.15,43597,2026-07-21 02:28:00,43612,2026-07-21 03:28:00,43642,2026-07-21 05:28:00,43702,2026-07-21 09:28:00
43583,2026-07-21 01:32:00,validation,43224,43583,360,24,0.15,43598,2026-07-21 02:32:00,43613,2026-07-21 03:32:00,43643,2026-07-21 05:32:00,43703,2026-07-21 09:32:00
43585,2026-07-21 01:40:00,validation,43226,43585,360,24,0.15,43600,2026-07-21 02:40:00,43615,2026-07-21 03:40:00,43645,2026-07-21 05:40:00,43705,2026-07-21 09:40:00
43593,2026-07-21 02:12:00,validation,43234,43593,360,24,0.15,43608,2026-07-21 03:12:00,43623,2026-07-21 04:12:00,43653,2026-07-21 06:12:00,43713,2026-07-21 10:12:00
43596,2026-07-21 02:24:00,validation,43237,43596,360,24,0.15,43611,2026-07-21 03:24:00,43626,2026-07-21 04:24:00,43656,2026-07-21 06:24:00,43716,2026-07-21 10:24:00
43597,2026-07-21 02:28:00,validation,43238,43597,360,24,0.15,43612,2026-07-21 03:28:00,43627,2026-07-21 04:28:00,43657,2026-07-21 06:28:00,43717,2026-07-21 10:28:00
43598,2026-07-21 02:32:00,validation,43239,43598,360,24,0.15,43613,2026-07-21 03:32:00,43628,2026-07-21 04:32:00,43658,2026-07-21 06:32:00,43718,2026-07-21 10:32:00
43599,2026-07-21 02:36:00,validation,43240,43599,360,24,0.15,43614,2026-07-21 03:36:00,43629,2026-07-21 04:36:00,43659,2026-07-21 06:36:00,43719,2026-07-21 10:36:00
43603,2026-07-21 02:52:00,validation,43244,43603,360,24,0.15,43618,2026-07-21 03:52:00,43633,2026-07-21 04:52:00,43663,2026-07-21 06:52:00,43723,2026-07-21 10:52:00
43604,2026-07-21 02:56:00,validation,43245,43604,360,24,0.15,43619,2026-07-21 03:56:00,43634,2026-07-21 04:56:00,43664,2026-07-21 06:56:00,43724,2026-07-21 10:56:00
43605,2026-07-21 03:00:00,validation,43246,43605,360,24,0.15,43620,2026-07-21 04:00:00,43635,2026-07-21 05:00:00,43665,2026-07-21 07:00:00,43725,2026-07-21 11:00:00
43608,2026-07-21 03:12:00,validation,43249,43608,360,24,0.15,43623,2026-07-21 04:12:00,43638,2026-07-21 05:12:00,43668,2026-07-21 07:12:00,43728,2026-07-21 11:12:00
43613,2026-07-21 03:32:00,validation,43254,43613,360,24,0.15,43628,2026-07-21 04:32:00,43643,2026-07-21 05:32:00,43673,2026-07-21 07:32:00,43733,2026-07-21 11:32:00
43753,2026-07-21 12:52:00,validation,43394,43753,360,24,0.15,43768,2026-07-21 13:52:00,43783,2026-07-21 14:52:00,43813,2026-07-21 16:52:00,43873,2026-07-21 20:52:00
43754,2026-07-21 12:56:00,validation,43395,43754,360,24,0.15,43769,2026-07-21 13:56:00,43784,2026-07-21 14:56:00,43814,2026-07-21 16:56:00,43874,2026-07-21 20:56:00
43756,2026-07-21 13:04:00,validation,43397,43756,360,24,0.15,43771,2026-07-21 14:04:00,43786,2026-07-21 15:04:00,43816,2026-07-21 17:04:00,43876,2026-07-21 21:04:00
43758,2026-07-21 13:12:00,validation,43399,43758,360,24,0.15,43773,2026-07-21 14:12:00,43788,2026-07-21 15:12:00,43818,2026-07-21 17:12:00,43878,2026-07-21 21:12:00
43759,2026-07-21 13:16:00,validation,43400,43759,360,24,0.15,43774,2026-07-21 14:16:00,43789,2026-07-21 15:16:00,43819,2026-07-21 17:16:00,43879,2026-07-21 21:16:00
43761,2026-07-21 13:24:00,validation,43402,43761,360,24,0.15,43776,2026-07-21 14:24:00,43791,2026-07-21 15:24:00,43821,2026-07-21 17:24:00,43881,2026-07-21 21:24:00
43762,2026-07-21 13:28:00,validation,43403,43762,360,24,0.15,43777,2026-07-21 14:28:00,43792,2026-07-21 15:28:00,43822,2026-07-21 17:28:00,43882,2026-07-21 21:28:00
43763,2026-07-21 13:32:00,validation,43404,43763,360,24,0.15,43778,2026-07-21 14:32:00,43793,2026-07-21 15:32:00,43823,2026-07-21 17:32:00,43883,2026-07-21 21:32:00
43765,2026-07-21 13:40:00,validation,43406,43765,360,24,0.15,43780,2026-07-21 14:40:00,43795,2026-07-21 15:40:00,43825,2026-07-21 17:40:00,43885,2026-07-21 21:40:00
43766,2026-07-21 13:44:00,validation,43407,43766,360,24,0.15,43781,2026-07-21 14:44:00,43796,2026-07-21 15:44:00,43826,2026-07-21 17:44:00,43886,2026-07-21 21:44:00
43767,2026-07-21 13:48:00,validation,43408,43767,360,24,0.15,43782,2026-07-21 14:48:00,43797,2026-07-21 15:48:00,43827,2026-07-21 17:48:00,43887,2026-07-21 21:48:00
43768,2026-07-21 13:52:00,validation,43409,43768,360,24,0.15,43783,2026-07-21 14:52:00,43798,2026-07-21 15:52:00,43828,2026-07-21 17:52:00,43888,2026-07-21 21:52:00
43769,2026-07-21 13:56:00,validation,43410,43769,360,24,0.15,43784,2026-07-21 14:56:00,43799,2026-07-21 15:56:00,43829,2026-07-21 17:56:00,43889,2026-07-21 21:56:00
43771,2026-07-21 14:04:00,validation,43412,43771,360,24,0.15,43786,2026-07-21 15:04:00,43801,2026-07-21 16:04:00,43831,2026-07-21 18:04:00,43891,2026-07-21 22:04:00
43772,2026-07-21 14:08:00,validation,43413,43772,360,24,0.15,43787,2026-07-21 15:08:00,43802,2026-07-21 16:08:00,43832,2026-07-21 18:08:00,43892,2026-07-21 22:08:00
43773,2026-07-21 14:12:00,validation,43414,43773,360,24,0.15,43788,2026-07-21 15:12:00,43803,2026-07-21 16:12:00,43833,2026-07-21 18:12:00,43893,2026-07-21 22:12:00
43776,2026-07-21 14:24:00,validation,43417,43776,360,24,0.15,43791,2026-07-21 15:24:00,43806,2026-07-21 16:24:00,43836,2026-07-21 18:24:00,43896,2026-07-21 22:24:00
43778,2026-07-21 14:32:00,validation,43419,43778,360,24,0.15,43793,2026-07-21 15:32:00,43808,2026-07-21 16:32:00,43838,2026-07-21 18:32:00,43898,2026-07-21 22:32:00
43782,2026-07-21 14:48:00,validation,43423,43782,360,24,0.15,43797,2026-07-21 15:48:00,43812,2026-07-21 16:48:00,43842,2026-07-21 18:48:00,43902,2026-07-21 22:48:00
43783,2026-07-21 14:52:00,validation,43424,43783,360,24,0.15,43798,2026-07-21 15:52:00,43813,2026-07-21 16:52:00,43843,2026-07-21 18:52:00,43903,2026-07-21 22:52:00
43784,2026-07-21 14:56:00,validation,43425,43784,360,24,0.15,43799,2026-07-21 15:56:00,43814,2026-07-21 16:56:00,43844,2026-07-21 18:56:00,43904,2026-07-21 22:56:00
43786,2026-07-21 15:04:00,validation,43427,43786,360,24,0.15,43801,2026-07-21 16:04:00,43816,2026-07-21 17:04:00,43846,2026-07-21 19:04:00,43906,2026-07-21 23:04:00
43788,2026-07-21 15:12:00,validation,43429,43788,360,24,0.15,43803,2026-07-21 16:12:00,43818,2026-07-21 17:12:00,43848,2026-07-21 19:12:00,43908,2026-07-21 23:12:00
43789,2026-07-21 15:16:00,validation,43430,43789,360,24,0.15,43804,2026-07-21 16:16:00,43819,2026-07-21 17:16:00,43849,2026-07-21 19:16:00,43909,2026-07-21 23:16:00
43792,2026-07-21 15:28:00,validation,43433,43792,360,24,0.15,43807,2026-07-21 16:28:00,43822,2026-07-21 17:28:00,43852,2026-07-21 19:28:00,43912,2026-07-21 23:28:00
43793,2026-07-21 15:32:00,validation,43434,43793,360,24,0.15,43808,2026-07-21 16:32:00,43823,2026-07-21 17:32:00,43853,2026-07-21 19:32:00,43913,2026-07-21 23:32:00
43796,2026-07-21 15:44:00,validation,43437,43796,360,24,0.15,43811,2026-07-21 16:44:00,43826,2026-07-21 17:44:00,43856,2026-07-21 19:44:00,43916,2026-07-21 23:44:00
43798,2026-07-21 15:52:00,validation,43439,43798,360,24,0.15,43813,2026-07-21 16:52:00,43828,2026-07-21 17:52:00,43858,2026-07-21 19:52:00,43918,2026-07-21 23:52:00
43801,2026-07-21 16:04:00,validation,43442,43801,360,24,0.15,43816,2026-07-21 17:04:00,43831,2026-07-21 18:04:00,43861,2026-07-21 20:04:00,43921,2026-07-22 00:04:00
43803,2026-07-21 16:12:00,validation,43444,43803,360,24,0.15,43818,2026-07-21 17:12:00,43833,2026-07-21 18:12:00,43863,2026-07-21 20:12:00,43923,2026-07-22 00:12:00
43806,2026-07-21 16:24:00,validation,43447,43806,360,24,0.15,43821,2026-07-21 17:24:00,43836,2026-07-21 18:24:00,43866,2026-07-21 20:24:00,43926,2026-07-22 00:24:00
43808,2026-07-21 16:32:00,validation,43449,43808,360,24,0.15,43823,2026-07-21 17:32:00,43838,2026-07-21 18:32:00,43868,2026-07-21 20:32:00,43928,2026-07-22 00:32:00
43811,2026-07-21 16:44:00,validation,43452,43811,360,24,0.15,43826,2026-07-21 17:44:00,43841,2026-07-21 18:44:00,43871,2026-07-21 20:44:00,43931,2026-07-22 00:44:00
43812,2026-07-21 16:48:00,validation,43453,43812,360,24,0.15,43827,2026-07-21 17:48:00,43842,2026-07-21 18:48:00,43872,2026-07-21 20:48:00,43932,2026-07-22 00:48:00
43813,2026-07-21 16:52:00,validation,43454,43813,360,24,0.15,43828,2026-07-21 17:52:00,43843,2026-07-21 18:52:00,43873,2026-07-21 20:52:00,43933,2026-07-22 00:52:00
43814,2026-07-21 16:56:00,validation,43455,43814,360,24,0.15,43829,2026-07-21 17:56:00,43844,2026-07-21 18:56:00,43874,2026-07-21 20:56:00,43934,2026-07-22 00:56:00
43817,2026-07-21 17:08:00,validation,43458,43817,360,24,0.15,43832,2026-07-21 18:08:00,43847,2026-07-21 19:08:00,43877,2026-07-21 21:08:00,43937,2026-07-22 01:08:00
43818,2026-07-21 17:12:00,validation,43459,43818,360,24,0.15,43833,2026-07-21 18:12:00,43848,2026-07-21 19:12:00,43878,2026-07-21 21:12:00,43938,2026-07-22 01:12:00
43822,2026-07-21 17:28:00,validation,43463,43822,360,24,0.15,43837,2026-07-21 18:28:00,43852,2026-07-21 19:28:00,43882,2026-07-21 21:28:00,43942,2026-07-22 01:28:00
43823,2026-07-21 17:32:00,validation,43464,43823,360,24,0.15,43838,2026-07-21 18:32:00,43853,2026-07-21 19:32:00,43883,2026-07-21 21:32:00,43943,2026-07-22 01:32:00
43826,2026-07-21 17:44:00,validation,43467,43826,360,24,0.15,43841,2026-07-21 18:44:00,43856,2026-07-21 19:44:00,43886,2026-07-21 21:44:00,43946,2026-07-22 01:44:00
43828,2026-07-21 17:52:00,validation,43469,43828,360,24,0.15,43843,2026-07-21 18:52:00,43858,2026-07-21 19:52:00,43888,2026-07-21 21:52:00,43948,2026-07-22 01:52:00
43829,2026-07-21 17:56:00,validation,43470,43829,360,24,0.15,43844,2026-07-21 18:56:00,43859,2026-07-21 19:56:00,43889,2026-07-21 21:56:00,43949,2026-07-22 01:56:00
43830,2026-07-21 18:00:00,validation,43471,43830,360,24,0.15,43845,2026-07-21 19:00:00,43860,2026-07-21 20:00:00,43890,2026-07-21 22:00:00,43950,2026-07-22 02:00:00
43831,2026-07-21 18:04:00,validation,43472,43831,360,24,0.15,43846,2026-07-21 19:04:00,43861,2026-07-21 20:04:00,43891,2026-07-21 22:04:00,43951,2026-07-22 02:04:00
43834,2026-07-21 18:16:00,validation,43475,43834,360,24,0.15,43849,2026-07-21 19:16:00,43864,2026-07-21 20:16:00,43894,2026-07-21 22:16:00,43954,2026-07-22 02:16:00
43838,2026-07-21 18:32:00,validation,43479,43838,360,24,0.15,43853,2026-07-21 19:32:00,43868,2026-07-21 20:32:00,43898,2026-07-21 22:32:00,43958,2026-07-22 02:32:00
43840,2026-07-21 18:40:00,validation,43481,43840,360,24,0.15,43855,2026-07-21 19:40:00,43870,2026-07-21 20:40:00,43900,2026-07-21 22:40:00,43960,2026-07-22 02:40:00
43842,2026-07-21 18:48:00,validation,43483,43842,360,24,0.15,43857,2026-07-21 19:48:00,43872,2026-07-21 20:48:00,43902,2026-07-21 22:48:00,43962,2026-07-22 02:48:00
43843,2026-07-21 18:52:00,validation,43484,43843,360,24,0.15,43858,2026-07-21 19:52:00,43873,2026-07-21 20:52:00,43903,2026-07-21 22:52:00,43963,2026-07-22 02:52:00
43844,2026-07-21 18:56:00,validation,43485,43844,360,24,0.15,43859,2026-07-21 19:56:00,43874,2026-07-21 20:56:00,43904,2026-07-21 22:56:00,43964,2026-07-22 02:56:00
43846,2026-07-21 19:04:00,validation,43487,43846,360,24,0.15,43861,2026-07-21 20:04:00,43876,2026-07-21 21:04:00,43906,2026-07-21 23:04:00,43966,2026-07-22 03:04:00
43848,2026-07-21 19:12:00,validation,43489,43848,360,24,0.15,43863,2026-07-21 20:12:00,43878,2026-07-21 21:12:00,43908,2026-07-21 23:12:00,43968,2026-07-22 03:12:00
43849,2026-07-21 19:16:00,validation,43490,43849,360,24,0.15,43864,2026-07-21 20:16:00,43879,2026-07-21 21:16:00,43909,2026-07-21 23:16:00,43969,2026-07-22 03:16:00
43850,2026-07-21 19:20:00,validation,43491,43850,360,24,0.15,43865,2026-07-21 20:20:00,43880,2026-07-21 21:20:00,43910,2026-07-21 23:20:00,43970,2026-07-22 03:20:00
43851,2026-07-21 19:24:00,validation,43492,43851,360,24,0.15,43866,2026-07-21 20:24:00,43881,2026-07-21 21:24:00,43911,2026-07-21 23:24:00,43971,2026-07-22 03:24:00
43858,2026-07-21 19:52:00,validation,43499,43858,360,24,0.15,43873,2026-07-21 20:52:00,43888,2026-07-21 21:52:00,43918,2026-07-21 23:52:00,43978,2026-07-22 03:52:00
43861,2026-07-21 20:04:00,validation,43502,43861,360,24,0.15,43876,2026-07-21 21:04:00,43891,2026-07-21 22:04:00,43921,2026-07-22 00:04:00,43981,2026-07-22 04:04:00
43863,2026-07-21 20:12:00,validation,43504,43863,360,24,0.15,43878,2026-07-21 21:12:00,43893,2026-07-21 22:12:00,43923,2026-07-22 00:12:00,43983,2026-07-22 04:12:00
43864,2026-07-21 20:16:00,validation,43505,43864,360,24,0.15,43879,2026-07-21 21:16:00,43894,2026-07-21 22:16:00,43924,2026-07-22 00:16:00,43984,2026-07-22 04:16:00
43866,2026-07-21 20:24:00,validation,43507,43866,360,24,0.15,43881,2026-07-21 21:24:00,43896,2026-07-21 22:24:00,43926,2026-07-22 00:24:00,43986,2026-07-22 04:24:00
43868,2026-07-21 20:32:00,validation,43509,43868,360,24,0.15,43883,2026-07-21 21:32:00,43898,2026-07-21 22:32:00,43928,2026-07-22 00:32:00,43988,2026-07-22 04:32:00
43872,2026-07-21 20:48:00,validation,43513,43872,360,24,0.15,43887,2026-07-21 21:48:00,43902,2026-07-21 22:48:00,43932,2026-07-22 00:48:00,43992,2026-07-22 04:48:00
43873,2026-07-21 20:52:00,validation,43514,43873,360,24,0.15,43888,2026-07-21 21:52:00,43903,2026-07-21 22:52:00,43933,2026-07-22 00:52:00,43993,2026-07-22 04:52:00
43874,2026-07-21 20:56:00,validation,43515,43874,360,24,0.15,43889,2026-07-21 21:56:00,43904,2026-07-21 22:56:00,43934,2026-07-22 00:56:00,43994,2026-07-22 04:56:00
43875,2026-07-21 21:00:00,validation,43516,43875,360,24,0.15,43890,2026-07-21 22:00:00,43905,2026-07-21 23:00:00,43935,2026-07-22 01:00:00,43995,2026-07-22 05:00:00
43877,2026-07-21 21:08:00,validation,43518,43877,360,24,0.15,43892,2026-07-21 22:08:00,43907,2026-07-21 23:08:00,43937,2026-07-22 01:08:00,43997,2026-07-22 05:08:00
43878,2026-07-21 21:12:00,validation,43519,43878,360,24,0.15,43893,2026-07-21 22:12:00,43908,2026-07-21 23:12:00,43938,2026-07-22 01:12:00,43998,2026-07-22 05:12:00
43888,2026-07-21 21:52:00,validation,43529,43888,360,24,0.15,43903,2026-07-21 22:52:00,43918,2026-07-21 23:52:00,43948,2026-07-22 01:52:00,44008,2026-07-22 05:52:00
43894,2026-07-21 22:16:00,validation,43535,43894,360,24,0.15,43909,2026-07-21 23:16:00,43924,2026-07-22 00:16:00,43954,2026-07-22 02:16:00,44014,2026-07-22 06:16:00
43895,2026-07-21 22:20:00,validation,43536,43895,360,24,0.15,43910,2026-07-21 23:20:00,43925,2026-07-22 00:20:00,43955,2026-07-22 02:20:00,44015,2026-07-22 06:20:00
43898,2026-07-21 22:32:00,validation,43539,43898,360,24,0.15,43913,2026-07-21 23:32:00,43928,2026-07-22 00:32:00,43958,2026-07-22 02:32:00,44018,2026-07-22 06:32:00
43901,2026-07-21 22:44:00,validation,43542,43901,360,24,0.15,43916,2026-07-21 23:44:00,43931,2026-07-22 00:44:00,43961,2026-07-22 02:44:00,44021,2026-07-22 06:44:00
43903,2026-07-21 22:52:00,validation,43544,43903,360,24,0.15,43918,2026-07-21 23:52:00,43933,2026-07-22 00:52:00,43963,2026-07-22 02:52:00,44023,2026-07-22 06:52:00
43908,2026-07-21 23:12:00,validation,43549,43908,360,24,0.15,43923,2026-07-22 00:12:00,43938,2026-07-22 01:12:00,43968,2026-07-22 03:12:00,44028,2026-07-22 07:12:00
43909,2026-07-21 23:16:00,validation,43550,43909,360,24,0.15,43924,2026-07-22 00:16:00,43939,2026-07-22 01:16:00,43969,2026-07-22 03:16:00,44029,2026-07-22 07:16:00
43918,2026-07-21 23:52:00,validation,43559,43918,360,24,0.15,43933,2026-07-22 00:52:00,43948,2026-07-22 01:52:00,43978,2026-07-22 03:52:00,44038,2026-07-22 07:52:00
43919,2026-07-21 23:56:00,validation,43560,43919,360,24,0.15,43934,2026-07-22 00:56:00,43949,2026-07-22 01:56:00,43979,2026-07-22 03:56:00,44039,2026-07-22 07:56:00
43966,2026-07-22 03:04:00,validation,43607,43966,360,24,0.15,43981,2026-07-22 04:04:00,43996,2026-07-22 05:04:00,44026,2026-07-22 07:04:00,44086,2026-07-22 11:04:00
43967,2026-07-22 03:08:00,validation,43608,43967,360,24,0.15,43982,2026-07-22 04:08:00,43997,2026-07-22 05:08:00,44027,2026-07-22 07:08:00,44087,2026-07-22 11:08:00
43968,2026-07-22 03:12:00,validation,43609,43968,360,24,0.15,43983,2026-07-22 04:12:00,43998,2026-07-22 05:12:00,44028,2026-07-22 07:12:00,44088,2026-07-22 11:12:00
43970,2026-07-22 03:20:00,validation,43611,43970,360,24,0.15,43985,2026-07-22 04:20:00,44000,2026-07-22 05:20:00,44030,2026-07-22 07:20:00,44090,2026-07-22 11:20:00
43971,2026-07-22 03:24:00,validation,43612,43971,360,24,0.15,43986,2026-07-22 04:24:00,44001,2026-07-22 05:24:00,44031,2026-07-22 07:24:00,44091,2026-07-22 11:24:00
43972,2026-07-22 03:28:00,validation,43613,43972,360,24,0.15,43987,2026-07-22 04:28:00,44002,2026-07-22 05:28:00,44032,2026-07-22 07:28:00,44092,2026-07-22 11:28:00
43978,2026-07-22 03:52:00,validation,43619,43978,360,24,0.15,43993,2026-07-22 04:52:00,44008,2026-07-22 05:52:00,44038,2026-07-22 07:52:00,44098,2026-07-22 11:52:00
43979,2026-07-22 03:56:00,validation,43620,43979,360,24,0.15,43994,2026-07-22 04:56:00,44009,2026-07-22 05:56:00,44039,2026-07-22 07:56:00,44099,2026-07-22 11:56:00
43985,2026-07-22 04:20:00,validation,43626,43985,360,24,0.15,44000,2026-07-22 05:20:00,44015,2026-07-22 06:20:00,44045,2026-07-22 08:20:00,44105,2026-07-22 12:20:00
43987,2026-07-22 04:28:00,validation,43628,43987,360,24,0.15,44002,2026-07-22 05:28:00,44017,2026-07-22 06:28:00,44047,2026-07-22 08:28:00,44107,2026-07-22 12:28:00
43991,2026-07-22 04:44:00,validation,43632,43991,360,24,0.15,44006,2026-07-22 05:44:00,44021,2026-07-22 06:44:00,44051,2026-07-22 08:44:00,44111,2026-07-22 12:44:00
43993,2026-07-22 04:52:00,validation,43634,43993,360,24,0.15,44008,2026-07-22 05:52:00,44023,2026-07-22 06:52:00,44053,2026-07-22 08:52:00,44113,2026-07-22 12:52:00
43994,2026-07-22 04:56:00,validation,43635,43994,360,24,0.15,44009,2026-07-22 05:56:00,44024,2026-07-22 06:56:00,44054,2026-07-22 08:56:00,44114,2026-07-22 12:56:00
43997,2026-07-22 05:08:00,validation,43638,43997,360,24,0.15,44012,2026-07-22 06:08:00,44027,2026-07-22 07:08:00,44057,2026-07-22 09:08:00,44117,2026-07-22 13:08:00
43998,2026-07-22 05:12:00,validation,43639,43998,360,24,0.15,44013,2026-07-22 06:12:00,44028,2026-07-22 07:12:00,44058,2026-07-22 09:12:00,44118,2026-07-22 13:12:00
43999,2026-07-22 05:16:00,validation,43640,43999,360,24,0.15,44014,2026-07-22 06:16:00,44029,2026-07-22 07:16:00,44059,2026-07-22 09:16:00,44119,2026-07-22 13:16:00
44031,2026-07-22 07:24:00,validation,43672,44031,360,24,0.15,44046,2026-07-22 08:24:00,44061,2026-07-22 09:24:00,44091,2026-07-22 11:24:00,44151,2026-07-22 15:24:00
44032,2026-07-22 07:28:00,validation,43673,44032,360,24,0.15,44047,2026-07-22 08:28:00,44062,2026-07-22 09:28:00,44092,2026-07-22 11:28:00,44152,2026-07-22 15:28:00
44033,2026-07-22 07:32:00,validation,43674,44033,360,24,0.15,44048,2026-07-22 08:32:00,44063,2026-07-22 09:32:00,44093,2026-07-22 11:32:00,44153,2026-07-22 15:32:00
44034,2026-07-22 07:36:00,validation,43675,44034,360,24,0.15,44049,2026-07-22 08:36:00,44064,2026-07-22 09:36:00,44094,2026-07-22 11:36:00,44154,2026-07-22 15:36:00
44038,2026-07-22 07:52:00,validation,43679,44038,360,24,0.15,44053,2026-07-22 08:52:00,44068,2026-07-22 09:52:00,44098,2026-07-22 11:52:00,44158,2026-07-22 15:52:00
44041,2026-07-22 08:04:00,validation,43682,44041,360,24,0.15,44056,2026-07-22 09:04:00,44071,2026-07-22 10:04:00,44101,2026-07-22 12:04:00,44161,2026-07-22 16:04:00
44043,2026-07-22 08:12:00,validation,43684,44043,360,24,0.15,44058,2026-07-22 09:12:00,44073,2026-07-22 10:12:00,44103,2026-07-22 12:12:00,44163,2026-07-22 16:12:00
44044,2026-07-22 08:16:00,validation,43685,44044,360,24,0.15,44059,2026-07-22 09:16:00,44074,2026-07-22 10:16:00,44104,2026-07-22 12:16:00,44164,2026-07-22 16:16:00
44046,2026-07-22 08:24:00,validation,43687,44046,360,24,0.15,44061,2026-07-22 09:24:00,44076,2026-07-22 10:24:00,44106,2026-07-22 12:24:00,44166,2026-07-22 16:24:00
44047,2026-07-22 08:28:00,validation,43688,44047,360,24,0.15,44062,2026-07-22 09:28:00,44077,2026-07-22 10:28:00,44107,2026-07-22 12:28:00,44167,2026-07-22 16:28:00
44048,2026-07-22 08:32:00,validation,43689,44048,360,24,0.15,44063,2026-07-22 09:32:00,44078,2026-07-22 10:32:00,44108,2026-07-22 12:32:00,44168,2026-07-22 16:32:00
44052,2026-07-22 08:48:00,validation,43693,44052,360,24,0.15,44067,2026-07-22 09:48:00,44082,2026-07-22 10:48:00,44112,2026-07-22 12:48:00,44172,2026-07-22 16:48:00
44053,2026-07-22 08:52:00,validation,43694,44053,360,24,0.15,44068,2026-07-22 09:52:00,44083,2026-07-22 10:52:00,44113,2026-07-22 12:52:00,44173,2026-07-22 16:52:00
44055,2026-07-22 09:00:00,validation,43696,44055,360,24,0.15,44070,2026-07-22 10:00:00,44085,2026-07-22 11:00:00,44115,2026-07-22 13:00:00,44175,2026-07-22 17:00:00
44056,2026-07-22 09:04:00,validation,43697,44056,360,24,0.15,44071,2026-07-22 10:04:00,44086,2026-07-22 11:04:00,44116,2026-07-22 13:04:00,44176,2026-07-22 17:04:00
44057,2026-07-22 09:08:00,validation,43698,44057,360,24,0.15,44072,2026-07-22 10:08:00,44087,2026-07-22 11:08:00,44117,2026-07-22 13:08:00,44177,2026-07-22 17:08:00
44059,2026-07-22 09:16:00,validation,43700,44059,360,24,0.15,44074,2026-07-22 10:16:00,44089,2026-07-22 11:16:00,44119,2026-07-22 13:16:00,44179,2026-07-22 17:16:00
44337,2026-07-23 03:48:00,validation,43978,44337,360,24,0.15,44352,2026-07-23 04:48:00,44367,2026-07-23 05:48:00,44397,2026-07-23 07:48:00,44457,2026-07-23 11:48:00
44338,2026-07-23 03:52:00,validation,43979,44338,360,24,0.15,44353,2026-07-23 04:52:00,44368,2026-07-23 05:52:00,44398,2026-07-23 07:52:00,44458,2026-07-23 11:52:00
44339,2026-07-23 03:56:00,validation,43980,44339,360,24,0.15,44354,2026-07-23 04:56:00,44369,2026-07-23 05:56:00,44399,2026-07-23 07:56:00,44459,2026-07-23 11:56:00
44340,2026-07-23 04:00:00,validation,43981,44340,360,24,0.15,44355,2026-07-23 05:00:00,44370,2026-07-23 06:00:00,44400,2026-07-23 08:00:00,44460,2026-07-23 12:00:00
44341,2026-07-23 04:04:00,validation,43982,44341,360,24,0.15,44356,2026-07-23 05:04:00,44371,2026-07-23 06:04:00,44401,2026-07-23 08:04:00,44461,2026-07-23 12:04:00
44342,2026-07-23 04:08:00,validation,43983,44342,360,24,0.15,44357,2026-07-23 05:08:00,44372,2026-07-23 06:08:00,44402,2026-07-23 08:08:00,44462,2026-07-23 12:08:00
44345,2026-07-23 04:20:00,validation,43986,44345,360,24,0.15,44360,2026-07-23 05:20:00,44375,2026-07-23 06:20:00,44405,2026-07-23 08:20:00,44465,2026-07-23 12:20:00
44346,2026-07-23 04:24:00,validation,43987,44346,360,24,0.15,44361,2026-07-23 05:24:00,44376,2026-07-23 06:24:00,44406,2026-07-23 08:24:00,44466,2026-07-23 12:24:00
44350,2026-07-23 04:40:00,validation,43991,44350,360,24,0.15,44365,2026-07-23 05:40:00,44380,2026-07-23 06:40:00,44410,2026-07-23 08:40:00,44470,2026-07-23 12:40:00
44351,2026-07-23 04:44:00,validation,43992,44351,360,24,0.15,44366,2026-07-23 05:44:00,44381,2026-07-23 06:44:00,44411,2026-07-23 08:44:00,44471,2026-07-23 12:44:00
44352,2026-07-23 04:48:00,validation,43993,44352,360,24,0.15,44367,2026-07-23 05:48:00,44382,2026-07-23 06:48:00,44412,2026-07-23 08:48:00,44472,2026-07-23 12:48:00
44353,2026-07-23 04:52:00,validation,43994,44353,360,24,0.15,44368,2026-07-23 05:52:00,44383,2026-07-23 06:52:00,44413,2026-07-23 08:52:00,44473,2026-07-23 12:52:00
44354,2026-07-23 04:56:00,validation,43995,44354,360,24,0.15,44369,2026-07-23 05:56:00,44384,2026-07-23 06:56:00,44414,2026-07-23 08:56:00,44474,2026-07-23 12:56:00
44355,2026-07-23 05:00:00,validation,43996,44355,360,24,0.15,44370,2026-07-23 06:00:00,44385,2026-07-23 07:00:00,44415,2026-07-23 09:00:00,44475,2026-07-23 13:00:00
44356,2026-07-23 05:04:00,validation,43997,44356,360,24,0.15,44371,2026-07-23 06:04:00,44386,2026-07-23 07:04:00,44416,2026-07-23 09:04:00,44476,2026-07-23 13:04:00
44357,2026-07-23 05:08:00,validation,43998,44357,360,24,0.15,44372,2026-07-23 06:08:00,44387,2026-07-23 07:08:00,44417,2026-07-23 09:08:00,44477,2026-07-23 13:08:00
44358,2026-07-23 05:12:00,validation,43999,44358,360,24,0.15,44373,2026-07-23 06:12:00,44388,2026-07-23 07:12:00,44418,2026-07-23 09:12:00,44478,2026-07-23 13:12:00
44360,2026-07-23 05:20:00,validation,44001,44360,360,24,0.15,44375,2026-07-23 06:20:00,44390,2026-07-23 07:20:00,44420,2026-07-23 09:20:00,44480,2026-07-23 13:20:00
44361,2026-07-23 05:24:00,validation,44002,44361,360,24,0.15,44376,2026-07-23 06:24:00,44391,2026-07-23 07:24:00,44421,2026-07-23 09:24:00,44481,2026-07-23 13:24:00
44364,2026-07-23 05:36:00,validation,44005,44364,360,24,0.15,44379,2026-07-23 06:36:00,44394,2026-07-23 07:36:00,44424,2026-07-23 09:36:00,44484,2026-07-23 13:36:00
44365,2026-07-23 05:40:00,validation,44006,44365,360,24,0.15,44380,2026-07-23 06:40:00,44395,2026-07-23 07:40:00,44425,2026-07-23 09:40:00,44485,2026-07-23 13:40:00
44366,2026-07-23 05:44:00,validation,44007,44366,360,24,0.15,44381,2026-07-23 06:44:00,44396,2026-07-23 07:44:00,44426,2026-07-23 09:44:00,44486,2026-07-23 13:44:00
44367,2026-07-23 05:48:00,validation,44008,44367,360,24,0.15,44382,2026-07-23 06:48:00,44397,2026-07-23 07:48:00,44427,2026-07-23 09:48:00,44487,2026-07-23 13:48:00
44368,2026-07-23 05:52:00,validation,44009,44368,360,24,0.15,44383,2026-07-23 06:52:00,44398,2026-07-23 07:52:00,44428,2026-07-23 09:52:00,44488,2026-07-23 13:52:00
44369,2026-07-23 05:56:00,validation,44010,44369,360,24,0.15,44384,2026-07-23 06:56:00,44399,2026-07-23 07:56:00,44429,2026-07-23 09:56:00,44489,2026-07-23 13:56:00
44370,2026-07-23 06:00:00,validation,44011,44370,360,24,0.15,44385,2026-07-23 07:00:00,44400,2026-07-23 08:00:00,44430,2026-07-23 10:00:00,44490,2026-07-23 14:00:00
44371,2026-07-23 06:04:00,validation,44012,44371,360,24,0.15,44386,2026-07-23 07:04:00,44401,2026-07-23 08:04:00,44431,2026-07-23 10:04:00,44491,2026-07-23 14:04:00
44372,2026-07-23 06:08:00,validation,44013,44372,360,24,0.15,44387,2026-07-23 07:08:00,44402,2026-07-23 08:08:00,44432,2026-07-23 10:08:00,44492,2026-07-23 14:08:00
44375,2026-07-23 06:20:00,validation,44016,44375,360,24,0.15,44390,2026-07-23 07:20:00,44405,2026-07-23 08:20:00,44435,2026-07-23 10:20:00,44495,2026-07-23 14:20:00
44376,2026-07-23 06:24:00,validation,44017,44376,360,24,0.15,44391,2026-07-23 07:24:00,44406,2026-07-23 08:24:00,44436,2026-07-23 10:24:00,44496,2026-07-23 14:24:00
44379,2026-07-23 06:36:00,validation,44020,44379,360,24,0.15,44394,2026-07-23 07:36:00,44409,2026-07-23 08:36:00,44439,2026-07-23 10:36:00,44499,2026-07-23 14:36:00
44380,2026-07-23 06:40:00,validation,44021,44380,360,24,0.15,44395,2026-07-23 07:40:00,44410,2026-07-23 08:40:00,44440,2026-07-23 10:40:00,44500,2026-07-23 14:40:00
44381,2026-07-23 06:44:00,validation,44022,44381,360,24,0.15,44396,2026-07-23 07:44:00,44411,2026-07-23 08:44:00,44441,2026-07-23 10:44:00,44501,2026-07-23 14:44:00
44384,2026-07-23 06:56:00,validation,44025,44384,360,24,0.15,44399,2026-07-23 07:56:00,44414,2026-07-23 08:56:00,44444,2026-07-23 10:56:00,44504,2026-07-23 14:56:00
44385,2026-07-23 07:00:00,validation,44026,44385,360,24,0.15,44400,2026-07-23 08:00:00,44415,2026-07-23 09:00:00,44445,2026-07-23 11:00:00,44505,2026-07-23 15:00:00
44387,2026-07-23 07:08:00,validation,44028,44387,360,24,0.15,44402,2026-07-23 08:08:00,44417,2026-07-23 09:08:00,44447,2026-07-23 11:08:00,44507,2026-07-23 15:08:00
44389,2026-07-23 07:16:00,validation,44030,44389,360,24,0.15,44404,2026-07-23 08:16:00,44419,2026-07-23 09:16:00,44449,2026-07-23 11:16:00,44509,2026-07-23 15:16:00
44390,2026-07-23 07:20:00,validation,44031,44390,360,24,0.15,44405,2026-07-23 08:20:00,44420,2026-07-23 09:20:00,44450,2026-07-23 11:20:00,44510,2026-07-23 15:20:00
44393,2026-07-23 07:32:00,validation,44034,44393,360,24,0.15,44408,2026-07-23 08:32:00,44423,2026-07-23 09:32:00,44453,2026-07-23 11:32:00,44513,2026-07-23 15:32:00
44394,2026-07-23 07:36:00,validation,44035,44394,360,24,0.15,44409,2026-07-23 08:36:00,44424,2026-07-23 09:36:00,44454,2026-07-23 11:36:00,44514,2026-07-23 15:36:00
44396,2026-07-23 07:44:00,validation,44037,44396,360,24,0.15,44411,2026-07-23 08:44:00,44426,2026-07-23 09:44:00,44456,2026-07-23 11:44:00,44516,2026-07-23 15:44:00
44397,2026-07-23 07:48:00,validation,44038,44397,360,24,0.15,44412,2026-07-23 08:48:00,44427,2026-07-23 09:48:00,44457,2026-07-23 11:48:00,44517,2026-07-23 15:48:00
44398,2026-07-23 07:52:00,validation,44039,44398,360,24,0.15,44413,2026-07-23 08:52:00,44428,2026-07-23 09:52:00,44458,2026-07-23 11:52:00,44518,2026-07-23 15:52:00
44399,2026-07-23 07:56:00,validation,44040,44399,360,24,0.15,44414,2026-07-23 08:56:00,44429,2026-07-23 09:56:00,44459,2026-07-23 11:56:00,44519,2026-07-23 15:56:00
44400,2026-07-23 08:00:00,validation,44041,44400,360,24,0.15,44415,2026-07-23 09:00:00,44430,2026-07-23 10:00:00,44460,2026-07-23 12:00:00,44520,2026-07-23 16:00:00
44401,2026-07-23 08:04:00,validation,44042,44401,360,24,0.15,44416,2026-07-23 09:04:00,44431,2026-07-23 10:04:00,44461,2026-07-23 12:04:00,44521,2026-07-23 16:04:00
44402,2026-07-23 08:08:00,validation,44043,44402,360,24,0.15,44417,2026-07-23 09:08:00,44432,2026-07-23 10:08:00,44462,2026-07-23 12:08:00,44522,2026-07-23 16:08:00
44403,2026-07-23 08:12:00,validation,44044,44403,360,24,0.15,44418,2026-07-23 09:12:00,44433,2026-07-23 10:12:00,44463,2026-07-23 12:12:00,44523,2026-07-23 16:12:00
44406,2026-07-23 08:24:00,validation,44047,44406,360,24,0.15,44421,2026-07-23 09:24:00,44436,2026-07-23 10:24:00,44466,2026-07-23 12:24:00,44526,2026-07-23 16:24:00
44408,2026-07-23 08:32:00,validation,44049,44408,360,24,0.15,44423,2026-07-23 09:32:00,44438,2026-07-23 10:32:00,44468,2026-07-23 12:32:00,44528,2026-07-23 16:32:00
44410,2026-07-23 08:40:00,validation,44051,44410,360,24,0.15,44425,2026-07-23 09:40:00,44440,2026-07-23 10:40:00,44470,2026-07-23 12:40:00,44530,2026-07-23 16:40:00
44412,2026-07-23 08:48:00,validation,44053,44412,360,24,0.15,44427,2026-07-23 09:48:00,44442,2026-07-23 10:48:00,44472,2026-07-23 12:48:00,44532,2026-07-23 16:48:00
44415,2026-07-23 09:00:00,validation,44056,44415,360,24,0.15,44430,2026-07-23 10:00:00,44445,2026-07-23 11:00:00,44475,2026-07-23 13:00:00,44535,2026-07-23 17:00:00
44417,2026-07-23 09:08:00,validation,44058,44417,360,24,0.15,44432,2026-07-23 10:08:00,44447,2026-07-23 11:08:00,44477,2026-07-23 13:08:00,44537,2026-07-23 17:08:00
44418,2026-07-23 09:12:00,validation,44059,44418,360,24,0.15,44433,2026-07-23 10:12:00,44448,2026-07-23 11:12:00,44478,2026-07-23 13:12:00,44538,2026-07-23 17:12:00
44420,2026-07-23 09:20:00,validation,44061,44420,360,24,0.15,44435,2026-07-23 10:20:00,44450,2026-07-23 11:20:00,44480,2026-07-23 13:20:00,44540,2026-07-23 17:20:00
44422,2026-07-23 09:28:00,validation,44063,44422,360,24,0.15,44437,2026-07-23 10:28:00,44452,2026-07-23 11:28:00,44482,2026-07-23 13:28:00,44542,2026-07-23 17:28:00
44423,2026-07-23 09:32:00,validation,44064,44423,360,24,0.15,44438,2026-07-23 10:32:00,44453,2026-07-23 11:32:00,44483,2026-07-23 13:32:00,44543,2026-07-23 17:32:00
44424,2026-07-23 09:36:00,validation,44065,44424,360,24,0.15,44439,2026-07-23 10:36:00,44454,2026-07-23 11:36:00,44484,2026-07-23 13:36:00,44544,2026-07-23 17:36:00
44427,2026-07-23 09:48:00,validation,44068,44427,360,24,0.15,44442,2026-07-23 10:48:00,44457,2026-07-23 11:48:00,44487,2026-07-23 13:48:00,44547,2026-07-23 17:48:00
44429,2026-07-23 09:56:00,validation,44070,44429,360,24,0.15,44444,2026-07-23 10:56:00,44459,2026-07-23 11:56:00,44489,2026-07-23 13:56:00,44549,2026-07-23 17:56:00
44430,2026-07-23 10:00:00,validation,44071,44430,360,24,0.15,44445,2026-07-23 11:00:00,44460,2026-07-23 12:00:00,44490,2026-07-23 14:00:00,44550,2026-07-23 18:00:00
44431,2026-07-23 10:04:00,validation,44072,44431,360,24,0.15,44446,2026-07-23 11:04:00,44461,2026-07-23 12:04:00,44491,2026-07-23 14:04:00,44551,2026-07-23 18:04:00
44433,2026-07-23 10:12:00,validation,44074,44433,360,24,0.15,44448,2026-07-23 11:12:00,44463,2026-07-23 12:12:00,44493,2026-07-23 14:12:00,44553,2026-07-23 18:12:00
44437,2026-07-23 10:28:00,validation,44078,44437,360,24,0.15,44452,2026-07-23 11:28:00,44467,2026-07-23 12:28:00,44497,2026-07-23 14:28:00,44557,2026-07-23 18:28:00
44439,2026-07-23 10:36:00,validation,44080,44439,360,24,0.15,44454,2026-07-23 11:36:00,44469,2026-07-23 12:36:00,44499,2026-07-23 14:36:00,44559,2026-07-23 18:36:00
44441,2026-07-23 10:44:00,validation,44082,44441,360,24,0.15,44456,2026-07-23 11:44:00,44471,2026-07-23 12:44:00,44501,2026-07-23 14:44:00,44561,2026-07-23 18:44:00
44444,2026-07-23 10:56:00,validation,44085,44444,360,24,0.15,44459,2026-07-23 11:56:00,44474,2026-07-23 12:56:00,44504,2026-07-23 14:56:00,44564,2026-07-23 18:56:00
44445,2026-07-23 11:00:00,validation,44086,44445,360,24,0.15,44460,2026-07-23 12:00:00,44475,2026-07-23 13:00:00,44505,2026-07-23 15:00:00,44565,2026-07-23 19:00:00
44447,2026-07-23 11:08:00,validation,44088,44447,360,24,0.15,44462,2026-07-23 12:08:00,44477,2026-07-23 13:08:00,44507,2026-07-23 15:08:00,44567,2026-07-23 19:08:00
44448,2026-07-23 11:12:00,validation,44089,44448,360,24,0.15,44463,2026-07-23 12:12:00,44478,2026-07-23 13:12:00,44508,2026-07-23 15:12:00,44568,2026-07-23 19:12:00
44451,2026-07-23 11:24:00,validation,44092,44451,360,24,0.15,44466,2026-07-23 12:24:00,44481,2026-07-23 13:24:00,44511,2026-07-23 15:24:00,44571,2026-07-23 19:24:00
44452,2026-07-23 11:28:00,validation,44093,44452,360,24,0.15,44467,2026-07-23 12:28:00,44482,2026-07-23 13:28:00,44512,2026-07-23 15:28:00,44572,2026-07-23 19:28:00
44453,2026-07-23 11:32:00,validation,44094,44453,360,24,0.15,44468,2026-07-23 12:32:00,44483,2026-07-23 13:32:00,44513,2026-07-23 15:32:00,44573,2026-07-23 19:32:00
44455,2026-07-23 11:40:00,validation,44096,44455,360,24,0.15,44470,2026-07-23 12:40:00,44485,2026-07-23 13:40:00,44515,2026-07-23 15:40:00,44575,2026-07-23 19:40:00
44456,2026-07-23 11:44:00,validation,44097,44456,360,24,0.15,44471,2026-07-23 12:44:00,44486,2026-07-23 13:44:00,44516,2026-07-23 15:44:00,44576,2026-07-23 19:44:00
44459,2026-07-23 11:56:00,validation,44100,44459,360,24,0.15,44474,2026-07-23 12:56:00,44489,2026-07-23 13:56:00,44519,2026-07-23 15:56:00,44579,2026-07-23 19:56:00
44460,2026-07-23 12:00:00,validation,44101,44460,360,24,0.15,44475,2026-07-23 13:00:00,44490,2026-07-23 14:00:00,44520,2026-07-23 16:00:00,44580,2026-07-23 20:00:00
44462,2026-07-23 12:08:00,validation,44103,44462,360,24,0.15,44477,2026-07-23 13:08:00,44492,2026-07-23 14:08:00,44522,2026-07-23 16:08:00,44582,2026-07-23 20:08:00
44475,2026-07-23 13:00:00,validation,44116,44475,360,24,0.15,44490,2026-07-23 14:00:00,44505,2026-07-23 15:00:00,44535,2026-07-23 17:00:00,44595,2026-07-23 21:00:00
44480,2026-07-23 13:20:00,validation,44121,44480,360,24,0.15,44495,2026-07-23 14:20:00,44510,2026-07-23 15:20:00,44540,2026-07-23 17:20:00,44600,2026-07-23 21:20:00
44481,2026-07-23 13:24:00,validation,44122,44481,360,24,0.15,44496,2026-07-23 14:24:00,44511,2026-07-23 15:24:00,44541,2026-07-23 17:24:00,44601,2026-07-23 21:24:00
44482,2026-07-23 13:28:00,validation,44123,44482,360,24,0.15,44497,2026-07-23 14:28:00,44512,2026-07-23 15:28:00,44542,2026-07-23 17:28:00,44602,2026-07-23 21:28:00
44484,2026-07-23 13:36:00,validation,44125,44484,360,24,0.15,44499,2026-07-23 14:36:00,44514,2026-07-23 15:36:00,44544,2026-07-23 17:36:00,44604,2026-07-23 21:36:00
44485,2026-07-23 13:40:00,validation,44126,44485,360,24,0.15,44500,2026-07-23 14:40:00,44515,2026-07-23 15:40:00,44545,2026-07-23 17:40:00,44605,2026-07-23 21:40:00
44489,2026-07-23 13:56:00,validation,44130,44489,360,24,0.15,44504,2026-07-23 14:56:00,44519,2026-07-23 15:56:00,44549,2026-07-23 17:56:00,44609,2026-07-23 21:56:00
44490,2026-07-23 14:00:00,validation,44131,44490,360,24,0.15,44505,2026-07-23 15:00:00,44520,2026-07-23 16:00:00,44550,2026-07-23 18:00:00,44610,2026-07-23 22:00:00
44493,2026-07-23 14:12:00,validation,44134,44493,360,24,0.15,44508,2026-07-23 15:12:00,44523,2026-07-23 16:12:00,44553,2026-07-23 18:12:00,44613,2026-07-23 22:12:00
44496,2026-07-23 14:24:00,validation,44137,44496,360,24,0.15,44511,2026-07-23 15:24:00,44526,2026-07-23 16:24:00,44556,2026-07-23 18:24:00,44616,2026-07-23 22:24:00
44498,2026-07-23 14:32:00,validation,44139,44498,360,24,0.15,44513,2026-07-23 15:32:00,44528,2026-07-23 16:32:00,44558,2026-07-23 18:32:00,44618,2026-07-23 22:32:00
44500,2026-07-23 14:40:00,validation,44141,44500,360,24,0.15,44515,2026-07-23 15:40:00,44530,2026-07-23 16:40:00,44560,2026-07-23 18:40:00,44620,2026-07-23 22:40:00
44502,2026-07-23 14:48:00,validation,44143,44502,360,24,0.15,44517,2026-07-23 15:48:00,44532,2026-07-23 16:48:00,44562,2026-07-23 18:48:00,44622,2026-07-23 22:48:00
44503,2026-07-23 14:52:00,validation,44144,44503,360,24,0.15,44518,2026-07-23 15:52:00,44533,2026-07-23 16:52:00,44563,2026-07-23 18:52:00,44623,2026-07-23 22:52:00
44505,2026-07-23 15:00:00,validation,44146,44505,360,24,0.15,44520,2026-07-23 16:00:00,44535,2026-07-23 17:00:00,44565,2026-07-23 19:00:00,44625,2026-07-23 23:00:00
44507,2026-07-23 15:08:00,validation,44148,44507,360,24,0.15,44522,2026-07-23 16:08:00,44537,2026-07-23 17:08:00,44567,2026-07-23 19:08:00,44627,2026-07-23 23:08:00
44508,2026-07-23 15:12:00,validation,44149,44508,360,24,0.15,44523,2026-07-23 16:12:00,44538,2026-07-23 17:12:00,44568,2026-07-23 19:12:00,44628,2026-07-23 23:12:00
44511,2026-07-23 15:24:00,validation,44152,44511,360,24,0.15,44526,2026-07-23 16:24:00,44541,2026-07-23 17:24:00,44571,2026-07-23 19:24:00,44631,2026-07-23 23:24:00
44513,2026-07-23 15:32:00,validation,44154,44513,360,24,0.15,44528,2026-07-23 16:32:00,44543,2026-07-23 17:32:00,44573,2026-07-23 19:32:00,44633,2026-07-23 23:32:00
44515,2026-07-23 15:40:00,validation,44156,44515,360,24,0.15,44530,2026-07-23 16:40:00,44545,2026-07-23 17:40:00,44575,2026-07-23 19:40:00,44635,2026-07-23 23:40:00
44520,2026-07-23 16:00:00,validation,44161,44520,360,24,0.15,44535,2026-07-23 17:00:00,44550,2026-07-23 18:00:00,44580,2026-07-23 20:00:00,44640,2026-07-24 00:00:00
44524,2026-07-23 16:16:00,validation,44165,44524,360,24,0.15,44539,2026-07-23 17:16:00,44554,2026-07-23 18:16:00,44584,2026-07-23 20:16:00,44644,2026-07-24 00:16:00
44528,2026-07-23 16:32:00,validation,44169,44528,360,24,0.15,44543,2026-07-23 17:32:00,44558,2026-07-23 18:32:00,44588,2026-07-23 20:32:00,44648,2026-07-24 00:32:00
44529,2026-07-23 16:36:00,validation,44170,44529,360,24,0.15,44544,2026-07-23 17:36:00,44559,2026-07-23 18:36:00,44589,2026-07-23 20:36:00,44649,2026-07-24 00:36:00
44532,2026-07-23 16:48:00,validation,44173,44532,360,24,0.15,44547,2026-07-23 17:48:00,44562,2026-07-23 18:48:00,44592,2026-07-23 20:48:00,44652,2026-07-24 00:48:00
44535,2026-07-23 17:00:00,validation,44176,44535,360,24,0.15,44550,2026-07-23 18:00:00,44565,2026-07-23 19:00:00,44595,2026-07-23 21:00:00,44655,2026-07-24 01:00:00
44536,2026-07-23 17:04:00,validation,44177,44536,360,24,0.15,44551,2026-07-23 18:04:00,44566,2026-07-23 19:04:00,44596,2026-07-23 21:04:00,44656,2026-07-24 01:04:00
44539,2026-07-23 17:16:00,validation,44180,44539,360,24,0.15,44554,2026-07-23 18:16:00,44569,2026-07-23 19:16:00,44599,2026-07-23 21:16:00,44659,2026-07-24 01:16:00
44541,2026-07-23 17:24:00,validation,44182,44541,360,24,0.15,44556,2026-07-23 18:24:00,44571,2026-07-23 19:24:00,44601,2026-07-23 21:24:00,44661,2026-07-24 01:24:00
44542,2026-07-23 17:28:00,validation,44183,44542,360,24,0.15,44557,2026-07-23 18:28:00,44572,2026-07-23 19:28:00,44602,2026-07-23 21:28:00,44662,2026-07-24 01:28:00
44543,2026-07-23 17:32:00,validation,44184,44543,360,24,0.15,44558,2026-07-23 18:32:00,44573,2026-07-23 19:32:00,44603,2026-07-23 21:32:00,44663,2026-07-24 01:32:00
44545,2026-07-23 17:40:00,validation,44186,44545,360,24,0.15,44560,2026-07-23 18:40:00,44575,2026-07-23 19:40:00,44605,2026-07-23 21:40:00,44665,2026-07-24 01:40:00
44546,2026-07-23 17:44:00,validation,44187,44546,360,24,0.15,44561,2026-07-23 18:44:00,44576,2026-07-23 19:44:00,44606,2026-07-23 21:44:00,44666,2026-07-24 01:44:00
44549,2026-07-23 17:56:00,validation,44190,44549,360,24,0.15,44564,2026-07-23 18:56:00,44579,2026-07-23 19:56:00,44609,2026-07-23 21:56:00,44669,2026-07-24 01:56:00
44550,2026-07-23 18:00:00,validation,44191,44550,360,24,0.15,44565,2026-07-23 19:00:00,44580,2026-07-23 20:00:00,44610,2026-07-23 22:00:00,44670,2026-07-24 02:00:00
44552,2026-07-23 18:08:00,validation,44193,44552,360,24,0.15,44567,2026-07-23 19:08:00,44582,2026-07-23 20:08:00,44612,2026-07-23 22:08:00,44672,2026-07-24 02:08:00
44557,2026-07-23 18:28:00,validation,44198,44557,360,24,0.15,44572,2026-07-23 19:28:00,44587,2026-07-23 20:28:00,44617,2026-07-23 22:28:00,44677,2026-07-24 02:28:00
44558,2026-07-23 18:32:00,validation,44199,44558,360,24,0.15,44573,2026-07-23 19:32:00,44588,2026-07-23 20:32:00,44618,2026-07-23 22:32:00,44678,2026-07-24 02:32:00
44565,2026-07-23 19:00:00,validation,44206,44565,360,24,0.15,44580,2026-07-23 20:00:00,44595,2026-07-23 21:00:00,44625,2026-07-23 23:00:00,44685,2026-07-24 03:00:00
44569,2026-07-23 19:16:00,validation,44210,44569,360,24,0.15,44584,2026-07-23 20:16:00,44599,2026-07-23 21:16:00,44629,2026-07-23 23:16:00,44689,2026-07-24 03:16:00
44570,2026-07-23 19:20:00,validation,44211,44570,360,24,0.15,44585,2026-07-23 20:20:00,44600,2026-07-23 21:20:00,44630,2026-07-23 23:20:00,44690,2026-07-24 03:20:00
44572,2026-07-23 19:28:00,validation,44213,44572,360,24,0.15,44587,2026-07-23 20:28:00,44602,2026-07-23 21:28:00,44632,2026-07-23 23:28:00,44692,2026-07-24 03:28:00
44573,2026-07-23 19:32:00,validation,44214,44573,360,24,0.15,44588,2026-07-23 20:32:00,44603,2026-07-23 21:32:00,44633,2026-07-23 23:32:00,44693,2026-07-24 03:32:00
44580,2026-07-23 20:00:00,validation,44221,44580,360,24,0.15,44595,2026-07-23 21:00:00,44610,2026-07-23 22:00:00,44640,2026-07-24 00:00:00,44700,2026-07-24 04:00:00
44588,2026-07-23 20:32:00,validation,44229,44588,360,24,0.15,44603,2026-07-23 21:32:00,44618,2026-07-23 22:32:00,44648,2026-07-24 00:32:00,44708,2026-07-24 04:32:00
44589,2026-07-23 20:36:00,validation,44230,44589,360,24,0.15,44604,2026-07-23 21:36:00,44619,2026-07-23 22:36:00,44649,2026-07-24 00:36:00,44709,2026-07-24 04:36:00
44590,2026-07-23 20:40:00,validation,44231,44590,360,24,0.15,44605,2026-07-23 21:40:00,44620,2026-07-23 22:40:00,44650,2026-07-24 00:40:00,44710,2026-07-24 04:40:00
44593,2026-07-23 20:52:00,validation,44234,44593,360,24,0.15,44608,2026-07-23 21:52:00,44623,2026-07-23 22:52:00,44653,2026-07-24 00:52:00,44713,2026-07-24 04:52:00
44595,2026-07-23 21:00:00,validation,44236,44595,360,24,0.15,44610,2026-07-23 22:00:00,44625,2026-07-23 23:00:00,44655,2026-07-24 01:00:00,44715,2026-07-24 05:00:00
44597,2026-07-23 21:08:00,validation,44238,44597,360,24,0.15,44612,2026-07-23 22:08:00,44627,2026-07-23 23:08:00,44657,2026-07-24 01:08:00,44717,2026-07-24 05:08:00
44602,2026-07-23 21:28:00,validation,44243,44602,360,24,0.15,44617,2026-07-23 22:28:00,44632,2026-07-23 23:28:00,44662,2026-07-24 01:28:00,44722,2026-07-24 05:28:00
44605,2026-07-23 21:40:00,validation,44246,44605,360,24,0.15,44620,2026-07-23 22:40:00,44635,2026-07-23 23:40:00,44665,2026-07-24 01:40:00,44725,2026-07-24 05:40:00
44608,2026-07-23 21:52:00,validation,44249,44608,360,24,0.15,44623,2026-07-23 22:52:00,44638,2026-07-23 23:52:00,44668,2026-07-24 01:52:00,44728,2026-07-24 05:52:00
44612,2026-07-23 22:08:00,validation,44253,44612,360,24,0.15,44627,2026-07-23 23:08:00,44642,2026-07-24 00:08:00,44672,2026-07-24 02:08:00,44732,2026-07-24 06:08:00
44613,2026-07-23 22:12:00,validation,44254,44613,360,24,0.15,44628,2026-07-23 23:12:00,44643,2026-07-24 00:12:00,44673,2026-07-24 02:12:00,44733,2026-07-24 06:12:00
44614,2026-07-23 22:16:00,validation,44255,44614,360,24,0.15,44629,2026-07-23 23:16:00,44644,2026-07-24 00:16:00,44674,2026-07-24 02:16:00,44734,2026-07-24 06:16:00
44616,2026-07-23 22:24:00,validation,44257,44616,360,24,0.15,44631,2026-07-23 23:24:00,44646,2026-07-24 00:24:00,44676,2026-07-24 02:24:00,44736,2026-07-24 06:24:00
44618,2026-07-23 22:32:00,validation,44259,44618,360,24,0.15,44633,2026-07-23 23:32:00,44648,2026-07-24 00:32:00,44678,2026-07-24 02:32:00,44738,2026-07-24 06:32:00
44620,2026-07-23 22:40:00,validation,44261,44620,360,24,0.15,44635,2026-07-23 23:40:00,44650,2026-07-24 00:40:00,44680,2026-07-24 02:40:00,44740,2026-07-24 06:40:00
44622,2026-07-23 22:48:00,validation,44263,44622,360,24,0.15,44637,2026-07-23 23:48:00,44652,2026-07-24 00:48:00,44682,2026-07-24 02:48:00,44742,2026-07-24 06:48:00
44623,2026-07-23 22:52:00,validation,44264,44623,360,24,0.15,44638,2026-07-23 23:52:00,44653,2026-07-24 00:52:00,44683,2026-07-24 02:52:00,44743,2026-07-24 06:52:00
44625,2026-07-23 23:00:00,validation,44266,44625,360,24,0.15,44640,2026-07-24 00:00:00,44655,2026-07-24 01:00:00,44685,2026-07-24 03:00:00,44745,2026-07-24 07:00:00
44627,2026-07-23 23:08:00,validation,44268,44627,360,24,0.15,44642,2026-07-24 00:08:00,44657,2026-07-24 01:08:00,44687,2026-07-24 03:08:00,44747,2026-07-24 07:08:00
44629,2026-07-23 23:16:00,validation,44270,44629,360,24,0.15,44644,2026-07-24 00:16:00,44659,2026-07-24 01:16:00,44689,2026-07-24 03:16:00,44749,2026-07-24 07:16:00
44631,2026-07-23 23:24:00,validation,44272,44631,360,24,0.15,44646,2026-07-24 00:24:00,44661,2026-07-24 01:24:00,44691,2026-07-24 03:24:00,44751,2026-07-24 07:24:00
44636,2026-07-23 23:44:00,validation,44277,44636,360,24,0.15,44651,2026-07-24 00:44:00,44666,2026-07-24 01:44:00,44696,2026-07-24 03:44:00,44756,2026-07-24 07:44:00
44638,2026-07-23 23:52:00,validation,44279,44638,360,24,0.15,44653,2026-07-24 00:52:00,44668,2026-07-24 01:52:00,44698,2026-07-24 03:52:00,44758,2026-07-24 07:52:00
44642,2026-07-24 00:08:00,validation,44283,44642,360,24,0.15,44657,2026-07-24 01:08:00,44672,2026-07-24 02:08:00,44702,2026-07-24 04:08:00,44762,2026-07-24 08:08:00
44644,2026-07-24 00:16:00,validation,44285,44644,360,24,0.15,44659,2026-07-24 01:16:00,44674,2026-07-24 02:16:00,44704,2026-07-24 04:16:00,44764,2026-07-24 08:16:00
44653,2026-07-24 00:52:00,validation,44294,44653,360,24,0.15,44668,2026-07-24 01:52:00,44683,2026-07-24 02:52:00,44713,2026-07-24 04:52:00,44773,2026-07-24 08:52:00
44655,2026-07-24 01:00:00,validation,44296,44655,360,24,0.15,44670,2026-07-24 02:00:00,44685,2026-07-24 03:00:00,44715,2026-07-24 05:00:00,44775,2026-07-24 09:00:00
44657,2026-07-24 01:08:00,validation,44298,44657,360,24,0.15,44672,2026-07-24 02:08:00,44687,2026-07-24 03:08:00,44717,2026-07-24 05:08:00,44777,2026-07-24 09:08:00
45401,2026-07-26 02:44:00,validation,45042,45401,360,24,0.15,45416,2026-07-26 03:44:00,45431,2026-07-26 04:44:00,45461,2026-07-26 06:44:00,45521,2026-07-26 10:44:00
45402,2026-07-26 02:48:00,validation,45043,45402,360,24,0.15,45417,2026-07-26 03:48:00,45432,2026-07-26 04:48:00,45462,2026-07-26 06:48:00,45522,2026-07-26 10:48:00
45406,2026-07-26 03:04:00,validation,45047,45406,360,24,0.15,45421,2026-07-26 04:04:00,45436,2026-07-26 05:04:00,45466,2026-07-26 07:04:00,45526,2026-07-26 11:04:00
45407,2026-07-26 03:08:00,validation,45048,45407,360,24,0.15,45422,2026-07-26 04:08:00,45437,2026-07-26 05:08:00,45467,2026-07-26 07:08:00,45527,2026-07-26 11:08:00
45409,2026-07-26 03:16:00,validation,45050,45409,360,24,0.15,45424,2026-07-26 04:16:00,45439,2026-07-26 05:16:00,45469,2026-07-26 07:16:00,45529,2026-07-26 11:16:00
45410,2026-07-26 03:20:00,validation,45051,45410,360,24,0.15,45425,2026-07-26 04:20:00,45440,2026-07-26 05:20:00,45470,2026-07-26 07:20:00,45530,2026-07-26 11:20:00
45411,2026-07-26 03:24:00,validation,45052,45411,360,24,0.15,45426,2026-07-26 04:24:00,45441,2026-07-26 05:24:00,45471,2026-07-26 07:24:00,45531,2026-07-26 11:24:00
45413,2026-07-26 03:32:00,validation,45054,45413,360,24,0.15,45428,2026-07-26 04:32:00,45443,2026-07-26 05:32:00,45473,2026-07-26 07:32:00,45533,2026-07-26 11:32:00
45414,2026-07-26 03:36:00,validation,45055,45414,360,24,0.15,45429,2026-07-26 04:36:00,45444,2026-07-26 05:36:00,45474,2026-07-26 07:36:00,45534,2026-07-26 11:36:00
45415,2026-07-26 03:40:00,validation,45056,45415,360,24,0.15,45430,2026-07-26 04:40:00,45445,2026-07-26 05:40:00,45475,2026-07-26 07:40:00,45535,2026-07-26 11:40:00
45416,2026-07-26 03:44:00,validation,45057,45416,360,24,0.15,45431,2026-07-26 04:44:00,45446,2026-07-26 05:44:00,45476,2026-07-26 07:44:00,45536,2026-07-26 11:44:00
45417,2026-07-26 03:48:00,validation,45058,45417,360,24,0.15,45432,2026-07-26 04:48:00,45447,2026-07-26 05:48:00,45477,2026-07-26 07:48:00,45537,2026-07-26 11:48:00
45424,2026-07-26 04:16:00,validation,45065,45424,360,24,0.15,45439,2026-07-26 05:16:00,45454,2026-07-26 06:16:00,45484,2026-07-26 08:16:00,45544,2026-07-26 12:16:00
45425,2026-07-26 04:20:00,validation,45066,45425,360,24,0.15,45440,2026-07-26 05:20:00,45455,2026-07-26 06:20:00,45485,2026-07-26 08:20:00,45545,2026-07-26 12:20:00
45426,2026-07-26 04:24:00,validation,45067,45426,360,24,0.15,45441,2026-07-26 05:24:00,45456,2026-07-26 06:24:00,45486,2026-07-26 08:24:00,45546,2026-07-26 12:24:00
45427,2026-07-26 04:28:00,validation,45068,45427,360,24,0.15,45442,2026-07-26 05:28:00,45457,2026-07-26 06:28:00,45487,2026-07-26 08:28:00,45547,2026-07-26 12:28:00
45428,2026-07-26 04:32:00,validation,45069,45428,360,24,0.15,45443,2026-07-26 05:32:00,45458,2026-07-26 06:32:00,45488,2026-07-26 08:32:00,45548,2026-07-26 12:32:00
45430,2026-07-26 04:40:00,validation,45071,45430,360,24,0.15,45445,2026-07-26 05:40:00,45460,2026-07-26 06:40:00,45490,2026-07-26 08:40:00,45550,2026-07-26 12:40:00
45431,2026-07-26 04:44:00,validation,45072,45431,360,24,0.15,45446,2026-07-26 05:44:00,45461,2026-07-26 06:44:00,45491,2026-07-26 08:44:00,45551,2026-07-26 12:44:00
45432,2026-07-26 04:48:00,validation,45073,45432,360,24,0.15,45447,2026-07-26 05:48:00,45462,2026-07-26 06:48:00,45492,2026-07-26 08:48:00,45552,2026-07-26 12:48:00
45436,2026-07-26 05:04:00,validation,45077,45436,360,24,0.15,45451,2026-07-26 06:04:00,45466,2026-07-26 07:04:00,45496,2026-07-26 09:04:00,45556,2026-07-26 13:04:00
45439,2026-07-26 05:16:00,validation,45080,45439,360,24,0.15,45454,2026-07-26 06:16:00,45469,2026-07-26 07:16:00,45499,2026-07-26 09:16:00,45559,2026-07-26 13:16:00
45440,2026-07-26 05:20:00,validation,45081,45440,360,24,0.15,45455,2026-07-26 06:20:00,45470,2026-07-26 07:20:00,45500,2026-07-26 09:20:00,45560,2026-07-26 13:20:00
45441,2026-07-26 05:24:00,validation,45082,45441,360,24,0.15,45456,2026-07-26 06:24:00,45471,2026-07-26 07:24:00,45501,2026-07-26 09:24:00,45561,2026-07-26 13:24:00
45443,2026-07-26 05:32:00,validation,45084,45443,360,24,0.15,45458,2026-07-26 06:32:00,45473,2026-07-26 07:32:00,45503,2026-07-26 09:32:00,45563,2026-07-26 13:32:00
45444,2026-07-26 05:36:00,validation,45085,45444,360,24,0.15,45459,2026-07-26 06:36:00,45474,2026-07-26 07:36:00,45504,2026-07-26 09:36:00,45564,2026-07-26 13:36:00
45445,2026-07-26 05:40:00,validation,45086,45445,360,24,0.15,45460,2026-07-26 06:40:00,45475,2026-07-26 07:40:00,45505,2026-07-26 09:40:00,45565,2026-07-26 13:40:00
45447,2026-07-26 05:48:00,validation,45088,45447,360,24,0.15,45462,2026-07-26 06:48:00,45477,2026-07-26 07:48:00,45507,2026-07-26 09:48:00,45567,2026-07-26 13:48:00
45449,2026-07-26 05:56:00,validation,45090,45449,360,24,0.15,45464,2026-07-26 06:56:00,45479,2026-07-26 07:56:00,45509,2026-07-26 09:56:00,45569,2026-07-26 13:56:00
45450,2026-07-26 06:00:00,validation,45091,45450,360,24,0.15,45465,2026-07-26 07:00:00,45480,2026-07-26 08:00:00,45510,2026-07-26 10:00:00,45570,2026-07-26 14:00:00
45451,2026-07-26 06:04:00,validation,45092,45451,360,24,0.15,45466,2026-07-26 07:04:00,45481,2026-07-26 08:04:00,45511,2026-07-26 10:04:00,45571,2026-07-26 14:04:00
45453,2026-07-26 06:12:00,validation,45094,45453,360,24,0.15,45468,2026-07-26 07:12:00,45483,2026-07-26 08:12:00,45513,2026-07-26 10:12:00,45573,2026-07-26 14:12:00
45454,2026-07-26 06:16:00,validation,45095,45454,360,24,0.15,45469,2026-07-26 07:16:00,45484,2026-07-26 08:16:00,45514,2026-07-26 10:16:00,45574,2026-07-26 14:16:00
45456,2026-07-26 06:24:00,validation,45097,45456,360,24,0.15,45471,2026-07-26 07:24:00,45486,2026-07-26 08:24:00,45516,2026-07-26 10:24:00,45576,2026-07-26 14:24:00
45457,2026-07-26 06:28:00,validation,45098,45457,360,24,0.15,45472,2026-07-26 07:28:00,45487,2026-07-26 08:28:00,45517,2026-07-26 10:28:00,45577,2026-07-26 14:28:00
45462,2026-07-26 06:48:00,validation,45103,45462,360,24,0.15,45477,2026-07-26 07:48:00,45492,2026-07-26 08:48:00,45522,2026-07-26 10:48:00,45582,2026-07-26 14:48:00
45463,2026-07-26 06:52:00,validation,45104,45463,360,24,0.15,45478,2026-07-26 07:52:00,45493,2026-07-26 08:52:00,45523,2026-07-26 10:52:00,45583,2026-07-26 14:52:00
45468,2026-07-26 07:12:00,validation,45109,45468,360,24,0.15,45483,2026-07-26 08:12:00,45498,2026-07-26 09:12:00,45528,2026-07-26 11:12:00,45588,2026-07-26 15:12:00
45469,2026-07-26 07:16:00,validation,45110,45469,360,24,0.15,45484,2026-07-26 08:16:00,45499,2026-07-26 09:16:00,45529,2026-07-26 11:16:00,45589,2026-07-26 15:16:00
45470,2026-07-26 07:20:00,validation,45111,45470,360,24,0.15,45485,2026-07-26 08:20:00,45500,2026-07-26 09:20:00,45530,2026-07-26 11:20:00,45590,2026-07-26 15:20:00
45471,2026-07-26 07:24:00,validation,45112,45471,360,24,0.15,45486,2026-07-26 08:24:00,45501,2026-07-26 09:24:00,45531,2026-07-26 11:24:00,45591,2026-07-26 15:24:00
45473,2026-07-26 07:32:00,validation,45114,45473,360,24,0.15,45488,2026-07-26 08:32:00,45503,2026-07-26 09:32:00,45533,2026-07-26 11:32:00,45593,2026-07-26 15:32:00
45475,2026-07-26 07:40:00,validation,45116,45475,360,24,0.15,45490,2026-07-26 08:40:00,45505,2026-07-26 09:40:00,45535,2026-07-26 11:40:00,45595,2026-07-26 15:40:00
45477,2026-07-26 07:48:00,validation,45118,45477,360,24,0.15,45492,2026-07-26 08:48:00,45507,2026-07-26 09:48:00,45537,2026-07-26 11:48:00,45597,2026-07-26 15:48:00
45480,2026-07-26 08:00:00,validation,45121,45480,360,24,0.15,45495,2026-07-26 09:00:00,45510,2026-07-26 10:00:00,45540,2026-07-26 12:00:00,45600,2026-07-26 16:00:00
45486,2026-07-26 08:24:00,validation,45127,45486,360,24,0.15,45501,2026-07-26 09:24:00,45516,2026-07-26 10:24:00,45546,2026-07-26 12:24:00,45606,2026-07-26 16:24:00
45492,2026-07-26 08:48:00,validation,45133,45492,360,24,0.15,45507,2026-07-26 09:48:00,45522,2026-07-26 10:48:00,45552,2026-07-26 12:48:00,45612,2026-07-26 16:48:00
45493,2026-07-26 08:52:00,validation,45134,45493,360,24,0.15,45508,2026-07-26 09:52:00,45523,2026-07-26 10:52:00,45553,2026-07-26 12:52:00,45613,2026-07-26 16:52:00
45494,2026-07-26 08:56:00,validation,45135,45494,360,24,0.15,45509,2026-07-26 09:56:00,45524,2026-07-26 10:56:00,45554,2026-07-26 12:56:00,45614,2026-07-26 16:56:00
45496,2026-07-26 09:04:00,validation,45137,45496,360,24,0.15,45511,2026-07-26 10:04:00,45526,2026-07-26 11:04:00,45556,2026-07-26 13:04:00,45616,2026-07-26 17:04:00
45498,2026-07-26 09:12:00,validation,45139,45498,360,24,0.15,45513,2026-07-26 10:12:00,45528,2026-07-26 11:12:00,45558,2026-07-26 13:12:00,45618,2026-07-26 17:12:00
45499,2026-07-26 09:16:00,validation,45140,45499,360,24,0.15,45514,2026-07-26 10:16:00,45529,2026-07-26 11:16:00,45559,2026-07-26 13:16:00,45619,2026-07-26 17:16:00
45501,2026-07-26 09:24:00,validation,45142,45501,360,24,0.15,45516,2026-07-26 10:24:00,45531,2026-07-26 11:24:00,45561,2026-07-26 13:24:00,45621,2026-07-26 17:24:00
45502,2026-07-26 09:28:00,validation,45143,45502,360,24,0.15,45517,2026-07-26 10:28:00,45532,2026-07-26 11:28:00,45562,2026-07-26 13:28:00,45622,2026-07-26 17:28:00
45507,2026-07-26 09:48:00,validation,45148,45507,360,24,0.15,45522,2026-07-26 10:48:00,45537,2026-07-26 11:48:00,45567,2026-07-26 13:48:00,45627,2026-07-26 17:48:00
45509,2026-07-26 09:56:00,validation,45150,45509,360,24,0.15,45524,2026-07-26 10:56:00,45539,2026-07-26 11:56:00,45569,2026-07-26 13:56:00,45629,2026-07-26 17:56:00
45514,2026-07-26 10:16:00,validation,45155,45514,360,24,0.15,45529,2026-07-26 11:16:00,45544,2026-07-26 12:16:00,45574,2026-07-26 14:16:00,45634,2026-07-26 18:16:00
45515,2026-07-26 10:20:00,validation,45156,45515,360,24,0.15,45530,2026-07-26 11:20:00,45545,2026-07-26 12:20:00,45575,2026-07-26 14:20:00,45635,2026-07-26 18:20:00
45516,2026-07-26 10:24:00,validation,45157,45516,360,24,0.15,45531,2026-07-26 11:24:00,45546,2026-07-26 12:24:00,45576,2026-07-26 14:24:00,45636,2026-07-26 18:24:00
45519,2026-07-26 10:36:00,validation,45160,45519,360,24,0.15,45534,2026-07-26 11:36:00,45549,2026-07-26 12:36:00,45579,2026-07-26 14:36:00,45639,2026-07-26 18:36:00
45520,2026-07-26 10:40:00,validation,45161,45520,360,24,0.15,45535,2026-07-26 11:40:00,45550,2026-07-26 12:40:00,45580,2026-07-26 14:40:00,45640,2026-07-26 18:40:00
45522,2026-07-26 10:48:00,validation,45163,45522,360,24,0.15,45537,2026-07-26 11:48:00,45552,2026-07-26 12:48:00,45582,2026-07-26 14:48:00,45642,2026-07-26 18:48:00
45524,2026-07-26 10:56:00,validation,45165,45524,360,24,0.15,45539,2026-07-26 11:56:00,45554,2026-07-26 12:56:00,45584,2026-07-26 14:56:00,45644,2026-07-26 18:56:00
45529,2026-07-26 11:16:00,validation,45170,45529,360,24,0.15,45544,2026-07-26 12:16:00,45559,2026-07-26 13:16:00,45589,2026-07-26 15:16:00,45649,2026-07-26 19:16:00
45530,2026-07-26 11:20:00,validation,45171,45530,360,24,0.15,45545,2026-07-26 12:20:00,45560,2026-07-26 13:20:00,45590,2026-07-26 15:20:00,45650,2026-07-26 19:20:00
45531,2026-07-26 11:24:00,validation,45172,45531,360,24,0.15,45546,2026-07-26 12:24:00,45561,2026-07-26 13:24:00,45591,2026-07-26 15:24:00,45651,2026-07-26 19:24:00
45532,2026-07-26 11:28:00,validation,45173,45532,360,24,0.15,45547,2026-07-26 12:28:00,45562,2026-07-26 13:28:00,45592,2026-07-26 15:28:00,45652,2026-07-26 19:28:00
45533,2026-07-26 11:32:00,validation,45174,45533,360,24,0.15,45548,2026-07-26 12:32:00,45563,2026-07-26 13:32:00,45593,2026-07-26 15:32:00,45653,2026-07-26 19:32:00
45534,2026-07-26 11:36:00,validation,45175,45534,360,24,0.15,45549,2026-07-26 12:36:00,45564,2026-07-26 13:36:00,45594,2026-07-26 15:36:00,45654,2026-07-26 19:36:00
45535,2026-07-26 11:40:00,validation,45176,45535,360,24,0.15,45550,2026-07-26 12:40:00,45565,2026-07-26 13:40:00,45595,2026-07-26 15:40:00,45655,2026-07-26 19:40:00
45537,2026-07-26 11:48:00,validation,45178,45537,360,24,0.15,45552,2026-07-26 12:48:00,45567,2026-07-26 13:48:00,45597,2026-07-26 15:48:00,45657,2026-07-26 19:48:00
45538,2026-07-26 11:52:00,validation,45179,45538,360,24,0.15,45553,2026-07-26 12:52:00,45568,2026-07-26 13:52:00,45598,2026-07-26 15:52:00,45658,2026-07-26 19:52:00
45539,2026-07-26 11:56:00,validation,45180,45539,360,24,0.15,45554,2026-07-26 12:56:00,45569,2026-07-26 13:56:00,45599,2026-07-26 15:56:00,45659,2026-07-26 19:56:00
45548,2026-07-26 12:32:00,validation,45189,45548,360,24,0.15,45563,2026-07-26 13:32:00,45578,2026-07-26 14:32:00,45608,2026-07-26 16:32:00,45668,2026-07-26 20:32:00
45549,2026-07-26 12:36:00,validation,45190,45549,360,24,0.15,45564,2026-07-26 13:36:00,45579,2026-07-26 14:36:00,45609,2026-07-26 16:36:00,45669,2026-07-26 20:36:00
45550,2026-07-26 12:40:00,validation,45191,45550,360,24,0.15,45565,2026-07-26 13:40:00,45580,2026-07-26 14:40:00,45610,2026-07-26 16:40:00,45670,2026-07-26 20:40:00
45552,2026-07-26 12:48:00,validation,45193,45552,360,24,0.15,45567,2026-07-26 13:48:00,45582,2026-07-26 14:48:00,45612,2026-07-26 16:48:00,45672,2026-07-26 20:48:00
45553,2026-07-26 12:52:00,validation,45194,45553,360,24,0.15,45568,2026-07-26 13:52:00,45583,2026-07-26 14:52:00,45613,2026-07-26 16:52:00,45673,2026-07-26 20:52:00
45554,2026-07-26 12:56:00,validation,45195,45554,360,24,0.15,45569,2026-07-26 13:56:00,45584,2026-07-26 14:56:00,45614,2026-07-26 16:56:00,45674,2026-07-26 20:56:00
45557,2026-07-26 13:08:00,validation,45198,45557,360,24,0.15,45572,2026-07-26 14:08:00,45587,2026-07-26 15:08:00,45617,2026-07-26 17:08:00,45677,2026-07-26 21:08:00
45558,2026-07-26 13:12:00,validation,45199,45558,360,24,0.15,45573,2026-07-26 14:12:00,45588,2026-07-26 15:12:00,45618,2026-07-26 17:12:00,45678,2026-07-26 21:12:00
45559,2026-07-26 13:16:00,validation,45200,45559,360,24,0.15,45574,2026-07-26 14:16:00,45589,2026-07-26 15:16:00,45619,2026-07-26 17:16:00,45679,2026-07-26 21:16:00
45560,2026-07-26 13:20:00,validation,45201,45560,360,24,0.15,45575,2026-07-26 14:20:00,45590,2026-07-26 15:20:00,45620,2026-07-26 17:20:00,45680,2026-07-26 21:20:00
45561,2026-07-26 13:24:00,validation,45202,45561,360,24,0.15,45576,2026-07-26 14:24:00,45591,2026-07-26 15:24:00,45621,2026-07-26 17:24:00,45681,2026-07-26 21:24:00
45562,2026-07-26 13:28:00,validation,45203,45562,360,24,0.15,45577,2026-07-26 14:28:00,45592,2026-07-26 15:28:00,45622,2026-07-26 17:28:00,45682,2026-07-26 21:28:00
45563,2026-07-26 13:32:00,validation,45204,45563,360,24,0.15,45578,2026-07-26 14:32:00,45593,2026-07-26 15:32:00,45623,2026-07-26 17:32:00,45683,2026-07-26 21:32:00
45564,2026-07-26 13:36:00,validation,45205,45564,360,24,0.15,45579,2026-07-26 14:36:00,45594,2026-07-26 15:36:00,45624,2026-07-26 17:36:00,45684,2026-07-26 21:36:00
45565,2026-07-26 13:40:00,validation,45206,45565,360,24,0.15,45580,2026-07-26 14:40:00,45595,2026-07-26 15:40:00,45625,2026-07-26 17:40:00,45685,2026-07-26 21:40:00
45567,2026-07-26 13:48:00,validation,45208,45567,360,24,0.15,45582,2026-07-26 14:48:00,45597,2026-07-26 15:48:00,45627,2026-07-26 17:48:00,45687,2026-07-26 21:48:00
45568,2026-07-26 13:52:00,validation,45209,45568,360,24,0.15,45583,2026-07-26 14:52:00,45598,2026-07-26 15:52:00,45628,2026-07-26 17:52:00,45688,2026-07-26 21:52:00
45569,2026-07-26 13:56:00,validation,45210,45569,360,24,0.15,45584,2026-07-26 14:56:00,45599,2026-07-26 15:56:00,45629,2026-07-26 17:56:00,45689,2026-07-26 21:56:00
45573,2026-07-26 14:12:00,validation,45214,45573,360,24,0.15,45588,2026-07-26 15:12:00,45603,2026-07-26 16:12:00,45633,2026-07-26 18:12:00,45693,2026-07-26 22:12:00
45575,2026-07-26 14:20:00,validation,45216,45575,360,24,0.15,45590,2026-07-26 15:20:00,45605,2026-07-26 16:20:00,45635,2026-07-26 18:20:00,45695,2026-07-26 22:20:00
45576,2026-07-26 14:24:00,validation,45217,45576,360,24,0.15,45591,2026-07-26 15:24:00,45606,2026-07-26 16:24:00,45636,2026-07-26 18:24:00,45696,2026-07-26 22:24:00
45579,2026-07-26 14:36:00,validation,45220,45579,360,24,0.15,45594,2026-07-26 15:36:00,45609,2026-07-26 16:36:00,45639,2026-07-26 18:36:00,45699,2026-07-26 22:36:00
45580,2026-07-26 14:40:00,validation,45221,45580,360,24,0.15,45595,2026-07-26 15:40:00,45610,2026-07-26 16:40:00,45640,2026-07-26 18:40:00,45700,2026-07-26 22:40:00
45581,2026-07-26 14:44:00,validation,45222,45581,360,24,0.15,45596,2026-07-26 15:44:00,45611,2026-07-26 16:44:00,45641,2026-07-26 18:44:00,45701,2026-07-26 22:44:00
45582,2026-07-26 14:48:00,validation,45223,45582,360,24,0.15,45597,2026-07-26 15:48:00,45612,2026-07-26 16:48:00,45642,2026-07-26 18:48:00,45702,2026-07-26 22:48:00
45583,2026-07-26 14:52:00,validation,45224,45583,360,24,0.15,45598,2026-07-26 15:52:00,45613,2026-07-26 16:52:00,45643,2026-07-26 18:52:00,45703,2026-07-26 22:52:00
45584,2026-07-26 14:56:00,validation,45225,45584,360,24,0.15,45599,2026-07-26 15:56:00,45614,2026-07-26 16:56:00,45644,2026-07-26 18:56:00,45704,2026-07-26 22:56:00
45590,2026-07-26 15:20:00,validation,45231,45590,360,24,0.15,45605,2026-07-26 16:20:00,45620,2026-07-26 17:20:00,45650,2026-07-26 19:20:00,45710,2026-07-26 23:20:00
45591,2026-07-26 15:24:00,validation,45232,45591,360,24,0.15,45606,2026-07-26 16:24:00,45621,2026-07-26 17:24:00,45651,2026-07-26 19:24:00,45711,2026-07-26 23:24:00
45593,2026-07-26 15:32:00,validation,45234,45593,360,24,0.15,45608,2026-07-26 16:32:00,45623,2026-07-26 17:32:00,45653,2026-07-26 19:32:00,45713,2026-07-26 23:32:00
45594,2026-07-26 15:36:00,validation,45235,45594,360,24,0.15,45609,2026-07-26 16:36:00,45624,2026-07-26 17:36:00,45654,2026-07-26 19:36:00,45714,2026-07-26 23:36:00
45595,2026-07-26 15:40:00,validation,45236,45595,360,24,0.15,45610,2026-07-26 16:40:00,45625,2026-07-26 17:40:00,45655,2026-07-26 19:40:00,45715,2026-07-26 23:40:00
45597,2026-07-26 15:48:00,validation,45238,45597,360,24,0.15,45612,2026-07-26 16:48:00,45627,2026-07-26 17:48:00,45657,2026-07-26 19:48:00,45717,2026-07-26 23:48:00
45598,2026-07-26 15:52:00,validation,45239,45598,360,24,0.15,45613,2026-07-26 16:52:00,45628,2026-07-26 17:52:00,45658,2026-07-26 19:52:00,45718,2026-07-26 23:52:00
45599,2026-07-26 15:56:00,validation,45240,45599,360,24,0.15,45614,2026-07-26 16:56:00,45629,2026-07-26 17:56:00,45659,2026-07-26 19:56:00,45719,2026-07-26 23:56:00
45723,2026-07-27 00:12:00,test,45364,45723,360,24,0.15,45738,2026-07-27 01:12:00,45753,2026-07-27 02:12:00,45783,2026-07-27 04:12:00,45843,2026-07-27 08:12:00
45725,2026-07-27 00:20:00,test,45366,45725,360,24,0.15,45740,2026-07-27 01:20:00,45755,2026-07-27 02:20:00,45785,2026-07-27 04:20:00,45845,2026-07-27 08:20:00
45727,2026-07-27 00:28:00,test,45368,45727,360,24,0.15,45742,2026-07-27 01:28:00,45757,2026-07-27 02:28:00,45787,2026-07-27 04:28:00,45847,2026-07-27 08:28:00
45729,2026-07-27 00:36:00,test,45370,45729,360,24,0.15,45744,2026-07-27 01:36:00,45759,2026-07-27 02:36:00,45789,2026-07-27 04:36:00,45849,2026-07-27 08:36:00
45730,2026-07-27 00:40:00,test,45371,45730,360,24,0.15,45745,2026-07-27 01:40:00,45760,2026-07-27 02:40:00,45790,2026-07-27 04:40:00,45850,2026-07-27 08:40:00
45731,2026-07-27 00:44:00,test,45372,45731,360,24,0.15,45746,2026-07-27 01:44:00,45761,2026-07-27 02:44:00,45791,2026-07-27 04:44:00,45851,2026-07-27 08:44:00
45733,2026-07-27 00:52:00,test,45374,45733,360,24,0.15,45748,2026-07-27 01:52:00,45763,2026-07-27 02:52:00,45793,2026-07-27 04:52:00,45853,2026-07-27 08:52:00
45739,2026-07-27 01:16:00,test,45380,45739,360,24,0.15,45754,2026-07-27 02:16:00,45769,2026-07-27 03:16:00,45799,2026-07-27 05:16:00,45859,2026-07-27 09:16:00
45740,2026-07-27 01:20:00,test,45381,45740,360,24,0.15,45755,2026-07-27 02:20:00,45770,2026-07-27 03:20:00,45800,2026-07-27 05:20:00,45860,2026-07-27 09:20:00
45742,2026-07-27 01:28:00,test,45383,45742,360,24,0.15,45757,2026-07-27 02:28:00,45772,2026-07-27 03:28:00,45802,2026-07-27 05:28:00,45862,2026-07-27 09:28:00
45743,2026-07-27 01:32:00,test,45384,45743,360,24,0.15,45758,2026-07-27 02:32:00,45773,2026-07-27 03:32:00,45803,2026-07-27 05:32:00,45863,2026-07-27 09:32:00
45744,2026-07-27 01:36:00,test,45385,45744,360,24,0.15,45759,2026-07-27 02:36:00,45774,2026-07-27 03:36:00,45804,2026-07-27 05:36:00,45864,2026-07-27 09:36:00
45747,2026-07-27 01:48:00,test,45388,45747,360,24,0.15,45762,2026-07-27 02:48:00,45777,2026-07-27 03:48:00,45807,2026-07-27 05:48:00,45867,2026-07-27 09:48:00
45748,2026-07-27 01:52:00,test,45389,45748,360,24,0.15,45763,2026-07-27 02:52:00,45778,2026-07-27 03:52:00,45808,2026-07-27 05:52:00,45868,2026-07-27 09:52:00
45750,2026-07-27 02:00:00,test,45391,45750,360,24,0.15,45765,2026-07-27 03:00:00,45780,2026-07-27 04:00:00,45810,2026-07-27 06:00:00,45870,2026-07-27 10:00:00
45754,2026-07-27 02:16:00,test,45395,45754,360,24,0.15,45769,2026-07-27 03:16:00,45784,2026-07-27 04:16:00,45814,2026-07-27 06:16:00,45874,2026-07-27 10:16:00
45755,2026-07-27 02:20:00,test,45396,45755,360,24,0.15,45770,2026-07-27 03:20:00,45785,2026-07-27 04:20:00,45815,2026-07-27 06:20:00,45875,2026-07-27 10:20:00
45756,2026-07-27 02:24:00,test,45397,45756,360,24,0.15,45771,2026-07-27 03:24:00,45786,2026-07-27 04:24:00,45816,2026-07-27 06:24:00,45876,2026-07-27 10:24:00
45759,2026-07-27 02:36:00,test,45400,45759,360,24,0.15,45774,2026-07-27 03:36:00,45789,2026-07-27 04:36:00,45819,2026-07-27 06:36:00,45879,2026-07-27 10:36:00
45760,2026-07-27 02:40:00,test,45401,45760,360,24,0.15,45775,2026-07-27 03:40:00,45790,2026-07-27 04:40:00,45820,2026-07-27 06:40:00,45880,2026-07-27 10:40:00
45761,2026-07-27 02:44:00,test,45402,45761,360,24,0.15,45776,2026-07-27 03:44:00,45791,2026-07-27 04:44:00,45821,2026-07-27 06:44:00,45881,2026-07-27 10:44:00
45762,2026-07-27 02:48:00,test,45403,45762,360,24,0.15,45777,2026-07-27 03:48:00,45792,2026-07-27 04:48:00,45822,2026-07-27 06:48:00,45882,2026-07-27 10:48:00
45767,2026-07-27 03:08:00,test,45408,45767,360,24,0.15,45782,2026-07-27 04:08:00,45797,2026-07-27 05:08:00,45827,2026-07-27 07:08:00,45887,2026-07-27 11:08:00
45768,2026-07-27 03:12:00,test,45409,45768,360,24,0.15,45783,2026-07-27 04:12:00,45798,2026-07-27 05:12:00,45828,2026-07-27 07:12:00,45888,2026-07-27 11:12:00
45769,2026-07-27 03:16:00,test,45410,45769,360,24,0.15,45784,2026-07-27 04:16:00,45799,2026-07-27 05:16:00,45829,2026-07-27 07:16:00,45889,2026-07-27 11:16:00
45770,2026-07-27 03:20:00,test,45411,45770,360,24,0.15,45785,2026-07-27 04:20:00,45800,2026-07-27 05:20:00,45830,2026-07-27 07:20:00,45890,2026-07-27 11:20:00
45771,2026-07-27 03:24:00,test,45412,45771,360,24,0.15,45786,2026-07-27 04:24:00,45801,2026-07-27 05:24:00,45831,2026-07-27 07:24:00,45891,2026-07-27 11:24:00
45772,2026-07-27 03:28:00,test,45413,45772,360,24,0.15,45787,2026-07-27 04:28:00,45802,2026-07-27 05:28:00,45832,2026-07-27 07:28:00,45892,2026-07-27 11:28:00
45774,2026-07-27 03:36:00,test,45415,45774,360,24,0.15,45789,2026-07-27 04:36:00,45804,2026-07-27 05:36:00,45834,2026-07-27 07:36:00,45894,2026-07-27 11:36:00
45777,2026-07-27 03:48:00,test,45418,45777,360,24,0.15,45792,2026-07-27 04:48:00,45807,2026-07-27 05:48:00,45837,2026-07-27 07:48:00,45897,2026-07-27 11:48:00
45778,2026-07-27 03:52:00,test,45419,45778,360,24,0.15,45793,2026-07-27 04:52:00,45808,2026-07-27 05:52:00,45838,2026-07-27 07:52:00,45898,2026-07-27 11:52:00
45781,2026-07-27 04:04:00,test,45422,45781,360,24,0.15,45796,2026-07-27 05:04:00,45811,2026-07-27 06:04:00,45841,2026-07-27 08:04:00,45901,2026-07-27 12:04:00
45782,2026-07-27 04:08:00,test,45423,45782,360,24,0.15,45797,2026-07-27 05:08:00,45812,2026-07-27 06:08:00,45842,2026-07-27 08:08:00,45902,2026-07-27 12:08:00
45783,2026-07-27 04:12:00,test,45424,45783,360,24,0.15,45798,2026-07-27 05:12:00,45813,2026-07-27 06:12:00,45843,2026-07-27 08:12:00,45903,2026-07-27 12:12:00
45784,2026-07-27 04:16:00,test,45425,45784,360,24,0.15,45799,2026-07-27 05:16:00,45814,2026-07-27 06:16:00,45844,2026-07-27 08:16:00,45904,2026-07-27 12:16:00
45785,2026-07-27 04:20:00,test,45426,45785,360,24,0.15,45800,2026-07-27 05:20:00,45815,2026-07-27 06:20:00,45845,2026-07-27 08:20:00,45905,2026-07-27 12:20:00
45786,2026-07-27 04:24:00,test,45427,45786,360,24,0.15,45801,2026-07-27 05:24:00,45816,2026-07-27 06:24:00,45846,2026-07-27 08:24:00,45906,2026-07-27 12:24:00
45789,2026-07-27 04:36:00,test,45430,45789,360,24,0.15,45804,2026-07-27 05:36:00,45819,2026-07-27 06:36:00,45849,2026-07-27 08:36:00,45909,2026-07-27 12:36:00
45792,2026-07-27 04:48:00,test,45433,45792,360,24,0.15,45807,2026-07-27 05:48:00,45822,2026-07-27 06:48:00,45852,2026-07-27 08:48:00,45912,2026-07-27 12:48:00
45793,2026-07-27 04:52:00,test,45434,45793,360,24,0.15,45808,2026-07-27 05:52:00,45823,2026-07-27 06:52:00,45853,2026-07-27 08:52:00,45913,2026-07-27 12:52:00
45795,2026-07-27 05:00:00,test,45436,45795,360,24,0.15,45810,2026-07-27 06:00:00,45825,2026-07-27 07:00:00,45855,2026-07-27 09:00:00,45915,2026-07-27 13:00:00
45796,2026-07-27 05:04:00,test,45437,45796,360,24,0.15,45811,2026-07-27 06:04:00,45826,2026-07-27 07:04:00,45856,2026-07-27 09:04:00,45916,2026-07-27 13:04:00
45797,2026-07-27 05:08:00,test,45438,45797,360,24,0.15,45812,2026-07-27 06:08:00,45827,2026-07-27 07:08:00,45857,2026-07-27 09:08:00,45917,2026-07-27 13:08:00
45799,2026-07-27 05:16:00,test,45440,45799,360,24,0.15,45814,2026-07-27 06:16:00,45829,2026-07-27 07:16:00,45859,2026-07-27 09:16:00,45919,2026-07-27 13:16:00
45800,2026-07-27 05:20:00,test,45441,45800,360,24,0.15,45815,2026-07-27 06:20:00,45830,2026-07-27 07:20:00,45860,2026-07-27 09:20:00,45920,2026-07-27 13:20:00
45802,2026-07-27 05:28:00,test,45443,45802,360,24,0.15,45817,2026-07-27 06:28:00,45832,2026-07-27 07:28:00,45862,2026-07-27 09:28:00,45922,2026-07-27 13:28:00
45804,2026-07-27 05:36:00,test,45445,45804,360,24,0.15,45819,2026-07-27 06:36:00,45834,2026-07-27 07:36:00,45864,2026-07-27 09:36:00,45924,2026-07-27 13:36:00
45806,2026-07-27 05:44:00,test,45447,45806,360,24,0.15,45821,2026-07-27 06:44:00,45836,2026-07-27 07:44:00,45866,2026-07-27 09:44:00,45926,2026-07-27 13:44:00
45808,2026-07-27 05:52:00,test,45449,45808,360,24,0.15,45823,2026-07-27 06:52:00,45838,2026-07-27 07:52:00,45868,2026-07-27 09:52:00,45928,2026-07-27 13:52:00
45810,2026-07-27 06:00:00,test,45451,45810,360,24,0.15,45825,2026-07-27 07:00:00,45840,2026-07-27 08:00:00,45870,2026-07-27 10:00:00,45930,2026-07-27 14:00:00
45811,2026-07-27 06:04:00,test,45452,45811,360,24,0.15,45826,2026-07-27 07:04:00,45841,2026-07-27 08:04:00,45871,2026-07-27 10:04:00,45931,2026-07-27 14:04:00
45814,2026-07-27 06:16:00,test,45455,45814,360,24,0.15,45829,2026-07-27 07:16:00,45844,2026-07-27 08:16:00,45874,2026-07-27 10:16:00,45934,2026-07-27 14:16:00
45815,2026-07-27 06:20:00,test,45456,45815,360,24,0.15,45830,2026-07-27 07:20:00,45845,2026-07-27 08:20:00,45875,2026-07-27 10:20:00,45935,2026-07-27 14:20:00
45816,2026-07-27 06:24:00,test,45457,45816,360,24,0.15,45831,2026-07-27 07:24:00,45846,2026-07-27 08:24:00,45876,2026-07-27 10:24:00,45936,2026-07-27 14:24:00
45818,2026-07-27 06:32:00,test,45459,45818,360,24,0.15,45833,2026-07-27 07:32:00,45848,2026-07-27 08:32:00,45878,2026-07-27 10:32:00,45938,2026-07-27 14:32:00
45820,2026-07-27 06:40:00,test,45461,45820,360,24,0.15,45835,2026-07-27 07:40:00,45850,2026-07-27 08:40:00,45880,2026-07-27 10:40:00,45940,2026-07-27 14:40:00
45824,2026-07-27 06:56:00,test,45465,45824,360,24,0.15,45839,2026-07-27 07:56:00,45854,2026-07-27 08:56:00,45884,2026-07-27 10:56:00,45944,2026-07-27 14:56:00
45825,2026-07-27 07:00:00,test,45466,45825,360,24,0.15,45840,2026-07-27 08:00:00,45855,2026-07-27 09:00:00,45885,2026-07-27 11:00:00,45945,2026-07-27 15:00:00
45826,2026-07-27 07:04:00,test,45467,45826,360,24,0.15,45841,2026-07-27 08:04:00,45856,2026-07-27 09:04:00,45886,2026-07-27 11:04:00,45946,2026-07-27 15:04:00
45827,2026-07-27 07:08:00,test,45468,45827,360,24,0.15,45842,2026-07-27 08:08:00,45857,2026-07-27 09:08:00,45887,2026-07-27 11:08:00,45947,2026-07-27 15:08:00
45829,2026-07-27 07:16:00,test,45470,45829,360,24,0.15,45844,2026-07-27 08:16:00,45859,2026-07-27 09:16:00,45889,2026-07-27 11:16:00,45949,2026-07-27 15:16:00
45830,2026-07-27 07:20:00,test,45471,45830,360,24,0.15,45845,2026-07-27 08:20:00,45860,2026-07-27 09:20:00,45890,2026-07-27 11:20:00,45950,2026-07-27 15:20:00
45832,2026-07-27 07:28:00,test,45473,45832,360,24,0.15,45847,2026-07-27 08:28:00,45862,2026-07-27 09:28:00,45892,2026-07-27 11:28:00,45952,2026-07-27 15:28:00
45833,2026-07-27 07:32:00,test,45474,45833,360,24,0.15,45848,2026-07-27 08:32:00,45863,2026-07-27 09:32:00,45893,2026-07-27 11:32:00,45953,2026-07-27 15:32:00
45834,2026-07-27 07:36:00,test,45475,45834,360,24,0.15,45849,2026-07-27 08:36:00,45864,2026-07-27 09:36:00,45894,2026-07-27 11:36:00,45954,2026-07-27 15:36:00
45836,2026-07-27 07:44:00,test,45477,45836,360,24,0.15,45851,2026-07-27 08:44:00,45866,2026-07-27 09:44:00,45896,2026-07-27 11:44:00,45956,2026-07-27 15:44:00
45837,2026-07-27 07:48:00,test,45478,45837,360,24,0.15,45852,2026-07-27 08:48:00,45867,2026-07-27 09:48:00,45897,2026-07-27 11:48:00,45957,2026-07-27 15:48:00
45838,2026-07-27 07:52:00,test,45479,45838,360,24,0.15,45853,2026-07-27 08:52:00,45868,2026-07-27 09:52:00,45898,2026-07-27 11:52:00,45958,2026-07-27 15:52:00
45839,2026-07-27 07:56:00,test,45480,45839,360,24,0.15,45854,2026-07-27 08:56:00,45869,2026-07-27 09:56:00,45899,2026-07-27 11:56:00,45959,2026-07-27 15:56:00
45840,2026-07-27 08:00:00,test,45481,45840,360,24,0.15,45855,2026-07-27 09:00:00,45870,2026-07-27 10:00:00,45900,2026-07-27 12:00:00,45960,2026-07-27 16:00:00
45841,2026-07-27 08:04:00,test,45482,45841,360,24,0.15,45856,2026-07-27 09:04:00,45871,2026-07-27 10:04:00,45901,2026-07-27 12:04:00,45961,2026-07-27 16:04:00
45844,2026-07-27 08:16:00,test,45485,45844,360,24,0.15,45859,2026-07-27 09:16:00,45874,2026-07-27 10:16:00,45904,2026-07-27 12:16:00,45964,2026-07-27 16:16:00
45845,2026-07-27 08:20:00,test,45486,45845,360,24,0.15,45860,2026-07-27 09:20:00,45875,2026-07-27 10:20:00,45905,2026-07-27 12:20:00,45965,2026-07-27 16:20:00
45848,2026-07-27 08:32:00,test,45489,45848,360,24,0.15,45863,2026-07-27 09:32:00,45878,2026-07-27 10:32:00,45908,2026-07-27 12:32:00,45968,2026-07-27 16:32:00
45849,2026-07-27 08:36:00,test,45490,45849,360,24,0.15,45864,2026-07-27 09:36:00,45879,2026-07-27 10:36:00,45909,2026-07-27 12:36:00,45969,2026-07-27 16:36:00
45852,2026-07-27 08:48:00,test,45493,45852,360,24,0.15,45867,2026-07-27 09:48:00,45882,2026-07-27 10:48:00,45912,2026-07-27 12:48:00,45972,2026-07-27 16:48:00
45855,2026-07-27 09:00:00,test,45496,45855,360,24,0.15,45870,2026-07-27 10:00:00,45885,2026-07-27 11:00:00,45915,2026-07-27 13:00:00,45975,2026-07-27 17:00:00
45859,2026-07-27 09:16:00,test,45500,45859,360,24,0.15,45874,2026-07-27 10:16:00,45889,2026-07-27 11:16:00,45919,2026-07-27 13:16:00,45979,2026-07-27 17:16:00
45861,2026-07-27 09:24:00,test,45502,45861,360,24,0.15,45876,2026-07-27 10:24:00,45891,2026-07-27 11:24:00,45921,2026-07-27 13:24:00,45981,2026-07-27 17:24:00
45863,2026-07-27 09:32:00,test,45504,45863,360,24,0.15,45878,2026-07-27 10:32:00,45893,2026-07-27 11:32:00,45923,2026-07-27 13:32:00,45983,2026-07-27 17:32:00
45864,2026-07-27 09:36:00,test,45505,45864,360,24,0.15,45879,2026-07-27 10:36:00,45894,2026-07-27 11:36:00,45924,2026-07-27 13:36:00,45984,2026-07-27 17:36:00
45866,2026-07-27 09:44:00,test,45507,45866,360,24,0.15,45881,2026-07-27 10:44:00,45896,2026-07-27 11:44:00,45926,2026-07-27 13:44:00,45986,2026-07-27 17:44:00
45869,2026-07-27 09:56:00,test,45510,45869,360,24,0.15,45884,2026-07-27 10:56:00,45899,2026-07-27 11:56:00,45929,2026-07-27 13:56:00,45989,2026-07-27 17:56:00
45870,2026-07-27 10:00:00,test,45511,45870,360,24,0.15,45885,2026-07-27 11:00:00,45900,2026-07-27 12:00:00,45930,2026-07-27 14:00:00,45990,2026-07-27 18:00:00
45871,2026-07-27 10:04:00,test,45512,45871,360,24,0.15,45886,2026-07-27 11:04:00,45901,2026-07-27 12:04:00,45931,2026-07-27 14:04:00,45991,2026-07-27 18:04:00
45872,2026-07-27 10:08:00,test,45513,45872,360,24,0.15,45887,2026-07-27 11:08:00,45902,2026-07-27 12:08:00,45932,2026-07-27 14:08:00,45992,2026-07-27 18:08:00
45873,2026-07-27 10:12:00,test,45514,45873,360,24,0.15,45888,2026-07-27 11:12:00,45903,2026-07-27 12:12:00,45933,2026-07-27 14:12:00,45993,2026-07-27 18:12:00
45874,2026-07-27 10:16:00,test,45515,45874,360,24,0.15,45889,2026-07-27 11:16:00,45904,2026-07-27 12:16:00,45934,2026-07-27 14:16:00,45994,2026-07-27 18:16:00
45875,2026-07-27 10:20:00,test,45516,45875,360,24,0.15,45890,2026-07-27 11:20:00,45905,2026-07-27 12:20:00,45935,2026-07-27 14:20:00,45995,2026-07-27 18:20:00
45876,2026-07-27 10:24:00,test,45517,45876,360,24,0.15,45891,2026-07-27 11:24:00,45906,2026-07-27 12:24:00,45936,2026-07-27 14:24:00,45996,2026-07-27 18:24:00
45878,2026-07-27 10:32:00,test,45519,45878,360,24,0.15,45893,2026-07-27 11:32:00,45908,2026-07-27 12:32:00,45938,2026-07-27 14:32:00,45998,2026-07-27 18:32:00
45883,2026-07-27 10:52:00,test,45524,45883,360,24,0.15,45898,2026-07-27 11:52:00,45913,2026-07-27 12:52:00,45943,2026-07-27 14:52:00,46003,2026-07-27 18:52:00
45885,2026-07-27 11:00:00,test,45526,45885,360,24,0.15,45900,2026-07-27 12:00:00,45915,2026-07-27 13:00:00,45945,2026-07-27 15:00:00,46005,2026-07-27 19:00:00
45886,2026-07-27 11:04:00,test,45527,45886,360,24,0.15,45901,2026-07-27 12:04:00,45916,2026-07-27 13:04:00,45946,2026-07-27 15:04:00,46006,2026-07-27 19:04:00
45887,2026-07-27 11:08:00,test,45528,45887,360,24,0.15,45902,2026-07-27 12:08:00,45917,2026-07-27 13:08:00,45947,2026-07-27 15:08:00,46007,2026-07-27 19:08:00
45888,2026-07-27 11:12:00,test,45529,45888,360,24,0.15,45903,2026-07-27 12:12:00,45918,2026-07-27 13:12:00,45948,2026-07-27 15:12:00,46008,2026-07-27 19:12:00
45889,2026-07-27 11:16:00,test,45530,45889,360,24,0.15,45904,2026-07-27 12:16:00,45919,2026-07-27 13:16:00,45949,2026-07-27 15:16:00,46009,2026-07-27 19:16:00
45890,2026-07-27 11:20:00,test,45531,45890,360,24,0.15,45905,2026-07-27 12:20:00,45920,2026-07-27 13:20:00,45950,2026-07-27 15:20:00,46010,2026-07-27 19:20:00
45891,2026-07-27 11:24:00,test,45532,45891,360,24,0.15,45906,2026-07-27 12:24:00,45921,2026-07-27 13:24:00,45951,2026-07-27 15:24:00,46011,2026-07-27 19:24:00
45893,2026-07-27 11:32:00,test,45534,45893,360,24,0.15,45908,2026-07-27 12:32:00,45923,2026-07-27 13:32:00,45953,2026-07-27 15:32:00,46013,2026-07-27 19:32:00
45894,2026-07-27 11:36:00,test,45535,45894,360,24,0.15,45909,2026-07-27 12:36:00,45924,2026-07-27 13:36:00,45954,2026-07-27 15:36:00,46014,2026-07-27 19:36:00
45895,2026-07-27 11:40:00,test,45536,45895,360,24,0.15,45910,2026-07-27 12:40:00,45925,2026-07-27 13:40:00,45955,2026-07-27 15:40:00,46015,2026-07-27 19:40:00
45896,2026-07-27 11:44:00,test,45537,45896,360,24,0.15,45911,2026-07-27 12:44:00,45926,2026-07-27 13:44:00,45956,2026-07-27 15:44:00,46016,2026-07-27 19:44:00
45898,2026-07-27 11:52:00,test,45539,45898,360,24,0.15,45913,2026-07-27 12:52:00,45928,2026-07-27 13:52:00,45958,2026-07-27 15:52:00,46018,2026-07-27 19:52:00
45901,2026-07-27 12:04:00,test,45542,45901,360,24,0.15,45916,2026-07-27 13:04:00,45931,2026-07-27 14:04:00,45961,2026-07-27 16:04:00,46021,2026-07-27 20:04:00
45902,2026-07-27 12:08:00,test,45543,45902,360,24,0.15,45917,2026-07-27 13:08:00,45932,2026-07-27 14:08:00,45962,2026-07-27 16:08:00,46022,2026-07-27 20:08:00
45903,2026-07-27 12:12:00,test,45544,45903,360,24,0.15,45918,2026-07-27 13:12:00,45933,2026-07-27 14:12:00,45963,2026-07-27 16:12:00,46023,2026-07-27 20:12:00
45905,2026-07-27 12:20:00,test,45546,45905,360,24,0.15,45920,2026-07-27 13:20:00,45935,2026-07-27 14:20:00,45965,2026-07-27 16:20:00,46025,2026-07-27 20:20:00
45907,2026-07-27 12:28:00,test,45548,45907,360,24,0.15,45922,2026-07-27 13:28:00,45937,2026-07-27 14:28:00,45967,2026-07-27 16:28:00,46027,2026-07-27 20:28:00
45908,2026-07-27 12:32:00,test,45549,45908,360,24,0.15,45923,2026-07-27 13:32:00,45938,2026-07-27 14:32:00,45968,2026-07-27 16:32:00,46028,2026-07-27 20:32:00
45913,2026-07-27 12:52:00,test,45554,45913,360,24,0.15,45928,2026-07-27 13:52:00,45943,2026-07-27 14:52:00,45973,2026-07-27 16:52:00,46033,2026-07-27 20:52:00
45914,2026-07-27 12:56:00,test,45555,45914,360,24,0.15,45929,2026-07-27 13:56:00,45944,2026-07-27 14:56:00,45974,2026-07-27 16:56:00,46034,2026-07-27 20:56:00
45915,2026-07-27 13:00:00,test,45556,45915,360,24,0.15,45930,2026-07-27 14:00:00,45945,2026-07-27 15:00:00,45975,2026-07-27 17:00:00,46035,2026-07-27 21:00:00
45919,2026-07-27 13:16:00,test,45560,45919,360,24,0.15,45934,2026-07-27 14:16:00,45949,2026-07-27 15:16:00,45979,2026-07-27 17:16:00,46039,2026-07-27 21:16:00
45921,2026-07-27 13:24:00,test,45562,45921,360,24,0.15,45936,2026-07-27 14:24:00,45951,2026-07-27 15:24:00,45981,2026-07-27 17:24:00,46041,2026-07-27 21:24:00
45922,2026-07-27 13:28:00,test,45563,45922,360,24,0.15,45937,2026-07-27 14:28:00,45952,2026-07-27 15:28:00,45982,2026-07-27 17:28:00,46042,2026-07-27 21:28:00
45928,2026-07-27 13:52:00,test,45569,45928,360,24,0.15,45943,2026-07-27 14:52:00,45958,2026-07-27 15:52:00,45988,2026-07-27 17:52:00,46048,2026-07-27 21:52:00
45929,2026-07-27 13:56:00,test,45570,45929,360,24,0.15,45944,2026-07-27 14:56:00,45959,2026-07-27 15:56:00,45989,2026-07-27 17:56:00,46049,2026-07-27 21:56:00
45930,2026-07-27 14:00:00,test,45571,45930,360,24,0.15,45945,2026-07-27 15:00:00,45960,2026-07-27 16:00:00,45990,2026-07-27 18:00:00,46050,2026-07-27 22:00:00
45931,2026-07-27 14:04:00,test,45572,45931,360,24,0.15,45946,2026-07-27 15:04:00,45961,2026-07-27 16:04:00,45991,2026-07-27 18:04:00,46051,2026-07-27 22:04:00
45932,2026-07-27 14:08:00,test,45573,45932,360,24,0.15,45947,2026-07-27 15:08:00,45962,2026-07-27 16:08:00,45992,2026-07-27 18:08:00,46052,2026-07-27 22:08:00
45933,2026-07-27 14:12:00,test,45574,45933,360,24,0.15,45948,2026-07-27 15:12:00,45963,2026-07-27 16:12:00,45993,2026-07-27 18:12:00,46053,2026-07-27 22:12:00
45934,2026-07-27 14:16:00,test,45575,45934,360,24,0.15,45949,2026-07-27 15:16:00,45964,2026-07-27 16:16:00,45994,2026-07-27 18:16:00,46054,2026-07-27 22:16:00
45935,2026-07-27 14:20:00,test,45576,45935,360,24,0.15,45950,2026-07-27 15:20:00,45965,2026-07-27 16:20:00,45995,2026-07-27 18:20:00,46055,2026-07-27 22:20:00
45937,2026-07-27 14:28:00,test,45578,45937,360,24,0.15,45952,2026-07-27 15:28:00,45967,2026-07-27 16:28:00,45997,2026-07-27 18:28:00,46057,2026-07-27 22:28:00
45938,2026-07-27 14:32:00,test,45579,45938,360,24,0.15,45953,2026-07-27 15:32:00,45968,2026-07-27 16:32:00,45998,2026-07-27 18:32:00,46058,2026-07-27 22:32:00
45939,2026-07-27 14:36:00,test,45580,45939,360,24,0.15,45954,2026-07-27 15:36:00,45969,2026-07-27 16:36:00,45999,2026-07-27 18:36:00,46059,2026-07-27 22:36:00
45942,2026-07-27 14:48:00,test,45583,45942,360,24,0.15,45957,2026-07-27 15:48:00,45972,2026-07-27 16:48:00,46002,2026-07-27 18:48:00,46062,2026-07-27 22:48:00
45943,2026-07-27 14:52:00,test,45584,45943,360,24,0.15,45958,2026-07-27 15:52:00,45973,2026-07-27 16:52:00,46003,2026-07-27 18:52:00,46063,2026-07-27 22:52:00
45944,2026-07-27 14:56:00,test,45585,45944,360,24,0.15,45959,2026-07-27 15:56:00,45974,2026-07-27 16:56:00,46004,2026-07-27 18:56:00,46064,2026-07-27 22:56:00
45947,2026-07-27 15:08:00,test,45588,45947,360,24,0.15,45962,2026-07-27 16:08:00,45977,2026-07-27 17:08:00,46007,2026-07-27 19:08:00,46067,2026-07-27 23:08:00
45948,2026-07-27 15:12:00,test,45589,45948,360,24,0.15,45963,2026-07-27 16:12:00,45978,2026-07-27 17:12:00,46008,2026-07-27 19:12:00,46068,2026-07-27 23:12:00
45949,2026-07-27 15:16:00,test,45590,45949,360,24,0.15,45964,2026-07-27 16:16:00,45979,2026-07-27 17:16:00,46009,2026-07-27 19:16:00,46069,2026-07-27 23:16:00
45952,2026-07-27 15:28:00,test,45593,45952,360,24,0.15,45967,2026-07-27 16:28:00,45982,2026-07-27 17:28:00,46012,2026-07-27 19:28:00,46072,2026-07-27 23:28:00
45953,2026-07-27 15:32:00,test,45594,45953,360,24,0.15,45968,2026-07-27 16:32:00,45983,2026-07-27 17:32:00,46013,2026-07-27 19:32:00,46073,2026-07-27 23:32:00
45954,2026-07-27 15:36:00,test,45595,45954,360,24,0.15,45969,2026-07-27 16:36:00,45984,2026-07-27 17:36:00,46014,2026-07-27 19:36:00,46074,2026-07-27 23:36:00
45958,2026-07-27 15:52:00,test,45599,45958,360,24,0.15,45973,2026-07-27 16:52:00,45988,2026-07-27 17:52:00,46018,2026-07-27 19:52:00,46078,2026-07-27 23:52:00
45959,2026-07-27 15:56:00,test,45600,45959,360,24,0.15,45974,2026-07-27 16:56:00,45989,2026-07-27 17:56:00,46019,2026-07-27 19:56:00,46079,2026-07-27 23:56:00
45962,2026-07-27 16:08:00,test,45603,45962,360,24,0.15,45977,2026-07-27 17:08:00,45992,2026-07-27 18:08:00,46022,2026-07-27 20:08:00,46082,2026-07-28 00:08:00
45963,2026-07-27 16:12:00,test,45604,45963,360,24,0.15,45978,2026-07-27 17:12:00,45993,2026-07-27 18:12:00,46023,2026-07-27 20:12:00,46083,2026-07-28 00:12:00
45966,2026-07-27 16:24:00,test,45607,45966,360,24,0.15,45981,2026-07-27 17:24:00,45996,2026-07-27 18:24:00,46026,2026-07-27 20:24:00,46086,2026-07-28 00:24:00
45967,2026-07-27 16:28:00,test,45608,45967,360,24,0.15,45982,2026-07-27 17:28:00,45997,2026-07-27 18:28:00,46027,2026-07-27 20:28:00,46087,2026-07-28 00:28:00
45968,2026-07-27 16:32:00,test,45609,45968,360,24,0.15,45983,2026-07-27 17:32:00,45998,2026-07-27 18:32:00,46028,2026-07-27 20:32:00,46088,2026-07-28 00:32:00
45969,2026-07-27 16:36:00,test,45610,45969,360,24,0.15,45984,2026-07-27 17:36:00,45999,2026-07-27 18:36:00,46029,2026-07-27 20:36:00,46089,2026-07-28 00:36:00
45973,2026-07-27 16:52:00,test,45614,45973,360,24,0.15,45988,2026-07-27 17:52:00,46003,2026-07-27 18:52:00,46033,2026-07-27 20:52:00,46093,2026-07-28 00:52:00
45976,2026-07-27 17:04:00,test,45617,45976,360,24,0.15,45991,2026-07-27 18:04:00,46006,2026-07-27 19:04:00,46036,2026-07-27 21:04:00,46096,2026-07-28 01:04:00
45979,2026-07-27 17:16:00,test,45620,45979,360,24,0.15,45994,2026-07-27 18:16:00,46009,2026-07-27 19:16:00,46039,2026-07-27 21:16:00,46099,2026-07-28 01:16:00
45980,2026-07-27 17:20:00,test,45621,45980,360,24,0.15,45995,2026-07-27 18:20:00,46010,2026-07-27 19:20:00,46040,2026-07-27 21:20:00,46100,2026-07-28 01:20:00
45981,2026-07-27 17:24:00,test,45622,45981,360,24,0.15,45996,2026-07-27 18:24:00,46011,2026-07-27 19:24:00,46041,2026-07-27 21:24:00,46101,2026-07-28 01:24:00
45982,2026-07-27 17:28:00,test,45623,45982,360,24,0.15,45997,2026-07-27 18:28:00,46012,2026-07-27 19:28:00,46042,2026-07-27 21:28:00,46102,2026-07-28 01:28:00
45984,2026-07-27 17:36:00,test,45625,45984,360,24,0.15,45999,2026-07-27 18:36:00,46014,2026-07-27 19:36:00,46044,2026-07-27 21:36:00,46104,2026-07-28 01:36:00
45985,2026-07-27 17:40:00,test,45626,45985,360,24,0.15,46000,2026-07-27 18:40:00,46015,2026-07-27 19:40:00,46045,2026-07-27 21:40:00,46105,2026-07-28 01:40:00
45988,2026-07-27 17:52:00,test,45629,45988,360,24,0.15,46003,2026-07-27 18:52:00,46018,2026-07-27 19:52:00,46048,2026-07-27 21:52:00,46108,2026-07-28 01:52:00
45989,2026-07-27 17:56:00,test,45630,45989,360,24,0.15,46004,2026-07-27 18:56:00,46019,2026-07-27 19:56:00,46049,2026-07-27 21:56:00,46109,2026-07-28 01:56:00
45991,2026-07-27 18:04:00,test,45632,45991,360,24,0.15,46006,2026-07-27 19:04:00,46021,2026-07-27 20:04:00,46051,2026-07-27 22:04:00,46111,2026-07-28 02:04:00
45992,2026-07-27 18:08:00,test,45633,45992,360,24,0.15,46007,2026-07-27 19:08:00,46022,2026-07-27 20:08:00,46052,2026-07-27 22:08:00,46112,2026-07-28 02:08:00
45993,2026-07-27 18:12:00,test,45634,45993,360,24,0.15,46008,2026-07-27 19:12:00,46023,2026-07-27 20:12:00,46053,2026-07-27 22:12:00,46113,2026-07-28 02:12:00
45995,2026-07-27 18:20:00,test,45636,45995,360,24,0.15,46010,2026-07-27 19:20:00,46025,2026-07-27 20:20:00,46055,2026-07-27 22:20:00,46115,2026-07-28 02:20:00
45996,2026-07-27 18:24:00,test,45637,45996,360,24,0.15,46011,2026-07-27 19:24:00,46026,2026-07-27 20:24:00,46056,2026-07-27 22:24:00,46116,2026-07-28 02:24:00
45997,2026-07-27 18:28:00,test,45638,45997,360,24,0.15,46012,2026-07-27 19:28:00,46027,2026-07-27 20:28:00,46057,2026-07-27 22:28:00,46117,2026-07-28 02:28:00
45998,2026-07-27 18:32:00,test,45639,45998,360,24,0.15,46013,2026-07-27 19:32:00,46028,2026-07-27 20:32:00,46058,2026-07-27 22:32:00,46118,2026-07-28 02:32:00
45999,2026-07-27 18:36:00,test,45640,45999,360,24,0.15,46014,2026-07-27 19:36:00,46029,2026-07-27 20:36:00,46059,2026-07-27 22:36:00,46119,2026-07-28 02:36:00
46003,2026-07-27 18:52:00,test,45644,46003,360,24,0.15,46018,2026-07-27 19:52:00,46033,2026-07-27 20:52:00,46063,2026-07-27 22:52:00,46123,2026-07-28 02:52:00
46004,2026-07-27 18:56:00,test,45645,46004,360,24,0.15,46019,2026-07-27 19:56:00,46034,2026-07-27 20:56:00,46064,2026-07-27 22:56:00,46124,2026-07-28 02:56:00
46006,2026-07-27 19:04:00,test,45647,46006,360,24,0.15,46021,2026-07-27 20:04:00,46036,2026-07-27 21:04:00,46066,2026-07-27 23:04:00,46126,2026-07-28 03:04:00
46010,2026-07-27 19:20:00,test,45651,46010,360,24,0.15,46025,2026-07-27 20:20:00,46040,2026-07-27 21:20:00,46070,2026-07-27 23:20:00,46130,2026-07-28 03:20:00
46011,2026-07-27 19:24:00,test,45652,46011,360,24,0.15,46026,2026-07-27 20:24:00,46041,2026-07-27 21:24:00,46071,2026-07-27 23:24:00,46131,2026-07-28 03:24:00
46012,2026-07-27 19:28:00,test,45653,46012,360,24,0.15,46027,2026-07-27 20:28:00,46042,2026-07-27 21:28:00,46072,2026-07-27 23:28:00,46132,2026-07-28 03:28:00
46014,2026-07-27 19:36:00,test,45655,46014,360,24,0.15,46029,2026-07-27 20:36:00,46044,2026-07-27 21:36:00,46074,2026-07-27 23:36:00,46134,2026-07-28 03:36:00
46017,2026-07-27 19:48:00,test,45658,46017,360,24,0.15,46032,2026-07-27 20:48:00,46047,2026-07-27 21:48:00,46077,2026-07-27 23:48:00,46137,2026-07-28 03:48:00
46018,2026-07-27 19:52:00,test,45659,46018,360,24,0.15,46033,2026-07-27 20:52:00,46048,2026-07-27 21:52:00,46078,2026-07-27 23:52:00,46138,2026-07-28 03:52:00
46019,2026-07-27 19:56:00,test,45660,46019,360,24,0.15,46034,2026-07-27 20:56:00,46049,2026-07-27 21:56:00,46079,2026-07-27 23:56:00,46139,2026-07-28 03:56:00
46021,2026-07-27 20:04:00,test,45662,46021,360,24,0.15,46036,2026-07-27 21:04:00,46051,2026-07-27 22:04:00,46081,2026-07-28 00:04:00,46141,2026-07-28 04:04:00
46024,2026-07-27 20:16:00,test,45665,46024,360,24,0.15,46039,2026-07-27 21:16:00,46054,2026-07-27 22:16:00,46084,2026-07-28 00:16:00,46144,2026-07-28 04:16:00
46025,2026-07-27 20:20:00,test,45666,46025,360,24,0.15,46040,2026-07-27 21:20:00,46055,2026-07-27 22:20:00,46085,2026-07-28 00:20:00,46145,2026-07-28 04:20:00
46026,2026-07-27 20:24:00,test,45667,46026,360,24,0.15,46041,2026-07-27 21:24:00,46056,2026-07-27 22:24:00,46086,2026-07-28 00:24:00,46146,2026-07-28 04:24:00
46027,2026-07-27 20:28:00,test,45668,46027,360,24,0.15,46042,2026-07-27 21:28:00,46057,2026-07-27 22:28:00,46087,2026-07-28 00:28:00,46147,2026-07-28 04:28:00
46029,2026-07-27 20:36:00,test,45670,46029,360,24,0.15,46044,2026-07-27 21:36:00,46059,2026-07-27 22:36:00,46089,2026-07-28 00:36:00,46149,2026-07-28 04:36:00
46030,2026-07-27 20:40:00,test,45671,46030,360,24,0.15,46045,2026-07-27 21:40:00,46060,2026-07-27 22:40:00,46090,2026-07-28 00:40:00,46150,2026-07-28 04:40:00
46031,2026-07-27 20:44:00,test,45672,46031,360,24,0.15,46046,2026-07-27 21:44:00,46061,2026-07-27 22:44:00,46091,2026-07-28 00:44:00,46151,2026-07-28 04:44:00
46033,2026-07-27 20:52:00,test,45674,46033,360,24,0.15,46048,2026-07-27 21:52:00,46063,2026-07-27 22:52:00,46093,2026-07-28 00:52:00,46153,2026-07-28 04:52:00
46036,2026-07-27 21:04:00,test,45677,46036,360,24,0.15,46051,2026-07-27 22:04:00,46066,2026-07-27 23:04:00,46096,2026-07-28 01:04:00,46156,2026-07-28 05:04:00
46037,2026-07-27 21:08:00,test,45678,46037,360,24,0.15,46052,2026-07-27 22:08:00,46067,2026-07-27 23:08:00,46097,2026-07-28 01:08:00,46157,2026-07-28 05:08:00
46038,2026-07-27 21:12:00,test,45679,46038,360,24,0.15,46053,2026-07-27 22:12:00,46068,2026-07-27 23:12:00,46098,2026-07-28 01:12:00,46158,2026-07-28 05:12:00
46039,2026-07-27 21:16:00,test,45680,46039,360,24,0.15,46054,2026-07-27 22:16:00,46069,2026-07-27 23:16:00,46099,2026-07-28 01:16:00,46159,2026-07-28 05:16:00
46040,2026-07-27 21:20:00,test,45681,46040,360,24,0.15,46055,2026-07-27 22:20:00,46070,2026-07-27 23:20:00,46100,2026-07-28 01:20:00,46160,2026-07-28 05:20:00
46041,2026-07-27 21:24:00,test,45682,46041,360,24,0.15,46056,2026-07-27 22:24:00,46071,2026-07-27 23:24:00,46101,2026-07-28 01:24:00,46161,2026-07-28 05:24:00
46042,2026-07-27 21:28:00,test,45683,46042,360,24,0.15,46057,2026-07-27 22:28:00,46072,2026-07-27 23:28:00,46102,2026-07-28 01:28:00,46162,2026-07-28 05:28:00
46044,2026-07-27 21:36:00,test,45685,46044,360,24,0.15,46059,2026-07-27 22:36:00,46074,2026-07-27 23:36:00,46104,2026-07-28 01:36:00,46164,2026-07-28 05:36:00
46045,2026-07-27 21:40:00,test,45686,46045,360,24,0.15,46060,2026-07-27 22:40:00,46075,2026-07-27 23:40:00,46105,2026-07-28 01:40:00,46165,2026-07-28 05:40:00
46046,2026-07-27 21:44:00,test,45687,46046,360,24,0.15,46061,2026-07-27 22:44:00,46076,2026-07-27 23:44:00,46106,2026-07-28 01:44:00,46166,2026-07-28 05:44:00
46048,2026-07-27 21:52:00,test,45689,46048,360,24,0.15,46063,2026-07-27 22:52:00,46078,2026-07-27 23:52:00,46108,2026-07-28 01:52:00,46168,2026-07-28 05:52:00
46049,2026-07-27 21:56:00,test,45690,46049,360,24,0.15,46064,2026-07-27 22:56:00,46079,2026-07-27 23:56:00,46109,2026-07-28 01:56:00,46169,2026-07-28 05:56:00
46052,2026-07-27 22:08:00,test,45693,46052,360,24,0.15,46067,2026-07-27 23:08:00,46082,2026-07-28 00:08:00,46112,2026-07-28 02:08:00,46172,2026-07-28 06:08:00
46053,2026-07-27 22:12:00,test,45694,46053,360,24,0.15,46068,2026-07-27 23:12:00,46083,2026-07-28 00:12:00,46113,2026-07-28 02:12:00,46173,2026-07-28 06:12:00
46054,2026-07-27 22:16:00,test,45695,46054,360,24,0.15,46069,2026-07-27 23:16:00,46084,2026-07-28 00:16:00,46114,2026-07-28 02:16:00,46174,2026-07-28 06:16:00
46055,2026-07-27 22:20:00,test,45696,46055,360,24,0.15,46070,2026-07-27 23:20:00,46085,2026-07-28 00:20:00,46115,2026-07-28 02:20:00,46175,2026-07-28 06:20:00
46057,2026-07-27 22:28:00,test,45698,46057,360,24,0.15,46072,2026-07-27 23:28:00,46087,2026-07-28 00:28:00,46117,2026-07-28 02:28:00,46177,2026-07-28 06:28:00
46058,2026-07-27 22:32:00,test,45699,46058,360,24,0.15,46073,2026-07-27 23:32:00,46088,2026-07-28 00:32:00,46118,2026-07-28 02:32:00,46178,2026-07-28 06:32:00
46059,2026-07-27 22:36:00,test,45700,46059,360,24,0.15,46074,2026-07-27 23:36:00,46089,2026-07-28 00:36:00,46119,2026-07-28 02:36:00,46179,2026-07-28 06:36:00
46060,2026-07-27 22:40:00,test,45701,46060,360,24,0.15,46075,2026-07-27 23:40:00,46090,2026-07-28 00:40:00,46120,2026-07-28 02:40:00,46180,2026-07-28 06:40:00
46061,2026-07-27 22:44:00,test,45702,46061,360,24,0.15,46076,2026-07-27 23:44:00,46091,2026-07-28 00:44:00,46121,2026-07-28 02:44:00,46181,2026-07-28 06:44:00
46063,2026-07-27 22:52:00,test,45704,46063,360,24,0.15,46078,2026-07-27 23:52:00,46093,2026-07-28 00:52:00,46123,2026-07-28 02:52:00,46183,2026-07-28 06:52:00
46066,2026-07-27 23:04:00,test,45707,46066,360,24,0.15,46081,2026-07-28 00:04:00,46096,2026-07-28 01:04:00,46126,2026-07-28 03:04:00,46186,2026-07-28 07:04:00
46067,2026-07-27 23:08:00,test,45708,46067,360,24,0.15,46082,2026-07-28 00:08:00,46097,2026-07-28 01:08:00,46127,2026-07-28 03:08:00,46187,2026-07-28 07:08:00
46068,2026-07-27 23:12:00,test,45709,46068,360,24,0.15,46083,2026-07-28 00:12:00,46098,2026-07-28 01:12:00,46128,2026-07-28 03:12:00,46188,2026-07-28 07:12:00
46069,2026-07-27 23:16:00,test,45710,46069,360,24,0.15,46084,2026-07-28 00:16:00,46099,2026-07-28 01:16:00,46129,2026-07-28 03:16:00,46189,2026-07-28 07:16:00
46070,2026-07-27 23:20:00,test,45711,46070,360,24,0.15,46085,2026-07-28 00:20:00,46100,2026-07-28 01:20:00,46130,2026-07-28 03:20:00,46190,2026-07-28 07:20:00
46072,2026-07-27 23:28:00,test,45713,46072,360,24,0.15,46087,2026-07-28 00:28:00,46102,2026-07-28 01:28:00,46132,2026-07-28 03:28:00,46192,2026-07-28 07:28:00
46074,2026-07-27 23:36:00,test,45715,46074,360,24,0.15,46089,2026-07-28 00:36:00,46104,2026-07-28 01:36:00,46134,2026-07-28 03:36:00,46194,2026-07-28 07:36:00
46076,2026-07-27 23:44:00,test,45717,46076,360,24,0.15,46091,2026-07-28 00:44:00,46106,2026-07-28 01:44:00,46136,2026-07-28 03:44:00,46196,2026-07-28 07:44:00
46078,2026-07-27 23:52:00,test,45719,46078,360,24,0.15,46093,2026-07-28 00:52:00,46108,2026-07-28 01:52:00,46138,2026-07-28 03:52:00,46198,2026-07-28 07:52:00
46081,2026-07-28 00:04:00,test,45722,46081,360,24,0.15,46096,2026-07-28 01:04:00,46111,2026-07-28 02:04:00,46141,2026-07-28 04:04:00,46201,2026-07-28 08:04:00
46083,2026-07-28 00:12:00,test,45724,46083,360,24,0.15,46098,2026-07-28 01:12:00,46113,2026-07-28 02:12:00,46143,2026-07-28 04:12:00,46203,2026-07-28 08:12:00
46084,2026-07-28 00:16:00,test,45725,46084,360,24,0.15,46099,2026-07-28 01:16:00,46114,2026-07-28 02:16:00,46144,2026-07-28 04:16:00,46204,2026-07-28 08:16:00
46085,2026-07-28 00:20:00,test,45726,46085,360,24,0.15,46100,2026-07-28 01:20:00,46115,2026-07-28 02:20:00,46145,2026-07-28 04:20:00,46205,2026-07-28 08:20:00
46086,2026-07-28 00:24:00,test,45727,46086,360,24,0.15,46101,2026-07-28 01:24:00,46116,2026-07-28 02:24:00,46146,2026-07-28 04:24:00,46206,2026-07-28 08:24:00
46087,2026-07-28 00:28:00,test,45728,46087,360,24,0.15,46102,2026-07-28 01:28:00,46117,2026-07-28 02:28:00,46147,2026-07-28 04:28:00,46207,2026-07-28 08:28:00
46089,2026-07-28 00:36:00,test,45730,46089,360,24,0.15,46104,2026-07-28 01:36:00,46119,2026-07-28 02:36:00,46149,2026-07-28 04:36:00,46209,2026-07-28 08:36:00
46091,2026-07-28 00:44:00,test,45732,46091,360,24,0.15,46106,2026-07-28 01:44:00,46121,2026-07-28 02:44:00,46151,2026-07-28 04:44:00,46211,2026-07-28 08:44:00
46093,2026-07-28 00:52:00,test,45734,46093,360,24,0.15,46108,2026-07-28 01:52:00,46123,2026-07-28 02:52:00,46153,2026-07-28 04:52:00,46213,2026-07-28 08:52:00
46094,2026-07-28 00:56:00,test,45735,46094,360,24,0.15,46109,2026-07-28 01:56:00,46124,2026-07-28 02:56:00,46154,2026-07-28 04:56:00,46214,2026-07-28 08:56:00
46096,2026-07-28 01:04:00,test,45737,46096,360,24,0.15,46111,2026-07-28 02:04:00,46126,2026-07-28 03:04:00,46156,2026-07-28 05:04:00,46216,2026-07-28 09:04:00
46097,2026-07-28 01:08:00,test,45738,46097,360,24,0.15,46112,2026-07-28 02:08:00,46127,2026-07-28 03:08:00,46157,2026-07-28 05:08:00,46217,2026-07-28 09:08:00
46098,2026-07-28 01:12:00,test,45739,46098,360,24,0.15,46113,2026-07-28 02:12:00,46128,2026-07-28 03:12:00,46158,2026-07-28 05:12:00,46218,2026-07-28 09:12:00
46099,2026-07-28 01:16:00,test,45740,46099,360,24,0.15,46114,2026-07-28 02:16:00,46129,2026-07-28 03:16:00,46159,2026-07-28 05:16:00,46219,2026-07-28 09:16:00
46100,2026-07-28 01:20:00,test,45741,46100,360,24,0.15,46115,2026-07-28 02:20:00,46130,2026-07-28 03:20:00,46160,2026-07-28 05:20:00,46220,2026-07-28 09:20:00
46101,2026-07-28 01:24:00,test,45742,46101,360,24,0.15,46116,2026-07-28 02:24:00,46131,2026-07-28 03:24:00,46161,2026-07-28 05:24:00,46221,2026-07-28 09:24:00
46102,2026-07-28 01:28:00,test,45743,46102,360,24,0.15,46117,2026-07-28 02:28:00,46132,2026-07-28 03:28:00,46162,2026-07-28 05:28:00,46222,2026-07-28 09:28:00
46103,2026-07-28 01:32:00,test,45744,46103,360,24,0.15,46118,2026-07-28 02:32:00,46133,2026-07-28 03:32:00,46163,2026-07-28 05:32:00,46223,2026-07-28 09:32:00
46104,2026-07-28 01:36:00,test,45745,46104,360,24,0.15,46119,2026-07-28 02:36:00,46134,2026-07-28 03:36:00,46164,2026-07-28 05:36:00,46224,2026-07-28 09:36:00
46105,2026-07-28 01:40:00,test,45746,46105,360,24,0.15,46120,2026-07-28 02:40:00,46135,2026-07-28 03:40:00,46165,2026-07-28 05:40:00,46225,2026-07-28 09:40:00
46106,2026-07-28 01:44:00,test,45747,46106,360,24,0.15,46121,2026-07-28 02:44:00,46136,2026-07-28 03:44:00,46166,2026-07-28 05:44:00,46226,2026-07-28 09:44:00
46108,2026-07-28 01:52:00,test,45749,46108,360,24,0.15,46123,2026-07-28 02:52:00,46138,2026-07-28 03:52:00,46168,2026-07-28 05:52:00,46228,2026-07-28 09:52:00
46109,2026-07-28 01:56:00,test,45750,46109,360,24,0.15,46124,2026-07-28 02:56:00,46139,2026-07-28 03:56:00,46169,2026-07-28 05:56:00,46229,2026-07-28 09:56:00
46113,2026-07-28 02:12:00,test,45754,46113,360,24,0.15,46128,2026-07-28 03:12:00,46143,2026-07-28 04:12:00,46173,2026-07-28 06:12:00,46233,2026-07-28 10:12:00
46114,2026-07-28 02:16:00,test,45755,46114,360,24,0.15,46129,2026-07-28 03:16:00,46144,2026-07-28 04:16:00,46174,2026-07-28 06:16:00,46234,2026-07-28 10:16:00
46115,2026-07-28 02:20:00,test,45756,46115,360,24,0.15,46130,2026-07-28 03:20:00,46145,2026-07-28 04:20:00,46175,2026-07-28 06:20:00,46235,2026-07-28 10:20:00
46117,2026-07-28 02:28:00,test,45758,46117,360,24,0.15,46132,2026-07-28 03:28:00,46147,2026-07-28 04:28:00,46177,2026-07-28 06:28:00,46237,2026-07-28 10:28:00
46118,2026-07-28 02:32:00,test,45759,46118,360,24,0.15,46133,2026-07-28 03:32:00,46148,2026-07-28 04:32:00,46178,2026-07-28 06:32:00,46238,2026-07-28 10:32:00
46119,2026-07-28 02:36:00,test,45760,46119,360,24,0.15,46134,2026-07-28 03:36:00,46149,2026-07-28 04:36:00,46179,2026-07-28 06:36:00,46239,2026-07-28 10:36:00
46120,2026-07-28 02:40:00,test,45761,46120,360,24,0.15,46135,2026-07-28 03:40:00,46150,2026-07-28 04:40:00,46180,2026-07-28 06:40:00,46240,2026-07-28 10:40:00
46121,2026-07-28 02:44:00,test,45762,46121,360,24,0.15,46136,2026-07-28 03:44:00,46151,2026-07-28 04:44:00,46181,2026-07-28 06:44:00,46241,2026-07-28 10:44:00
46122,2026-07-28 02:48:00,test,45763,46122,360,24,0.15,46137,2026-07-28 03:48:00,46152,2026-07-28 04:48:00,46182,2026-07-28 06:48:00,46242,2026-07-28 10:48:00
46123,2026-07-28 02:52:00,test,45764,46123,360,24,0.15,46138,2026-07-28 03:52:00,46153,2026-07-28 04:52:00,46183,2026-07-28 06:52:00,46243,2026-07-28 10:52:00
46124,2026-07-28 02:56:00,test,45765,46124,360,24,0.15,46139,2026-07-28 03:56:00,46154,2026-07-28 04:56:00,46184,2026-07-28 06:56:00,46244,2026-07-28 10:56:00
46126,2026-07-28 03:04:00,test,45767,46126,360,24,0.15,46141,2026-07-28 04:04:00,46156,2026-07-28 05:04:00,46186,2026-07-28 07:04:00,46246,2026-07-28 11:04:00
46128,2026-07-28 03:12:00,test,45769,46128,360,24,0.15,46143,2026-07-28 04:12:00,46158,2026-07-28 05:12:00,46188,2026-07-28 07:12:00,46248,2026-07-28 11:12:00
46129,2026-07-28 03:16:00,test,45770,46129,360,24,0.15,46144,2026-07-28 04:16:00,46159,2026-07-28 05:16:00,46189,2026-07-28 07:16:00,46249,2026-07-28 11:16:00
46130,2026-07-28 03:20:00,test,45771,46130,360,24,0.15,46145,2026-07-28 04:20:00,46160,2026-07-28 05:20:00,46190,2026-07-28 07:20:00,46250,2026-07-28 11:20:00
46132,2026-07-28 03:28:00,test,45773,46132,360,24,0.15,46147,2026-07-28 04:28:00,46162,2026-07-28 05:28:00,46192,2026-07-28 07:28:00,46252,2026-07-28 11:28:00
46134,2026-07-28 03:36:00,test,45775,46134,360,24,0.15,46149,2026-07-28 04:36:00,46164,2026-07-28 05:36:00,46194,2026-07-28 07:36:00,46254,2026-07-28 11:36:00
46136,2026-07-28 03:44:00,test,45777,46136,360,24,0.15,46151,2026-07-28 04:44:00,46166,2026-07-28 05:44:00,46196,2026-07-28 07:44:00,46256,2026-07-28 11:44:00
46138,2026-07-28 03:52:00,test,45779,46138,360,24,0.15,46153,2026-07-28 04:52:00,46168,2026-07-28 05:52:00,46198,2026-07-28 07:52:00,46258,2026-07-28 11:52:00
46139,2026-07-28 03:56:00,test,45780,46139,360,24,0.15,46154,2026-07-28 04:56:00,46169,2026-07-28 05:56:00,46199,2026-07-28 07:56:00,46259,2026-07-28 11:56:00
46142,2026-07-28 04:08:00,test,45783,46142,360,24,0.15,46157,2026-07-28 05:08:00,46172,2026-07-28 06:08:00,46202,2026-07-28 08:08:00,46262,2026-07-28 12:08:00
46143,2026-07-28 04:12:00,test,45784,46143,360,24,0.15,46158,2026-07-28 05:12:00,46173,2026-07-28 06:12:00,46203,2026-07-28 08:12:00,46263,2026-07-28 12:12:00
46144,2026-07-28 04:16:00,test,45785,46144,360,24,0.15,46159,2026-07-28 05:16:00,46174,2026-07-28 06:16:00,46204,2026-07-28 08:16:00,46264,2026-07-28 12:16:00
46145,2026-07-28 04:20:00,test,45786,46145,360,24,0.15,46160,2026-07-28 05:20:00,46175,2026-07-28 06:20:00,46205,2026-07-28 08:20:00,46265,2026-07-28 12:20:00
46147,2026-07-28 04:28:00,test,45788,46147,360,24,0.15,46162,2026-07-28 05:28:00,46177,2026-07-28 06:28:00,46207,2026-07-28 08:28:00,46267,2026-07-28 12:28:00
46148,2026-07-28 04:32:00,test,45789,46148,360,24,0.15,46163,2026-07-28 05:32:00,46178,2026-07-28 06:32:00,46208,2026-07-28 08:32:00,46268,2026-07-28 12:32:00
46149,2026-07-28 04:36:00,test,45790,46149,360,24,0.15,46164,2026-07-28 05:36:00,46179,2026-07-28 06:36:00,46209,2026-07-28 08:36:00,46269,2026-07-28 12:36:00
46151,2026-07-28 04:44:00,test,45792,46151,360,24,0.15,46166,2026-07-28 05:44:00,46181,2026-07-28 06:44:00,46211,2026-07-28 08:44:00,46271,2026-07-28 12:44:00
46153,2026-07-28 04:52:00,test,45794,46153,360,24,0.15,46168,2026-07-28 05:52:00,46183,2026-07-28 06:52:00,46213,2026-07-28 08:52:00,46273,2026-07-28 12:52:00
46154,2026-07-28 04:56:00,test,45795,46154,360,24,0.15,46169,2026-07-28 05:56:00,46184,2026-07-28 06:56:00,46214,2026-07-28 08:56:00,46274,2026-07-28 12:56:00
46157,2026-07-28 05:08:00,test,45798,46157,360,24,0.15,46172,2026-07-28 06:08:00,46187,2026-07-28 07:08:00,46217,2026-07-28 09:08:00,46277,2026-07-28 13:08:00
46158,2026-07-28 05:12:00,test,45799,46158,360,24,0.15,46173,2026-07-28 06:12:00,46188,2026-07-28 07:12:00,46218,2026-07-28 09:12:00,46278,2026-07-28 13:12:00
46159,2026-07-28 05:16:00,test,45800,46159,360,24,0.15,46174,2026-07-28 06:16:00,46189,2026-07-28 07:16:00,46219,2026-07-28 09:16:00,46279,2026-07-28 13:16:00
46160,2026-07-28 05:20:00,test,45801,46160,360,24,0.15,46175,2026-07-28 06:20:00,46190,2026-07-28 07:20:00,46220,2026-07-28 09:20:00,46280,2026-07-28 13:20:00
46162,2026-07-28 05:28:00,test,45803,46162,360,24,0.15,46177,2026-07-28 06:28:00,46192,2026-07-28 07:28:00,46222,2026-07-28 09:28:00,46282,2026-07-28 13:28:00
46164,2026-07-28 05:36:00,test,45805,46164,360,24,0.15,46179,2026-07-28 06:36:00,46194,2026-07-28 07:36:00,46224,2026-07-28 09:36:00,46284,2026-07-28 13:36:00
46166,2026-07-28 05:44:00,test,45807,46166,360,24,0.15,46181,2026-07-28 06:44:00,46196,2026-07-28 07:44:00,46226,2026-07-28 09:44:00,46286,2026-07-28 13:44:00
46167,2026-07-28 05:48:00,test,45808,46167,360,24,0.15,46182,2026-07-28 06:48:00,46197,2026-07-28 07:48:00,46227,2026-07-28 09:48:00,46287,2026-07-28 13:48:00
46168,2026-07-28 05:52:00,test,45809,46168,360,24,0.15,46183,2026-07-28 06:52:00,46198,2026-07-28 07:52:00,46228,2026-07-28 09:52:00,46288,2026-07-28 13:52:00
46169,2026-07-28 05:56:00,test,45810,46169,360,24,0.15,46184,2026-07-28 06:56:00,46199,2026-07-28 07:56:00,46229,2026-07-28 09:56:00,46289,2026-07-28 13:56:00
46170,2026-07-28 06:00:00,test,45811,46170,360,24,0.15,46185,2026-07-28 07:00:00,46200,2026-07-28 08:00:00,46230,2026-07-28 10:00:00,46290,2026-07-28 14:00:00
46171,2026-07-28 06:04:00,test,45812,46171,360,24,0.15,46186,2026-07-28 07:04:00,46201,2026-07-28 08:04:00,46231,2026-07-28 10:04:00,46291,2026-07-28 14:04:00
46172,2026-07-28 06:08:00,test,45813,46172,360,24,0.15,46187,2026-07-28 07:08:00,46202,2026-07-28 08:08:00,46232,2026-07-28 10:08:00,46292,2026-07-28 14:08:00
46173,2026-07-28 06:12:00,test,45814,46173,360,24,0.15,46188,2026-07-28 07:12:00,46203,2026-07-28 08:12:00,46233,2026-07-28 10:12:00,46293,2026-07-28 14:12:00
46174,2026-07-28 06:16:00,test,45815,46174,360,24,0.15,46189,2026-07-28 07:16:00,46204,2026-07-28 08:16:00,46234,2026-07-28 10:16:00,46294,2026-07-28 14:16:00
46175,2026-07-28 06:20:00,test,45816,46175,360,24,0.15,46190,2026-07-28 07:20:00,46205,2026-07-28 08:20:00,46235,2026-07-28 10:20:00,46295,2026-07-28 14:20:00
46177,2026-07-28 06:28:00,test,45818,46177,360,24,0.15,46192,2026-07-28 07:28:00,46207,2026-07-28 08:28:00,46237,2026-07-28 10:28:00,46297,2026-07-28 14:28:00
46179,2026-07-28 06:36:00,test,45820,46179,360,24,0.15,46194,2026-07-28 07:36:00,46209,2026-07-28 08:36:00,46239,2026-07-28 10:36:00,46299,2026-07-28 14:36:00
46183,2026-07-28 06:52:00,test,45824,46183,360,24,0.15,46198,2026-07-28 07:52:00,46213,2026-07-28 08:52:00,46243,2026-07-28 10:52:00,46303,2026-07-28 14:52:00
46184,2026-07-28 06:56:00,test,45825,46184,360,24,0.15,46199,2026-07-28 07:56:00,46214,2026-07-28 08:56:00,46244,2026-07-28 10:56:00,46304,2026-07-28 14:56:00
46186,2026-07-28 07:04:00,test,45827,46186,360,24,0.15,46201,2026-07-28 08:04:00,46216,2026-07-28 09:04:00,46246,2026-07-28 11:04:00,46306,2026-07-28 15:04:00
46188,2026-07-28 07:12:00,test,45829,46188,360,24,0.15,46203,2026-07-28 08:12:00,46218,2026-07-28 09:12:00,46248,2026-07-28 11:12:00,46308,2026-07-28 15:12:00
46189,2026-07-28 07:16:00,test,45830,46189,360,24,0.15,46204,2026-07-28 08:16:00,46219,2026-07-28 09:16:00,46249,2026-07-28 11:16:00,46309,2026-07-28 15:16:00
46191,2026-07-28 07:24:00,test,45832,46191,360,24,0.15,46206,2026-07-28 08:24:00,46221,2026-07-28 09:24:00,46251,2026-07-28 11:24:00,46311,2026-07-28 15:24:00
46192,2026-07-28 07:28:00,test,45833,46192,360,24,0.15,46207,2026-07-28 08:28:00,46222,2026-07-28 09:28:00,46252,2026-07-28 11:28:00,46312,2026-07-28 15:28:00
46193,2026-07-28 07:32:00,test,45834,46193,360,24,0.15,46208,2026-07-28 08:32:00,46223,2026-07-28 09:32:00,46253,2026-07-28 11:32:00,46313,2026-07-28 15:32:00
46194,2026-07-28 07:36:00,test,45835,46194,360,24,0.15,46209,2026-07-28 08:36:00,46224,2026-07-28 09:36:00,46254,2026-07-28 11:36:00,46314,2026-07-28 15:36:00
46196,2026-07-28 07:44:00,test,45837,46196,360,24,0.15,46211,2026-07-28 08:44:00,46226,2026-07-28 09:44:00,46256,2026-07-28 11:44:00,46316,2026-07-28 15:44:00
46198,2026-07-28 07:52:00,test,45839,46198,360,24,0.15,46213,2026-07-28 08:52:00,46228,2026-07-28 09:52:00,46258,2026-07-28 11:52:00,46318,2026-07-28 15:52:00
46199,2026-07-28 07:56:00,test,45840,46199,360,24,0.15,46214,2026-07-28 08:56:00,46229,2026-07-28 09:56:00,46259,2026-07-28 11:56:00,46319,2026-07-28 15:56:00
46201,2026-07-28 08:04:00,test,45842,46201,360,24,0.15,46216,2026-07-28 09:04:00,46231,2026-07-28 10:04:00,46261,2026-07-28 12:04:00,46321,2026-07-28 16:04:00
46202,2026-07-28 08:08:00,test,45843,46202,360,24,0.15,46217,2026-07-28 09:08:00,46232,2026-07-28 10:08:00,46262,2026-07-28 12:08:00,46322,2026-07-28 16:08:00
46203,2026-07-28 08:12:00,test,45844,46203,360,24,0.15,46218,2026-07-28 09:12:00,46233,2026-07-28 10:12:00,46263,2026-07-28 12:12:00,46323,2026-07-28 16:12:00
46204,2026-07-28 08:16:00,test,45845,46204,360,24,0.15,46219,2026-07-28 09:16:00,46234,2026-07-28 10:16:00,46264,2026-07-28 12:16:00,46324,2026-07-28 16:16:00
46205,2026-07-28 08:20:00,test,45846,46205,360,24,0.15,46220,2026-07-28 09:20:00,46235,2026-07-28 10:20:00,46265,2026-07-28 12:20:00,46325,2026-07-28 16:20:00
46206,2026-07-28 08:24:00,test,45847,46206,360,24,0.15,46221,2026-07-28 09:24:00,46236,2026-07-28 10:24:00,46266,2026-07-28 12:24:00,46326,2026-07-28 16:24:00
46207,2026-07-28 08:28:00,test,45848,46207,360,24,0.15,46222,2026-07-28 09:28:00,46237,2026-07-28 10:28:00,46267,2026-07-28 12:28:00,46327,2026-07-28 16:28:00
46208,2026-07-28 08:32:00,test,45849,46208,360,24,0.15,46223,2026-07-28 09:32:00,46238,2026-07-28 10:32:00,46268,2026-07-28 12:32:00,46328,2026-07-28 16:32:00
46209,2026-07-28 08:36:00,test,45850,46209,360,24,0.15,46224,2026-07-28 09:36:00,46239,2026-07-28 10:36:00,46269,2026-07-28 12:36:00,46329,2026-07-28 16:36:00
46210,2026-07-28 08:40:00,test,45851,46210,360,24,0.15,46225,2026-07-28 09:40:00,46240,2026-07-28 10:40:00,46270,2026-07-28 12:40:00,46330,2026-07-28 16:40:00
46211,2026-07-28 08:44:00,test,45852,46211,360,24,0.15,46226,2026-07-28 09:44:00,46241,2026-07-28 10:44:00,46271,2026-07-28 12:44:00,46331,2026-07-28 16:44:00
46212,2026-07-28 08:48:00,test,45853,46212,360,24,0.15,46227,2026-07-28 09:48:00,46242,2026-07-28 10:48:00,46272,2026-07-28 12:48:00,46332,2026-07-28 16:48:00
46213,2026-07-28 08:52:00,test,45854,46213,360,24,0.15,46228,2026-07-28 09:52:00,46243,2026-07-28 10:52:00,46273,2026-07-28 12:52:00,46333,2026-07-28 16:52:00
46214,2026-07-28 08:56:00,test,45855,46214,360,24,0.15,46229,2026-07-28 09:56:00,46244,2026-07-28 10:56:00,46274,2026-07-28 12:56:00,46334,2026-07-28 16:56:00
46218,2026-07-28 09:12:00,test,45859,46218,360,24,0.15,46233,2026-07-28 10:12:00,46248,2026-07-28 11:12:00,46278,2026-07-28 13:12:00,46338,2026-07-28 17:12:00
46219,2026-07-28 09:16:00,test,45860,46219,360,24,0.15,46234,2026-07-28 10:16:00,46249,2026-07-28 11:16:00,46279,2026-07-28 13:16:00,46339,2026-07-28 17:16:00
46220,2026-07-28 09:20:00,test,45861,46220,360,24,0.15,46235,2026-07-28 10:20:00,46250,2026-07-28 11:20:00,46280,2026-07-28 13:20:00,46340,2026-07-28 17:20:00
46221,2026-07-28 09:24:00,test,45862,46221,360,24,0.15,46236,2026-07-28 10:24:00,46251,2026-07-28 11:24:00,46281,2026-07-28 13:24:00,46341,2026-07-28 17:24:00
46222,2026-07-28 09:28:00,test,45863,46222,360,24,0.15,46237,2026-07-28 10:28:00,46252,2026-07-28 11:28:00,46282,2026-07-28 13:28:00,46342,2026-07-28 17:28:00
46223,2026-07-28 09:32:00,test,45864,46223,360,24,0.15,46238,2026-07-28 10:32:00,46253,2026-07-28 11:32:00,46283,2026-07-28 13:32:00,46343,2026-07-28 17:32:00
46224,2026-07-28 09:36:00,test,45865,46224,360,24,0.15,46239,2026-07-28 10:36:00,46254,2026-07-28 11:36:00,46284,2026-07-28 13:36:00,46344,2026-07-28 17:36:00
46225,2026-07-28 09:40:00,test,45866,46225,360,24,0.15,46240,2026-07-28 10:40:00,46255,2026-07-28 11:40:00,46285,2026-07-28 13:40:00,46345,2026-07-28 17:40:00
46226,2026-07-28 09:44:00,test,45867,46226,360,24,0.15,46241,2026-07-28 10:44:00,46256,2026-07-28 11:44:00,46286,2026-07-28 13:44:00,46346,2026-07-28 17:44:00
46227,2026-07-28 09:48:00,test,45868,46227,360,24,0.15,46242,2026-07-28 10:48:00,46257,2026-07-28 11:48:00,46287,2026-07-28 13:48:00,46347,2026-07-28 17:48:00
46229,2026-07-28 09:56:00,test,45870,46229,360,24,0.15,46244,2026-07-28 10:56:00,46259,2026-07-28 11:56:00,46289,2026-07-28 13:56:00,46349,2026-07-28 17:56:00
46231,2026-07-28 10:04:00,test,45872,46231,360,24,0.15,46246,2026-07-28 11:04:00,46261,2026-07-28 12:04:00,46291,2026-07-28 14:04:00,46351,2026-07-28 18:04:00
46233,2026-07-28 10:12:00,test,45874,46233,360,24,0.15,46248,2026-07-28 11:12:00,46263,2026-07-28 12:12:00,46293,2026-07-28 14:12:00,46353,2026-07-28 18:12:00
46234,2026-07-28 10:16:00,test,45875,46234,360,24,0.15,46249,2026-07-28 11:16:00,46264,2026-07-28 12:16:00,46294,2026-07-28 14:16:00,46354,2026-07-28 18:16:00
46235,2026-07-28 10:20:00,test,45876,46235,360,24,0.15,46250,2026-07-28 11:20:00,46265,2026-07-28 12:20:00,46295,2026-07-28 14:20:00,46355,2026-07-28 18:20:00
46236,2026-07-28 10:24:00,test,45877,46236,360,24,0.15,46251,2026-07-28 11:24:00,46266,2026-07-28 12:24:00,46296,2026-07-28 14:24:00,46356,2026-07-28 18:24:00
46237,2026-07-28 10:28:00,test,45878,46237,360,24,0.15,46252,2026-07-28 11:28:00,46267,2026-07-28 12:28:00,46297,2026-07-28 14:28:00,46357,2026-07-28 18:28:00
46238,2026-07-28 10:32:00,test,45879,46238,360,24,0.15,46253,2026-07-28 11:32:00,46268,2026-07-28 12:32:00,46298,2026-07-28 14:32:00,46358,2026-07-28 18:32:00
46239,2026-07-28 10:36:00,test,45880,46239,360,24,0.15,46254,2026-07-28 11:36:00,46269,2026-07-28 12:36:00,46299,2026-07-28 14:36:00,46359,2026-07-28 18:36:00
46240,2026-07-28 10:40:00,test,45881,46240,360,24,0.15,46255,2026-07-28 11:40:00,46270,2026-07-28 12:40:00,46300,2026-07-28 14:40:00,46360,2026-07-28 18:40:00
46242,2026-07-28 10:48:00,test,45883,46242,360,24,0.15,46257,2026-07-28 11:48:00,46272,2026-07-28 12:48:00,46302,2026-07-28 14:48:00,46362,2026-07-28 18:48:00
46243,2026-07-28 10:52:00,test,45884,46243,360,24,0.15,46258,2026-07-28 11:52:00,46273,2026-07-28 12:52:00,46303,2026-07-28 14:52:00,46363,2026-07-28 18:52:00
46245,2026-07-28 11:00:00,test,45886,46245,360,24,0.15,46260,2026-07-28 12:00:00,46275,2026-07-28 13:00:00,46305,2026-07-28 15:00:00,46365,2026-07-28 19:00:00
46247,2026-07-28 11:08:00,test,45888,46247,360,24,0.15,46262,2026-07-28 12:08:00,46277,2026-07-28 13:08:00,46307,2026-07-28 15:08:00,46367,2026-07-28 19:08:00
46248,2026-07-28 11:12:00,test,45889,46248,360,24,0.15,46263,2026-07-28 12:12:00,46278,2026-07-28 13:12:00,46308,2026-07-28 15:12:00,46368,2026-07-28 19:12:00
46249,2026-07-28 11:16:00,test,45890,46249,360,24,0.15,46264,2026-07-28 12:16:00,46279,2026-07-28 13:16:00,46309,2026-07-28 15:16:00,46369,2026-07-28 19:16:00
46251,2026-07-28 11:24:00,test,45892,46251,360,24,0.15,46266,2026-07-28 12:24:00,46281,2026-07-28 13:24:00,46311,2026-07-28 15:24:00,46371,2026-07-28 19:24:00
46252,2026-07-28 11:28:00,test,45893,46252,360,24,0.15,46267,2026-07-28 12:28:00,46282,2026-07-28 13:28:00,46312,2026-07-28 15:28:00,46372,2026-07-28 19:28:00
46253,2026-07-28 11:32:00,test,45894,46253,360,24,0.15,46268,2026-07-28 12:32:00,46283,2026-07-28 13:32:00,46313,2026-07-28 15:32:00,46373,2026-07-28 19:32:00
46254,2026-07-28 11:36:00,test,45895,46254,360,24,0.15,46269,2026-07-28 12:36:00,46284,2026-07-28 13:36:00,46314,2026-07-28 15:36:00,46374,2026-07-28 19:36:00
46255,2026-07-28 11:40:00,test,45896,46255,360,24,0.15,46270,2026-07-28 12:40:00,46285,2026-07-28 13:40:00,46315,2026-07-28 15:40:00,46375,2026-07-28 19:40:00
46256,2026-07-28 11:44:00,test,45897,46256,360,24,0.15,46271,2026-07-28 12:44:00,46286,2026-07-28 13:44:00,46316,2026-07-28 15:44:00,46376,2026-07-28 19:44:00
46257,2026-07-28 11:48:00,test,45898,46257,360,24,0.15,46272,2026-07-28 12:48:00,46287,2026-07-28 13:48:00,46317,2026-07-28 15:48:00,46377,2026-07-28 19:48:00
46258,2026-07-28 11:52:00,test,45899,46258,360,24,0.15,46273,2026-07-28 12:52:00,46288,2026-07-28 13:52:00,46318,2026-07-28 15:52:00,46378,2026-07-28 19:52:00
46259,2026-07-28 11:56:00,test,45900,46259,360,24,0.15,46274,2026-07-28 12:56:00,46289,2026-07-28 13:56:00,46319,2026-07-28 15:56:00,46379,2026-07-28 19:56:00
46260,2026-07-28 12:00:00,test,45901,46260,360,24,0.15,46275,2026-07-28 13:00:00,46290,2026-07-28 14:00:00,46320,2026-07-28 16:00:00,46380,2026-07-28 20:00:00
46262,2026-07-28 12:08:00,test,45903,46262,360,24,0.15,46277,2026-07-28 13:08:00,46292,2026-07-28 14:08:00,46322,2026-07-28 16:08:00,46382,2026-07-28 20:08:00
46263,2026-07-28 12:12:00,test,45904,46263,360,24,0.15,46278,2026-07-28 13:12:00,46293,2026-07-28 14:12:00,46323,2026-07-28 16:12:00,46383,2026-07-28 20:12:00
46264,2026-07-28 12:16:00,test,45905,46264,360,24,0.15,46279,2026-07-28 13:16:00,46294,2026-07-28 14:16:00,46324,2026-07-28 16:16:00,46384,2026-07-28 20:16:00
46266,2026-07-28 12:24:00,test,45907,46266,360,24,0.15,46281,2026-07-28 13:24:00,46296,2026-07-28 14:24:00,46326,2026-07-28 16:24:00,46386,2026-07-28 20:24:00
46267,2026-07-28 12:28:00,test,45908,46267,360,24,0.15,46282,2026-07-28 13:28:00,46297,2026-07-28 14:28:00,46327,2026-07-28 16:28:00,46387,2026-07-28 20:28:00
46268,2026-07-28 12:32:00,test,45909,46268,360,24,0.15,46283,2026-07-28 13:32:00,46298,2026-07-28 14:32:00,46328,2026-07-28 16:32:00,46388,2026-07-28 20:32:00
46269,2026-07-28 12:36:00,test,45910,46269,360,24,0.15,46284,2026-07-28 13:36:00,46299,2026-07-28 14:36:00,46329,2026-07-28 16:36:00,46389,2026-07-28 20:36:00
46270,2026-07-28 12:40:00,test,45911,46270,360,24,0.15,46285,2026-07-28 13:40:00,46300,2026-07-28 14:40:00,46330,2026-07-28 16:40:00,46390,2026-07-28 20:40:00
46272,2026-07-28 12:48:00,test,45913,46272,360,24,0.15,46287,2026-07-28 13:48:00,46302,2026-07-28 14:48:00,46332,2026-07-28 16:48:00,46392,2026-07-28 20:48:00
46273,2026-07-28 12:52:00,test,45914,46273,360,24,0.15,46288,2026-07-28 13:52:00,46303,2026-07-28 14:52:00,46333,2026-07-28 16:52:00,46393,2026-07-28 20:52:00
46274,2026-07-28 12:56:00,test,45915,46274,360,24,0.15,46289,2026-07-28 13:56:00,46304,2026-07-28 14:56:00,46334,2026-07-28 16:56:00,46394,2026-07-28 20:56:00
46275,2026-07-28 13:00:00,test,45916,46275,360,24,0.15,46290,2026-07-28 14:00:00,46305,2026-07-28 15:00:00,46335,2026-07-28 17:00:00,46395,2026-07-28 21:00:00
46276,2026-07-28 13:04:00,test,45917,46276,360,24,0.15,46291,2026-07-28 14:04:00,46306,2026-07-28 15:04:00,46336,2026-07-28 17:04:00,46396,2026-07-28 21:04:00
46277,2026-07-28 13:08:00,test,45918,46277,360,24,0.15,46292,2026-07-28 14:08:00,46307,2026-07-28 15:08:00,46337,2026-07-28 17:08:00,46397,2026-07-28 21:08:00
46278,2026-07-28 13:12:00,test,45919,46278,360,24,0.15,46293,2026-07-28 14:12:00,46308,2026-07-28 15:12:00,46338,2026-07-28 17:12:00,46398,2026-07-28 21:12:00
46279,2026-07-28 13:16:00,test,45920,46279,360,24,0.15,46294,2026-07-28 14:16:00,46309,2026-07-28 15:16:00,46339,2026-07-28 17:16:00,46399,2026-07-28 21:16:00
46281,2026-07-28 13:24:00,test,45922,46281,360,24,0.15,46296,2026-07-28 14:24:00,46311,2026-07-28 15:24:00,46341,2026-07-28 17:24:00,46401,2026-07-28 21:24:00
46282,2026-07-28 13:28:00,test,45923,46282,360,24,0.15,46297,2026-07-28 14:28:00,46312,2026-07-28 15:28:00,46342,2026-07-28 17:28:00,46402,2026-07-28 21:28:00
46283,2026-07-28 13:32:00,test,45924,46283,360,24,0.15,46298,2026-07-28 14:32:00,46313,2026-07-28 15:32:00,46343,2026-07-28 17:32:00,46403,2026-07-28 21:32:00
46284,2026-07-28 13:36:00,test,45925,46284,360,24,0.15,46299,2026-07-28 14:36:00,46314,2026-07-28 15:36:00,46344,2026-07-28 17:36:00,46404,2026-07-28 21:36:00
46285,2026-07-28 13:40:00,test,45926,46285,360,24,0.15,46300,2026-07-28 14:40:00,46315,2026-07-28 15:40:00,46345,2026-07-28 17:40:00,46405,2026-07-28 21:40:00
46287,2026-07-28 13:48:00,test,45928,46287,360,24,0.15,46302,2026-07-28 14:48:00,46317,2026-07-28 15:48:00,46347,2026-07-28 17:48:00,46407,2026-07-28 21:48:00
46289,2026-07-28 13:56:00,test,45930,46289,360,24,0.15,46304,2026-07-28 14:56:00,46319,2026-07-28 15:56:00,46349,2026-07-28 17:56:00,46409,2026-07-28 21:56:00
46290,2026-07-28 14:00:00,test,45931,46290,360,24,0.15,46305,2026-07-28 15:00:00,46320,2026-07-28 16:00:00,46350,2026-07-28 18:00:00,46410,2026-07-28 22:00:00
46291,2026-07-28 14:04:00,test,45932,46291,360,24,0.15,46306,2026-07-28 15:04:00,46321,2026-07-28 16:04:00,46351,2026-07-28 18:04:00,46411,2026-07-28 22:04:00
46292,2026-07-28 14:08:00,test,45933,46292,360,24,0.15,46307,2026-07-28 15:08:00,46322,2026-07-28 16:08:00,46352,2026-07-28 18:08:00,46412,2026-07-28 22:08:00
46293,2026-07-28 14:12:00,test,45934,46293,360,24,0.15,46308,2026-07-28 15:12:00,46323,2026-07-28 16:12:00,46353,2026-07-28 18:12:00,46413,2026-07-28 22:12:00
46294,2026-07-28 14:16:00,test,45935,46294,360,24,0.15,46309,2026-07-28 15:16:00,46324,2026-07-28 16:16:00,46354,2026-07-28 18:16:00,46414,2026-07-28 22:16:00
46296,2026-07-28 14:24:00,test,45937,46296,360,24,0.15,46311,2026-07-28 15:24:00,46326,2026-07-28 16:24:00,46356,2026-07-28 18:24:00,46416,2026-07-28 22:24:00
46297,2026-07-28 14:28:00,test,45938,46297,360,24,0.15,46312,2026-07-28 15:28:00,46327,2026-07-28 16:28:00,46357,2026-07-28 18:28:00,46417,2026-07-28 22:28:00
46298,2026-07-28 14:32:00,test,45939,46298,360,24,0.15,46313,2026-07-28 15:32:00,46328,2026-07-28 16:32:00,46358,2026-07-28 18:32:00,46418,2026-07-28 22:32:00
46299,2026-07-28 14:36:00,test,45940,46299,360,24,0.15,46314,2026-07-28 15:36:00,46329,2026-07-28 16:36:00,46359,2026-07-28 18:36:00,46419,2026-07-28 22:36:00
46300,2026-07-28 14:40:00,test,45941,46300,360,24,0.15,46315,2026-07-28 15:40:00,46330,2026-07-28 16:40:00,46360,2026-07-28 18:40:00,46420,2026-07-28 22:40:00
46301,2026-07-28 14:44:00,test,45942,46301,360,24,0.15,46316,2026-07-28 15:44:00,46331,2026-07-28 16:44:00,46361,2026-07-28 18:44:00,46421,2026-07-28 22:44:00
46302,2026-07-28 14:48:00,test,45943,46302,360,24,0.15,46317,2026-07-28 15:48:00,46332,2026-07-28 16:48:00,46362,2026-07-28 18:48:00,46422,2026-07-28 22:48:00
46303,2026-07-28 14:52:00,test,45944,46303,360,24,0.15,46318,2026-07-28 15:52:00,46333,2026-07-28 16:52:00,46363,2026-07-28 18:52:00,46423,2026-07-28 22:52:00
46305,2026-07-28 15:00:00,test,45946,46305,360,24,0.15,46320,2026-07-28 16:00:00,46335,2026-07-28 17:00:00,46365,2026-07-28 19:00:00,46425,2026-07-28 23:00:00
46306,2026-07-28 15:04:00,test,45947,46306,360,24,0.15,46321,2026-07-28 16:04:00,46336,2026-07-28 17:04:00,46366,2026-07-28 19:04:00,46426,2026-07-28 23:04:00
46307,2026-07-28 15:08:00,test,45948,46307,360,24,0.15,46322,2026-07-28 16:08:00,46337,2026-07-28 17:08:00,46367,2026-07-28 19:08:00,46427,2026-07-28 23:08:00
46308,2026-07-28 15:12:00,test,45949,46308,360,24,0.15,46323,2026-07-28 16:12:00,46338,2026-07-28 17:12:00,46368,2026-07-28 19:12:00,46428,2026-07-28 23:12:00
46309,2026-07-28 15:16:00,test,45950,46309,360,24,0.15,46324,2026-07-28 16:16:00,46339,2026-07-28 17:16:00,46369,2026-07-28 19:16:00,46429,2026-07-28 23:16:00
46310,2026-07-28 15:20:00,test,45951,46310,360,24,0.15,46325,2026-07-28 16:20:00,46340,2026-07-28 17:20:00,46370,2026-07-28 19:20:00,46430,2026-07-28 23:20:00
46311,2026-07-28 15:24:00,test,45952,46311,360,24,0.15,46326,2026-07-28 16:24:00,46341,2026-07-28 17:24:00,46371,2026-07-28 19:24:00,46431,2026-07-28 23:24:00
46312,2026-07-28 15:28:00,test,45953,46312,360,24,0.15,46327,2026-07-28 16:28:00,46342,2026-07-28 17:28:00,46372,2026-07-28 19:28:00,46432,2026-07-28 23:28:00
46313,2026-07-28 15:32:00,test,45954,46313,360,24,0.15,46328,2026-07-28 16:32:00,46343,2026-07-28 17:32:00,46373,2026-07-28 19:32:00,46433,2026-07-28 23:32:00
46314,2026-07-28 15:36:00,test,45955,46314,360,24,0.15,46329,2026-07-28 16:36:00,46344,2026-07-28 17:36:00,46374,2026-07-28 19:36:00,46434,2026-07-28 23:36:00
46315,2026-07-28 15:40:00,test,45956,46315,360,24,0.15,46330,2026-07-28 16:40:00,46345,2026-07-28 17:40:00,46375,2026-07-28 19:40:00,46435,2026-07-28 23:40:00
46317,2026-07-28 15:48:00,test,45958,46317,360,24,0.15,46332,2026-07-28 16:48:00,46347,2026-07-28 17:48:00,46377,2026-07-28 19:48:00,46437,2026-07-28 23:48:00
46319,2026-07-28 15:56:00,test,45960,46319,360,24,0.15,46334,2026-07-28 16:56:00,46349,2026-07-28 17:56:00,46379,2026-07-28 19:56:00,46439,2026-07-28 23:56:00
46320,2026-07-28 16:00:00,test,45961,46320,360,24,0.15,46335,2026-07-28 17:00:00,46350,2026-07-28 18:00:00,46380,2026-07-28 20:00:00,46440,2026-07-29 00:00:00
46321,2026-07-28 16:04:00,test,45962,46321,360,24,0.15,46336,2026-07-28 17:04:00,46351,2026-07-28 18:04:00,46381,2026-07-28 20:04:00,46441,2026-07-29 00:04:00
46322,2026-07-28 16:08:00,test,45963,46322,360,24,0.15,46337,2026-07-28 17:08:00,46352,2026-07-28 18:08:00,46382,2026-07-28 20:08:00,46442,2026-07-29 00:08:00
46323,2026-07-28 16:12:00,test,45964,46323,360,24,0.15,46338,2026-07-28 17:12:00,46353,2026-07-28 18:12:00,46383,2026-07-28 20:12:00,46443,2026-07-29 00:12:00
46324,2026-07-28 16:16:00,test,45965,46324,360,24,0.15,46339,2026-07-28 17:16:00,46354,2026-07-28 18:16:00,46384,2026-07-28 20:16:00,46444,2026-07-29 00:16:00
46326,2026-07-28 16:24:00,test,45967,46326,360,24,0.15,46341,2026-07-28 17:24:00,46356,2026-07-28 18:24:00,46386,2026-07-28 20:24:00,46446,2026-07-29 00:24:00
46327,2026-07-28 16:28:00,test,45968,46327,360,24,0.15,46342,2026-07-28 17:28:00,46357,2026-07-28 18:28:00,46387,2026-07-28 20:28:00,46447,2026-07-29 00:28:00
46328,2026-07-28 16:32:00,test,45969,46328,360,24,0.15,46343,2026-07-28 17:32:00,46358,2026-07-28 18:32:00,46388,2026-07-28 20:32:00,46448,2026-07-29 00:32:00
46329,2026-07-28 16:36:00,test,45970,46329,360,24,0.15,46344,2026-07-28 17:36:00,46359,2026-07-28 18:36:00,46389,2026-07-28 20:36:00,46449,2026-07-29 00:36:00
46330,2026-07-28 16:40:00,test,45971,46330,360,24,0.15,46345,2026-07-28 17:40:00,46360,2026-07-28 18:40:00,46390,2026-07-28 20:40:00,46450,2026-07-29 00:40:00
46331,2026-07-28 16:44:00,test,45972,46331,360,24,0.15,46346,2026-07-28 17:44:00,46361,2026-07-28 18:44:00,46391,2026-07-28 20:44:00,46451,2026-07-29 00:44:00
46332,2026-07-28 16:48:00,test,45973,46332,360,24,0.15,46347,2026-07-28 17:48:00,46362,2026-07-28 18:48:00,46392,2026-07-28 20:48:00,46452,2026-07-29 00:48:00
46335,2026-07-28 17:00:00,test,45976,46335,360,24,0.15,46350,2026-07-28 18:00:00,46365,2026-07-28 19:00:00,46395,2026-07-28 21:00:00,46455,2026-07-29 01:00:00
46336,2026-07-28 17:04:00,test,45977,46336,360,24,0.15,46351,2026-07-28 18:04:00,46366,2026-07-28 19:04:00,46396,2026-07-28 21:04:00,46456,2026-07-29 01:04:00
46337,2026-07-28 17:08:00,test,45978,46337,360,24,0.15,46352,2026-07-28 18:08:00,46367,2026-07-28 19:08:00,46397,2026-07-28 21:08:00,46457,2026-07-29 01:08:00
46338,2026-07-28 17:12:00,test,45979,46338,360,24,0.15,46353,2026-07-28 18:12:00,46368,2026-07-28 19:12:00,46398,2026-07-28 21:12:00,46458,2026-07-29 01:12:00
46340,2026-07-28 17:20:00,test,45981,46340,360,24,0.15,46355,2026-07-28 18:20:00,46370,2026-07-28 19:20:00,46400,2026-07-28 21:20:00,46460,2026-07-29 01:20:00
46341,2026-07-28 17:24:00,test,45982,46341,360,24,0.15,46356,2026-07-28 18:24:00,46371,2026-07-28 19:24:00,46401,2026-07-28 21:24:00,46461,2026-07-29 01:24:00
46343,2026-07-28 17:32:00,test,45984,46343,360,24,0.15,46358,2026-07-28 18:32:00,46373,2026-07-28 19:32:00,46403,2026-07-28 21:32:00,46463,2026-07-29 01:32:00
46344,2026-07-28 17:36:00,test,45985,46344,360,24,0.15,46359,2026-07-28 18:36:00,46374,2026-07-28 19:36:00,46404,2026-07-28 21:36:00,46464,2026-07-29 01:36:00
46345,2026-07-28 17:40:00,test,45986,46345,360,24,0.15,46360,2026-07-28 18:40:00,46375,2026-07-28 19:40:00,46405,2026-07-28 21:40:00,46465,2026-07-29 01:40:00
46346,2026-07-28 17:44:00,test,45987,46346,360,24,0.15,46361,2026-07-28 18:44:00,46376,2026-07-28 19:44:00,46406,2026-07-28 21:44:00,46466,2026-07-29 01:44:00
46347,2026-07-28 17:48:00,test,45988,46347,360,24,0.15,46362,2026-07-28 18:48:00,46377,2026-07-28 19:48:00,46407,2026-07-28 21:48:00,46467,2026-07-29 01:48:00
46348,2026-07-28 17:52:00,test,45989,46348,360,24,0.15,46363,2026-07-28 18:52:00,46378,2026-07-28 19:52:00,46408,2026-07-28 21:52:00,46468,2026-07-29 01:52:00
46350,2026-07-28 18:00:00,test,45991,46350,360,24,0.15,46365,2026-07-28 19:00:00,46380,2026-07-28 20:00:00,46410,2026-07-28 22:00:00,46470,2026-07-29 02:00:00
46351,2026-07-28 18:04:00,test,45992,46351,360,24,0.15,46366,2026-07-28 19:04:00,46381,2026-07-28 20:04:00,46411,2026-07-28 22:04:00,46471,2026-07-29 02:04:00
46352,2026-07-28 18:08:00,test,45993,46352,360,24,0.15,46367,2026-07-28 19:08:00,46382,2026-07-28 20:08:00,46412,2026-07-28 22:08:00,46472,2026-07-29 02:08:00
46353,2026-07-28 18:12:00,test,45994,46353,360,24,0.15,46368,2026-07-28 19:12:00,46383,2026-07-28 20:12:00,46413,2026-07-28 22:12:00,46473,2026-07-29 02:12:00
46354,2026-07-28 18:16:00,test,45995,46354,360,24,0.15,46369,2026-07-28 19:16:00,46384,2026-07-28 20:16:00,46414,2026-07-28 22:16:00,46474,2026-07-29 02:16:00
46356,2026-07-28 18:24:00,test,45997,46356,360,24,0.15,46371,2026-07-28 19:24:00,46386,2026-07-28 20:24:00,46416,2026-07-28 22:24:00,46476,2026-07-29 02:24:00
46357,2026-07-28 18:28:00,test,45998,46357,360,24,0.15,46372,2026-07-28 19:28:00,46387,2026-07-28 20:28:00,46417,2026-07-28 22:28:00,46477,2026-07-29 02:28:00
46358,2026-07-28 18:32:00,test,45999,46358,360,24,0.15,46373,2026-07-28 19:32:00,46388,2026-07-28 20:32:00,46418,2026-07-28 22:32:00,46478,2026-07-29 02:32:00
46359,2026-07-28 18:36:00,test,46000,46359,360,24,0.15,46374,2026-07-28 19:36:00,46389,2026-07-28 20:36:00,46419,2026-07-28 22:36:00,46479,2026-07-29 02:36:00
46360,2026-07-28 18:40:00,test,46001,46360,360,24,0.15,46375,2026-07-28 19:40:00,46390,2026-07-28 20:40:00,46420,2026-07-28 22:40:00,46480,2026-07-29 02:40:00
46361,2026-07-28 18:44:00,test,46002,46361,360,24,0.15,46376,2026-07-28 19:44:00,46391,2026-07-28 20:44:00,46421,2026-07-28 22:44:00,46481,2026-07-29 02:44:00
46362,2026-07-28 18:48:00,test,46003,46362,360,24,0.15,46377,2026-07-28 19:48:00,46392,2026-07-28 20:48:00,46422,2026-07-28 22:48:00,46482,2026-07-29 02:48:00
46363,2026-07-28 18:52:00,test,46004,46363,360,24,0.15,46378,2026-07-28 19:52:00,46393,2026-07-28 20:52:00,46423,2026-07-28 22:52:00,46483,2026-07-29 02:52:00
46365,2026-07-28 19:00:00,test,46006,46365,360,24,0.15,46380,2026-07-28 20:00:00,46395,2026-07-28 21:00:00,46425,2026-07-28 23:00:00,46485,2026-07-29 03:00:00
46366,2026-07-28 19:04:00,test,46007,46366,360,24,0.15,46381,2026-07-28 20:04:00,46396,2026-07-28 21:04:00,46426,2026-07-28 23:04:00,46486,2026-07-29 03:04:00
46367,2026-07-28 19:08:00,test,46008,46367,360,24,0.15,46382,2026-07-28 20:08:00,46397,2026-07-28 21:08:00,46427,2026-07-28 23:08:00,46487,2026-07-29 03:08:00
46368,2026-07-28 19:12:00,test,46009,46368,360,24,0.15,46383,2026-07-28 20:12:00,46398,2026-07-28 21:12:00,46428,2026-07-28 23:12:00,46488,2026-07-29 03:12:00
46369,2026-07-28 19:16:00,test,46010,46369,360,24,0.15,46384,2026-07-28 20:16:00,46399,2026-07-28 21:16:00,46429,2026-07-28 23:16:00,46489,2026-07-29 03:16:00
46371,2026-07-28 19:24:00,test,46012,46371,360,24,0.15,46386,2026-07-28 20:24:00,46401,2026-07-28 21:24:00,46431,2026-07-28 23:24:00,46491,2026-07-29 03:24:00
46372,2026-07-28 19:28:00,test,46013,46372,360,24,0.15,46387,2026-07-28 20:28:00,46402,2026-07-28 21:28:00,46432,2026-07-28 23:28:00,46492,2026-07-29 03:28:00
46373,2026-07-28 19:32:00,test,46014,46373,360,24,0.15,46388,2026-07-28 20:32:00,46403,2026-07-28 21:32:00,46433,2026-07-28 23:32:00,46493,2026-07-29 03:32:00
46374,2026-07-28 19:36:00,test,46015,46374,360,24,0.15,46389,2026-07-28 20:36:00,46404,2026-07-28 21:36:00,46434,2026-07-28 23:36:00,46494,2026-07-29 03:36:00
46377,2026-07-28 19:48:00,test,46018,46377,360,24,0.15,46392,2026-07-28 20:48:00,46407,2026-07-28 21:48:00,46437,2026-07-28 23:48:00,46497,2026-07-29 03:48:00
46378,2026-07-28 19:52:00,test,46019,46378,360,24,0.15,46393,2026-07-28 20:52:00,46408,2026-07-28 21:52:00,46438,2026-07-28 23:52:00,46498,2026-07-29 03:52:00
46379,2026-07-28 19:56:00,test,46020,46379,360,24,0.15,46394,2026-07-28 20:56:00,46409,2026-07-28 21:56:00,46439,2026-07-28 23:56:00,46499,2026-07-29 03:56:00
46380,2026-07-28 20:00:00,test,46021,46380,360,24,0.15,46395,2026-07-28 21:00:00,46410,2026-07-28 22:00:00,46440,2026-07-29 00:00:00,46500,2026-07-29 04:00:00
46381,2026-07-28 20:04:00,test,46022,46381,360,24,0.15,46396,2026-07-28 21:04:00,46411,2026-07-28 22:04:00,46441,2026-07-29 00:04:00,46501,2026-07-29 04:04:00
46382,2026-07-28 20:08:00,test,46023,46382,360,24,0.15,46397,2026-07-28 21:08:00,46412,2026-07-28 22:08:00,46442,2026-07-29 00:08:00,46502,2026-07-29 04:08:00
46383,2026-07-28 20:12:00,test,46024,46383,360,24,0.15,46398,2026-07-28 21:12:00,46413,2026-07-28 22:12:00,46443,2026-07-29 00:12:00,46503,2026-07-29 04:12:00
46384,2026-07-28 20:16:00,test,46025,46384,360,24,0.15,46399,2026-07-28 21:16:00,46414,2026-07-28 22:16:00,46444,2026-07-29 00:16:00,46504,2026-07-29 04:16:00
46385,2026-07-28 20:20:00,test,46026,46385,360,24,0.15,46400,2026-07-28 21:20:00,46415,2026-07-28 22:20:00,46445,2026-07-29 00:20:00,46505,2026-07-29 04:20:00
46386,2026-07-28 20:24:00,test,46027,46386,360,24,0.15,46401,2026-07-28 21:24:00,46416,2026-07-28 22:24:00,46446,2026-07-29 00:24:00,46506,2026-07-29 04:24:00
46387,2026-07-28 20:28:00,test,46028,46387,360,24,0.15,46402,2026-07-28 21:28:00,46417,2026-07-28 22:28:00,46447,2026-07-29 00:28:00,46507,2026-07-29 04:28:00
46388,2026-07-28 20:32:00,test,46029,46388,360,24,0.15,46403,2026-07-28 21:32:00,46418,2026-07-28 22:32:00,46448,2026-07-29 00:32:00,46508,2026-07-29 04:32:00
46389,2026-07-28 20:36:00,test,46030,46389,360,24,0.15,46404,2026-07-28 21:36:00,46419,2026-07-28 22:36:00,46449,2026-07-29 00:36:00,46509,2026-07-29 04:36:00
46390,2026-07-28 20:40:00,test,46031,46390,360,24,0.15,46405,2026-07-28 21:40:00,46420,2026-07-28 22:40:00,46450,2026-07-29 00:40:00,46510,2026-07-29 04:40:00
46391,2026-07-28 20:44:00,test,46032,46391,360,24,0.15,46406,2026-07-28 21:44:00,46421,2026-07-28 22:44:00,46451,2026-07-29 00:44:00,46511,2026-07-29 04:44:00
46392,2026-07-28 20:48:00,test,46033,46392,360,24,0.15,46407,2026-07-28 21:48:00,46422,2026-07-28 22:48:00,46452,2026-07-29 00:48:00,46512,2026-07-29 04:48:00
46393,2026-07-28 20:52:00,test,46034,46393,360,24,0.15,46408,2026-07-28 21:52:00,46423,2026-07-28 22:52:00,46453,2026-07-29 00:52:00,46513,2026-07-29 04:52:00
46395,2026-07-28 21:00:00,test,46036,46395,360,24,0.15,46410,2026-07-28 22:00:00,46425,2026-07-28 23:00:00,46455,2026-07-29 01:00:00,46515,2026-07-29 05:00:00
46396,2026-07-28 21:04:00,test,46037,46396,360,24,0.15,46411,2026-07-28 22:04:00,46426,2026-07-28 23:04:00,46456,2026-07-29 01:04:00,46516,2026-07-29 05:04:00
46397,2026-07-28 21:08:00,test,46038,46397,360,24,0.15,46412,2026-07-28 22:08:00,46427,2026-07-28 23:08:00,46457,2026-07-29 01:08:00,46517,2026-07-29 05:08:00
46398,2026-07-28 21:12:00,test,46039,46398,360,24,0.15,46413,2026-07-28 22:12:00,46428,2026-07-28 23:12:00,46458,2026-07-29 01:12:00,46518,2026-07-29 05:12:00
46400,2026-07-28 21:20:00,test,46041,46400,360,24,0.15,46415,2026-07-28 22:20:00,46430,2026-07-28 23:20:00,46460,2026-07-29 01:20:00,46520,2026-07-29 05:20:00
46401,2026-07-28 21:24:00,test,46042,46401,360,24,0.15,46416,2026-07-28 22:24:00,46431,2026-07-28 23:24:00,46461,2026-07-29 01:24:00,46521,2026-07-29 05:24:00
46403,2026-07-28 21:32:00,test,46044,46403,360,24,0.15,46418,2026-07-28 22:32:00,46433,2026-07-28 23:32:00,46463,2026-07-29 01:32:00,46523,2026-07-29 05:32:00
46404,2026-07-28 21:36:00,test,46045,46404,360,24,0.15,46419,2026-07-28 22:36:00,46434,2026-07-28 23:36:00,46464,2026-07-29 01:36:00,46524,2026-07-29 05:36:00
46405,2026-07-28 21:40:00,test,46046,46405,360,24,0.15,46420,2026-07-28 22:40:00,46435,2026-07-28 23:40:00,46465,2026-07-29 01:40:00,46525,2026-07-29 05:40:00
46407,2026-07-28 21:48:00,test,46048,46407,360,24,0.15,46422,2026-07-28 22:48:00,46437,2026-07-28 23:48:00,46467,2026-07-29 01:48:00,46527,2026-07-29 05:48:00
46408,2026-07-28 21:52:00,test,46049,46408,360,24,0.15,46423,2026-07-28 22:52:00,46438,2026-07-28 23:52:00,46468,2026-07-29 01:52:00,46528,2026-07-29 05:52:00
46410,2026-07-28 22:00:00,test,46051,46410,360,24,0.15,46425,2026-07-28 23:00:00,46440,2026-07-29 00:00:00,46470,2026-07-29 02:00:00,46530,2026-07-29 06:00:00
46411,2026-07-28 22:04:00,test,46052,46411,360,24,0.15,46426,2026-07-28 23:04:00,46441,2026-07-29 00:04:00,46471,2026-07-29 02:04:00,46531,2026-07-29 06:04:00
46414,2026-07-28 22:16:00,test,46055,46414,360,24,0.15,46429,2026-07-28 23:16:00,46444,2026-07-29 00:16:00,46474,2026-07-29 02:16:00,46534,2026-07-29 06:16:00
46415,2026-07-28 22:20:00,test,46056,46415,360,24,0.15,46430,2026-07-28 23:20:00,46445,2026-07-29 00:20:00,46475,2026-07-29 02:20:00,46535,2026-07-29 06:20:00
46416,2026-07-28 22:24:00,test,46057,46416,360,24,0.15,46431,2026-07-28 23:24:00,46446,2026-07-29 00:24:00,46476,2026-07-29 02:24:00,46536,2026-07-29 06:24:00
46417,2026-07-28 22:28:00,test,46058,46417,360,24,0.15,46432,2026-07-28 23:28:00,46447,2026-07-29 00:28:00,46477,2026-07-29 02:28:00,46537,2026-07-29 06:28:00
46418,2026-07-28 22:32:00,test,46059,46418,360,24,0.15,46433,2026-07-28 23:32:00,46448,2026-07-29 00:32:00,46478,2026-07-29 02:32:00,46538,2026-07-29 06:32:00
46419,2026-07-28 22:36:00,test,46060,46419,360,24,0.15,46434,2026-07-28 23:36:00,46449,2026-07-29 00:36:00,46479,2026-07-29 02:36:00,46539,2026-07-29 06:36:00
46420,2026-07-28 22:40:00,test,46061,46420,360,24,0.15,46435,2026-07-28 23:40:00,46450,2026-07-29 00:40:00,46480,2026-07-29 02:40:00,46540,2026-07-29 06:40:00
46422,2026-07-28 22:48:00,test,46063,46422,360,24,0.15,46437,2026-07-28 23:48:00,46452,2026-07-29 00:48:00,46482,2026-07-29 02:48:00,46542,2026-07-29 06:48:00
46423,2026-07-28 22:52:00,test,46064,46423,360,24,0.15,46438,2026-07-28 23:52:00,46453,2026-07-29 00:52:00,46483,2026-07-29 02:52:00,46543,2026-07-29 06:52:00
46424,2026-07-28 22:56:00,test,46065,46424,360,24,0.15,46439,2026-07-28 23:56:00,46454,2026-07-29 00:56:00,46484,2026-07-29 02:56:00,46544,2026-07-29 06:56:00
46425,2026-07-28 23:00:00,test,46066,46425,360,24,0.15,46440,2026-07-29 00:00:00,46455,2026-07-29 01:00:00,46485,2026-07-29 03:00:00,46545,2026-07-29 07:00:00
46426,2026-07-28 23:04:00,test,46067,46426,360,24,0.15,46441,2026-07-29 00:04:00,46456,2026-07-29 01:04:00,46486,2026-07-29 03:04:00,46546,2026-07-29 07:04:00
46427,2026-07-28 23:08:00,test,46068,46427,360,24,0.15,46442,2026-07-29 00:08:00,46457,2026-07-29 01:08:00,46487,2026-07-29 03:08:00,46547,2026-07-29 07:08:00
46428,2026-07-28 23:12:00,test,46069,46428,360,24,0.15,46443,2026-07-29 00:12:00,46458,2026-07-29 01:12:00,46488,2026-07-29 03:12:00,46548,2026-07-29 07:12:00
46430,2026-07-28 23:20:00,test,46071,46430,360,24,0.15,46445,2026-07-29 00:20:00,46460,2026-07-29 01:20:00,46490,2026-07-29 03:20:00,46550,2026-07-29 07:20:00
46431,2026-07-28 23:24:00,test,46072,46431,360,24,0.15,46446,2026-07-29 00:24:00,46461,2026-07-29 01:24:00,46491,2026-07-29 03:24:00,46551,2026-07-29 07:24:00
46433,2026-07-28 23:32:00,test,46074,46433,360,24,0.15,46448,2026-07-29 00:32:00,46463,2026-07-29 01:32:00,46493,2026-07-29 03:32:00,46553,2026-07-29 07:32:00
46434,2026-07-28 23:36:00,test,46075,46434,360,24,0.15,46449,2026-07-29 00:36:00,46464,2026-07-29 01:36:00,46494,2026-07-29 03:36:00,46554,2026-07-29 07:36:00
46436,2026-07-28 23:44:00,test,46077,46436,360,24,0.15,46451,2026-07-29 00:44:00,46466,2026-07-29 01:44:00,46496,2026-07-29 03:44:00,46556,2026-07-29 07:44:00
46437,2026-07-28 23:48:00,test,46078,46437,360,24,0.15,46452,2026-07-29 00:48:00,46467,2026-07-29 01:48:00,46497,2026-07-29 03:48:00,46557,2026-07-29 07:48:00
46438,2026-07-28 23:52:00,test,46079,46438,360,24,0.15,46453,2026-07-29 00:52:00,46468,2026-07-29 01:52:00,46498,2026-07-29 03:52:00,46558,2026-07-29 07:52:00
46441,2026-07-29 00:04:00,test,46082,46441,360,24,0.15,46456,2026-07-29 01:04:00,46471,2026-07-29 02:04:00,46501,2026-07-29 04:04:00,46561,2026-07-29 08:04:00
46442,2026-07-29 00:08:00,test,46083,46442,360,24,0.15,46457,2026-07-29 01:08:00,46472,2026-07-29 02:08:00,46502,2026-07-29 04:08:00,46562,2026-07-29 08:08:00
46443,2026-07-29 00:12:00,test,46084,46443,360,24,0.15,46458,2026-07-29 01:12:00,46473,2026-07-29 02:12:00,46503,2026-07-29 04:12:00,46563,2026-07-29 08:12:00
46445,2026-07-29 00:20:00,test,46086,46445,360,24,0.15,46460,2026-07-29 01:20:00,46475,2026-07-29 02:20:00,46505,2026-07-29 04:20:00,46565,2026-07-29 08:20:00
46446,2026-07-29 00:24:00,test,46087,46446,360,24,0.15,46461,2026-07-29 01:24:00,46476,2026-07-29 02:24:00,46506,2026-07-29 04:24:00,46566,2026-07-29 08:24:00
46448,2026-07-29 00:32:00,test,46089,46448,360,24,0.15,46463,2026-07-29 01:32:00,46478,2026-07-29 02:32:00,46508,2026-07-29 04:32:00,46568,2026-07-29 08:32:00
46449,2026-07-29 00:36:00,test,46090,46449,360,24,0.15,46464,2026-07-29 01:36:00,46479,2026-07-29 02:36:00,46509,2026-07-29 04:36:00,46569,2026-07-29 08:36:00
46450,2026-07-29 00:40:00,test,46091,46450,360,24,0.15,46465,2026-07-29 01:40:00,46480,2026-07-29 02:40:00,46510,2026-07-29 04:40:00,46570,2026-07-29 08:40:00
46451,2026-07-29 00:44:00,test,46092,46451,360,24,0.15,46466,2026-07-29 01:44:00,46481,2026-07-29 02:44:00,46511,2026-07-29 04:44:00,46571,2026-07-29 08:44:00
46452,2026-07-29 00:48:00,test,46093,46452,360,24,0.15,46467,2026-07-29 01:48:00,46482,2026-07-29 02:48:00,46512,2026-07-29 04:48:00,46572,2026-07-29 08:48:00
46453,2026-07-29 00:52:00,test,46094,46453,360,24,0.15,46468,2026-07-29 01:52:00,46483,2026-07-29 02:52:00,46513,2026-07-29 04:52:00,46573,2026-07-29 08:52:00
46455,2026-07-29 01:00:00,test,46096,46455,360,24,0.15,46470,2026-07-29 02:00:00,46485,2026-07-29 03:00:00,46515,2026-07-29 05:00:00,46575,2026-07-29 09:00:00
46456,2026-07-29 01:04:00,test,46097,46456,360,24,0.15,46471,2026-07-29 02:04:00,46486,2026-07-29 03:04:00,46516,2026-07-29 05:04:00,46576,2026-07-29 09:04:00
46457,2026-07-29 01:08:00,test,46098,46457,360,24,0.15,46472,2026-07-29 02:08:00,46487,2026-07-29 03:08:00,46517,2026-07-29 05:08:00,46577,2026-07-29 09:08:00
46458,2026-07-29 01:12:00,test,46099,46458,360,24,0.15,46473,2026-07-29 02:12:00,46488,2026-07-29 03:12:00,46518,2026-07-29 05:12:00,46578,2026-07-29 09:12:00
46459,2026-07-29 01:16:00,test,46100,46459,360,24,0.15,46474,2026-07-29 02:16:00,46489,2026-07-29 03:16:00,46519,2026-07-29 05:16:00,46579,2026-07-29 09:16:00
46460,2026-07-29 01:20:00,test,46101,46460,360,24,0.15,46475,2026-07-29 02:20:00,46490,2026-07-29 03:20:00,46520,2026-07-29 05:20:00,46580,2026-07-29 09:20:00
46461,2026-07-29 01:24:00,test,46102,46461,360,24,0.15,46476,2026-07-29 02:24:00,46491,2026-07-29 03:24:00,46521,2026-07-29 05:24:00,46581,2026-07-29 09:24:00
46462,2026-07-29 01:28:00,test,46103,46462,360,24,0.15,46477,2026-07-29 02:28:00,46492,2026-07-29 03:28:00,46522,2026-07-29 05:28:00,46582,2026-07-29 09:28:00
46463,2026-07-29 01:32:00,test,46104,46463,360,24,0.15,46478,2026-07-29 02:32:00,46493,2026-07-29 03:32:00,46523,2026-07-29 05:32:00,46583,2026-07-29 09:32:00
46466,2026-07-29 01:44:00,test,46107,46466,360,24,0.15,46481,2026-07-29 02:44:00,46496,2026-07-29 03:44:00,46526,2026-07-29 05:44:00,46586,2026-07-29 09:44:00
46467,2026-07-29 01:48:00,test,46108,46467,360,24,0.15,46482,2026-07-29 02:48:00,46497,2026-07-29 03:48:00,46527,2026-07-29 05:48:00,46587,2026-07-29 09:48:00
46468,2026-07-29 01:52:00,test,46109,46468,360,24,0.15,46483,2026-07-29 02:52:00,46498,2026-07-29 03:52:00,46528,2026-07-29 05:52:00,46588,2026-07-29 09:52:00
46469,2026-07-29 01:56:00,test,46110,46469,360,24,0.15,46484,2026-07-29 02:56:00,46499,2026-07-29 03:56:00,46529,2026-07-29 05:56:00,46589,2026-07-29 09:56:00
46470,2026-07-29 02:00:00,test,46111,46470,360,24,0.15,46485,2026-07-29 03:00:00,46500,2026-07-29 04:00:00,46530,2026-07-29 06:00:00,46590,2026-07-29 10:00:00
46471,2026-07-29 02:04:00,test,46112,46471,360,24,0.15,46486,2026-07-29 03:04:00,46501,2026-07-29 04:04:00,46531,2026-07-29 06:04:00,46591,2026-07-29 10:04:00
46474,2026-07-29 02:16:00,test,46115,46474,360,24,0.15,46489,2026-07-29 03:16:00,46504,2026-07-29 04:16:00,46534,2026-07-29 06:16:00,46594,2026-07-29 10:16:00
46475,2026-07-29 02:20:00,test,46116,46475,360,24,0.15,46490,2026-07-29 03:20:00,46505,2026-07-29 04:20:00,46535,2026-07-29 06:20:00,46595,2026-07-29 10:20:00
46476,2026-07-29 02:24:00,test,46117,46476,360,24,0.15,46491,2026-07-29 03:24:00,46506,2026-07-29 04:24:00,46536,2026-07-29 06:24:00,46596,2026-07-29 10:24:00
46477,2026-07-29 02:28:00,test,46118,46477,360,24,0.15,46492,2026-07-29 03:28:00,46507,2026-07-29 04:28:00,46537,2026-07-29 06:28:00,46597,2026-07-29 10:28:00
46479,2026-07-29 02:36:00,test,46120,46479,360,24,0.15,46494,2026-07-29 03:36:00,46509,2026-07-29 04:36:00,46539,2026-07-29 06:36:00,46599,2026-07-29 10:36:00
46482,2026-07-29 02:48:00,test,46123,46482,360,24,0.15,46497,2026-07-29 03:48:00,46512,2026-07-29 04:48:00,46542,2026-07-29 06:48:00,46602,2026-07-29 10:48:00
46483,2026-07-29 02:52:00,test,46124,46483,360,24,0.15,46498,2026-07-29 03:52:00,46513,2026-07-29 04:52:00,46543,2026-07-29 06:52:00,46603,2026-07-29 10:52:00
46484,2026-07-29 02:56:00,test,46125,46484,360,24,0.15,46499,2026-07-29 03:56:00,46514,2026-07-29 04:56:00,46544,2026-07-29 06:56:00,46604,2026-07-29 10:56:00
46485,2026-07-29 03:00:00,test,46126,46485,360,24,0.15,46500,2026-07-29 04:00:00,46515,2026-07-29 05:00:00,46545,2026-07-29 07:00:00,46605,2026-07-29 11:00:00
46486,2026-07-29 03:04:00,test,46127,46486,360,24,0.15,46501,2026-07-29 04:04:00,46516,2026-07-29 05:04:00,46546,2026-07-29 07:04:00,46606,2026-07-29 11:04:00
46487,2026-07-29 03:08:00,test,46128,46487,360,24,0.15,46502,2026-07-29 04:08:00,46517,2026-07-29 05:08:00,46547,2026-07-29 07:08:00,46607,2026-07-29 11:08:00
46488,2026-07-29 03:12:00,test,46129,46488,360,24,0.15,46503,2026-07-29 04:12:00,46518,2026-07-29 05:12:00,46548,2026-07-29 07:12:00,46608,2026-07-29 11:12:00
46489,2026-07-29 03:16:00,test,46130,46489,360,24,0.15,46504,2026-07-29 04:16:00,46519,2026-07-29 05:16:00,46549,2026-07-29 07:16:00,46609,2026-07-29 11:16:00
46490,2026-07-29 03:20:00,test,46131,46490,360,24,0.15,46505,2026-07-29 04:20:00,46520,2026-07-29 05:20:00,46550,2026-07-29 07:20:00,46610,2026-07-29 11:20:00
46491,2026-07-29 03:24:00,test,46132,46491,360,24,0.15,46506,2026-07-29 04:24:00,46521,2026-07-29 05:24:00,46551,2026-07-29 07:24:00,46611,2026-07-29 11:24:00
46492,2026-07-29 03:28:00,test,46133,46492,360,24,0.15,46507,2026-07-29 04:28:00,46522,2026-07-29 05:28:00,46552,2026-07-29 07:28:00,46612,2026-07-29 11:28:00
46494,2026-07-29 03:36:00,test,46135,46494,360,24,0.15,46509,2026-07-29 04:36:00,46524,2026-07-29 05:36:00,46554,2026-07-29 07:36:00,46614,2026-07-29 11:36:00
46497,2026-07-29 03:48:00,test,46138,46497,360,24,0.15,46512,2026-07-29 04:48:00,46527,2026-07-29 05:48:00,46557,2026-07-29 07:48:00,46617,2026-07-29 11:48:00
46498,2026-07-29 03:52:00,test,46139,46498,360,24,0.15,46513,2026-07-29 04:52:00,46528,2026-07-29 05:52:00,46558,2026-07-29 07:52:00,46618,2026-07-29 11:52:00
46501,2026-07-29 04:04:00,test,46142,46501,360,24,0.15,46516,2026-07-29 05:04:00,46531,2026-07-29 06:04:00,46561,2026-07-29 08:04:00,46621,2026-07-29 12:04:00
46504,2026-07-29 04:16:00,test,46145,46504,360,24,0.15,46519,2026-07-29 05:16:00,46534,2026-07-29 06:16:00,46564,2026-07-29 08:16:00,46624,2026-07-29 12:16:00
46505,2026-07-29 04:20:00,test,46146,46505,360,24,0.15,46520,2026-07-29 05:20:00,46535,2026-07-29 06:20:00,46565,2026-07-29 08:20:00,46625,2026-07-29 12:20:00
46506,2026-07-29 04:24:00,test,46147,46506,360,24,0.15,46521,2026-07-29 05:24:00,46536,2026-07-29 06:24:00,46566,2026-07-29 08:24:00,46626,2026-07-29 12:24:00
46507,2026-07-29 04:28:00,test,46148,46507,360,24,0.15,46522,2026-07-29 05:28:00,46537,2026-07-29 06:28:00,46567,2026-07-29 08:28:00,46627,2026-07-29 12:28:00
46508,2026-07-29 04:32:00,test,46149,46508,360,24,0.15,46523,2026-07-29 05:32:00,46538,2026-07-29 06:32:00,46568,2026-07-29 08:32:00,46628,2026-07-29 12:32:00
46509,2026-07-29 04:36:00,test,46150,46509,360,24,0.15,46524,2026-07-29 05:36:00,46539,2026-07-29 06:36:00,46569,2026-07-29 08:36:00,46629,2026-07-29 12:36:00
46510,2026-07-29 04:40:00,test,46151,46510,360,24,0.15,46525,2026-07-29 05:40:00,46540,2026-07-29 06:40:00,46570,2026-07-29 08:40:00,46630,2026-07-29 12:40:00
46512,2026-07-29 04:48:00,test,46153,46512,360,24,0.15,46527,2026-07-29 05:48:00,46542,2026-07-29 06:48:00,46572,2026-07-29 08:48:00,46632,2026-07-29 12:48:00
46513,2026-07-29 04:52:00,test,46154,46513,360,24,0.15,46528,2026-07-29 05:52:00,46543,2026-07-29 06:52:00,46573,2026-07-29 08:52:00,46633,2026-07-29 12:52:00
46515,2026-07-29 05:00:00,test,46156,46515,360,24,0.15,46530,2026-07-29 06:00:00,46545,2026-07-29 07:00:00,46575,2026-07-29 09:00:00,46635,2026-07-29 13:00:00
46516,2026-07-29 05:04:00,test,46157,46516,360,24,0.15,46531,2026-07-29 06:04:00,46546,2026-07-29 07:04:00,46576,2026-07-29 09:04:00,46636,2026-07-29 13:04:00
46519,2026-07-29 05:16:00,test,46160,46519,360,24,0.15,46534,2026-07-29 06:16:00,46549,2026-07-29 07:16:00,46579,2026-07-29 09:16:00,46639,2026-07-29 13:16:00
46520,2026-07-29 05:20:00,test,46161,46520,360,24,0.15,46535,2026-07-29 06:20:00,46550,2026-07-29 07:20:00,46580,2026-07-29 09:20:00,46640,2026-07-29 13:20:00
46521,2026-07-29 05:24:00,test,46162,46521,360,24,0.15,46536,2026-07-29 06:24:00,46551,2026-07-29 07:24:00,46581,2026-07-29 09:24:00,46641,2026-07-29 13:24:00
46523,2026-07-29 05:32:00,test,46164,46523,360,24,0.15,46538,2026-07-29 06:32:00,46553,2026-07-29 07:32:00,46583,2026-07-29 09:32:00,46643,2026-07-29 13:32:00
46527,2026-07-29 05:48:00,test,46168,46527,360,24,0.15,46542,2026-07-29 06:48:00,46557,2026-07-29 07:48:00,46587,2026-07-29 09:48:00,46647,2026-07-29 13:48:00
46528,2026-07-29 05:52:00,test,46169,46528,360,24,0.15,46543,2026-07-29 06:52:00,46558,2026-07-29 07:52:00,46588,2026-07-29 09:52:00,46648,2026-07-29 13:52:00
46531,2026-07-29 06:04:00,test,46172,46531,360,24,0.15,46546,2026-07-29 07:04:00,46561,2026-07-29 08:04:00,46591,2026-07-29 10:04:00,46651,2026-07-29 14:04:00
46532,2026-07-29 06:08:00,test,46173,46532,360,24,0.15,46547,2026-07-29 07:08:00,46562,2026-07-29 08:08:00,46592,2026-07-29 10:08:00,46652,2026-07-29 14:08:00
46533,2026-07-29 06:12:00,test,46174,46533,360,24,0.15,46548,2026-07-29 07:12:00,46563,2026-07-29 08:12:00,46593,2026-07-29 10:12:00,46653,2026-07-29 14:12:00
46534,2026-07-29 06:16:00,test,46175,46534,360,24,0.15,46549,2026-07-29 07:16:00,46564,2026-07-29 08:16:00,46594,2026-07-29 10:16:00,46654,2026-07-29 14:16:00
46535,2026-07-29 06:20:00,test,46176,46535,360,24,0.15,46550,2026-07-29 07:20:00,46565,2026-07-29 08:20:00,46595,2026-07-29 10:20:00,46655,2026-07-29 14:20:00
46536,2026-07-29 06:24:00,test,46177,46536,360,24,0.15,46551,2026-07-29 07:24:00,46566,2026-07-29 08:24:00,46596,2026-07-29 10:24:00,46656,2026-07-29 14:24:00
46537,2026-07-29 06:28:00,test,46178,46537,360,24,0.15,46552,2026-07-29 07:28:00,46567,2026-07-29 08:28:00,46597,2026-07-29 10:28:00,46657,2026-07-29 14:28:00
46539,2026-07-29 06:36:00,test,46180,46539,360,24,0.15,46554,2026-07-29 07:36:00,46569,2026-07-29 08:36:00,46599,2026-07-29 10:36:00,46659,2026-07-29 14:36:00
46540,2026-07-29 06:40:00,test,46181,46540,360,24,0.15,46555,2026-07-29 07:40:00,46570,2026-07-29 08:40:00,46600,2026-07-29 10:40:00,46660,2026-07-29 14:40:00
46541,2026-07-29 06:44:00,test,46182,46541,360,24,0.15,46556,2026-07-29 07:44:00,46571,2026-07-29 08:44:00,46601,2026-07-29 10:44:00,46661,2026-07-29 14:44:00
46543,2026-07-29 06:52:00,test,46184,46543,360,24,0.15,46558,2026-07-29 07:52:00,46573,2026-07-29 08:52:00,46603,2026-07-29 10:52:00,46663,2026-07-29 14:52:00
46546,2026-07-29 07:04:00,test,46187,46546,360,24,0.15,46561,2026-07-29 08:04:00,46576,2026-07-29 09:04:00,46606,2026-07-29 11:04:00,46666,2026-07-29 15:04:00
46547,2026-07-29 07:08:00,test,46188,46547,360,24,0.15,46562,2026-07-29 08:08:00,46577,2026-07-29 09:08:00,46607,2026-07-29 11:08:00,46667,2026-07-29 15:08:00
46548,2026-07-29 07:12:00,test,46189,46548,360,24,0.15,46563,2026-07-29 08:12:00,46578,2026-07-29 09:12:00,46608,2026-07-29 11:12:00,46668,2026-07-29 15:12:00
46549,2026-07-29 07:16:00,test,46190,46549,360,24,0.15,46564,2026-07-29 08:16:00,46579,2026-07-29 09:16:00,46609,2026-07-29 11:16:00,46669,2026-07-29 15:16:00
46550,2026-07-29 07:20:00,test,46191,46550,360,24,0.15,46565,2026-07-29 08:20:00,46580,2026-07-29 09:20:00,46610,2026-07-29 11:20:00,46670,2026-07-29 15:20:00
46551,2026-07-29 07:24:00,test,46192,46551,360,24,0.15,46566,2026-07-29 08:24:00,46581,2026-07-29 09:24:00,46611,2026-07-29 11:24:00,46671,2026-07-29 15:24:00
46552,2026-07-29 07:28:00,test,46193,46552,360,24,0.15,46567,2026-07-29 08:28:00,46582,2026-07-29 09:28:00,46612,2026-07-29 11:28:00,46672,2026-07-29 15:28:00
46557,2026-07-29 07:48:00,test,46198,46557,360,24,0.15,46572,2026-07-29 08:48:00,46587,2026-07-29 09:48:00,46617,2026-07-29 11:48:00,46677,2026-07-29 15:48:00
46560,2026-07-29 08:00:00,test,46201,46560,360,24,0.15,46575,2026-07-29 09:00:00,46590,2026-07-29 10:00:00,46620,2026-07-29 12:00:00,46680,2026-07-29 16:00:00
46562,2026-07-29 08:08:00,test,46203,46562,360,24,0.15,46577,2026-07-29 09:08:00,46592,2026-07-29 10:08:00,46622,2026-07-29 12:08:00,46682,2026-07-29 16:08:00
46563,2026-07-29 08:12:00,test,46204,46563,360,24,0.15,46578,2026-07-29 09:12:00,46593,2026-07-29 10:12:00,46623,2026-07-29 12:12:00,46683,2026-07-29 16:12:00
46564,2026-07-29 08:16:00,test,46205,46564,360,24,0.15,46579,2026-07-29 09:16:00,46594,2026-07-29 10:16:00,46624,2026-07-29 12:16:00,46684,2026-07-29 16:16:00
46565,2026-07-29 08:20:00,test,46206,46565,360,24,0.15,46580,2026-07-29 09:20:00,46595,2026-07-29 10:20:00,46625,2026-07-29 12:20:00,46685,2026-07-29 16:20:00
46566,2026-07-29 08:24:00,test,46207,46566,360,24,0.15,46581,2026-07-29 09:24:00,46596,2026-07-29 10:24:00,46626,2026-07-29 12:24:00,46686,2026-07-29 16:24:00
46567,2026-07-29 08:28:00,test,46208,46567,360,24,0.15,46582,2026-07-29 09:28:00,46597,2026-07-29 10:28:00,46627,2026-07-29 12:28:00,46687,2026-07-29 16:28:00
46570,2026-07-29 08:40:00,test,46211,46570,360,24,0.15,46585,2026-07-29 09:40:00,46600,2026-07-29 10:40:00,46630,2026-07-29 12:40:00,46690,2026-07-29 16:40:00
46571,2026-07-29 08:44:00,test,46212,46571,360,24,0.15,46586,2026-07-29 09:44:00,46601,2026-07-29 10:44:00,46631,2026-07-29 12:44:00,46691,2026-07-29 16:44:00
46572,2026-07-29 08:48:00,test,46213,46572,360,24,0.15,46587,2026-07-29 09:48:00,46602,2026-07-29 10:48:00,46632,2026-07-29 12:48:00,46692,2026-07-29 16:48:00
46573,2026-07-29 08:52:00,test,46214,46573,360,24,0.15,46588,2026-07-29 09:52:00,46603,2026-07-29 10:52:00,46633,2026-07-29 12:52:00,46693,2026-07-29 16:52:00
46574,2026-07-29 08:56:00,test,46215,46574,360,24,0.15,46589,2026-07-29 09:56:00,46604,2026-07-29 10:56:00,46634,2026-07-29 12:56:00,46694,2026-07-29 16:56:00
46575,2026-07-29 09:00:00,test,46216,46575,360,24,0.15,46590,2026-07-29 10:00:00,46605,2026-07-29 11:00:00,46635,2026-07-29 13:00:00,46695,2026-07-29 17:00:00
46576,2026-07-29 09:04:00,test,46217,46576,360,24,0.15,46591,2026-07-29 10:04:00,46606,2026-07-29 11:04:00,46636,2026-07-29 13:04:00,46696,2026-07-29 17:04:00
46577,2026-07-29 09:08:00,test,46218,46577,360,24,0.15,46592,2026-07-29 10:08:00,46607,2026-07-29 11:08:00,46637,2026-07-29 13:08:00,46697,2026-07-29 17:08:00
46579,2026-07-29 09:16:00,test,46220,46579,360,24,0.15,46594,2026-07-29 10:16:00,46609,2026-07-29 11:16:00,46639,2026-07-29 13:16:00,46699,2026-07-29 17:16:00
46580,2026-07-29 09:20:00,test,46221,46580,360,24,0.15,46595,2026-07-29 10:20:00,46610,2026-07-29 11:20:00,46640,2026-07-29 13:20:00,46700,2026-07-29 17:20:00
46581,2026-07-29 09:24:00,test,46222,46581,360,24,0.15,46596,2026-07-29 10:24:00,46611,2026-07-29 11:24:00,46641,2026-07-29 13:24:00,46701,2026-07-29 17:24:00
46587,2026-07-29 09:48:00,test,46228,46587,360,24,0.15,46602,2026-07-29 10:48:00,46617,2026-07-29 11:48:00,46647,2026-07-29 13:48:00,46707,2026-07-29 17:48:00
46588,2026-07-29 09:52:00,test,46229,46588,360,24,0.15,46603,2026-07-29 10:52:00,46618,2026-07-29 11:52:00,46648,2026-07-29 13:52:00,46708,2026-07-29 17:52:00
46589,2026-07-29 09:56:00,test,46230,46589,360,24,0.15,46604,2026-07-29 10:56:00,46619,2026-07-29 11:56:00,46649,2026-07-29 13:56:00,46709,2026-07-29 17:56:00
46590,2026-07-29 10:00:00,test,46231,46590,360,24,0.15,46605,2026-07-29 11:00:00,46620,2026-07-29 12:00:00,46650,2026-07-29 14:00:00,46710,2026-07-29 18:00:00
46591,2026-07-29 10:04:00,test,46232,46591,360,24,0.15,46606,2026-07-29 11:04:00,46621,2026-07-29 12:04:00,46651,2026-07-29 14:04:00,46711,2026-07-29 18:04:00
46592,2026-07-29 10:08:00,test,46233,46592,360,24,0.15,46607,2026-07-29 11:08:00,46622,2026-07-29 12:08:00,46652,2026-07-29 14:08:00,46712,2026-07-29 18:08:00
46593,2026-07-29 10:12:00,test,46234,46593,360,24,0.15,46608,2026-07-29 11:12:00,46623,2026-07-29 12:12:00,46653,2026-07-29 14:12:00,46713,2026-07-29 18:12:00
46594,2026-07-29 10:16:00,test,46235,46594,360,24,0.15,46609,2026-07-29 11:16:00,46624,2026-07-29 12:16:00,46654,2026-07-29 14:16:00,46714,2026-07-29 18:16:00
46595,2026-07-29 10:20:00,test,46236,46595,360,24,0.15,46610,2026-07-29 11:20:00,46625,2026-07-29 12:20:00,46655,2026-07-29 14:20:00,46715,2026-07-29 18:20:00
46597,2026-07-29 10:28:00,test,46238,46597,360,24,0.15,46612,2026-07-29 11:28:00,46627,2026-07-29 12:28:00,46657,2026-07-29 14:28:00,46717,2026-07-29 18:28:00
46599,2026-07-29 10:36:00,test,46240,46599,360,24,0.15,46614,2026-07-29 11:36:00,46629,2026-07-29 12:36:00,46659,2026-07-29 14:36:00,46719,2026-07-29 18:36:00
46603,2026-07-29 10:52:00,test,46244,46603,360,24,0.15,46618,2026-07-29 11:52:00,46633,2026-07-29 12:52:00,46663,2026-07-29 14:52:00,46723,2026-07-29 18:52:00
46604,2026-07-29 10:56:00,test,46245,46604,360,24,0.15,46619,2026-07-29 11:56:00,46634,2026-07-29 12:56:00,46664,2026-07-29 14:56:00,46724,2026-07-29 18:56:00
46605,2026-07-29 11:00:00,test,46246,46605,360,24,0.15,46620,2026-07-29 12:00:00,46635,2026-07-29 13:00:00,46665,2026-07-29 15:00:00,46725,2026-07-29 19:00:00
46606,2026-07-29 11:04:00,test,46247,46606,360,24,0.15,46621,2026-07-29 12:04:00,46636,2026-07-29 13:04:00,46666,2026-07-29 15:04:00,46726,2026-07-29 19:04:00
46607,2026-07-29 11:08:00,test,46248,46607,360,24,0.15,46622,2026-07-29 12:08:00,46637,2026-07-29 13:08:00,46667,2026-07-29 15:08:00,46727,2026-07-29 19:08:00
46610,2026-07-29 11:20:00,test,46251,46610,360,24,0.15,46625,2026-07-29 12:20:00,46640,2026-07-29 13:20:00,46670,2026-07-29 15:20:00,46730,2026-07-29 19:20:00
46611,2026-07-29 11:24:00,test,46252,46611,360,24,0.15,46626,2026-07-29 12:24:00,46641,2026-07-29 13:24:00,46671,2026-07-29 15:24:00,46731,2026-07-29 19:24:00
46613,2026-07-29 11:32:00,test,46254,46613,360,24,0.15,46628,2026-07-29 12:32:00,46643,2026-07-29 13:32:00,46673,2026-07-29 15:32:00,46733,2026-07-29 19:32:00
46616,2026-07-29 11:44:00,test,46257,46616,360,24,0.15,46631,2026-07-29 12:44:00,46646,2026-07-29 13:44:00,46676,2026-07-29 15:44:00,46736,2026-07-29 19:44:00
46617,2026-07-29 11:48:00,test,46258,46617,360,24,0.15,46632,2026-07-29 12:48:00,46647,2026-07-29 13:48:00,46677,2026-07-29 15:48:00,46737,2026-07-29 19:48:00
46619,2026-07-29 11:56:00,test,46260,46619,360,24,0.15,46634,2026-07-29 12:56:00,46649,2026-07-29 13:56:00,46679,2026-07-29 15:56:00,46739,2026-07-29 19:56:00
46620,2026-07-29 12:00:00,test,46261,46620,360,24,0.15,46635,2026-07-29 13:00:00,46650,2026-07-29 14:00:00,46680,2026-07-29 16:00:00,46740,2026-07-29 20:00:00
46622,2026-07-29 12:08:00,test,46263,46622,360,24,0.15,46637,2026-07-29 13:08:00,46652,2026-07-29 14:08:00,46682,2026-07-29 16:08:00,46742,2026-07-29 20:08:00
46624,2026-07-29 12:16:00,test,46265,46624,360,24,0.15,46639,2026-07-29 13:16:00,46654,2026-07-29 14:16:00,46684,2026-07-29 16:16:00,46744,2026-07-29 20:16:00
46625,2026-07-29 12:20:00,test,46266,46625,360,24,0.15,46640,2026-07-29 13:20:00,46655,2026-07-29 14:20:00,46685,2026-07-29 16:20:00,46745,2026-07-29 20:20:00
46626,2026-07-29 12:24:00,test,46267,46626,360,24,0.15,46641,2026-07-29 13:24:00,46656,2026-07-29 14:24:00,46686,2026-07-29 16:24:00,46746,2026-07-29 20:24:00
46628,2026-07-29 12:32:00,test,46269,46628,360,24,0.15,46643,2026-07-29 13:32:00,46658,2026-07-29 14:32:00,46688,2026-07-29 16:32:00,46748,2026-07-29 20:32:00
46633,2026-07-29 12:52:00,test,46274,46633,360,24,0.15,46648,2026-07-29 13:52:00,46663,2026-07-29 14:52:00,46693,2026-07-29 16:52:00,46753,2026-07-29 20:52:00
46634,2026-07-29 12:56:00,test,46275,46634,360,24,0.15,46649,2026-07-29 13:56:00,46664,2026-07-29 14:56:00,46694,2026-07-29 16:56:00,46754,2026-07-29 20:56:00
46635,2026-07-29 13:00:00,test,46276,46635,360,24,0.15,46650,2026-07-29 14:00:00,46665,2026-07-29 15:00:00,46695,2026-07-29 17:00:00,46755,2026-07-29 21:00:00
46636,2026-07-29 13:04:00,test,46277,46636,360,24,0.15,46651,2026-07-29 14:04:00,46666,2026-07-29 15:04:00,46696,2026-07-29 17:04:00,46756,2026-07-29 21:04:00
46637,2026-07-29 13:08:00,test,46278,46637,360,24,0.15,46652,2026-07-29 14:08:00,46667,2026-07-29 15:08:00,46697,2026-07-29 17:08:00,46757,2026-07-29 21:08:00
46638,2026-07-29 13:12:00,test,46279,46638,360,24,0.15,46653,2026-07-29 14:12:00,46668,2026-07-29 15:12:00,46698,2026-07-29 17:12:00,46758,2026-07-29 21:12:00
46639,2026-07-29 13:16:00,test,46280,46639,360,24,0.15,46654,2026-07-29 14:16:00,46669,2026-07-29 15:16:00,46699,2026-07-29 17:16:00,46759,2026-07-29 21:16:00
46640,2026-07-29 13:20:00,test,46281,46640,360,24,0.15,46655,2026-07-29 14:20:00,46670,2026-07-29 15:20:00,46700,2026-07-29 17:20:00,46760,2026-07-29 21:20:00
46641,2026-07-29 13:24:00,test,46282,46641,360,24,0.15,46656,2026-07-29 14:24:00,46671,2026-07-29 15:24:00,46701,2026-07-29 17:24:00,46761,2026-07-29 21:24:00
46642,2026-07-29 13:28:00,test,46283,46642,360,24,0.15,46657,2026-07-29 14:28:00,46672,2026-07-29 15:28:00,46702,2026-07-29 17:28:00,46762,2026-07-29 21:28:00
46643,2026-07-29 13:32:00,test,46284,46643,360,24,0.15,46658,2026-07-29 14:32:00,46673,2026-07-29 15:32:00,46703,2026-07-29 17:32:00,46763,2026-07-29 21:32:00
46644,2026-07-29 13:36:00,test,46285,46644,360,24,0.15,46659,2026-07-29 14:36:00,46674,2026-07-29 15:36:00,46704,2026-07-29 17:36:00,46764,2026-07-29 21:36:00
46645,2026-07-29 13:40:00,test,46286,46645,360,24,0.15,46660,2026-07-29 14:40:00,46675,2026-07-29 15:40:00,46705,2026-07-29 17:40:00,46765,2026-07-29 21:40:00
46646,2026-07-29 13:44:00,test,46287,46646,360,24,0.15,46661,2026-07-29 14:44:00,46676,2026-07-29 15:44:00,46706,2026-07-29 17:44:00,46766,2026-07-29 21:44:00
46649,2026-07-29 13:56:00,test,46290,46649,360,24,0.15,46664,2026-07-29 14:56:00,46679,2026-07-29 15:56:00,46709,2026-07-29 17:56:00,46769,2026-07-29 21:56:00
46650,2026-07-29 14:00:00,test,46291,46650,360,24,0.15,46665,2026-07-29 15:00:00,46680,2026-07-29 16:00:00,46710,2026-07-29 18:00:00,46770,2026-07-29 22:00:00
46652,2026-07-29 14:08:00,test,46293,46652,360,24,0.15,46667,2026-07-29 15:08:00,46682,2026-07-29 16:08:00,46712,2026-07-29 18:08:00,46772,2026-07-29 22:08:00
46653,2026-07-29 14:12:00,test,46294,46653,360,24,0.15,46668,2026-07-29 15:12:00,46683,2026-07-29 16:12:00,46713,2026-07-29 18:12:00,46773,2026-07-29 22:12:00
46654,2026-07-29 14:16:00,test,46295,46654,360,24,0.15,46669,2026-07-29 15:16:00,46684,2026-07-29 16:16:00,46714,2026-07-29 18:16:00,46774,2026-07-29 22:16:00
46655,2026-07-29 14:20:00,test,46296,46655,360,24,0.15,46670,2026-07-29 15:20:00,46685,2026-07-29 16:20:00,46715,2026-07-29 18:20:00,46775,2026-07-29 22:20:00
46657,2026-07-29 14:28:00,test,46298,46657,360,24,0.15,46672,2026-07-29 15:28:00,46687,2026-07-29 16:28:00,46717,2026-07-29 18:28:00,46777,2026-07-29 22:28:00
46658,2026-07-29 14:32:00,test,46299,46658,360,24,0.15,46673,2026-07-29 15:32:00,46688,2026-07-29 16:32:00,46718,2026-07-29 18:32:00,46778,2026-07-29 22:32:00
46659,2026-07-29 14:36:00,test,46300,46659,360,24,0.15,46674,2026-07-29 15:36:00,46689,2026-07-29 16:36:00,46719,2026-07-29 18:36:00,46779,2026-07-29 22:36:00
46661,2026-07-29 14:44:00,test,46302,46661,360,24,0.15,46676,2026-07-29 15:44:00,46691,2026-07-29 16:44:00,46721,2026-07-29 18:44:00,46781,2026-07-29 22:44:00
46662,2026-07-29 14:48:00,test,46303,46662,360,24,0.15,46677,2026-07-29 15:48:00,46692,2026-07-29 16:48:00,46722,2026-07-29 18:48:00,46782,2026-07-29 22:48:00
46664,2026-07-29 14:56:00,test,46305,46664,360,24,0.15,46679,2026-07-29 15:56:00,46694,2026-07-29 16:56:00,46724,2026-07-29 18:56:00,46784,2026-07-29 22:56:00
46665,2026-07-29 15:00:00,test,46306,46665,360,24,0.15,46680,2026-07-29 16:00:00,46695,2026-07-29 17:00:00,46725,2026-07-29 19:00:00,46785,2026-07-29 23:00:00
46667,2026-07-29 15:08:00,test,46308,46667,360,24,0.15,46682,2026-07-29 16:08:00,46697,2026-07-29 17:08:00,46727,2026-07-29 19:08:00,46787,2026-07-29 23:08:00
46668,2026-07-29 15:12:00,test,46309,46668,360,24,0.15,46683,2026-07-29 16:12:00,46698,2026-07-29 17:12:00,46728,2026-07-29 19:12:00,46788,2026-07-29 23:12:00
46670,2026-07-29 15:20:00,test,46311,46670,360,24,0.15,46685,2026-07-29 16:20:00,46700,2026-07-29 17:20:00,46730,2026-07-29 19:20:00,46790,2026-07-29 23:20:00
46672,2026-07-29 15:28:00,test,46313,46672,360,24,0.15,46687,2026-07-29 16:28:00,46702,2026-07-29 17:28:00,46732,2026-07-29 19:28:00,46792,2026-07-29 23:28:00
46673,2026-07-29 15:32:00,test,46314,46673,360,24,0.15,46688,2026-07-29 16:32:00,46703,2026-07-29 17:32:00,46733,2026-07-29 19:32:00,46793,2026-07-29 23:32:00
46674,2026-07-29 15:36:00,test,46315,46674,360,24,0.15,46689,2026-07-29 16:36:00,46704,2026-07-29 17:36:00,46734,2026-07-29 19:36:00,46794,2026-07-29 23:36:00
46675,2026-07-29 15:40:00,test,46316,46675,360,24,0.15,46690,2026-07-29 16:40:00,46705,2026-07-29 17:40:00,46735,2026-07-29 19:40:00,46795,2026-07-29 23:40:00
46676,2026-07-29 15:44:00,test,46317,46676,360,24,0.15,46691,2026-07-29 16:44:00,46706,2026-07-29 17:44:00,46736,2026-07-29 19:44:00,46796,2026-07-29 23:44:00
46677,2026-07-29 15:48:00,test,46318,46677,360,24,0.15,46692,2026-07-29 16:48:00,46707,2026-07-29 17:48:00,46737,2026-07-29 19:48:00,46797,2026-07-29 23:48:00
46678,2026-07-29 15:52:00,test,46319,46678,360,24,0.15,46693,2026-07-29 16:52:00,46708,2026-07-29 17:52:00,46738,2026-07-29 19:52:00,46798,2026-07-29 23:52:00
46679,2026-07-29 15:56:00,test,46320,46679,360,24,0.15,46694,2026-07-29 16:56:00,46709,2026-07-29 17:56:00,46739,2026-07-29 19:56:00,46799,2026-07-29 23:56:00
46680,2026-07-29 16:00:00,test,46321,46680,360,24,0.15,46695,2026-07-29 17:00:00,46710,2026-07-29 18:00:00,46740,2026-07-29 20:00:00,46800,2026-07-30 00:00:00
46681,2026-07-29 16:04:00,test,46322,46681,360,24,0.15,46696,2026-07-29 17:04:00,46711,2026-07-29 18:04:00,46741,2026-07-29 20:04:00,46801,2026-07-30 00:04:00
46682,2026-07-29 16:08:00,test,46323,46682,360,24,0.15,46697,2026-07-29 17:08:00,46712,2026-07-29 18:08:00,46742,2026-07-29 20:08:00,46802,2026-07-30 00:08:00
46683,2026-07-29 16:12:00,test,46324,46683,360,24,0.15,46698,2026-07-29 17:12:00,46713,2026-07-29 18:12:00,46743,2026-07-29 20:12:00,46803,2026-07-30 00:12:00
46684,2026-07-29 16:16:00,test,46325,46684,360,24,0.15,46699,2026-07-29 17:16:00,46714,2026-07-29 18:16:00,46744,2026-07-29 20:16:00,46804,2026-07-30 00:16:00
46685,2026-07-29 16:20:00,test,46326,46685,360,24,0.15,46700,2026-07-29 17:20:00,46715,2026-07-29 18:20:00,46745,2026-07-29 20:20:00,46805,2026-07-30 00:20:00
46687,2026-07-29 16:28:00,test,46328,46687,360,24,0.15,46702,2026-07-29 17:28:00,46717,2026-07-29 18:28:00,46747,2026-07-29 20:28:00,46807,2026-07-30 00:28:00
46688,2026-07-29 16:32:00,test,46329,46688,360,24,0.15,46703,2026-07-29 17:32:00,46718,2026-07-29 18:32:00,46748,2026-07-29 20:32:00,46808,2026-07-30 00:32:00
46689,2026-07-29 16:36:00,test,46330,46689,360,24,0.15,46704,2026-07-29 17:36:00,46719,2026-07-29 18:36:00,46749,2026-07-29 20:36:00,46809,2026-07-30 00:36:00
46692,2026-07-29 16:48:00,test,46333,46692,360,24,0.15,46707,2026-07-29 17:48:00,46722,2026-07-29 18:48:00,46752,2026-07-29 20:48:00,46812,2026-07-30 00:48:00
46693,2026-07-29 16:52:00,test,46334,46693,360,24,0.15,46708,2026-07-29 17:52:00,46723,2026-07-29 18:52:00,46753,2026-07-29 20:52:00,46813,2026-07-30 00:52:00
46694,2026-07-29 16:56:00,test,46335,46694,360,24,0.15,46709,2026-07-29 17:56:00,46724,2026-07-29 18:56:00,46754,2026-07-29 20:56:00,46814,2026-07-30 00:56:00
46695,2026-07-29 17:00:00,test,46336,46695,360,24,0.15,46710,2026-07-29 18:00:00,46725,2026-07-29 19:00:00,46755,2026-07-29 21:00:00,46815,2026-07-30 01:00:00
46696,2026-07-29 17:04:00,test,46337,46696,360,24,0.15,46711,2026-07-29 18:04:00,46726,2026-07-29 19:04:00,46756,2026-07-29 21:04:00,46816,2026-07-30 01:04:00
46697,2026-07-29 17:08:00,test,46338,46697,360,24,0.15,46712,2026-07-29 18:08:00,46727,2026-07-29 19:08:00,46757,2026-07-29 21:08:00,46817,2026-07-30 01:08:00
46698,2026-07-29 17:12:00,test,46339,46698,360,24,0.15,46713,2026-07-29 18:12:00,46728,2026-07-29 19:12:00,46758,2026-07-29 21:12:00,46818,2026-07-30 01:12:00
46700,2026-07-29 17:20:00,test,46341,46700,360,24,0.15,46715,2026-07-29 18:20:00,46730,2026-07-29 19:20:00,46760,2026-07-29 21:20:00,46820,2026-07-30 01:20:00
46702,2026-07-29 17:28:00,test,46343,46702,360,24,0.15,46717,2026-07-29 18:28:00,46732,2026-07-29 19:28:00,46762,2026-07-29 21:28:00,46822,2026-07-30 01:28:00
46703,2026-07-29 17:32:00,test,46344,46703,360,24,0.15,46718,2026-07-29 18:32:00,46733,2026-07-29 19:32:00,46763,2026-07-29 21:32:00,46823,2026-07-30 01:32:00
46704,2026-07-29 17:36:00,test,46345,46704,360,24,0.15,46719,2026-07-29 18:36:00,46734,2026-07-29 19:36:00,46764,2026-07-29 21:36:00,46824,2026-07-30 01:36:00
46706,2026-07-29 17:44:00,test,46347,46706,360,24,0.15,46721,2026-07-29 18:44:00,46736,2026-07-29 19:44:00,46766,2026-07-29 21:44:00,46826,2026-07-30 01:44:00
46707,2026-07-29 17:48:00,test,46348,46707,360,24,0.15,46722,2026-07-29 18:48:00,46737,2026-07-29 19:48:00,46767,2026-07-29 21:48:00,46827,2026-07-30 01:48:00
46708,2026-07-29 17:52:00,test,46349,46708,360,24,0.15,46723,2026-07-29 18:52:00,46738,2026-07-29 19:52:00,46768,2026-07-29 21:52:00,46828,2026-07-30 01:52:00
46709,2026-07-29 17:56:00,test,46350,46709,360,24,0.15,46724,2026-07-29 18:56:00,46739,2026-07-29 19:56:00,46769,2026-07-29 21:56:00,46829,2026-07-30 01:56:00
46711,2026-07-29 18:04:00,test,46352,46711,360,24,0.15,46726,2026-07-29 19:04:00,46741,2026-07-29 20:04:00,46771,2026-07-29 22:04:00,46831,2026-07-30 02:04:00
46712,2026-07-29 18:08:00,test,46353,46712,360,24,0.15,46727,2026-07-29 19:08:00,46742,2026-07-29 20:08:00,46772,2026-07-29 22:08:00,46832,2026-07-30 02:08:00
46713,2026-07-29 18:12:00,test,46354,46713,360,24,0.15,46728,2026-07-29 19:12:00,46743,2026-07-29 20:12:00,46773,2026-07-29 22:12:00,46833,2026-07-30 02:12:00
46715,2026-07-29 18:20:00,test,46356,46715,360,24,0.15,46730,2026-07-29 19:20:00,46745,2026-07-29 20:20:00,46775,2026-07-29 22:20:00,46835,2026-07-30 02:20:00
46716,2026-07-29 18:24:00,test,46357,46716,360,24,0.15,46731,2026-07-29 19:24:00,46746,2026-07-29 20:24:00,46776,2026-07-29 22:24:00,46836,2026-07-30 02:24:00
46717,2026-07-29 18:28:00,test,46358,46717,360,24,0.15,46732,2026-07-29 19:28:00,46747,2026-07-29 20:28:00,46777,2026-07-29 22:28:00,46837,2026-07-30 02:28:00
46718,2026-07-29 18:32:00,test,46359,46718,360,24,0.15,46733,2026-07-29 19:32:00,46748,2026-07-29 20:32:00,46778,2026-07-29 22:32:00,46838,2026-07-30 02:32:00
46719,2026-07-29 18:36:00,test,46360,46719,360,24,0.15,46734,2026-07-29 19:36:00,46749,2026-07-29 20:36:00,46779,2026-07-29 22:36:00,46839,2026-07-30 02:36:00
46720,2026-07-29 18:40:00,test,46361,46720,360,24,0.15,46735,2026-07-29 19:40:00,46750,2026-07-29 20:40:00,46780,2026-07-29 22:40:00,46840,2026-07-30 02:40:00
46722,2026-07-29 18:48:00,test,46363,46722,360,24,0.15,46737,2026-07-29 19:48:00,46752,2026-07-29 20:48:00,46782,2026-07-29 22:48:00,46842,2026-07-30 02:48:00
46723,2026-07-29 18:52:00,test,46364,46723,360,24,0.15,46738,2026-07-29 19:52:00,46753,2026-07-29 20:52:00,46783,2026-07-29 22:52:00,46843,2026-07-30 02:52:00
46724,2026-07-29 18:56:00,test,46365,46724,360,24,0.15,46739,2026-07-29 19:56:00,46754,2026-07-29 20:56:00,46784,2026-07-29 22:56:00,46844,2026-07-30 02:56:00
46725,2026-07-29 19:00:00,test,46366,46725,360,24,0.15,46740,2026-07-29 20:00:00,46755,2026-07-29 21:00:00,46785,2026-07-29 23:00:00,46845,2026-07-30 03:00:00
46726,2026-07-29 19:04:00,test,46367,46726,360,24,0.15,46741,2026-07-29 20:04:00,46756,2026-07-29 21:04:00,46786,2026-07-29 23:04:00,46846,2026-07-30 03:04:00
46727,2026-07-29 19:08:00,test,46368,46727,360,24,0.15,46742,2026-07-29 20:08:00,46757,2026-07-29 21:08:00,46787,2026-07-29 23:08:00,46847,2026-07-30 03:08:00
46728,2026-07-29 19:12:00,test,46369,46728,360,24,0.15,46743,2026-07-29 20:12:00,46758,2026-07-29 21:12:00,46788,2026-07-29 23:12:00,46848,2026-07-30 03:12:00
46729,2026-07-29 19:16:00,test,46370,46729,360,24,0.15,46744,2026-07-29 20:16:00,46759,2026-07-29 21:16:00,46789,2026-07-29 23:16:00,46849,2026-07-30 03:16:00
46730,2026-07-29 19:20:00,test,46371,46730,360,24,0.15,46745,2026-07-29 20:20:00,46760,2026-07-29 21:20:00,46790,2026-07-29 23:20:00,46850,2026-07-30 03:20:00
46732,2026-07-29 19:28:00,test,46373,46732,360,24,0.15,46747,2026-07-29 20:28:00,46762,2026-07-29 21:28:00,46792,2026-07-29 23:28:00,46852,2026-07-30 03:28:00
46733,2026-07-29 19:32:00,test,46374,46733,360,24,0.15,46748,2026-07-29 20:32:00,46763,2026-07-29 21:32:00,46793,2026-07-29 23:32:00,46853,2026-07-30 03:32:00
46734,2026-07-29 19:36:00,test,46375,46734,360,24,0.15,46749,2026-07-29 20:36:00,46764,2026-07-29 21:36:00,46794,2026-07-29 23:36:00,46854,2026-07-30 03:36:00
46735,2026-07-29 19:40:00,test,46376,46735,360,24,0.15,46750,2026-07-29 20:40:00,46765,2026-07-29 21:40:00,46795,2026-07-29 23:40:00,46855,2026-07-30 03:40:00
46737,2026-07-29 19:48:00,test,46378,46737,360,24,0.15,46752,2026-07-29 20:48:00,46767,2026-07-29 21:48:00,46797,2026-07-29 23:48:00,46857,2026-07-30 03:48:00
46738,2026-07-29 19:52:00,test,46379,46738,360,24,0.15,46753,2026-07-29 20:52:00,46768,2026-07-29 21:52:00,46798,2026-07-29 23:52:00,46858,2026-07-30 03:52:00
46739,2026-07-29 19:56:00,test,46380,46739,360,24,0.15,46754,2026-07-29 20:56:00,46769,2026-07-29 21:56:00,46799,2026-07-29 23:56:00,46859,2026-07-30 03:56:00
46740,2026-07-29 20:00:00,test,46381,46740,360,24,0.15,46755,2026-07-29 21:00:00,46770,2026-07-29 22:00:00,46800,2026-07-30 00:00:00,46860,2026-07-30 04:00:00
46741,2026-07-29 20:04:00,test,46382,46741,360,24,0.15,46756,2026-07-29 21:04:00,46771,2026-07-29 22:04:00,46801,2026-07-30 00:04:00,46861,2026-07-30 04:04:00
46742,2026-07-29 20:08:00,test,46383,46742,360,24,0.15,46757,2026-07-29 21:08:00,46772,2026-07-29 22:08:00,46802,2026-07-30 00:08:00,46862,2026-07-30 04:08:00
46743,2026-07-29 20:12:00,test,46384,46743,360,24,0.15,46758,2026-07-29 21:12:00,46773,2026-07-29 22:12:00,46803,2026-07-30 00:12:00,46863,2026-07-30 04:12:00
46744,2026-07-29 20:16:00,test,46385,46744,360,24,0.15,46759,2026-07-29 21:16:00,46774,2026-07-29 22:16:00,46804,2026-07-30 00:16:00,46864,2026-07-30 04:16:00
46745,2026-07-29 20:20:00,test,46386,46745,360,24,0.15,46760,2026-07-29 21:20:00,46775,2026-07-29 22:20:00,46805,2026-07-30 00:20:00,46865,2026-07-30 04:20:00
46746,2026-07-29 20:24:00,test,46387,46746,360,24,0.15,46761,2026-07-29 21:24:00,46776,2026-07-29 22:24:00,46806,2026-07-30 00:24:00,46866,2026-07-30 04:24:00
46748,2026-07-29 20:32:00,test,46389,46748,360,24,0.15,46763,2026-07-29 21:32:00,46778,2026-07-29 22:32:00,46808,2026-07-30 00:32:00,46868,2026-07-30 04:32:00
46749,2026-07-29 20:36:00,test,46390,46749,360,24,0.15,46764,2026-07-29 21:36:00,46779,2026-07-29 22:36:00,46809,2026-07-30 00:36:00,46869,2026-07-30 04:36:00
46750,2026-07-29 20:40:00,test,46391,46750,360,24,0.15,46765,2026-07-29 21:40:00,46780,2026-07-29 22:40:00,46810,2026-07-30 00:40:00,46870,2026-07-30 04:40:00
46751,2026-07-29 20:44:00,test,46392,46751,360,24,0.15,46766,2026-07-29 21:44:00,46781,2026-07-29 22:44:00,46811,2026-07-30 00:44:00,46871,2026-07-30 04:44:00
46752,2026-07-29 20:48:00,test,46393,46752,360,24,0.15,46767,2026-07-29 21:48:00,46782,2026-07-29 22:48:00,46812,2026-07-30 00:48:00,46872,2026-07-30 04:48:00
46753,2026-07-29 20:52:00,test,46394,46753,360,24,0.15,46768,2026-07-29 21:52:00,46783,2026-07-29 22:52:00,46813,2026-07-30 00:52:00,46873,2026-07-30 04:52:00
46754,2026-07-29 20:56:00,test,46395,46754,360,24,0.15,46769,2026-07-29 21:56:00,46784,2026-07-29 22:56:00,46814,2026-07-30 00:56:00,46874,2026-07-30 04:56:00
46755,2026-07-29 21:00:00,test,46396,46755,360,24,0.15,46770,2026-07-29 22:00:00,46785,2026-07-29 23:00:00,46815,2026-07-30 01:00:00,46875,2026-07-30 05:00:00
46756,2026-07-29 21:04:00,test,46397,46756,360,24,0.15,46771,2026-07-29 22:04:00,46786,2026-07-29 23:04:00,46816,2026-07-30 01:04:00,46876,2026-07-30 05:04:00
46757,2026-07-29 21:08:00,test,46398,46757,360,24,0.15,46772,2026-07-29 22:08:00,46787,2026-07-29 23:08:00,46817,2026-07-30 01:08:00,46877,2026-07-30 05:08:00
46758,2026-07-29 21:12:00,test,46399,46758,360,24,0.15,46773,2026-07-29 22:12:00,46788,2026-07-29 23:12:00,46818,2026-07-30 01:12:00,46878,2026-07-30 05:12:00
46759,2026-07-29 21:16:00,test,46400,46759,360,24,0.15,46774,2026-07-29 22:16:00,46789,2026-07-29 23:16:00,46819,2026-07-30 01:16:00,46879,2026-07-30 05:16:00
46760,2026-07-29 21:20:00,test,46401,46760,360,24,0.15,46775,2026-07-29 22:20:00,46790,2026-07-29 23:20:00,46820,2026-07-30 01:20:00,46880,2026-07-30 05:20:00
46762,2026-07-29 21:28:00,test,46403,46762,360,24,0.15,46777,2026-07-29 22:28:00,46792,2026-07-29 23:28:00,46822,2026-07-30 01:28:00,46882,2026-07-30 05:28:00
46763,2026-07-29 21:32:00,test,46404,46763,360,24,0.15,46778,2026-07-29 22:32:00,46793,2026-07-29 23:32:00,46823,2026-07-30 01:32:00,46883,2026-07-30 05:32:00
46764,2026-07-29 21:36:00,test,46405,46764,360,24,0.15,46779,2026-07-29 22:36:00,46794,2026-07-29 23:36:00,46824,2026-07-30 01:36:00,46884,2026-07-30 05:36:00
46765,2026-07-29 21:40:00,test,46406,46765,360,24,0.15,46780,2026-07-29 22:40:00,46795,2026-07-29 23:40:00,46825,2026-07-30 01:40:00,46885,2026-07-30 05:40:00
46766,2026-07-29 21:44:00,test,46407,46766,360,24,0.15,46781,2026-07-29 22:44:00,46796,2026-07-29 23:44:00,46826,2026-07-30 01:44:00,46886,2026-07-30 05:44:00
46767,2026-07-29 21:48:00,test,46408,46767,360,24,0.15,46782,2026-07-29 22:48:00,46797,2026-07-29 23:48:00,46827,2026-07-30 01:48:00,46887,2026-07-30 05:48:00
46768,2026-07-29 21:52:00,test,46409,46768,360,24,0.15,46783,2026-07-29 22:52:00,46798,2026-07-29 23:52:00,46828,2026-07-30 01:52:00,46888,2026-07-30 05:52:00
46769,2026-07-29 21:56:00,test,46410,46769,360,24,0.15,46784,2026-07-29 22:56:00,46799,2026-07-29 23:56:00,46829,2026-07-30 01:56:00,46889,2026-07-30 05:56:00
46771,2026-07-29 22:04:00,test,46412,46771,360,24,0.15,46786,2026-07-29 23:04:00,46801,2026-07-30 00:04:00,46831,2026-07-30 02:04:00,46891,2026-07-30 06:04:00
46772,2026-07-29 22:08:00,test,46413,46772,360,24,0.15,46787,2026-07-29 23:08:00,46802,2026-07-30 00:08:00,46832,2026-07-30 02:08:00,46892,2026-07-30 06:08:00
46773,2026-07-29 22:12:00,test,46414,46773,360,24,0.15,46788,2026-07-29 23:12:00,46803,2026-07-30 00:12:00,46833,2026-07-30 02:12:00,46893,2026-07-30 06:12:00
46775,2026-07-29 22:20:00,test,46416,46775,360,24,0.15,46790,2026-07-29 23:20:00,46805,2026-07-30 00:20:00,46835,2026-07-30 02:20:00,46895,2026-07-30 06:20:00
46777,2026-07-29 22:28:00,test,46418,46777,360,24,0.15,46792,2026-07-29 23:28:00,46807,2026-07-30 00:28:00,46837,2026-07-30 02:28:00,46897,2026-07-30 06:28:00
46778,2026-07-29 22:32:00,test,46419,46778,360,24,0.15,46793,2026-07-29 23:32:00,46808,2026-07-30 00:32:00,46838,2026-07-30 02:32:00,46898,2026-07-30 06:32:00
46779,2026-07-29 22:36:00,test,46420,46779,360,24,0.15,46794,2026-07-29 23:36:00,46809,2026-07-30 00:36:00,46839,2026-07-30 02:36:00,46899,2026-07-30 06:36:00
46780,2026-07-29 22:40:00,test,46421,46780,360,24,0.15,46795,2026-07-29 23:40:00,46810,2026-07-30 00:40:00,46840,2026-07-30 02:40:00,46900,2026-07-30 06:40:00
46781,2026-07-29 22:44:00,test,46422,46781,360,24,0.15,46796,2026-07-29 23:44:00,46811,2026-07-30 00:44:00,46841,2026-07-30 02:44:00,46901,2026-07-30 06:44:00
46782,2026-07-29 22:48:00,test,46423,46782,360,24,0.15,46797,2026-07-29 23:48:00,46812,2026-07-30 00:48:00,46842,2026-07-30 02:48:00,46902,2026-07-30 06:48:00
46784,2026-07-29 22:56:00,test,46425,46784,360,24,0.15,46799,2026-07-29 23:56:00,46814,2026-07-30 00:56:00,46844,2026-07-30 02:56:00,46904,2026-07-30 06:56:00
46785,2026-07-29 23:00:00,test,46426,46785,360,24,0.15,46800,2026-07-30 00:00:00,46815,2026-07-30 01:00:00,46845,2026-07-30 03:00:00,46905,2026-07-30 07:00:00
46786,2026-07-29 23:04:00,test,46427,46786,360,24,0.15,46801,2026-07-30 00:04:00,46816,2026-07-30 01:04:00,46846,2026-07-30 03:04:00,46906,2026-07-30 07:04:00
46787,2026-07-29 23:08:00,test,46428,46787,360,24,0.15,46802,2026-07-30 00:08:00,46817,2026-07-30 01:08:00,46847,2026-07-30 03:08:00,46907,2026-07-30 07:08:00
46788,2026-07-29 23:12:00,test,46429,46788,360,24,0.15,46803,2026-07-30 00:12:00,46818,2026-07-30 01:12:00,46848,2026-07-30 03:12:00,46908,2026-07-30 07:12:00
46789,2026-07-29 23:16:00,test,46430,46789,360,24,0.15,46804,2026-07-30 00:16:00,46819,2026-07-30 01:16:00,46849,2026-07-30 03:16:00,46909,2026-07-30 07:16:00
46790,2026-07-29 23:20:00,test,46431,46790,360,24,0.15,46805,2026-07-30 00:20:00,46820,2026-07-30 01:20:00,46850,2026-07-30 03:20:00,46910,2026-07-30 07:20:00
46791,2026-07-29 23:24:00,test,46432,46791,360,24,0.15,46806,2026-07-30 00:24:00,46821,2026-07-30 01:24:00,46851,2026-07-30 03:24:00,46911,2026-07-30 07:24:00
46792,2026-07-29 23:28:00,test,46433,46792,360,24,0.15,46807,2026-07-30 00:28:00,46822,2026-07-30 01:28:00,46852,2026-07-30 03:28:00,46912,2026-07-30 07:28:00
46793,2026-07-29 23:32:00,test,46434,46793,360,24,0.15,46808,2026-07-30 00:32:00,46823,2026-07-30 01:32:00,46853,2026-07-30 03:32:00,46913,2026-07-30 07:32:00
46794,2026-07-29 23:36:00,test,46435,46794,360,24,0.15,46809,2026-07-30 00:36:00,46824,2026-07-30 01:36:00,46854,2026-07-30 03:36:00,46914,2026-07-30 07:36:00
46795,2026-07-29 23:40:00,test,46436,46795,360,24,0.15,46810,2026-07-30 00:40:00,46825,2026-07-30 01:40:00,46855,2026-07-30 03:40:00,46915,2026-07-30 07:40:00
46796,2026-07-29 23:44:00,test,46437,46796,360,24,0.15,46811,2026-07-30 00:44:00,46826,2026-07-30 01:44:00,46856,2026-07-30 03:44:00,46916,2026-07-30 07:44:00
46797,2026-07-29 23:48:00,test,46438,46797,360,24,0.15,46812,2026-07-30 00:48:00,46827,2026-07-30 01:48:00,46857,2026-07-30 03:48:00,46917,2026-07-30 07:48:00
46798,2026-07-29 23:52:00,test,46439,46798,360,24,0.15,46813,2026-07-30 00:52:00,46828,2026-07-30 01:52:00,46858,2026-07-30 03:52:00,46918,2026-07-30 07:52:00
46799,2026-07-29 23:56:00,test,46440,46799,360,24,0.15,46814,2026-07-30 00:56:00,46829,2026-07-30 01:56:00,46859,2026-07-30 03:56:00,46919,2026-07-30 07:56:00
46801,2026-07-30 00:04:00,test,46442,46801,360,24,0.15,46816,2026-07-30 01:04:00,46831,2026-07-30 02:04:00,46861,2026-07-30 04:04:00,46921,2026-07-30 08:04:00
46802,2026-07-30 00:08:00,test,46443,46802,360,24,0.15,46817,2026-07-30 01:08:00,46832,2026-07-30 02:08:00,46862,2026-07-30 04:08:00,46922,2026-07-30 08:08:00
46803,2026-07-30 00:12:00,test,46444,46803,360,24,0.15,46818,2026-07-30 01:12:00,46833,2026-07-30 02:12:00,46863,2026-07-30 04:12:00,46923,2026-07-30 08:12:00
46804,2026-07-30 00:16:00,test,46445,46804,360,24,0.15,46819,2026-07-30 01:16:00,46834,2026-07-30 02:16:00,46864,2026-07-30 04:16:00,46924,2026-07-30 08:16:00
46805,2026-07-30 00:20:00,test,46446,46805,360,24,0.15,46820,2026-07-30 01:20:00,46835,2026-07-30 02:20:00,46865,2026-07-30 04:20:00,46925,2026-07-30 08:20:00
46806,2026-07-30 00:24:00,test,46447,46806,360,24,0.15,46821,2026-07-30 01:24:00,46836,2026-07-30 02:24:00,46866,2026-07-30 04:24:00,46926,2026-07-30 08:24:00
46808,2026-07-30 00:32:00,test,46449,46808,360,24,0.15,46823,2026-07-30 01:32:00,46838,2026-07-30 02:32:00,46868,2026-07-30 04:32:00,46928,2026-07-30 08:32:00
46809,2026-07-30 00:36:00,test,46450,46809,360,24,0.15,46824,2026-07-30 01:36:00,46839,2026-07-30 02:36:00,46869,2026-07-30 04:36:00,46929,2026-07-30 08:36:00
46810,2026-07-30 00:40:00,test,46451,46810,360,24,0.15,46825,2026-07-30 01:40:00,46840,2026-07-30 02:40:00,46870,2026-07-30 04:40:00,46930,2026-07-30 08:40:00
46811,2026-07-30 00:44:00,test,46452,46811,360,24,0.15,46826,2026-07-30 01:44:00,46841,2026-07-30 02:44:00,46871,2026-07-30 04:44:00,46931,2026-07-30 08:44:00
46812,2026-07-30 00:48:00,test,46453,46812,360,24,0.15,46827,2026-07-30 01:48:00,46842,2026-07-30 02:48:00,46872,2026-07-30 04:48:00,46932,2026-07-30 08:48:00
46813,2026-07-30 00:52:00,test,46454,46813,360,24,0.15,46828,2026-07-30 01:52:00,46843,2026-07-30 02:52:00,46873,2026-07-30 04:52:00,46933,2026-07-30 08:52:00
46814,2026-07-30 00:56:00,test,46455,46814,360,24,0.15,46829,2026-07-30 01:56:00,46844,2026-07-30 02:56:00,46874,2026-07-30 04:56:00,46934,2026-07-30 08:56:00
46816,2026-07-30 01:04:00,test,46457,46816,360,24,0.15,46831,2026-07-30 02:04:00,46846,2026-07-30 03:04:00,46876,2026-07-30 05:04:00,46936,2026-07-30 09:04:00
46817,2026-07-30 01:08:00,test,46458,46817,360,24,0.15,46832,2026-07-30 02:08:00,46847,2026-07-30 03:08:00,46877,2026-07-30 05:08:00,46937,2026-07-30 09:08:00
46818,2026-07-30 01:12:00,test,46459,46818,360,24,0.15,46833,2026-07-30 02:12:00,46848,2026-07-30 03:12:00,46878,2026-07-30 05:12:00,46938,2026-07-30 09:12:00
46819,2026-07-30 01:16:00,test,46460,46819,360,24,0.15,46834,2026-07-30 02:16:00,46849,2026-07-30 03:16:00,46879,2026-07-30 05:16:00,46939,2026-07-30 09:16:00
46820,2026-07-30 01:20:00,test,46461,46820,360,24,0.15,46835,2026-07-30 02:20:00,46850,2026-07-30 03:20:00,46880,2026-07-30 05:20:00,46940,2026-07-30 09:20:00
46821,2026-07-30 01:24:00,test,46462,46821,360,24,0.15,46836,2026-07-30 02:24:00,46851,2026-07-30 03:24:00,46881,2026-07-30 05:24:00,46941,2026-07-30 09:24:00
46823,2026-07-30 01:32:00,test,46464,46823,360,24,0.15,46838,2026-07-30 02:32:00,46853,2026-07-30 03:32:00,46883,2026-07-30 05:32:00,46943,2026-07-30 09:32:00
46824,2026-07-30 01:36:00,test,46465,46824,360,24,0.15,46839,2026-07-30 02:36:00,46854,2026-07-30 03:36:00,46884,2026-07-30 05:36:00,46944,2026-07-30 09:36:00
46825,2026-07-30 01:40:00,test,46466,46825,360,24,0.15,46840,2026-07-30 02:40:00,46855,2026-07-30 03:40:00,46885,2026-07-30 05:40:00,46945,2026-07-30 09:40:00
46826,2026-07-30 01:44:00,test,46467,46826,360,24,0.15,46841,2026-07-30 02:44:00,46856,2026-07-30 03:44:00,46886,2026-07-30 05:44:00,46946,2026-07-30 09:44:00
46827,2026-07-30 01:48:00,test,46468,46827,360,24,0.15,46842,2026-07-30 02:48:00,46857,2026-07-30 03:48:00,46887,2026-07-30 05:48:00,46947,2026-07-30 09:48:00
46828,2026-07-30 01:52:00,test,46469,46828,360,24,0.15,46843,2026-07-30 02:52:00,46858,2026-07-30 03:52:00,46888,2026-07-30 05:52:00,46948,2026-07-30 09:52:00
46829,2026-07-30 01:56:00,test,46470,46829,360,24,0.15,46844,2026-07-30 02:56:00,46859,2026-07-30 03:56:00,46889,2026-07-30 05:56:00,46949,2026-07-30 09:56:00
46830,2026-07-30 02:00:00,test,46471,46830,360,24,0.15,46845,2026-07-30 03:00:00,46860,2026-07-30 04:00:00,46890,2026-07-30 06:00:00,46950,2026-07-30 10:00:00
46831,2026-07-30 02:04:00,test,46472,46831,360,24,0.15,46846,2026-07-30 03:04:00,46861,2026-07-30 04:04:00,46891,2026-07-30 06:04:00,46951,2026-07-30 10:04:00
46832,2026-07-30 02:08:00,test,46473,46832,360,24,0.15,46847,2026-07-30 03:08:00,46862,2026-07-30 04:08:00,46892,2026-07-30 06:08:00,46952,2026-07-30 10:08:00
46833,2026-07-30 02:12:00,test,46474,46833,360,24,0.15,46848,2026-07-30 03:12:00,46863,2026-07-30 04:12:00,46893,2026-07-30 06:12:00,46953,2026-07-30 10:12:00
46835,2026-07-30 02:20:00,test,46476,46835,360,24,0.15,46850,2026-07-30 03:20:00,46865,2026-07-30 04:20:00,46895,2026-07-30 06:20:00,46955,2026-07-30 10:20:00
46836,2026-07-30 02:24:00,test,46477,46836,360,24,0.15,46851,2026-07-30 03:24:00,46866,2026-07-30 04:24:00,46896,2026-07-30 06:24:00,46956,2026-07-30 10:24:00
46839,2026-07-30 02:36:00,test,46480,46839,360,24,0.15,46854,2026-07-30 03:36:00,46869,2026-07-30 04:36:00,46899,2026-07-30 06:36:00,46959,2026-07-30 10:36:00
46840,2026-07-30 02:40:00,test,46481,46840,360,24,0.15,46855,2026-07-30 03:40:00,46870,2026-07-30 04:40:00,46900,2026-07-30 06:40:00,46960,2026-07-30 10:40:00
46841,2026-07-30 02:44:00,test,46482,46841,360,24,0.15,46856,2026-07-30 03:44:00,46871,2026-07-30 04:44:00,46901,2026-07-30 06:44:00,46961,2026-07-30 10:44:00
46842,2026-07-30 02:48:00,test,46483,46842,360,24,0.15,46857,2026-07-30 03:48:00,46872,2026-07-30 04:48:00,46902,2026-07-30 06:48:00,46962,2026-07-30 10:48:00
46844,2026-07-30 02:56:00,test,46485,46844,360,24,0.15,46859,2026-07-30 03:56:00,46874,2026-07-30 04:56:00,46904,2026-07-30 06:56:00,46964,2026-07-30 10:56:00
46845,2026-07-30 03:00:00,test,46486,46845,360,24,0.15,46860,2026-07-30 04:00:00,46875,2026-07-30 05:00:00,46905,2026-07-30 07:00:00,46965,2026-07-30 11:00:00
46846,2026-07-30 03:04:00,test,46487,46846,360,24,0.15,46861,2026-07-30 04:04:00,46876,2026-07-30 05:04:00,46906,2026-07-30 07:04:00,46966,2026-07-30 11:04:00
46847,2026-07-30 03:08:00,test,46488,46847,360,24,0.15,46862,2026-07-30 04:08:00,46877,2026-07-30 05:08:00,46907,2026-07-30 07:08:00,46967,2026-07-30 11:08:00
46848,2026-07-30 03:12:00,test,46489,46848,360,24,0.15,46863,2026-07-30 04:12:00,46878,2026-07-30 05:12:00,46908,2026-07-30 07:12:00,46968,2026-07-30 11:12:00
46849,2026-07-30 03:16:00,test,46490,46849,360,24,0.15,46864,2026-07-30 04:16:00,46879,2026-07-30 05:16:00,46909,2026-07-30 07:16:00,46969,2026-07-30 11:16:00
46850,2026-07-30 03:20:00,test,46491,46850,360,24,0.15,46865,2026-07-30 04:20:00,46880,2026-07-30 05:20:00,46910,2026-07-30 07:20:00,46970,2026-07-30 11:20:00
46851,2026-07-30 03:24:00,test,46492,46851,360,24,0.15,46866,2026-07-30 04:24:00,46881,2026-07-30 05:24:00,46911,2026-07-30 07:24:00,46971,2026-07-30 11:24:00
46853,2026-07-30 03:32:00,test,46494,46853,360,24,0.15,46868,2026-07-30 04:32:00,46883,2026-07-30 05:32:00,46913,2026-07-30 07:32:00,46973,2026-07-30 11:32:00
46854,2026-07-30 03:36:00,test,46495,46854,360,24,0.15,46869,2026-07-30 04:36:00,46884,2026-07-30 05:36:00,46914,2026-07-30 07:36:00,46974,2026-07-30 11:36:00
46857,2026-07-30 03:48:00,test,46498,46857,360,24,0.15,46872,2026-07-30 04:48:00,46887,2026-07-30 05:48:00,46917,2026-07-30 07:48:00,46977,2026-07-30 11:48:00
46858,2026-07-30 03:52:00,test,46499,46858,360,24,0.15,46873,2026-07-30 04:52:00,46888,2026-07-30 05:52:00,46918,2026-07-30 07:52:00,46978,2026-07-30 11:52:00
46859,2026-07-30 03:56:00,test,46500,46859,360,24,0.15,46874,2026-07-30 04:56:00,46889,2026-07-30 05:56:00,46919,2026-07-30 07:56:00,46979,2026-07-30 11:56:00
46860,2026-07-30 04:00:00,test,46501,46860,360,24,0.15,46875,2026-07-30 05:00:00,46890,2026-07-30 06:00:00,46920,2026-07-30 08:00:00,46980,2026-07-30 12:00:00
46861,2026-07-30 04:04:00,test,46502,46861,360,24,0.15,46876,2026-07-30 05:04:00,46891,2026-07-30 06:04:00,46921,2026-07-30 08:04:00,46981,2026-07-30 12:04:00
46862,2026-07-30 04:08:00,test,46503,46862,360,24,0.15,46877,2026-07-30 05:08:00,46892,2026-07-30 06:08:00,46922,2026-07-30 08:08:00,46982,2026-07-30 12:08:00
46863,2026-07-30 04:12:00,test,46504,46863,360,24,0.15,46878,2026-07-30 05:12:00,46893,2026-07-30 06:12:00,46923,2026-07-30 08:12:00,46983,2026-07-30 12:12:00
46865,2026-07-30 04:20:00,test,46506,46865,360,24,0.15,46880,2026-07-30 05:20:00,46895,2026-07-30 06:20:00,46925,2026-07-30 08:20:00,46985,2026-07-30 12:20:00
46866,2026-07-30 04:24:00,test,46507,46866,360,24,0.15,46881,2026-07-30 05:24:00,46896,2026-07-30 06:24:00,46926,2026-07-30 08:24:00,46986,2026-07-30 12:24:00
46867,2026-07-30 04:28:00,test,46508,46867,360,24,0.15,46882,2026-07-30 05:28:00,46897,2026-07-30 06:28:00,46927,2026-07-30 08:28:00,46987,2026-07-30 12:28:00
46869,2026-07-30 04:36:00,test,46510,46869,360,24,0.15,46884,2026-07-30 05:36:00,46899,2026-07-30 06:36:00,46929,2026-07-30 08:36:00,46989,2026-07-30 12:36:00
46870,2026-07-30 04:40:00,test,46511,46870,360,24,0.15,46885,2026-07-30 05:40:00,46900,2026-07-30 06:40:00,46930,2026-07-30 08:40:00,46990,2026-07-30 12:40:00
46872,2026-07-30 04:48:00,test,46513,46872,360,24,0.15,46887,2026-07-30 05:48:00,46902,2026-07-30 06:48:00,46932,2026-07-30 08:48:00,46992,2026-07-30 12:48:00
46874,2026-07-30 04:56:00,test,46515,46874,360,24,0.15,46889,2026-07-30 05:56:00,46904,2026-07-30 06:56:00,46934,2026-07-30 08:56:00,46994,2026-07-30 12:56:00
46875,2026-07-30 05:00:00,test,46516,46875,360,24,0.15,46890,2026-07-30 06:00:00,46905,2026-07-30 07:00:00,46935,2026-07-30 09:00:00,46995,2026-07-30 13:00:00
46876,2026-07-30 05:04:00,test,46517,46876,360,24,0.15,46891,2026-07-30 06:04:00,46906,2026-07-30 07:04:00,46936,2026-07-30 09:04:00,46996,2026-07-30 13:04:00
46877,2026-07-30 05:08:00,test,46518,46877,360,24,0.15,46892,2026-07-30 06:08:00,46907,2026-07-30 07:08:00,46937,2026-07-30 09:08:00,46997,2026-07-30 13:08:00
46878,2026-07-30 05:12:00,test,46519,46878,360,24,0.15,46893,2026-07-30 06:12:00,46908,2026-07-30 07:12:00,46938,2026-07-30 09:12:00,46998,2026-07-30 13:12:00
46880,2026-07-30 05:20:00,test,46521,46880,360,24,0.15,46895,2026-07-30 06:20:00,46910,2026-07-30 07:20:00,46940,2026-07-30 09:20:00,47000,2026-07-30 13:20:00
46881,2026-07-30 05:24:00,test,46522,46881,360,24,0.15,46896,2026-07-30 06:24:00,46911,2026-07-30 07:24:00,46941,2026-07-30 09:24:00,47001,2026-07-30 13:24:00
46883,2026-07-30 05:32:00,test,46524,46883,360,24,0.15,46898,2026-07-30 06:32:00,46913,2026-07-30 07:32:00,46943,2026-07-30 09:32:00,47003,2026-07-30 13:32:00
46884,2026-07-30 05:36:00,test,46525,46884,360,24,0.15,46899,2026-07-30 06:36:00,46914,2026-07-30 07:36:00,46944,2026-07-30 09:36:00,47004,2026-07-30 13:36:00
46885,2026-07-30 05:40:00,test,46526,46885,360,24,0.15,46900,2026-07-30 06:40:00,46915,2026-07-30 07:40:00,46945,2026-07-30 09:40:00,47005,2026-07-30 13:40:00
46887,2026-07-30 05:48:00,test,46528,46887,360,24,0.15,46902,2026-07-30 06:48:00,46917,2026-07-30 07:48:00,46947,2026-07-30 09:48:00,47007,2026-07-30 13:48:00
46889,2026-07-30 05:56:00,test,46530,46889,360,24,0.15,46904,2026-07-30 06:56:00,46919,2026-07-30 07:56:00,46949,2026-07-30 09:56:00,47009,2026-07-30 13:56:00
46890,2026-07-30 06:00:00,test,46531,46890,360,24,0.15,46905,2026-07-30 07:00:00,46920,2026-07-30 08:00:00,46950,2026-07-30 10:00:00,47010,2026-07-30 14:00:00
46891,2026-07-30 06:04:00,test,46532,46891,360,24,0.15,46906,2026-07-30 07:04:00,46921,2026-07-30 08:04:00,46951,2026-07-30 10:04:00,47011,2026-07-30 14:04:00
46892,2026-07-30 06:08:00,test,46533,46892,360,24,0.15,46907,2026-07-30 07:08:00,46922,2026-07-30 08:08:00,46952,2026-07-30 10:08:00,47012,2026-07-30 14:08:00
46893,2026-07-30 06:12:00,test,46534,46893,360,24,0.15,46908,2026-07-30 07:12:00,46923,2026-07-30 08:12:00,46953,2026-07-30 10:12:00,47013,2026-07-30 14:12:00
46894,2026-07-30 06:16:00,test,46535,46894,360,24,0.15,46909,2026-07-30 07:16:00,46924,2026-07-30 08:16:00,46954,2026-07-30 10:16:00,47014,2026-07-30 14:16:00
46895,2026-07-30 06:20:00,test,46536,46895,360,24,0.15,46910,2026-07-30 07:20:00,46925,2026-07-30 08:20:00,46955,2026-07-30 10:20:00,47015,2026-07-30 14:20:00
46896,2026-07-30 06:24:00,test,46537,46896,360,24,0.15,46911,2026-07-30 07:24:00,46926,2026-07-30 08:24:00,46956,2026-07-30 10:24:00,47016,2026-07-30 14:24:00
46897,2026-07-30 06:28:00,test,46538,46897,360,24,0.15,46912,2026-07-30 07:28:00,46927,2026-07-30 08:28:00,46957,2026-07-30 10:28:00,47017,2026-07-30 14:28:00
46899,2026-07-30 06:36:00,test,46540,46899,360,24,0.15,46914,2026-07-30 07:36:00,46929,2026-07-30 08:36:00,46959,2026-07-30 10:36:00,47019,2026-07-30 14:36:00
46900,2026-07-30 06:40:00,test,46541,46900,360,24,0.15,46915,2026-07-30 07:40:00,46930,2026-07-30 08:40:00,46960,2026-07-30 10:40:00,47020,2026-07-30 14:40:00
46901,2026-07-30 06:44:00,test,46542,46901,360,24,0.15,46916,2026-07-30 07:44:00,46931,2026-07-30 08:44:00,46961,2026-07-30 10:44:00,47021,2026-07-30 14:44:00
46902,2026-07-30 06:48:00,test,46543,46902,360,24,0.15,46917,2026-07-30 07:48:00,46932,2026-07-30 08:48:00,46962,2026-07-30 10:48:00,47022,2026-07-30 14:48:00
46903,2026-07-30 06:52:00,test,46544,46903,360,24,0.15,46918,2026-07-30 07:52:00,46933,2026-07-30 08:52:00,46963,2026-07-30 10:52:00,47023,2026-07-30 14:52:00
46905,2026-07-30 07:00:00,test,46546,46905,360,24,0.15,46920,2026-07-30 08:00:00,46935,2026-07-30 09:00:00,46965,2026-07-30 11:00:00,47025,2026-07-30 15:00:00
46906,2026-07-30 07:04:00,test,46547,46906,360,24,0.15,46921,2026-07-30 08:04:00,46936,2026-07-30 09:04:00,46966,2026-07-30 11:04:00,47026,2026-07-30 15:04:00
46907,2026-07-30 07:08:00,test,46548,46907,360,24,0.15,46922,2026-07-30 08:08:00,46937,2026-07-30 09:08:00,46967,2026-07-30 11:08:00,47027,2026-07-30 15:08:00
46908,2026-07-30 07:12:00,test,46549,46908,360,24,0.15,46923,2026-07-30 08:12:00,46938,2026-07-30 09:12:00,46968,2026-07-30 11:12:00,47028,2026-07-30 15:12:00
46909,2026-07-30 07:16:00,test,46550,46909,360,24,0.15,46924,2026-07-30 08:16:00,46939,2026-07-30 09:16:00,46969,2026-07-30 11:16:00,47029,2026-07-30 15:16:00
46910,2026-07-30 07:20:00,test,46551,46910,360,24,0.15,46925,2026-07-30 08:20:00,46940,2026-07-30 09:20:00,46970,2026-07-30 11:20:00,47030,2026-07-30 15:20:00
46911,2026-07-30 07:24:00,test,46552,46911,360,24,0.15,46926,2026-07-30 08:24:00,46941,2026-07-30 09:24:00,46971,2026-07-30 11:24:00,47031,2026-07-30 15:24:00
46913,2026-07-30 07:32:00,test,46554,46913,360,24,0.15,46928,2026-07-30 08:32:00,46943,2026-07-30 09:32:00,46973,2026-07-30 11:32:00,47033,2026-07-30 15:32:00
46914,2026-07-30 07:36:00,test,46555,46914,360,24,0.15,46929,2026-07-30 08:36:00,46944,2026-07-30 09:36:00,46974,2026-07-30 11:36:00,47034,2026-07-30 15:36:00
46917,2026-07-30 07:48:00,test,46558,46917,360,24,0.15,46932,2026-07-30 08:48:00,46947,2026-07-30 09:48:00,46977,2026-07-30 11:48:00,47037,2026-07-30 15:48:00
46920,2026-07-30 08:00:00,test,46561,46920,360,24,0.15,46935,2026-07-30 09:00:00,46950,2026-07-30 10:00:00,46980,2026-07-30 12:00:00,47040,2026-07-30 16:00:00
46922,2026-07-30 08:08:00,test,46563,46922,360,24,0.15,46937,2026-07-30 09:08:00,46952,2026-07-30 10:08:00,46982,2026-07-30 12:08:00,47042,2026-07-30 16:08:00
46924,2026-07-30 08:16:00,test,46565,46924,360,24,0.15,46939,2026-07-30 09:16:00,46954,2026-07-30 10:16:00,46984,2026-07-30 12:16:00,47044,2026-07-30 16:16:00
46926,2026-07-30 08:24:00,test,46567,46926,360,24,0.15,46941,2026-07-30 09:24:00,46956,2026-07-30 10:24:00,46986,2026-07-30 12:24:00,47046,2026-07-30 16:24:00
46930,2026-07-30 08:40:00,test,46571,46930,360,24,0.15,46945,2026-07-30 09:40:00,46960,2026-07-30 10:40:00,46990,2026-07-30 12:40:00,47050,2026-07-30 16:40:00
46932,2026-07-30 08:48:00,test,46573,46932,360,24,0.15,46947,2026-07-30 09:48:00,46962,2026-07-30 10:48:00,46992,2026-07-30 12:48:00,47052,2026-07-30 16:48:00
46934,2026-07-30 08:56:00,test,46575,46934,360,24,0.15,46949,2026-07-30 09:56:00,46964,2026-07-30 10:56:00,46994,2026-07-30 12:56:00,47054,2026-07-30 16:56:00
46935,2026-07-30 09:00:00,test,46576,46935,360,24,0.15,46950,2026-07-30 10:00:00,46965,2026-07-30 11:00:00,46995,2026-07-30 13:00:00,47055,2026-07-30 17:00:00
46936,2026-07-30 09:04:00,test,46577,46936,360,24,0.15,46951,2026-07-30 10:04:00,46966,2026-07-30 11:04:00,46996,2026-07-30 13:04:00,47056,2026-07-30 17:04:00
46937,2026-07-30 09:08:00,test,46578,46937,360,24,0.15,46952,2026-07-30 10:08:00,46967,2026-07-30 11:08:00,46997,2026-07-30 13:08:00,47057,2026-07-30 17:08:00
46938,2026-07-30 09:12:00,test,46579,46938,360,24,0.15,46953,2026-07-30 10:12:00,46968,2026-07-30 11:12:00,46998,2026-07-30 13:12:00,47058,2026-07-30 17:12:00
46939,2026-07-30 09:16:00,test,46580,46939,360,24,0.15,46954,2026-07-30 10:16:00,46969,2026-07-30 11:16:00,46999,2026-07-30 13:16:00,47059,2026-07-30 17:16:00
46941,2026-07-30 09:24:00,test,46582,46941,360,24,0.15,46956,2026-07-30 10:24:00,46971,2026-07-30 11:24:00,47001,2026-07-30 13:24:00,47061,2026-07-30 17:24:00
46944,2026-07-30 09:36:00,test,46585,46944,360,24,0.15,46959,2026-07-30 10:36:00,46974,2026-07-30 11:36:00,47004,2026-07-30 13:36:00,47064,2026-07-30 17:36:00
46948,2026-07-30 09:52:00,test,46589,46948,360,24,0.15,46963,2026-07-30 10:52:00,46978,2026-07-30 11:52:00,47008,2026-07-30 13:52:00,47068,2026-07-30 17:52:00
46950,2026-07-30 10:00:00,test,46591,46950,360,24,0.15,46965,2026-07-30 11:00:00,46980,2026-07-30 12:00:00,47010,2026-07-30 14:00:00,47070,2026-07-30 18:00:00
46951,2026-07-30 10:04:00,test,46592,46951,360,24,0.15,46966,2026-07-30 11:04:00,46981,2026-07-30 12:04:00,47011,2026-07-30 14:04:00,47071,2026-07-30 18:04:00
46952,2026-07-30 10:08:00,test,46593,46952,360,24,0.15,46967,2026-07-30 11:08:00,46982,2026-07-30 12:08:00,47012,2026-07-30 14:08:00,47072,2026-07-30 18:08:00
46954,2026-07-30 10:16:00,test,46595,46954,360,24,0.15,46969,2026-07-30 11:16:00,46984,2026-07-30 12:16:00,47014,2026-07-30 14:16:00,47074,2026-07-30 18:16:00
46955,2026-07-30 10:20:00,test,46596,46955,360,24,0.15,46970,2026-07-30 11:20:00,46985,2026-07-30 12:20:00,47015,2026-07-30 14:20:00,47075,2026-07-30 18:20:00
46956,2026-07-30 10:24:00,test,46597,46956,360,24,0.15,46971,2026-07-30 11:24:00,46986,2026-07-30 12:24:00,47016,2026-07-30 14:24:00,47076,2026-07-30 18:24:00
46959,2026-07-30 10:36:00,test,46600,46959,360,24,0.15,46974,2026-07-30 11:36:00,46989,2026-07-30 12:36:00,47019,2026-07-30 14:36:00,47079,2026-07-30 18:36:00
46963,2026-07-30 10:52:00,test,46604,46963,360,24,0.15,46978,2026-07-30 11:52:00,46993,2026-07-30 12:52:00,47023,2026-07-30 14:52:00,47083,2026-07-30 18:52:00
46966,2026-07-30 11:04:00,test,46607,46966,360,24,0.15,46981,2026-07-30 12:04:00,46996,2026-07-30 13:04:00,47026,2026-07-30 15:04:00,47086,2026-07-30 19:04:00
46967,2026-07-30 11:08:00,test,46608,46967,360,24,0.15,46982,2026-07-30 12:08:00,46997,2026-07-30 13:08:00,47027,2026-07-30 15:08:00,47087,2026-07-30 19:08:00
46968,2026-07-30 11:12:00,test,46609,46968,360,24,0.15,46983,2026-07-30 12:12:00,46998,2026-07-30 13:12:00,47028,2026-07-30 15:12:00,47088,2026-07-30 19:12:00
46969,2026-07-30 11:16:00,test,46610,46969,360,24,0.15,46984,2026-07-30 12:16:00,46999,2026-07-30 13:16:00,47029,2026-07-30 15:16:00,47089,2026-07-30 19:16:00
46970,2026-07-30 11:20:00,test,46611,46970,360,24,0.15,46985,2026-07-30 12:20:00,47000,2026-07-30 13:20:00,47030,2026-07-30 15:20:00,47090,2026-07-30 19:20:00
46971,2026-07-30 11:24:00,test,46612,46971,360,24,0.15,46986,2026-07-30 12:24:00,47001,2026-07-30 13:24:00,47031,2026-07-30 15:24:00,47091,2026-07-30 19:24:00
46974,2026-07-30 11:36:00,test,46615,46974,360,24,0.15,46989,2026-07-30 12:36:00,47004,2026-07-30 13:36:00,47034,2026-07-30 15:36:00,47094,2026-07-30 19:36:00
46975,2026-07-30 11:40:00,test,46616,46975,360,24,0.15,46990,2026-07-30 12:40:00,47005,2026-07-30 13:40:00,47035,2026-07-30 15:40:00,47095,2026-07-30 19:40:00
46977,2026-07-30 11:48:00,test,46618,46977,360,24,0.15,46992,2026-07-30 12:48:00,47007,2026-07-30 13:48:00,47037,2026-07-30 15:48:00,47097,2026-07-30 19:48:00
46980,2026-07-30 12:00:00,test,46621,46980,360,24,0.15,46995,2026-07-30 13:00:00,47010,2026-07-30 14:00:00,47040,2026-07-30 16:00:00,47100,2026-07-30 20:00:00
46982,2026-07-30 12:08:00,test,46623,46982,360,24,0.15,46997,2026-07-30 13:08:00,47012,2026-07-30 14:08:00,47042,2026-07-30 16:08:00,47102,2026-07-30 20:08:00
46984,2026-07-30 12:16:00,test,46625,46984,360,24,0.15,46999,2026-07-30 13:16:00,47014,2026-07-30 14:16:00,47044,2026-07-30 16:16:00,47104,2026-07-30 20:16:00
46986,2026-07-30 12:24:00,test,46627,46986,360,24,0.15,47001,2026-07-30 13:24:00,47016,2026-07-30 14:24:00,47046,2026-07-30 16:24:00,47106,2026-07-30 20:24:00
46988,2026-07-30 12:32:00,test,46629,46988,360,24,0.15,47003,2026-07-30 13:32:00,47018,2026-07-30 14:32:00,47048,2026-07-30 16:32:00,47108,2026-07-30 20:32:00
46990,2026-07-30 12:40:00,test,46631,46990,360,24,0.15,47005,2026-07-30 13:40:00,47020,2026-07-30 14:40:00,47050,2026-07-30 16:40:00,47110,2026-07-30 20:40:00
46992,2026-07-30 12:48:00,test,46633,46992,360,24,0.15,47007,2026-07-30 13:48:00,47022,2026-07-30 14:48:00,47052,2026-07-30 16:48:00,47112,2026-07-30 20:48:00
46995,2026-07-30 13:00:00,test,46636,46995,360,24,0.15,47010,2026-07-30 14:00:00,47025,2026-07-30 15:00:00,47055,2026-07-30 17:00:00,47115,2026-07-30 21:00:00
46998,2026-07-30 13:12:00,test,46639,46998,360,24,0.15,47013,2026-07-30 14:12:00,47028,2026-07-30 15:12:00,47058,2026-07-30 17:12:00,47118,2026-07-30 21:12:00
46999,2026-07-30 13:16:00,test,46640,46999,360,24,0.15,47014,2026-07-30 14:16:00,47029,2026-07-30 15:16:00,47059,2026-07-30 17:16:00,47119,2026-07-30 21:16:00
47001,2026-07-30 13:24:00,test,46642,47001,360,24,0.15,47016,2026-07-30 14:24:00,47031,2026-07-30 15:24:00,47061,2026-07-30 17:24:00,47121,2026-07-30 21:24:00
47004,2026-07-30 13:36:00,test,46645,47004,360,24,0.15,47019,2026-07-30 14:36:00,47034,2026-07-30 15:36:00,47064,2026-07-30 17:36:00,47124,2026-07-30 21:36:00
47006,2026-07-30 13:44:00,test,46647,47006,360,24,0.15,47021,2026-07-30 14:44:00,47036,2026-07-30 15:44:00,47066,2026-07-30 17:44:00,47126,2026-07-30 21:44:00
47010,2026-07-30 14:00:00,test,46651,47010,360,24,0.15,47025,2026-07-30 15:00:00,47040,2026-07-30 16:00:00,47070,2026-07-30 18:00:00,47130,2026-07-30 22:00:00
47012,2026-07-30 14:08:00,test,46653,47012,360,24,0.15,47027,2026-07-30 15:08:00,47042,2026-07-30 16:08:00,47072,2026-07-30 18:08:00,47132,2026-07-30 22:08:00
47014,2026-07-30 14:16:00,test,46655,47014,360,24,0.15,47029,2026-07-30 15:16:00,47044,2026-07-30 16:16:00,47074,2026-07-30 18:16:00,47134,2026-07-30 22:16:00
47016,2026-07-30 14:24:00,test,46657,47016,360,24,0.15,47031,2026-07-30 15:24:00,47046,2026-07-30 16:24:00,47076,2026-07-30 18:24:00,47136,2026-07-30 22:24:00
47018,2026-07-30 14:32:00,test,46659,47018,360,24,0.15,47033,2026-07-30 15:32:00,47048,2026-07-30 16:32:00,47078,2026-07-30 18:32:00,47138,2026-07-30 22:32:00
47021,2026-07-30 14:44:00,test,46662,47021,360,24,0.15,47036,2026-07-30 15:44:00,47051,2026-07-30 16:44:00,47081,2026-07-30 18:44:00,47141,2026-07-30 22:44:00
47027,2026-07-30 15:08:00,test,46668,47027,360,24,0.15,47042,2026-07-30 16:08:00,47057,2026-07-30 17:08:00,47087,2026-07-30 19:08:00,47147,2026-07-30 23:08:00
47029,2026-07-30 15:16:00,test,46670,47029,360,24,0.15,47044,2026-07-30 16:16:00,47059,2026-07-30 17:16:00,47089,2026-07-30 19:16:00,47149,2026-07-30 23:16:00
47031,2026-07-30 15:24:00,test,46672,47031,360,24,0.15,47046,2026-07-30 16:24:00,47061,2026-07-30 17:24:00,47091,2026-07-30 19:24:00,47151,2026-07-30 23:24:00
47032,2026-07-30 15:28:00,test,46673,47032,360,24,0.15,47047,2026-07-30 16:28:00,47062,2026-07-30 17:28:00,47092,2026-07-30 19:28:00,47152,2026-07-30 23:28:00
47040,2026-07-30 16:00:00,test,46681,47040,360,24,0.15,47055,2026-07-30 17:00:00,47070,2026-07-30 18:00:00,47100,2026-07-30 20:00:00,47160,2026-07-31 00:00:00
47041,2026-07-30 16:04:00,test,46682,47041,360,24,0.15,47056,2026-07-30 17:04:00,47071,2026-07-30 18:04:00,47101,2026-07-30 20:04:00,47161,2026-07-31 00:04:00
47042,2026-07-30 16:08:00,test,46683,47042,360,24,0.15,47057,2026-07-30 17:08:00,47072,2026-07-30 18:08:00,47102,2026-07-30 20:08:00,47162,2026-07-31 00:08:00
47044,2026-07-30 16:16:00,test,46685,47044,360,24,0.15,47059,2026-07-30 17:16:00,47074,2026-07-30 18:16:00,47104,2026-07-30 20:16:00,47164,2026-07-31 00:16:00
47046,2026-07-30 16:24:00,test,46687,47046,360,24,0.15,47061,2026-07-30 17:24:00,47076,2026-07-30 18:24:00,47106,2026-07-30 20:24:00,47166,2026-07-31 00:24:00
47049,2026-07-30 16:36:00,test,46690,47049,360,24,0.15,47064,2026-07-30 17:36:00,47079,2026-07-30 18:36:00,47109,2026-07-30 20:36:00,47169,2026-07-31 00:36:00
47053,2026-07-30 16:52:00,test,46694,47053,360,24,0.15,47068,2026-07-30 17:52:00,47083,2026-07-30 18:52:00,47113,2026-07-30 20:52:00,47173,2026-07-31 00:52:00
47059,2026-07-30 17:16:00,test,46700,47059,360,24,0.15,47074,2026-07-30 18:16:00,47089,2026-07-30 19:16:00,47119,2026-07-30 21:16:00,47179,2026-07-31 01:16:00
47061,2026-07-30 17:24:00,test,46702,47061,360,24,0.15,47076,2026-07-30 18:24:00,47091,2026-07-30 19:24:00,47121,2026-07-30 21:24:00,47181,2026-07-31 01:24:00
47064,2026-07-30 17:36:00,test,46705,47064,360,24,0.15,47079,2026-07-30 18:36:00,47094,2026-07-30 19:36:00,47124,2026-07-30 21:36:00,47184,2026-07-31 01:36:00
47068,2026-07-30 17:52:00,test,46709,47068,360,24,0.15,47083,2026-07-30 18:52:00,47098,2026-07-30 19:52:00,47128,2026-07-30 21:52:00,47188,2026-07-31 01:52:00
47072,2026-07-30 18:08:00,test,46713,47072,360,24,0.15,47087,2026-07-30 19:08:00,47102,2026-07-30 20:08:00,47132,2026-07-30 22:08:00,47192,2026-07-31 02:08:00
47073,2026-07-30 18:12:00,test,46714,47073,360,24,0.15,47088,2026-07-30 19:12:00,47103,2026-07-30 20:12:00,47133,2026-07-30 22:12:00,47193,2026-07-31 02:12:00
47074,2026-07-30 18:16:00,test,46715,47074,360,24,0.15,47089,2026-07-30 19:16:00,47104,2026-07-30 20:16:00,47134,2026-07-30 22:16:00,47194,2026-07-31 02:16:00
47076,2026-07-30 18:24:00,test,46717,47076,360,24,0.15,47091,2026-07-30 19:24:00,47106,2026-07-30 20:24:00,47136,2026-07-30 22:24:00,47196,2026-07-31 02:24:00
47079,2026-07-30 18:36:00,test,46720,47079,360,24,0.15,47094,2026-07-30 19:36:00,47109,2026-07-30 20:36:00,47139,2026-07-30 22:36:00,47199,2026-07-31 02:36:00
47082,2026-07-30 18:48:00,test,46723,47082,360,24,0.15,47097,2026-07-30 19:48:00,47112,2026-07-30 20:48:00,47142,2026-07-30 22:48:00,47202,2026-07-31 02:48:00
47083,2026-07-30 18:52:00,test,46724,47083,360,24,0.15,47098,2026-07-30 19:52:00,47113,2026-07-30 20:52:00,47143,2026-07-30 22:52:00,47203,2026-07-31 02:52:00
47085,2026-07-30 19:00:00,test,46726,47085,360,24,0.15,47100,2026-07-30 20:00:00,47115,2026-07-30 21:00:00,47145,2026-07-30 23:00:00,47205,2026-07-31 03:00:00
47089,2026-07-30 19:16:00,test,46730,47089,360,24,0.15,47104,2026-07-30 20:16:00,47119,2026-07-30 21:16:00,47149,2026-07-30 23:16:00,47209,2026-07-31 03:16:00
47091,2026-07-30 19:24:00,test,46732,47091,360,24,0.15,47106,2026-07-30 20:24:00,47121,2026-07-30 21:24:00,47151,2026-07-30 23:24:00,47211,2026-07-31 03:24:00
47093,2026-07-30 19:32:00,test,46734,47093,360,24,0.15,47108,2026-07-30 20:32:00,47123,2026-07-30 21:32:00,47153,2026-07-30 23:32:00,47213,2026-07-31 03:32:00
47094,2026-07-30 19:36:00,test,46735,47094,360,24,0.15,47109,2026-07-30 20:36:00,47124,2026-07-30 21:36:00,47154,2026-07-30 23:36:00,47214,2026-07-31 03:36:00
47098,2026-07-30 19:52:00,test,46739,47098,360,24,0.15,47113,2026-07-30 20:52:00,47128,2026-07-30 21:52:00,47158,2026-07-30 23:52:00,47218,2026-07-31 03:52:00
47100,2026-07-30 20:00:00,test,46741,47100,360,24,0.15,47115,2026-07-30 21:00:00,47130,2026-07-30 22:00:00,47160,2026-07-31 00:00:00,47220,2026-07-31 04:00:00
47103,2026-07-30 20:12:00,test,46744,47103,360,24,0.15,47118,2026-07-30 21:12:00,47133,2026-07-30 22:12:00,47163,2026-07-31 00:12:00,47223,2026-07-31 04:12:00
47106,2026-07-30 20:24:00,test,46747,47106,360,24,0.15,47121,2026-07-30 21:24:00,47136,2026-07-30 22:24:00,47166,2026-07-31 00:24:00,47226,2026-07-31 04:24:00
47107,2026-07-30 20:28:00,test,46748,47107,360,24,0.15,47122,2026-07-30 21:28:00,47137,2026-07-30 22:28:00,47167,2026-07-31 00:28:00,47227,2026-07-31 04:28:00
47108,2026-07-30 20:32:00,test,46749,47108,360,24,0.15,47123,2026-07-30 21:32:00,47138,2026-07-30 22:32:00,47168,2026-07-31 00:32:00,47228,2026-07-31 04:32:00
47109,2026-07-30 20:36:00,test,46750,47109,360,24,0.15,47124,2026-07-30 21:36:00,47139,2026-07-30 22:36:00,47169,2026-07-31 00:36:00,47229,2026-07-31 04:36:00
47110,2026-07-30 20:40:00,test,46751,47110,360,24,0.15,47125,2026-07-30 21:40:00,47140,2026-07-30 22:40:00,47170,2026-07-31 00:40:00,47230,2026-07-31 04:40:00
47112,2026-07-30 20:48:00,test,46753,47112,360,24,0.15,47127,2026-07-30 21:48:00,47142,2026-07-30 22:48:00,47172,2026-07-31 00:48:00,47232,2026-07-31 04:48:00
47113,2026-07-30 20:52:00,test,46754,47113,360,24,0.15,47128,2026-07-30 21:52:00,47143,2026-07-30 22:52:00,47173,2026-07-31 00:52:00,47233,2026-07-31 04:52:00
47117,2026-07-30 21:08:00,test,46758,47117,360,24,0.15,47132,2026-07-30 22:08:00,47147,2026-07-30 23:08:00,47177,2026-07-31 01:08:00,47237,2026-07-31 05:08:00
47118,2026-07-30 21:12:00,test,46759,47118,360,24,0.15,47133,2026-07-30 22:12:00,47148,2026-07-30 23:12:00,47178,2026-07-31 01:12:00,47238,2026-07-31 05:12:00
47119,2026-07-30 21:16:00,test,46760,47119,360,24,0.15,47134,2026-07-30 22:16:00,47149,2026-07-30 23:16:00,47179,2026-07-31 01:16:00,47239,2026-07-31 05:16:00
47122,2026-07-30 21:28:00,test,46763,47122,360,24,0.15,47137,2026-07-30 22:28:00,47152,2026-07-30 23:28:00,47182,2026-07-31 01:28:00,47242,2026-07-31 05:28:00
47125,2026-07-30 21:40:00,test,46766,47125,360,24,0.15,47140,2026-07-30 22:40:00,47155,2026-07-30 23:40:00,47185,2026-07-31 01:40:00,47245,2026-07-31 05:40:00
47127,2026-07-30 21:48:00,test,46768,47127,360,24,0.15,47142,2026-07-30 22:48:00,47157,2026-07-30 23:48:00,47187,2026-07-31 01:48:00,47247,2026-07-31 05:48:00
47132,2026-07-30 22:08:00,test,46773,47132,360,24,0.15,47147,2026-07-30 23:08:00,47162,2026-07-31 00:08:00,47192,2026-07-31 02:08:00,47252,2026-07-31 06:08:00
47133,2026-07-30 22:12:00,test,46774,47133,360,24,0.15,47148,2026-07-30 23:12:00,47163,2026-07-31 00:12:00,47193,2026-07-31 02:12:00,47253,2026-07-31 06:12:00
47134,2026-07-30 22:16:00,test,46775,47134,360,24,0.15,47149,2026-07-30 23:16:00,47164,2026-07-31 00:16:00,47194,2026-07-31 02:16:00,47254,2026-07-31 06:16:00
47135,2026-07-30 22:20:00,test,46776,47135,360,24,0.15,47150,2026-07-30 23:20:00,47165,2026-07-31 00:20:00,47195,2026-07-31 02:20:00,47255,2026-07-31 06:20:00
47136,2026-07-30 22:24:00,test,46777,47136,360,24,0.15,47151,2026-07-30 23:24:00,47166,2026-07-31 00:24:00,47196,2026-07-31 02:24:00,47256,2026-07-31 06:24:00
47138,2026-07-30 22:32:00,test,46779,47138,360,24,0.15,47153,2026-07-30 23:32:00,47168,2026-07-31 00:32:00,47198,2026-07-31 02:32:00,47258,2026-07-31 06:32:00
47139,2026-07-30 22:36:00,test,46780,47139,360,24,0.15,47154,2026-07-30 23:36:00,47169,2026-07-31 00:36:00,47199,2026-07-31 02:36:00,47259,2026-07-31 06:36:00
47142,2026-07-30 22:48:00,test,46783,47142,360,24,0.15,47157,2026-07-30 23:48:00,47172,2026-07-31 00:48:00,47202,2026-07-31 02:48:00,47262,2026-07-31 06:48:00
47143,2026-07-30 22:52:00,test,46784,47143,360,24,0.15,47158,2026-07-30 23:52:00,47173,2026-07-31 00:52:00,47203,2026-07-31 02:52:00,47263,2026-07-31 06:52:00
47147,2026-07-30 23:08:00,test,46788,47147,360,24,0.15,47162,2026-07-31 00:08:00,47177,2026-07-31 01:08:00,47207,2026-07-31 03:08:00,47267,2026-07-31 07:08:00
47152,2026-07-30 23:28:00,test,46793,47152,360,24,0.15,47167,2026-07-31 00:28:00,47182,2026-07-31 01:28:00,47212,2026-07-31 03:28:00,47272,2026-07-31 07:28:00
47154,2026-07-30 23:36:00,test,46795,47154,360,24,0.15,47169,2026-07-31 00:36:00,47184,2026-07-31 01:36:00,47214,2026-07-31 03:36:00,47274,2026-07-31 07:36:00
47158,2026-07-30 23:52:00,test,46799,47158,360,24,0.15,47173,2026-07-31 00:52:00,47188,2026-07-31 01:52:00,47218,2026-07-31 03:52:00,47278,2026-07-31 07:52:00
47159,2026-07-30 23:56:00,test,46800,47159,360,24,0.15,47174,2026-07-31 00:56:00,47189,2026-07-31 01:56:00,47219,2026-07-31 03:56:00,47279,2026-07-31 07:56:00
47162,2026-07-31 00:08:00,test,46803,47162,360,24,0.15,47177,2026-07-31 01:08:00,47192,2026-07-31 02:08:00,47222,2026-07-31 04:08:00,47282,2026-07-31 08:08:00
47163,2026-07-31 00:12:00,test,46804,47163,360,24,0.15,47178,2026-07-31 01:12:00,47193,2026-07-31 02:12:00,47223,2026-07-31 04:12:00,47283,2026-07-31 08:12:00
47167,2026-07-31 00:28:00,test,46808,47167,360,24,0.15,47182,2026-07-31 01:28:00,47197,2026-07-31 02:28:00,47227,2026-07-31 04:28:00,47287,2026-07-31 08:28:00
47169,2026-07-31 00:36:00,test,46810,47169,360,24,0.15,47184,2026-07-31 01:36:00,47199,2026-07-31 02:36:00,47229,2026-07-31 04:36:00,47289,2026-07-31 08:36:00
47171,2026-07-31 00:44:00,test,46812,47171,360,24,0.15,47186,2026-07-31 01:44:00,47201,2026-07-31 02:44:00,47231,2026-07-31 04:44:00,47291,2026-07-31 08:44:00
47172,2026-07-31 00:48:00,test,46813,47172,360,24,0.15,47187,2026-07-31 01:48:00,47202,2026-07-31 02:48:00,47232,2026-07-31 04:48:00,47292,2026-07-31 08:48:00
47177,2026-07-31 01:08:00,test,46818,47177,360,24,0.15,47192,2026-07-31 02:08:00,47207,2026-07-31 03:08:00,47237,2026-07-31 05:08:00,47297,2026-07-31 09:08:00
47179,2026-07-31 01:16:00,test,46820,47179,360,24,0.15,47194,2026-07-31 02:16:00,47209,2026-07-31 03:16:00,47239,2026-07-31 05:16:00,47299,2026-07-31 09:16:00
47182,2026-07-31 01:28:00,test,46823,47182,360,24,0.15,47197,2026-07-31 02:28:00,47212,2026-07-31 03:28:00,47242,2026-07-31 05:28:00,47302,2026-07-31 09:28:00
47183,2026-07-31 01:32:00,test,46824,47183,360,24,0.15,47198,2026-07-31 02:32:00,47213,2026-07-31 03:32:00,47243,2026-07-31 05:32:00,47303,2026-07-31 09:32:00
47186,2026-07-31 01:44:00,test,46827,47186,360,24,0.15,47201,2026-07-31 02:44:00,47216,2026-07-31 03:44:00,47246,2026-07-31 05:44:00,47306,2026-07-31 09:44:00
47191,2026-07-31 02:04:00,test,46832,47191,360,24,0.15,47206,2026-07-31 03:04:00,47221,2026-07-31 04:04:00,47251,2026-07-31 06:04:00,47311,2026-07-31 10:04:00
47196,2026-07-31 02:24:00,test,46837,47196,360,24,0.15,47211,2026-07-31 03:24:00,47226,2026-07-31 04:24:00,47256,2026-07-31 06:24:00,47316,2026-07-31 10:24:00
47198,2026-07-31 02:32:00,test,46839,47198,360,24,0.15,47213,2026-07-31 03:32:00,47228,2026-07-31 04:32:00,47258,2026-07-31 06:32:00,47318,2026-07-31 10:32:00
47199,2026-07-31 02:36:00,test,46840,47199,360,24,0.15,47214,2026-07-31 03:36:00,47229,2026-07-31 04:36:00,47259,2026-07-31 06:36:00,47319,2026-07-31 10:36:00
47201,2026-07-31 02:44:00,test,46842,47201,360,24,0.15,47216,2026-07-31 03:44:00,47231,2026-07-31 04:44:00,47261,2026-07-31 06:44:00,47321,2026-07-31 10:44:00
47203,2026-07-31 02:52:00,test,46844,47203,360,24,0.15,47218,2026-07-31 03:52:00,47233,2026-07-31 04:52:00,47263,2026-07-31 06:52:00,47323,2026-07-31 10:52:00
47204,2026-07-31 02:56:00,test,46845,47204,360,24,0.15,47219,2026-07-31 03:56:00,47234,2026-07-31 04:56:00,47264,2026-07-31 06:56:00,47324,2026-07-31 10:56:00
47207,2026-07-31 03:08:00,test,46848,47207,360,24,0.15,47222,2026-07-31 04:08:00,47237,2026-07-31 05:08:00,47267,2026-07-31 07:08:00,47327,2026-07-31 11:08:00
47208,2026-07-31 03:12:00,test,46849,47208,360,24,0.15,47223,2026-07-31 04:12:00,47238,2026-07-31 05:12:00,47268,2026-07-31 07:12:00,47328,2026-07-31 11:12:00
47212,2026-07-31 03:28:00,test,46853,47212,360,24,0.15,47227,2026-07-31 04:28:00,47242,2026-07-31 05:28:00,47272,2026-07-31 07:28:00,47332,2026-07-31 11:28:00
47213,2026-07-31 03:32:00,test,46854,47213,360,24,0.15,47228,2026-07-31 04:32:00,47243,2026-07-31 05:32:00,47273,2026-07-31 07:32:00,47333,2026-07-31 11:32:00
47217,2026-07-31 03:48:00,test,46858,47217,360,24,0.15,47232,2026-07-31 04:48:00,47247,2026-07-31 05:48:00,47277,2026-07-31 07:48:00,47337,2026-07-31 11:48:00
47219,2026-07-31 03:56:00,test,46860,47219,360,24,0.15,47234,2026-07-31 04:56:00,47249,2026-07-31 05:56:00,47279,2026-07-31 07:56:00,47339,2026-07-31 11:56:00
47222,2026-07-31 04:08:00,test,46863,47222,360,24,0.15,47237,2026-07-31 05:08:00,47252,2026-07-31 06:08:00,47282,2026-07-31 08:08:00,47342,2026-07-31 12:08:00
47223,2026-07-31 04:12:00,test,46864,47223,360,24,0.15,47238,2026-07-31 05:12:00,47253,2026-07-31 06:12:00,47283,2026-07-31 08:12:00,47343,2026-07-31 12:12:00
47224,2026-07-31 04:16:00,test,46865,47224,360,24,0.15,47239,2026-07-31 05:16:00,47254,2026-07-31 06:16:00,47284,2026-07-31 08:16:00,47344,2026-07-31 12:16:00
47228,2026-07-31 04:32:00,test,46869,47228,360,24,0.15,47243,2026-07-31 05:32:00,47258,2026-07-31 06:32:00,47288,2026-07-31 08:32:00,47348,2026-07-31 12:32:00
47230,2026-07-31 04:40:00,test,46871,47230,360,24,0.15,47245,2026-07-31 05:40:00,47260,2026-07-31 06:40:00,47290,2026-07-31 08:40:00,47350,2026-07-31 12:40:00
47232,2026-07-31 04:48:00,test,46873,47232,360,24,0.15,47247,2026-07-31 05:48:00,47262,2026-07-31 06:48:00,47292,2026-07-31 08:48:00,47352,2026-07-31 12:48:00
47234,2026-07-31 04:56:00,test,46875,47234,360,24,0.15,47249,2026-07-31 05:56:00,47264,2026-07-31 06:56:00,47294,2026-07-31 08:56:00,47354,2026-07-31 12:56:00
47907,2026-08-02 01:48:00,test,47548,47907,360,24,0.15,47922,2026-08-02 02:48:00,47937,2026-08-02 03:48:00,47967,2026-08-02 05:48:00,48027,2026-08-02 09:48:00
47909,2026-08-02 01:56:00,test,47550,47909,360,24,0.15,47924,2026-08-02 02:56:00,47939,2026-08-02 03:56:00,47969,2026-08-02 05:56:00,48029,2026-08-02 09:56:00
47922,2026-08-02 02:48:00,test,47563,47922,360,24,0.15,47937,2026-08-02 03:48:00,47952,2026-08-02 04:48:00,47982,2026-08-02 06:48:00,48042,2026-08-02 10:48:00
47953,2026-08-02 04:52:00,test,47594,47953,360,24,0.15,47968,2026-08-02 05:52:00,47983,2026-08-02 06:52:00,48013,2026-08-02 08:52:00,48073,2026-08-02 12:52:00
47955,2026-08-02 05:00:00,test,47596,47955,360,24,0.15,47970,2026-08-02 06:00:00,47985,2026-08-02 07:00:00,48015,2026-08-02 09:00:00,48075,2026-08-02 13:00:00
47956,2026-08-02 05:04:00,test,47597,47956,360,24,0.15,47971,2026-08-02 06:04:00,47986,2026-08-02 07:04:00,48016,2026-08-02 09:04:00,48076,2026-08-02 13:04:00
47957,2026-08-02 05:08:00,test,47598,47957,360,24,0.15,47972,2026-08-02 06:08:00,47987,2026-08-02 07:08:00,48017,2026-08-02 09:08:00,48077,2026-08-02 13:08:00
47958,2026-08-02 05:12:00,test,47599,47958,360,24,0.15,47973,2026-08-02 06:12:00,47988,2026-08-02 07:12:00,48018,2026-08-02 09:12:00,48078,2026-08-02 13:12:00
47959,2026-08-02 05:16:00,test,47600,47959,360,24,0.15,47974,2026-08-02 06:16:00,47989,2026-08-02 07:16:00,48019,2026-08-02 09:16:00,48079,2026-08-02 13:16:00
47965,2026-08-02 05:40:00,test,47606,47965,360,24,0.15,47980,2026-08-02 06:40:00,47995,2026-08-02 07:40:00,48025,2026-08-02 09:40:00,48085,2026-08-02 13:40:00
47970,2026-08-02 06:00:00,test,47611,47970,360,24,0.15,47985,2026-08-02 07:00:00,48000,2026-08-02 08:00:00,48030,2026-08-02 10:00:00,48090,2026-08-02 14:00:00
47973,2026-08-02 06:12:00,test,47614,47973,360,24,0.15,47988,2026-08-02 07:12:00,48003,2026-08-02 08:12:00,48033,2026-08-02 10:12:00,48093,2026-08-02 14:12:00
47974,2026-08-02 06:16:00,test,47615,47974,360,24,0.15,47989,2026-08-02 07:16:00,48004,2026-08-02 08:16:00,48034,2026-08-02 10:16:00,48094,2026-08-02 14:16:00
47977,2026-08-02 06:28:00,test,47618,47977,360,24,0.15,47992,2026-08-02 07:28:00,48007,2026-08-02 08:28:00,48037,2026-08-02 10:28:00,48097,2026-08-02 14:28:00
47984,2026-08-02 06:56:00,test,47625,47984,360,24,0.15,47999,2026-08-02 07:56:00,48014,2026-08-02 08:56:00,48044,2026-08-02 10:56:00,48104,2026-08-02 14:56:00
47987,2026-08-02 07:08:00,test,47628,47987,360,24,0.15,48002,2026-08-02 08:08:00,48017,2026-08-02 09:08:00,48047,2026-08-02 11:08:00,48107,2026-08-02 15:08:00
47990,2026-08-02 07:20:00,test,47631,47990,360,24,0.15,48005,2026-08-02 08:20:00,48020,2026-08-02 09:20:00,48050,2026-08-02 11:20:00,48110,2026-08-02 15:20:00
47992,2026-08-02 07:28:00,test,47633,47992,360,24,0.15,48007,2026-08-02 08:28:00,48022,2026-08-02 09:28:00,48052,2026-08-02 11:28:00,48112,2026-08-02 15:28:00
47993,2026-08-02 07:32:00,test,47634,47993,360,24,0.15,48008,2026-08-02 08:32:00,48023,2026-08-02 09:32:00,48053,2026-08-02 11:32:00,48113,2026-08-02 15:32:00
47999,2026-08-02 07:56:00,test,47640,47999,360,24,0.15,48014,2026-08-02 08:56:00,48029,2026-08-02 09:56:00,48059,2026-08-02 11:56:00,48119,2026-08-02 15:56:00
48004,2026-08-02 08:16:00,test,47645,48004,360,24,0.15,48019,2026-08-02 09:16:00,48034,2026-08-02 10:16:00,48064,2026-08-02 12:16:00,48124,2026-08-02 16:16:00
48007,2026-08-02 08:28:00,test,47648,48007,360,24,0.15,48022,2026-08-02 09:28:00,48037,2026-08-02 10:28:00,48067,2026-08-02 12:28:00,48127,2026-08-02 16:28:00
48009,2026-08-02 08:36:00,test,47650,48009,360,24,0.15,48024,2026-08-02 09:36:00,48039,2026-08-02 10:36:00,48069,2026-08-02 12:36:00,48129,2026-08-02 16:36:00
48025,2026-08-02 09:40:00,test,47666,48025,360,24,0.15,48040,2026-08-02 10:40:00,48055,2026-08-02 11:40:00,48085,2026-08-02 13:40:00,48145,2026-08-02 17:40:00
48027,2026-08-02 09:48:00,test,47668,48027,360,24,0.15,48042,2026-08-02 10:48:00,48057,2026-08-02 11:48:00,48087,2026-08-02 13:48:00,48147,2026-08-02 17:48:00
48028,2026-08-02 09:52:00,test,47669,48028,360,24,0.15,48043,2026-08-02 10:52:00,48058,2026-08-02 11:52:00,48088,2026-08-02 13:52:00,48148,2026-08-02 17:52:00
48029,2026-08-02 09:56:00,test,47670,48029,360,24,0.15,48044,2026-08-02 10:56:00,48059,2026-08-02 11:56:00,48089,2026-08-02 13:56:00,48149,2026-08-02 17:56:00
48032,2026-08-02 10:08:00,test,47673,48032,360,24,0.15,48047,2026-08-02 11:08:00,48062,2026-08-02 12:08:00,48092,2026-08-02 14:08:00,48152,2026-08-02 18:08:00
48037,2026-08-02 10:28:00,test,47678,48037,360,24,0.15,48052,2026-08-02 11:28:00,48067,2026-08-02 12:28:00,48097,2026-08-02 14:28:00,48157,2026-08-02 18:28:00
48038,2026-08-02 10:32:00,test,47679,48038,360,24,0.15,48053,2026-08-02 11:32:00,48068,2026-08-02 12:32:00,48098,2026-08-02 14:32:00,48158,2026-08-02 18:32:00
48049,2026-08-02 11:16:00,test,47690,48049,360,24,0.15,48064,2026-08-02 12:16:00,48079,2026-08-02 13:16:00,48109,2026-08-02 15:16:00,48169,2026-08-02 19:16:00
48053,2026-08-02 11:32:00,test,47694,48053,360,24,0.15,48068,2026-08-02 12:32:00,48083,2026-08-02 13:32:00,48113,2026-08-02 15:32:00,48173,2026-08-02 19:32:00
48839,2026-08-04 15:56:00,test,48480,48839,360,24,0.15,48854,2026-08-04 16:56:00,48869,2026-08-04 17:56:00,48899,2026-08-04 19:56:00,48959,2026-08-04 23:56:00
48840,2026-08-04 16:00:00,test,48481,48840,360,24,0.15,48855,2026-08-04 17:00:00,48870,2026-08-04 18:00:00,48900,2026-08-04 20:00:00,48960,2026-08-05 00:00:00
48845,2026-08-04 16:20:00,test,48486,48845,360,24,0.15,48860,2026-08-04 17:20:00,48875,2026-08-04 18:20:00,48905,2026-08-04 20:20:00,48965,2026-08-05 00:20:00
48900,2026-08-04 20:00:00,test,48541,48900,360,24,0.15,48915,2026-08-04 21:00:00,48930,2026-08-04 22:00:00,48960,2026-08-05 00:00:00,49020,2026-08-05 04:00:00
48901,2026-08-04 20:04:00,test,48542,48901,360,24,0.15,48916,2026-08-04 21:04:00,48931,2026-08-04 22:04:00,48961,2026-08-05 00:04:00,49021,2026-08-05 04:04:00
48913,2026-08-04 20:52:00,test,48554,48913,360,24,0.15,48928,2026-08-04 21:52:00,48943,2026-08-04 22:52:00,48973,2026-08-05 00:52:00,49033,2026-08-05 04:52:00
48915,2026-08-04 21:00:00,test,48556,48915,360,24,0.15,48930,2026-08-04 22:00:00,48945,2026-08-04 23:00:00,48975,2026-08-05 01:00:00,49035,2026-08-05 05:00:00
48916,2026-08-04 21:04:00,test,48557,48916,360,24,0.15,48931,2026-08-04 22:04:00,48946,2026-08-04 23:04:00,48976,2026-08-05 01:04:00,49036,2026-08-05 05:04:00
48917,2026-08-04 21:08:00,test,48558,48917,360,24,0.15,48932,2026-08-04 22:08:00,48947,2026-08-04 23:08:00,48977,2026-08-05 01:08:00,49037,2026-08-05 05:08:00
48918,2026-08-04 21:12:00,test,48559,48918,360,24,0.15,48933,2026-08-04 22:12:00,48948,2026-08-04 23:12:00,48978,2026-08-05 01:12:00,49038,2026-08-05 05:12:00
48919,2026-08-04 21:16:00,test,48560,48919,360,24,0.15,48934,2026-08-04 22:16:00,48949,2026-08-04 23:16:00,48979,2026-08-05 01:16:00,49039,2026-08-05 05:16:00
48920,2026-08-04 21:20:00,test,48561,48920,360,24,0.15,48935,2026-08-04 22:20:00,48950,2026-08-04 23:20:00,48980,2026-08-05 01:20:00,49040,2026-08-05 05:20:00
48921,2026-08-04 21:24:00,test,48562,48921,360,24,0.15,48936,2026-08-04 22:24:00,48951,2026-08-04 23:24:00,48981,2026-08-05 01:24:00,49041,2026-08-05 05:24:00
48922,2026-08-04 21:28:00,test,48563,48922,360,24,0.15,48937,2026-08-04 22:28:00,48952,2026-08-04 23:28:00,48982,2026-08-05 01:28:00,49042,2026-08-05 05:28:00
48923,2026-08-04 21:32:00,test,48564,48923,360,24,0.15,48938,2026-08-04 22:32:00,48953,2026-08-04 23:32:00,48983,2026-08-05 01:32:00,49043,2026-08-05 05:32:00
48925,2026-08-04 21:40:00,test,48566,48925,360,24,0.15,48940,2026-08-04 22:40:00,48955,2026-08-04 23:40:00,48985,2026-08-05 01:40:00,49045,2026-08-05 05:40:00
48926,2026-08-04 21:44:00,test,48567,48926,360,24,0.15,48941,2026-08-04 22:44:00,48956,2026-08-04 23:44:00,48986,2026-08-05 01:44:00,49046,2026-08-05 05:44:00
48927,2026-08-04 21:48:00,test,48568,48927,360,24,0.15,48942,2026-08-04 22:48:00,48957,2026-08-04 23:48:00,48987,2026-08-05 01:48:00,49047,2026-08-05 05:48:00
48928,2026-08-04 21:52:00,test,48569,48928,360,24,0.15,48943,2026-08-04 22:52:00,48958,2026-08-04 23:52:00,48988,2026-08-05 01:52:00,49048,2026-08-05 05:52:00
48930,2026-08-04 22:00:00,test,48571,48930,360,24,0.15,48945,2026-08-04 23:00:00,48960,2026-08-05 00:00:00,48990,2026-08-05 02:00:00,49050,2026-08-05 06:00:00
48931,2026-08-04 22:04:00,test,48572,48931,360,24,0.15,48946,2026-08-04 23:04:00,48961,2026-08-05 00:04:00,48991,2026-08-05 02:04:00,49051,2026-08-05 06:04:00
48932,2026-08-04 22:08:00,test,48573,48932,360,24,0.15,48947,2026-08-04 23:08:00,48962,2026-08-05 00:08:00,48992,2026-08-05 02:08:00,49052,2026-08-05 06:08:00
48935,2026-08-04 22:20:00,test,48576,48935,360,24,0.15,48950,2026-08-04 23:20:00,48965,2026-08-05 00:20:00,48995,2026-08-05 02:20:00,49055,2026-08-05 06:20:00
48936,2026-08-04 22:24:00,test,48577,48936,360,24,0.15,48951,2026-08-04 23:24:00,48966,2026-08-05 00:24:00,48996,2026-08-05 02:24:00,49056,2026-08-05 06:24:00
48937,2026-08-04 22:28:00,test,48578,48937,360,24,0.15,48952,2026-08-04 23:28:00,48967,2026-08-05 00:28:00,48997,2026-08-05 02:28:00,49057,2026-08-05 06:28:00
48938,2026-08-04 22:32:00,test,48579,48938,360,24,0.15,48953,2026-08-04 23:32:00,48968,2026-08-05 00:32:00,48998,2026-08-05 02:32:00,49058,2026-08-05 06:32:00
48939,2026-08-04 22:36:00,test,48580,48939,360,24,0.15,48954,2026-08-04 23:36:00,48969,2026-08-05 00:36:00,48999,2026-08-05 02:36:00,49059,2026-08-05 06:36:00
48940,2026-08-04 22:40:00,test,48581,48940,360,24,0.15,48955,2026-08-04 23:40:00,48970,2026-08-05 00:40:00,49000,2026-08-05 02:40:00,49060,2026-08-05 06:40:00
48941,2026-08-04 22:44:00,test,48582,48941,360,24,0.15,48956,2026-08-04 23:44:00,48971,2026-08-05 00:44:00,49001,2026-08-05 02:44:00,49061,2026-08-05 06:44:00
48942,2026-08-04 22:48:00,test,48583,48942,360,24,0.15,48957,2026-08-04 23:48:00,48972,2026-08-05 00:48:00,49002,2026-08-05 02:48:00,49062,2026-08-05 06:48:00
48943,2026-08-04 22:52:00,test,48584,48943,360,24,0.15,48958,2026-08-04 23:52:00,48973,2026-08-05 00:52:00,49003,2026-08-05 02:52:00,49063,2026-08-05 06:52:00
48944,2026-08-04 22:56:00,test,48585,48944,360,24,0.15,48959,2026-08-04 23:56:00,48974,2026-08-05 00:56:00,49004,2026-08-05 02:56:00,49064,2026-08-05 06:56:00
48945,2026-08-04 23:00:00,test,48586,48945,360,24,0.15,48960,2026-08-05 00:00:00,48975,2026-08-05 01:00:00,49005,2026-08-05 03:00:00,49065,2026-08-05 07:00:00
48946,2026-08-04 23:04:00,test,48587,48946,360,24,0.15,48961,2026-08-05 00:04:00,48976,2026-08-05 01:04:00,49006,2026-08-05 03:04:00,49066,2026-08-05 07:04:00
48947,2026-08-04 23:08:00,test,48588,48947,360,24,0.15,48962,2026-08-05 00:08:00,48977,2026-08-05 01:08:00,49007,2026-08-05 03:08:00,49067,2026-08-05 07:08:00
48949,2026-08-04 23:16:00,test,48590,48949,360,24,0.15,48964,2026-08-05 00:16:00,48979,2026-08-05 01:16:00,49009,2026-08-05 03:16:00,49069,2026-08-05 07:16:00
48951,2026-08-04 23:24:00,test,48592,48951,360,24,0.15,48966,2026-08-05 00:24:00,48981,2026-08-05 01:24:00,49011,2026-08-05 03:24:00,49071,2026-08-05 07:24:00
48952,2026-08-04 23:28:00,test,48593,48952,360,24,0.15,48967,2026-08-05 00:28:00,48982,2026-08-05 01:28:00,49012,2026-08-05 03:28:00,49072,2026-08-05 07:28:00
48953,2026-08-04 23:32:00,test,48594,48953,360,24,0.15,48968,2026-08-05 00:32:00,48983,2026-08-05 01:32:00,49013,2026-08-05 03:32:00,49073,2026-08-05 07:32:00
48954,2026-08-04 23:36:00,test,48595,48954,360,24,0.15,48969,2026-08-05 00:36:00,48984,2026-08-05 01:36:00,49014,2026-08-05 03:36:00,49074,2026-08-05 07:36:00
48955,2026-08-04 23:40:00,test,48596,48955,360,24,0.15,48970,2026-08-05 00:40:00,48985,2026-08-05 01:40:00,49015,2026-08-05 03:40:00,49075,2026-08-05 07:40:00
48957,2026-08-04 23:48:00,test,48598,48957,360,24,0.15,48972,2026-08-05 00:48:00,48987,2026-08-05 01:48:00,49017,2026-08-05 03:48:00,49077,2026-08-05 07:48:00
48958,2026-08-04 23:52:00,test,48599,48958,360,24,0.15,48973,2026-08-05 00:52:00,48988,2026-08-05 01:52:00,49018,2026-08-05 03:52:00,49078,2026-08-05 07:52:00
48961,2026-08-05 00:04:00,test,48602,48961,360,24,0.15,48976,2026-08-05 01:04:00,48991,2026-08-05 02:04:00,49021,2026-08-05 04:04:00,49081,2026-08-05 08:04:00
48962,2026-08-05 00:08:00,test,48603,48962,360,24,0.15,48977,2026-08-05 01:08:00,48992,2026-08-05 02:08:00,49022,2026-08-05 04:08:00,49082,2026-08-05 08:08:00
48963,2026-08-05 00:12:00,test,48604,48963,360,24,0.15,48978,2026-08-05 01:12:00,48993,2026-08-05 02:12:00,49023,2026-08-05 04:12:00,49083,2026-08-05 08:12:00
48964,2026-08-05 00:16:00,test,48605,48964,360,24,0.15,48979,2026-08-05 01:16:00,48994,2026-08-05 02:16:00,49024,2026-08-05 04:16:00,49084,2026-08-05 08:16:00
48965,2026-08-05 00:20:00,test,48606,48965,360,24,0.15,48980,2026-08-05 01:20:00,48995,2026-08-05 02:20:00,49025,2026-08-05 04:20:00,49085,2026-08-05 08:20:00
48966,2026-08-05 00:24:00,test,48607,48966,360,24,0.15,48981,2026-08-05 01:24:00,48996,2026-08-05 02:24:00,49026,2026-08-05 04:24:00,49086,2026-08-05 08:24:00
48967,2026-08-05 00:28:00,test,48608,48967,360,24,0.15,48982,2026-08-05 01:28:00,48997,2026-08-05 02:28:00,49027,2026-08-05 04:28:00,49087,2026-08-05 08:28:00
48968,2026-08-05 00:32:00,test,48609,48968,360,24,0.15,48983,2026-08-05 01:32:00,48998,2026-08-05 02:32:00,49028,2026-08-05 04:32:00,49088,2026-08-05 08:32:00
48969,2026-08-05 00:36:00,test,48610,48969,360,24,0.15,48984,2026-08-05 01:36:00,48999,2026-08-05 02:36:00,49029,2026-08-05 04:36:00,49089,2026-08-05 08:36:00
48970,2026-08-05 00:40:00,test,48611,48970,360,24,0.15,48985,2026-08-05 01:40:00,49000,2026-08-05 02:40:00,49030,2026-08-05 04:40:00,49090,2026-08-05 08:40:00
48971,2026-08-05 00:44:00,test,48612,48971,360,24,0.15,48986,2026-08-05 01:44:00,49001,2026-08-05 02:44:00,49031,2026-08-05 04:44:00,49091,2026-08-05 08:44:00
48975,2026-08-05 01:00:00,test,48616,48975,360,24,0.15,48990,2026-08-05 02:00:00,49005,2026-08-05 03:00:00,49035,2026-08-05 05:00:00,49095,2026-08-05 09:00:00
48977,2026-08-05 01:08:00,test,48618,48977,360,24,0.15,48992,2026-08-05 02:08:00,49007,2026-08-05 03:08:00,49037,2026-08-05 05:08:00,49097,2026-08-05 09:08:00
48978,2026-08-05 01:12:00,test,48619,48978,360,24,0.15,48993,2026-08-05 02:12:00,49008,2026-08-05 03:12:00,49038,2026-08-05 05:12:00,49098,2026-08-05 09:12:00
48979,2026-08-05 01:16:00,test,48620,48979,360,24,0.15,48994,2026-08-05 02:16:00,49009,2026-08-05 03:16:00,49039,2026-08-05 05:16:00,49099,2026-08-05 09:16:00
48981,2026-08-05 01:24:00,test,48622,48981,360,24,0.15,48996,2026-08-05 02:24:00,49011,2026-08-05 03:24:00,49041,2026-08-05 05:24:00,49101,2026-08-05 09:24:00
48982,2026-08-05 01:28:00,test,48623,48982,360,24,0.15,48997,2026-08-05 02:28:00,49012,2026-08-05 03:28:00,49042,2026-08-05 05:28:00,49102,2026-08-05 09:28:00
48983,2026-08-05 01:32:00,test,48624,48983,360,24,0.15,48998,2026-08-05 02:32:00,49013,2026-08-05 03:32:00,49043,2026-08-05 05:32:00,49103,2026-08-05 09:32:00
48985,2026-08-05 01:40:00,test,48626,48985,360,24,0.15,49000,2026-08-05 02:40:00,49015,2026-08-05 03:40:00,49045,2026-08-05 05:40:00,49105,2026-08-05 09:40:00
48986,2026-08-05 01:44:00,test,48627,48986,360,24,0.15,49001,2026-08-05 02:44:00,49016,2026-08-05 03:44:00,49046,2026-08-05 05:44:00,49106,2026-08-05 09:44:00
48987,2026-08-05 01:48:00,test,48628,48987,360,24,0.15,49002,2026-08-05 02:48:00,49017,2026-08-05 03:48:00,49047,2026-08-05 05:48:00,49107,2026-08-05 09:48:00
48988,2026-08-05 01:52:00,test,48629,48988,360,24,0.15,49003,2026-08-05 02:52:00,49018,2026-08-05 03:52:00,49048,2026-08-05 05:52:00,49108,2026-08-05 09:52:00
48989,2026-08-05 01:56:00,test,48630,48989,360,24,0.15,49004,2026-08-05 02:56:00,49019,2026-08-05 03:56:00,49049,2026-08-05 05:56:00,49109,2026-08-05 09:56:00
48991,2026-08-05 02:04:00,test,48632,48991,360,24,0.15,49006,2026-08-05 03:04:00,49021,2026-08-05 04:04:00,49051,2026-08-05 06:04:00,49111,2026-08-05 10:04:00
48992,2026-08-05 02:08:00,test,48633,48992,360,24,0.15,49007,2026-08-05 03:08:00,49022,2026-08-05 04:08:00,49052,2026-08-05 06:08:00,49112,2026-08-05 10:08:00
48993,2026-08-05 02:12:00,test,48634,48993,360,24,0.15,49008,2026-08-05 03:12:00,49023,2026-08-05 04:12:00,49053,2026-08-05 06:12:00,49113,2026-08-05 10:12:00
48997,2026-08-05 02:28:00,test,48638,48997,360,24,0.15,49012,2026-08-05 03:28:00,49027,2026-08-05 04:28:00,49057,2026-08-05 06:28:00,49117,2026-08-05 10:28:00
48998,2026-08-05 02:32:00,test,48639,48998,360,24,0.15,49013,2026-08-05 03:32:00,49028,2026-08-05 04:32:00,49058,2026-08-05 06:32:00,49118,2026-08-05 10:32:00
49000,2026-08-05 02:40:00,test,48641,49000,360,24,0.15,49015,2026-08-05 03:40:00,49030,2026-08-05 04:40:00,49060,2026-08-05 06:40:00,49120,2026-08-05 10:40:00
49002,2026-08-05 02:48:00,test,48643,49002,360,24,0.15,49017,2026-08-05 03:48:00,49032,2026-08-05 04:48:00,49062,2026-08-05 06:48:00,49122,2026-08-05 10:48:00
49003,2026-08-05 02:52:00,test,48644,49003,360,24,0.15,49018,2026-08-05 03:52:00,49033,2026-08-05 04:52:00,49063,2026-08-05 06:52:00,49123,2026-08-05 10:52:00
49004,2026-08-05 02:56:00,test,48645,49004,360,24,0.15,49019,2026-08-05 03:56:00,49034,2026-08-05 04:56:00,49064,2026-08-05 06:56:00,49124,2026-08-05 10:56:00
49005,2026-08-05 03:00:00,test,48646,49005,360,24,0.15,49020,2026-08-05 04:00:00,49035,2026-08-05 05:00:00,49065,2026-08-05 07:00:00,49125,2026-08-05 11:00:00
49006,2026-08-05 03:04:00,test,48647,49006,360,24,0.15,49021,2026-08-05 04:04:00,49036,2026-08-05 05:04:00,49066,2026-08-05 07:04:00,49126,2026-08-05 11:04:00
49007,2026-08-05 03:08:00,test,48648,49007,360,24,0.15,49022,2026-08-05 04:08:00,49037,2026-08-05 05:08:00,49067,2026-08-05 07:08:00,49127,2026-08-05 11:08:00
49008,2026-08-05 03:12:00,test,48649,49008,360,24,0.15,49023,2026-08-05 04:12:00,49038,2026-08-05 05:12:00,49068,2026-08-05 07:12:00,49128,2026-08-05 11:12:00
49009,2026-08-05 03:16:00,test,48650,49009,360,24,0.15,49024,2026-08-05 04:16:00,49039,2026-08-05 05:16:00,49069,2026-08-05 07:16:00,49129,2026-08-05 11:16:00
49010,2026-08-05 03:20:00,test,48651,49010,360,24,0.15,49025,2026-08-05 04:20:00,49040,2026-08-05 05:20:00,49070,2026-08-05 07:20:00,49130,2026-08-05 11:20:00
49011,2026-08-05 03:24:00,test,48652,49011,360,24,0.15,49026,2026-08-05 04:24:00,49041,2026-08-05 05:24:00,49071,2026-08-05 07:24:00,49131,2026-08-05 11:24:00
49012,2026-08-05 03:28:00,test,48653,49012,360,24,0.15,49027,2026-08-05 04:28:00,49042,2026-08-05 05:28:00,49072,2026-08-05 07:28:00,49132,2026-08-05 11:28:00
49013,2026-08-05 03:32:00,test,48654,49013,360,24,0.15,49028,2026-08-05 04:32:00,49043,2026-08-05 05:32:00,49073,2026-08-05 07:32:00,49133,2026-08-05 11:32:00
49017,2026-08-05 03:48:00,test,48658,49017,360,24,0.15,49032,2026-08-05 04:48:00,49047,2026-08-05 05:48:00,49077,2026-08-05 07:48:00,49137,2026-08-05 11:48:00
49018,2026-08-05 03:52:00,test,48659,49018,360,24,0.15,49033,2026-08-05 04:52:00,49048,2026-08-05 05:52:00,49078,2026-08-05 07:52:00,49138,2026-08-05 11:52:00
49019,2026-08-05 03:56:00,test,48660,49019,360,24,0.15,49034,2026-08-05 04:56:00,49049,2026-08-05 05:56:00,49079,2026-08-05 07:56:00,49139,2026-08-05 11:56:00
49021,2026-08-05 04:04:00,test,48662,49021,360,24,0.15,49036,2026-08-05 05:04:00,49051,2026-08-05 06:04:00,49081,2026-08-05 08:04:00,49141,2026-08-05 12:04:00
49022,2026-08-05 04:08:00,test,48663,49022,360,24,0.15,49037,2026-08-05 05:08:00,49052,2026-08-05 06:08:00,49082,2026-08-05 08:08:00,49142,2026-08-05 12:08:00
49023,2026-08-05 04:12:00,test,48664,49023,360,24,0.15,49038,2026-08-05 05:12:00,49053,2026-08-05 06:12:00,49083,2026-08-05 08:12:00,49143,2026-08-05 12:12:00
49025,2026-08-05 04:20:00,test,48666,49025,360,24,0.15,49040,2026-08-05 05:20:00,49055,2026-08-05 06:20:00,49085,2026-08-05 08:20:00,49145,2026-08-05 12:20:00
49026,2026-08-05 04:24:00,test,48667,49026,360,24,0.15,49041,2026-08-05 05:24:00,49056,2026-08-05 06:24:00,49086,2026-08-05 08:24:00,49146,2026-08-05 12:24:00
49027,2026-08-05 04:28:00,test,48668,49027,360,24,0.15,49042,2026-08-05 05:28:00,49057,2026-08-05 06:28:00,49087,2026-08-05 08:28:00,49147,2026-08-05 12:28:00
49028,2026-08-05 04:32:00,test,48669,49028,360,24,0.15,49043,2026-08-05 05:32:00,49058,2026-08-05 06:32:00,49088,2026-08-05 08:32:00,49148,2026-08-05 12:32:00
49030,2026-08-05 04:40:00,test,48671,49030,360,24,0.15,49045,2026-08-05 05:40:00,49060,2026-08-05 06:40:00,49090,2026-08-05 08:40:00,49150,2026-08-05 12:40:00
49031,2026-08-05 04:44:00,test,48672,49031,360,24,0.15,49046,2026-08-05 05:44:00,49061,2026-08-05 06:44:00,49091,2026-08-05 08:44:00,49151,2026-08-05 12:44:00
49035,2026-08-05 05:00:00,test,48676,49035,360,24,0.15,49050,2026-08-05 06:00:00,49065,2026-08-05 07:00:00,49095,2026-08-05 09:00:00,49155,2026-08-05 13:00:00
49037,2026-08-05 05:08:00,test,48678,49037,360,24,0.15,49052,2026-08-05 06:08:00,49067,2026-08-05 07:08:00,49097,2026-08-05 09:08:00,49157,2026-08-05 13:08:00
49038,2026-08-05 05:12:00,test,48679,49038,360,24,0.15,49053,2026-08-05 06:12:00,49068,2026-08-05 07:12:00,49098,2026-08-05 09:12:00,49158,2026-08-05 13:12:00
49040,2026-08-05 05:20:00,test,48681,49040,360,24,0.15,49055,2026-08-05 06:20:00,49070,2026-08-05 07:20:00,49100,2026-08-05 09:20:00,49160,2026-08-05 13:20:00
49041,2026-08-05 05:24:00,test,48682,49041,360,24,0.15,49056,2026-08-05 06:24:00,49071,2026-08-05 07:24:00,49101,2026-08-05 09:24:00,49161,2026-08-05 13:24:00
49042,2026-08-05 05:28:00,test,48683,49042,360,24,0.15,49057,2026-08-05 06:28:00,49072,2026-08-05 07:28:00,49102,2026-08-05 09:28:00,49162,2026-08-05 13:28:00
49043,2026-08-05 05:32:00,test,48684,49043,360,24,0.15,49058,2026-08-05 06:32:00,49073,2026-08-05 07:32:00,49103,2026-08-05 09:32:00,49163,2026-08-05 13:32:00
49044,2026-08-05 05:36:00,test,48685,49044,360,24,0.15,49059,2026-08-05 06:36:00,49074,2026-08-05 07:36:00,49104,2026-08-05 09:36:00,49164,2026-08-05 13:36:00
49045,2026-08-05 05:40:00,test,48686,49045,360,24,0.15,49060,2026-08-05 06:40:00,49075,2026-08-05 07:40:00,49105,2026-08-05 09:40:00,49165,2026-08-05 13:40:00
49047,2026-08-05 05:48:00,test,48688,49047,360,24,0.15,49062,2026-08-05 06:48:00,49077,2026-08-05 07:48:00,49107,2026-08-05 09:48:00,49167,2026-08-05 13:48:00
49048,2026-08-05 05:52:00,test,48689,49048,360,24,0.15,49063,2026-08-05 06:52:00,49078,2026-08-05 07:52:00,49108,2026-08-05 09:52:00,49168,2026-08-05 13:52:00
49049,2026-08-05 05:56:00,test,48690,49049,360,24,0.15,49064,2026-08-05 06:56:00,49079,2026-08-05 07:56:00,49109,2026-08-05 09:56:00,49169,2026-08-05 13:56:00
49051,2026-08-05 06:04:00,test,48692,49051,360,24,0.15,49066,2026-08-05 07:04:00,49081,2026-08-05 08:04:00,49111,2026-08-05 10:04:00,49171,2026-08-05 14:04:00
49052,2026-08-05 06:08:00,test,48693,49052,360,24,0.15,49067,2026-08-05 07:08:00,49082,2026-08-05 08:08:00,49112,2026-08-05 10:08:00,49172,2026-08-05 14:08:00
49057,2026-08-05 06:28:00,test,48698,49057,360,24,0.15,49072,2026-08-05 07:28:00,49087,2026-08-05 08:28:00,49117,2026-08-05 10:28:00,49177,2026-08-05 14:28:00
49060,2026-08-05 06:40:00,test,48701,49060,360,24,0.15,49075,2026-08-05 07:40:00,49090,2026-08-05 08:40:00,49120,2026-08-05 10:40:00,49180,2026-08-05 14:40:00
49068,2026-08-05 07:12:00,test,48709,49068,360,24,0.15,49083,2026-08-05 08:12:00,49098,2026-08-05 09:12:00,49128,2026-08-05 11:12:00,49188,2026-08-05 15:12:00
49071,2026-08-05 07:24:00,test,48712,49071,360,24,0.15,49086,2026-08-05 08:24:00,49101,2026-08-05 09:24:00,49131,2026-08-05 11:24:00,49191,2026-08-05 15:24:00
49072,2026-08-05 07:28:00,test,48713,49072,360,24,0.15,49087,2026-08-05 08:28:00,49102,2026-08-05 09:28:00,49132,2026-08-05 11:28:00,49192,2026-08-05 15:28:00
49073,2026-08-05 07:32:00,test,48714,49073,360,24,0.15,49088,2026-08-05 08:32:00,49103,2026-08-05 09:32:00,49133,2026-08-05 11:32:00,49193,2026-08-05 15:32:00
49082,2026-08-05 08:08:00,test,48723,49082,360,24,0.15,49097,2026-08-05 09:08:00,49112,2026-08-05 10:08:00,49142,2026-08-05 12:08:00,49202,2026-08-05 16:08:00
49084,2026-08-05 08:16:00,test,48725,49084,360,24,0.15,49099,2026-08-05 09:16:00,49114,2026-08-05 10:16:00,49144,2026-08-05 12:16:00,49204,2026-08-05 16:16:00
49088,2026-08-05 08:32:00,test,48729,49088,360,24,0.15,49103,2026-08-05 09:32:00,49118,2026-08-05 10:32:00,49148,2026-08-05 12:32:00,49208,2026-08-05 16:32:00
49090,2026-08-05 08:40:00,test,48731,49090,360,24,0.15,49105,2026-08-05 09:40:00,49120,2026-08-05 10:40:00,49150,2026-08-05 12:40:00,49210,2026-08-05 16:40:00
49093,2026-08-05 08:52:00,test,48734,49093,360,24,0.15,49108,2026-08-05 09:52:00,49123,2026-08-05 10:52:00,49153,2026-08-05 12:52:00,49213,2026-08-05 16:52:00
49094,2026-08-05 08:56:00,test,48735,49094,360,24,0.15,49109,2026-08-05 09:56:00,49124,2026-08-05 10:56:00,49154,2026-08-05 12:56:00,49214,2026-08-05 16:56:00
49096,2026-08-05 09:04:00,test,48737,49096,360,24,0.15,49111,2026-08-05 10:04:00,49126,2026-08-05 11:04:00,49156,2026-08-05 13:04:00,49216,2026-08-05 17:04:00
49097,2026-08-05 09:08:00,test,48738,49097,360,24,0.15,49112,2026-08-05 10:08:00,49127,2026-08-05 11:08:00,49157,2026-08-05 13:08:00,49217,2026-08-05 17:08:00
49098,2026-08-05 09:12:00,test,48739,49098,360,24,0.15,49113,2026-08-05 10:12:00,49128,2026-08-05 11:12:00,49158,2026-08-05 13:12:00,49218,2026-08-05 17:12:00
49102,2026-08-05 09:28:00,test,48743,49102,360,24,0.15,49117,2026-08-05 10:28:00,49132,2026-08-05 11:28:00,49162,2026-08-05 13:28:00,49222,2026-08-05 17:28:00
49103,2026-08-05 09:32:00,test,48744,49103,360,24,0.15,49118,2026-08-05 10:32:00,49133,2026-08-05 11:32:00,49163,2026-08-05 13:32:00,49223,2026-08-05 17:32:00
49107,2026-08-05 09:48:00,test,48748,49107,360,24,0.15,49122,2026-08-05 10:48:00,49137,2026-08-05 11:48:00,49167,2026-08-05 13:48:00,49227,2026-08-05 17:48:00
49108,2026-08-05 09:52:00,test,48749,49108,360,24,0.15,49123,2026-08-05 10:52:00,49138,2026-08-05 11:52:00,49168,2026-08-05 13:52:00,49228,2026-08-05 17:52:00
49109,2026-08-05 09:56:00,test,48750,49109,360,24,0.15,49124,2026-08-05 10:56:00,49139,2026-08-05 11:56:00,49169,2026-08-05 13:56:00,49229,2026-08-05 17:56:00
49111,2026-08-05 10:04:00,test,48752,49111,360,24,0.15,49126,2026-08-05 11:04:00,49141,2026-08-05 12:04:00,49171,2026-08-05 14:04:00,49231,2026-08-05 18:04:00
49116,2026-08-05 10:24:00,test,48757,49116,360,24,0.15,49131,2026-08-05 11:24:00,49146,2026-08-05 12:24:00,49176,2026-08-05 14:24:00,49236,2026-08-05 18:24:00
49117,2026-08-05 10:28:00,test,48758,49117,360,24,0.15,49132,2026-08-05 11:28:00,49147,2026-08-05 12:28:00,49177,2026-08-05 14:28:00,49237,2026-08-05 18:28:00
49121,2026-08-05 10:44:00,test,48762,49121,360,24,0.15,49136,2026-08-05 11:44:00,49151,2026-08-05 12:44:00,49181,2026-08-05 14:44:00,49241,2026-08-05 18:44:00
49124,2026-08-05 10:56:00,test,48765,49124,360,24,0.15,49139,2026-08-05 11:56:00,49154,2026-08-05 12:56:00,49184,2026-08-05 14:56:00,49244,2026-08-05 18:56:00
49126,2026-08-05 11:04:00,test,48767,49126,360,24,0.15,49141,2026-08-05 12:04:00,49156,2026-08-05 13:04:00,49186,2026-08-05 15:04:00,49246,2026-08-05 19:04:00
49128,2026-08-05 11:12:00,test,48769,49128,360,24,0.15,49143,2026-08-05 12:12:00,49158,2026-08-05 13:12:00,49188,2026-08-05 15:12:00,49248,2026-08-05 19:12:00
49131,2026-08-05 11:24:00,test,48772,49131,360,24,0.15,49146,2026-08-05 12:24:00,49161,2026-08-05 13:24:00,49191,2026-08-05 15:24:00,49251,2026-08-05 19:24:00
49132,2026-08-05 11:28:00,test,48773,49132,360,24,0.15,49147,2026-08-05 12:28:00,49162,2026-08-05 13:28:00,49192,2026-08-05 15:28:00,49252,2026-08-05 19:28:00
49133,2026-08-05 11:32:00,test,48774,49133,360,24,0.15,49148,2026-08-05 12:32:00,49163,2026-08-05 13:32:00,49193,2026-08-05 15:32:00,49253,2026-08-05 19:32:00
49135,2026-08-05 11:40:00,test,48776,49135,360,24,0.15,49150,2026-08-05 12:40:00,49165,2026-08-05 13:40:00,49195,2026-08-05 15:40:00,49255,2026-08-05 19:40:00
49139,2026-08-05 11:56:00,test,48780,49139,360,24,0.15,49154,2026-08-05 12:56:00,49169,2026-08-05 13:56:00,49199,2026-08-05 15:56:00,49259,2026-08-05 19:56:00
49140,2026-08-05 12:00:00,test,48781,49140,360,24,0.15,49155,2026-08-05 13:00:00,49170,2026-08-05 14:00:00,49200,2026-08-05 16:00:00,49260,2026-08-05 20:00:00
49141,2026-08-05 12:04:00,test,48782,49141,360,24,0.15,49156,2026-08-05 13:04:00,49171,2026-08-05 14:04:00,49201,2026-08-05 16:04:00,49261,2026-08-05 20:04:00
49142,2026-08-05 12:08:00,test,48783,49142,360,24,0.15,49157,2026-08-05 13:08:00,49172,2026-08-05 14:08:00,49202,2026-08-05 16:08:00,49262,2026-08-05 20:08:00
49145,2026-08-05 12:20:00,test,48786,49145,360,24,0.15,49160,2026-08-05 13:20:00,49175,2026-08-05 14:20:00,49205,2026-08-05 16:20:00,49265,2026-08-05 20:20:00
49146,2026-08-05 12:24:00,test,48787,49146,360,24,0.15,49161,2026-08-05 13:24:00,49176,2026-08-05 14:24:00,49206,2026-08-05 16:24:00,49266,2026-08-05 20:24:00
49149,2026-08-05 12:36:00,test,48790,49149,360,24,0.15,49164,2026-08-05 13:36:00,49179,2026-08-05 14:36:00,49209,2026-08-05 16:36:00,49269,2026-08-05 20:36:00
49150,2026-08-05 12:40:00,test,48791,49150,360,24,0.15,49165,2026-08-05 13:40:00,49180,2026-08-05 14:40:00,49210,2026-08-05 16:40:00,49270,2026-08-05 20:40:00
49152,2026-08-05 12:48:00,test,48793,49152,360,24,0.15,49167,2026-08-05 13:48:00,49182,2026-08-05 14:48:00,49212,2026-08-05 16:48:00,49272,2026-08-05 20:48:00
49153,2026-08-05 12:52:00,test,48794,49153,360,24,0.15,49168,2026-08-05 13:52:00,49183,2026-08-05 14:52:00,49213,2026-08-05 16:52:00,49273,2026-08-05 20:52:00
49154,2026-08-05 12:56:00,test,48795,49154,360,24,0.15,49169,2026-08-05 13:56:00,49184,2026-08-05 14:56:00,49214,2026-08-05 16:56:00,49274,2026-08-05 20:56:00
49155,2026-08-05 13:00:00,test,48796,49155,360,24,0.15,49170,2026-08-05 14:00:00,49185,2026-08-05 15:00:00,49215,2026-08-05 17:00:00,49275,2026-08-05 21:00:00
49161,2026-08-05 13:24:00,test,48802,49161,360,24,0.15,49176,2026-08-05 14:24:00,49191,2026-08-05 15:24:00,49221,2026-08-05 17:24:00,49281,2026-08-05 21:24:00
49162,2026-08-05 13:28:00,test,48803,49162,360,24,0.15,49177,2026-08-05 14:28:00,49192,2026-08-05 15:28:00,49222,2026-08-05 17:28:00,49282,2026-08-05 21:28:00
49164,2026-08-05 13:36:00,test,48805,49164,360,24,0.15,49179,2026-08-05 14:36:00,49194,2026-08-05 15:36:00,49224,2026-08-05 17:36:00,49284,2026-08-05 21:36:00
49165,2026-08-05 13:40:00,test,48806,49165,360,24,0.15,49180,2026-08-05 14:40:00,49195,2026-08-05 15:40:00,49225,2026-08-05 17:40:00,49285,2026-08-05 21:40:00
49168,2026-08-05 13:52:00,test,48809,49168,360,24,0.15,49183,2026-08-05 14:52:00,49198,2026-08-05 15:52:00,49228,2026-08-05 17:52:00,49288,2026-08-05 21:52:00
49169,2026-08-05 13:56:00,test,48810,49169,360,24,0.15,49184,2026-08-05 14:56:00,49199,2026-08-05 15:56:00,49229,2026-08-05 17:56:00,49289,2026-08-05 21:56:00
49170,2026-08-05 14:00:00,test,48811,49170,360,24,0.15,49185,2026-08-05 15:00:00,49200,2026-08-05 16:00:00,49230,2026-08-05 18:00:00,49290,2026-08-05 22:00:00
49171,2026-08-05 14:04:00,test,48812,49171,360,24,0.15,49186,2026-08-05 15:04:00,49201,2026-08-05 16:04:00,49231,2026-08-05 18:04:00,49291,2026-08-05 22:04:00
49176,2026-08-05 14:24:00,test,48817,49176,360,24,0.15,49191,2026-08-05 15:24:00,49206,2026-08-05 16:24:00,49236,2026-08-05 18:24:00,49296,2026-08-05 22:24:00
49178,2026-08-05 14:32:00,test,48819,49178,360,24,0.15,49193,2026-08-05 15:32:00,49208,2026-08-05 16:32:00,49238,2026-08-05 18:32:00,49298,2026-08-05 22:32:00
49179,2026-08-05 14:36:00,test,48820,49179,360,24,0.15,49194,2026-08-05 15:36:00,49209,2026-08-05 16:36:00,49239,2026-08-05 18:36:00,49299,2026-08-05 22:36:00
49180,2026-08-05 14:40:00,test,48821,49180,360,24,0.15,49195,2026-08-05 15:40:00,49210,2026-08-05 16:40:00,49240,2026-08-05 18:40:00,49300,2026-08-05 22:40:00
49184,2026-08-05 14:56:00,test,48825,49184,360,24,0.15,49199,2026-08-05 15:56:00,49214,2026-08-05 16:56:00,49244,2026-08-05 18:56:00,49304,2026-08-05 22:56:00
49185,2026-08-05 15:00:00,test,48826,49185,360,24,0.15,49200,2026-08-05 16:00:00,49215,2026-08-05 17:00:00,49245,2026-08-05 19:00:00,49305,2026-08-05 23:00:00
49186,2026-08-05 15:04:00,test,48827,49186,360,24,0.15,49201,2026-08-05 16:04:00,49216,2026-08-05 17:04:00,49246,2026-08-05 19:04:00,49306,2026-08-05 23:04:00
49187,2026-08-05 15:08:00,test,48828,49187,360,24,0.15,49202,2026-08-05 16:08:00,49217,2026-08-05 17:08:00,49247,2026-08-05 19:08:00,49307,2026-08-05 23:08:00
49191,2026-08-05 15:24:00,test,48832,49191,360,24,0.15,49206,2026-08-05 16:24:00,49221,2026-08-05 17:24:00,49251,2026-08-05 19:24:00,49311,2026-08-05 23:24:00
49193,2026-08-05 15:32:00,test,48834,49193,360,24,0.15,49208,2026-08-05 16:32:00,49223,2026-08-05 17:32:00,49253,2026-08-05 19:32:00,49313,2026-08-05 23:32:00
49195,2026-08-05 15:40:00,test,48836,49195,360,24,0.15,49210,2026-08-05 16:40:00,49225,2026-08-05 17:40:00,49255,2026-08-05 19:40:00,49315,2026-08-05 23:40:00
49196,2026-08-05 15:44:00,test,48837,49196,360,24,0.15,49211,2026-08-05 16:44:00,49226,2026-08-05 17:44:00,49256,2026-08-05 19:44:00,49316,2026-08-05 23:44:00
49197,2026-08-05 15:48:00,test,48838,49197,360,24,0.15,49212,2026-08-05 16:48:00,49227,2026-08-05 17:48:00,49257,2026-08-05 19:48:00,49317,2026-08-05 23:48:00
49199,2026-08-05 15:56:00,test,48840,49199,360,24,0.15,49214,2026-08-05 16:56:00,49229,2026-08-05 17:56:00,49259,2026-08-05 19:56:00,49319,2026-08-05 23:56:00
49200,2026-08-05 16:00:00,test,48841,49200,360,24,0.15,49215,2026-08-05 17:00:00,49230,2026-08-05 18:00:00,49260,2026-08-05 20:00:00,49320,2026-08-06 00:00:00
49201,2026-08-05 16:04:00,test,48842,49201,360,24,0.15,49216,2026-08-05 17:04:00,49231,2026-08-05 18:04:00,49261,2026-08-05 20:04:00,49321,2026-08-06 00:04:00
49206,2026-08-05 16:24:00,test,48847,49206,360,24,0.15,49221,2026-08-05 17:24:00,49236,2026-08-05 18:24:00,49266,2026-08-05 20:24:00,49326,2026-08-06 00:24:00
49207,2026-08-05 16:28:00,test,48848,49207,360,24,0.15,49222,2026-08-05 17:28:00,49237,2026-08-05 18:28:00,49267,2026-08-05 20:28:00,49327,2026-08-06 00:28:00
49208,2026-08-05 16:32:00,test,48849,49208,360,24,0.15,49223,2026-08-05 17:32:00,49238,2026-08-05 18:32:00,49268,2026-08-05 20:32:00,49328,2026-08-06 00:32:00
49209,2026-08-05 16:36:00,test,48850,49209,360,24,0.15,49224,2026-08-05 17:36:00,49239,2026-08-05 18:36:00,49269,2026-08-05 20:36:00,49329,2026-08-06 00:36:00
49210,2026-08-05 16:40:00,test,48851,49210,360,24,0.15,49225,2026-08-05 17:40:00,49240,2026-08-05 18:40:00,49270,2026-08-05 20:40:00,49330,2026-08-06 00:40:00
49212,2026-08-05 16:48:00,test,48853,49212,360,24,0.15,49227,2026-08-05 17:48:00,49242,2026-08-05 18:48:00,49272,2026-08-05 20:48:00,49332,2026-08-06 00:48:00
49214,2026-08-05 16:56:00,test,48855,49214,360,24,0.15,49229,2026-08-05 17:56:00,49244,2026-08-05 18:56:00,49274,2026-08-05 20:56:00,49334,2026-08-06 00:56:00
49215,2026-08-05 17:00:00,test,48856,49215,360,24,0.15,49230,2026-08-05 18:00:00,49245,2026-08-05 19:00:00,49275,2026-08-05 21:00:00,49335,2026-08-06 01:00:00
49218,2026-08-05 17:12:00,test,48859,49218,360,24,0.15,49233,2026-08-05 18:12:00,49248,2026-08-05 19:12:00,49278,2026-08-05 21:12:00,49338,2026-08-06 01:12:00
49221,2026-08-05 17:24:00,test,48862,49221,360,24,0.15,49236,2026-08-05 18:24:00,49251,2026-08-05 19:24:00,49281,2026-08-05 21:24:00,49341,2026-08-06 01:24:00
49222,2026-08-05 17:28:00,test,48863,49222,360,24,0.15,49237,2026-08-05 18:28:00,49252,2026-08-05 19:28:00,49282,2026-08-05 21:28:00,49342,2026-08-06 01:28:00
49223,2026-08-05 17:32:00,test,48864,49223,360,24,0.15,49238,2026-08-05 18:32:00,49253,2026-08-05 19:32:00,49283,2026-08-05 21:32:00,49343,2026-08-06 01:32:00
49224,2026-08-05 17:36:00,test,48865,49224,360,24,0.15,49239,2026-08-05 18:36:00,49254,2026-08-05 19:36:00,49284,2026-08-05 21:36:00,49344,2026-08-06 01:36:00
49225,2026-08-05 17:40:00,test,48866,49225,360,24,0.15,49240,2026-08-05 18:40:00,49255,2026-08-05 19:40:00,49285,2026-08-05 21:40:00,49345,2026-08-06 01:40:00
49226,2026-08-05 17:44:00,test,48867,49226,360,24,0.15,49241,2026-08-05 18:44:00,49256,2026-08-05 19:44:00,49286,2026-08-05 21:44:00,49346,2026-08-06 01:44:00
49227,2026-08-05 17:48:00,test,48868,49227,360,24,0.15,49242,2026-08-05 18:48:00,49257,2026-08-05 19:48:00,49287,2026-08-05 21:48:00,49347,2026-08-06 01:48:00
49229,2026-08-05 17:56:00,test,48870,49229,360,24,0.15,49244,2026-08-05 18:56:00,49259,2026-08-05 19:56:00,49289,2026-08-05 21:56:00,49349,2026-08-06 01:56:00
49230,2026-08-05 18:00:00,test,48871,49230,360,24,0.15,49245,2026-08-05 19:00:00,49260,2026-08-05 20:00:00,49290,2026-08-05 22:00:00,49350,2026-08-06 02:00:00
49231,2026-08-05 18:04:00,test,48872,49231,360,24,0.15,49246,2026-08-05 19:04:00,49261,2026-08-05 20:04:00,49291,2026-08-05 22:04:00,49351,2026-08-06 02:04:00
49232,2026-08-05 18:08:00,test,48873,49232,360,24,0.15,49247,2026-08-05 19:08:00,49262,2026-08-05 20:08:00,49292,2026-08-05 22:08:00,49352,2026-08-06 02:08:00
49236,2026-08-05 18:24:00,test,48877,49236,360,24,0.15,49251,2026-08-05 19:24:00,49266,2026-08-05 20:24:00,49296,2026-08-05 22:24:00,49356,2026-08-06 02:24:00
49237,2026-08-05 18:28:00,test,48878,49237,360,24,0.15,49252,2026-08-05 19:28:00,49267,2026-08-05 20:28:00,49297,2026-08-05 22:28:00,49357,2026-08-06 02:28:00
49238,2026-08-05 18:32:00,test,48879,49238,360,24,0.15,49253,2026-08-05 19:32:00,49268,2026-08-05 20:32:00,49298,2026-08-05 22:32:00,49358,2026-08-06 02:32:00
49239,2026-08-05 18:36:00,test,48880,49239,360,24,0.15,49254,2026-08-05 19:36:00,49269,2026-08-05 20:36:00,49299,2026-08-05 22:36:00,49359,2026-08-06 02:36:00
49240,2026-08-05 18:40:00,test,48881,49240,360,24,0.15,49255,2026-08-05 19:40:00,49270,2026-08-05 20:40:00,49300,2026-08-05 22:40:00,49360,2026-08-06 02:40:00
49242,2026-08-05 18:48:00,test,48883,49242,360,24,0.15,49257,2026-08-05 19:48:00,49272,2026-08-05 20:48:00,49302,2026-08-05 22:48:00,49362,2026-08-06 02:48:00
49244,2026-08-05 18:56:00,test,48885,49244,360,24,0.15,49259,2026-08-05 19:56:00,49274,2026-08-05 20:56:00,49304,2026-08-05 22:56:00,49364,2026-08-06 02:56:00
49245,2026-08-05 19:00:00,test,48886,49245,360,24,0.15,49260,2026-08-05 20:00:00,49275,2026-08-05 21:00:00,49305,2026-08-05 23:00:00,49365,2026-08-06 03:00:00
49250,2026-08-05 19:20:00,test,48891,49250,360,24,0.15,49265,2026-08-05 20:20:00,49280,2026-08-05 21:20:00,49310,2026-08-05 23:20:00,49370,2026-08-06 03:20:00
49251,2026-08-05 19:24:00,test,48892,49251,360,24,0.15,49266,2026-08-05 20:24:00,49281,2026-08-05 21:24:00,49311,2026-08-05 23:24:00,49371,2026-08-06 03:24:00
49252,2026-08-05 19:28:00,test,48893,49252,360,24,0.15,49267,2026-08-05 20:28:00,49282,2026-08-05 21:28:00,49312,2026-08-05 23:28:00,49372,2026-08-06 03:28:00
49253,2026-08-05 19:32:00,test,48894,49253,360,24,0.15,49268,2026-08-05 20:32:00,49283,2026-08-05 21:32:00,49313,2026-08-05 23:32:00,49373,2026-08-06 03:32:00
49255,2026-08-05 19:40:00,test,48896,49255,360,24,0.15,49270,2026-08-05 20:40:00,49285,2026-08-05 21:40:00,49315,2026-08-05 23:40:00,49375,2026-08-06 03:40:00
49257,2026-08-05 19:48:00,test,48898,49257,360,24,0.15,49272,2026-08-05 20:48:00,49287,2026-08-05 21:48:00,49317,2026-08-05 23:48:00,49377,2026-08-06 03:48:00
49258,2026-08-05 19:52:00,test,48899,49258,360,24,0.15,49273,2026-08-05 20:52:00,49288,2026-08-05 21:52:00,49318,2026-08-05 23:52:00,49378,2026-08-06 03:52:00
49259,2026-08-05 19:56:00,test,48900,49259,360,24,0.15,49274,2026-08-05 20:56:00,49289,2026-08-05 21:56:00,49319,2026-08-05 23:56:00,49379,2026-08-06 03:56:00
49263,2026-08-05 20:12:00,test,48904,49263,360,24,0.15,49278,2026-08-05 21:12:00,49293,2026-08-05 22:12:00,49323,2026-08-06 00:12:00,49383,2026-08-06 04:12:00
49264,2026-08-05 20:16:00,test,48905,49264,360,24,0.15,49279,2026-08-05 21:16:00,49294,2026-08-05 22:16:00,49324,2026-08-06 00:16:00,49384,2026-08-06 04:16:00
49265,2026-08-05 20:20:00,test,48906,49265,360,24,0.15,49280,2026-08-05 21:20:00,49295,2026-08-05 22:20:00,49325,2026-08-06 00:20:00,49385,2026-08-06 04:20:00
49266,2026-08-05 20:24:00,test,48907,49266,360,24,0.15,49281,2026-08-05 21:24:00,49296,2026-08-05 22:24:00,49326,2026-08-06 00:24:00,49386,2026-08-06 04:24:00
49267,2026-08-05 20:28:00,test,48908,49267,360,24,0.15,49282,2026-08-05 21:28:00,49297,2026-08-05 22:28:00,49327,2026-08-06 00:28:00,49387,2026-08-06 04:28:00
49268,2026-08-05 20:32:00,test,48909,49268,360,24,0.15,49283,2026-08-05 21:32:00,49298,2026-08-05 22:32:00,49328,2026-08-06 00:32:00,49388,2026-08-06 04:32:00
49269,2026-08-05 20:36:00,test,48910,49269,360,24,0.15,49284,2026-08-05 21:36:00,49299,2026-08-05 22:36:00,49329,2026-08-06 00:36:00,49389,2026-08-06 04:36:00
49270,2026-08-05 20:40:00,test,48911,49270,360,24,0.15,49285,2026-08-05 21:40:00,49300,2026-08-05 22:40:00,49330,2026-08-06 00:40:00,49390,2026-08-06 04:40:00
49271,2026-08-05 20:44:00,test,48912,49271,360,24,0.15,49286,2026-08-05 21:44:00,49301,2026-08-05 22:44:00,49331,2026-08-06 00:44:00,49391,2026-08-06 04:44:00
49272,2026-08-05 20:48:00,test,48913,49272,360,24,0.15,49287,2026-08-05 21:48:00,49302,2026-08-05 22:48:00,49332,2026-08-06 00:48:00,49392,2026-08-06 04:48:00
49273,2026-08-05 20:52:00,test,48914,49273,360,24,0.15,49288,2026-08-05 21:52:00,49303,2026-08-05 22:52:00,49333,2026-08-06 00:52:00,49393,2026-08-06 04:52:00
49275,2026-08-05 21:00:00,test,48916,49275,360,24,0.15,49290,2026-08-05 22:00:00,49305,2026-08-05 23:00:00,49335,2026-08-06 01:00:00,49395,2026-08-06 05:00:00
49278,2026-08-05 21:12:00,test,48919,49278,360,24,0.15,49293,2026-08-05 22:12:00,49308,2026-08-05 23:12:00,49338,2026-08-06 01:12:00,49398,2026-08-06 05:12:00
49280,2026-08-05 21:20:00,test,48921,49280,360,24,0.15,49295,2026-08-05 22:20:00,49310,2026-08-05 23:20:00,49340,2026-08-06 01:20:00,49400,2026-08-06 05:20:00
49281,2026-08-05 21:24:00,test,48922,49281,360,24,0.15,49296,2026-08-05 22:24:00,49311,2026-08-05 23:24:00,49341,2026-08-06 01:24:00,49401,2026-08-06 05:24:00
49282,2026-08-05 21:28:00,test,48923,49282,360,24,0.15,49297,2026-08-05 22:28:00,49312,2026-08-05 23:28:00,49342,2026-08-06 01:28:00,49402,2026-08-06 05:28:00
49283,2026-08-05 21:32:00,test,48924,49283,360,24,0.15,49298,2026-08-05 22:32:00,49313,2026-08-05 23:32:00,49343,2026-08-06 01:32:00,49403,2026-08-06 05:32:00
49285,2026-08-05 21:40:00,test,48926,49285,360,24,0.15,49300,2026-08-05 22:40:00,49315,2026-08-05 23:40:00,49345,2026-08-06 01:40:00,49405,2026-08-06 05:40:00
49286,2026-08-05 21:44:00,test,48927,49286,360,24,0.15,49301,2026-08-05 22:44:00,49316,2026-08-05 23:44:00,49346,2026-08-06 01:44:00,49406,2026-08-06 05:44:00
49287,2026-08-05 21:48:00,test,48928,49287,360,24,0.15,49302,2026-08-05 22:48:00,49317,2026-08-05 23:48:00,49347,2026-08-06 01:48:00,49407,2026-08-06 05:48:00
49288,2026-08-05 21:52:00,test,48929,49288,360,24,0.15,49303,2026-08-05 22:52:00,49318,2026-08-05 23:52:00,49348,2026-08-06 01:52:00,49408,2026-08-06 05:52:00
49289,2026-08-05 21:56:00,test,48930,49289,360,24,0.15,49304,2026-08-05 22:56:00,49319,2026-08-05 23:56:00,49349,2026-08-06 01:56:00,49409,2026-08-06 05:56:00
49290,2026-08-05 22:00:00,test,48931,49290,360,24,0.15,49305,2026-08-05 23:00:00,49320,2026-08-06 00:00:00,49350,2026-08-06 02:00:00,49410,2026-08-06 06:00:00
49291,2026-08-05 22:04:00,test,48932,49291,360,24,0.15,49306,2026-08-05 23:04:00,49321,2026-08-06 00:04:00,49351,2026-08-06 02:04:00,49411,2026-08-06 06:04:00
49293,2026-08-05 22:12:00,test,48934,49293,360,24,0.15,49308,2026-08-05 23:12:00,49323,2026-08-06 00:12:00,49353,2026-08-06 02:12:00,49413,2026-08-06 06:12:00
49295,2026-08-05 22:20:00,test,48936,49295,360,24,0.15,49310,2026-08-05 23:20:00,49325,2026-08-06 00:20:00,49355,2026-08-06 02:20:00,49415,2026-08-06 06:20:00
49296,2026-08-05 22:24:00,test,48937,49296,360,24,0.15,49311,2026-08-05 23:24:00,49326,2026-08-06 00:24:00,49356,2026-08-06 02:24:00,49416,2026-08-06 06:24:00
49297,2026-08-05 22:28:00,test,48938,49297,360,24,0.15,49312,2026-08-05 23:28:00,49327,2026-08-06 00:28:00,49357,2026-08-06 02:28:00,49417,2026-08-06 06:28:00
49298,2026-08-05 22:32:00,test,48939,49298,360,24,0.15,49313,2026-08-05 23:32:00,49328,2026-08-06 00:32:00,49358,2026-08-06 02:32:00,49418,2026-08-06 06:32:00
49300,2026-08-05 22:40:00,test,48941,49300,360,24,0.15,49315,2026-08-05 23:40:00,49330,2026-08-06 00:40:00,49360,2026-08-06 02:40:00,49420,2026-08-06 06:40:00
49301,2026-08-05 22:44:00,test,48942,49301,360,24,0.15,49316,2026-08-05 23:44:00,49331,2026-08-06 00:44:00,49361,2026-08-06 02:44:00,49421,2026-08-06 06:44:00
49302,2026-08-05 22:48:00,test,48943,49302,360,24,0.15,49317,2026-08-05 23:48:00,49332,2026-08-06 00:48:00,49362,2026-08-06 02:48:00,49422,2026-08-06 06:48:00
49305,2026-08-05 23:00:00,test,48946,49305,360,24,0.15,49320,2026-08-06 00:00:00,49335,2026-08-06 01:00:00,49365,2026-08-06 03:00:00,49425,2026-08-06 07:00:00
49306,2026-08-05 23:04:00,test,48947,49306,360,24,0.15,49321,2026-08-06 00:04:00,49336,2026-08-06 01:04:00,49366,2026-08-06 03:04:00,49426,2026-08-06 07:04:00
49310,2026-08-05 23:20:00,test,48951,49310,360,24,0.15,49325,2026-08-06 00:20:00,49340,2026-08-06 01:20:00,49370,2026-08-06 03:20:00,49430,2026-08-06 07:20:00
49311,2026-08-05 23:24:00,test,48952,49311,360,24,0.15,49326,2026-08-06 00:24:00,49341,2026-08-06 01:24:00,49371,2026-08-06 03:24:00,49431,2026-08-06 07:24:00
49312,2026-08-05 23:28:00,test,48953,49312,360,24,0.15,49327,2026-08-06 00:28:00,49342,2026-08-06 01:28:00,49372,2026-08-06 03:28:00,49432,2026-08-06 07:28:00
49313,2026-08-05 23:32:00,test,48954,49313,360,24,0.15,49328,2026-08-06 00:32:00,49343,2026-08-06 01:32:00,49373,2026-08-06 03:32:00,49433,2026-08-06 07:32:00
49314,2026-08-05 23:36:00,test,48955,49314,360,24,0.15,49329,2026-08-06 00:36:00,49344,2026-08-06 01:36:00,49374,2026-08-06 03:36:00,49434,2026-08-06 07:36:00
49316,2026-08-05 23:44:00,test,48957,49316,360,24,0.15,49331,2026-08-06 00:44:00,49346,2026-08-06 01:44:00,49376,2026-08-06 03:44:00,49436,2026-08-06 07:44:00
49317,2026-08-05 23:48:00,test,48958,49317,360,24,0.15,49332,2026-08-06 00:48:00,49347,2026-08-06 01:48:00,49377,2026-08-06 03:48:00,49437,2026-08-06 07:48:00
49318,2026-08-05 23:52:00,test,48959,49318,360,24,0.15,49333,2026-08-06 00:52:00,49348,2026-08-06 01:52:00,49378,2026-08-06 03:52:00,49438,2026-08-06 07:52:00
49319,2026-08-05 23:56:00,test,48960,49319,360,24,0.15,49334,2026-08-06 00:56:00,49349,2026-08-06 01:56:00,49379,2026-08-06 03:56:00,49439,2026-08-06 07:56:00
49321,2026-08-06 00:04:00,test,48962,49321,360,24,0.15,49336,2026-08-06 01:04:00,49351,2026-08-06 02:04:00,49381,2026-08-06 04:04:00,49441,2026-08-06 08:04:00
49322,2026-08-06 00:08:00,test,48963,49322,360,24,0.15,49337,2026-08-06 01:08:00,49352,2026-08-06 02:08:00,49382,2026-08-06 04:08:00,49442,2026-08-06 08:08:00
49325,2026-08-06 00:20:00,test,48966,49325,360,24,0.15,49340,2026-08-06 01:20:00,49355,2026-08-06 02:20:00,49385,2026-08-06 04:20:00,49445,2026-08-06 08:20:00
49326,2026-08-06 00:24:00,test,48967,49326,360,24,0.15,49341,2026-08-06 01:24:00,49356,2026-08-06 02:24:00,49386,2026-08-06 04:24:00,49446,2026-08-06 08:24:00
49327,2026-08-06 00:28:00,test,48968,49327,360,24,0.15,49342,2026-08-06 01:28:00,49357,2026-08-06 02:28:00,49387,2026-08-06 04:28:00,49447,2026-08-06 08:28:00
49328,2026-08-06 00:32:00,test,48969,49328,360,24,0.15,49343,2026-08-06 01:32:00,49358,2026-08-06 02:32:00,49388,2026-08-06 04:32:00,49448,2026-08-06 08:32:00
49329,2026-08-06 00:36:00,test,48970,49329,360,24,0.15,49344,2026-08-06 01:36:00,49359,2026-08-06 02:36:00,49389,2026-08-06 04:36:00,49449,2026-08-06 08:36:00
49330,2026-08-06 00:40:00,test,48971,49330,360,24,0.15,49345,2026-08-06 01:40:00,49360,2026-08-06 02:40:00,49390,2026-08-06 04:40:00,49450,2026-08-06 08:40:00
49332,2026-08-06 00:48:00,test,48973,49332,360,24,0.15,49347,2026-08-06 01:48:00,49362,2026-08-06 02:48:00,49392,2026-08-06 04:48:00,49452,2026-08-06 08:48:00
49333,2026-08-06 00:52:00,test,48974,49333,360,24,0.15,49348,2026-08-06 01:52:00,49363,2026-08-06 02:52:00,49393,2026-08-06 04:52:00,49453,2026-08-06 08:52:00
49335,2026-08-06 01:00:00,test,48976,49335,360,24,0.15,49350,2026-08-06 02:00:00,49365,2026-08-06 03:00:00,49395,2026-08-06 05:00:00,49455,2026-08-06 09:00:00
49338,2026-08-06 01:12:00,test,48979,49338,360,24,0.15,49353,2026-08-06 02:12:00,49368,2026-08-06 03:12:00,49398,2026-08-06 05:12:00,49458,2026-08-06 09:12:00
49339,2026-08-06 01:16:00,test,48980,49339,360,24,0.15,49354,2026-08-06 02:16:00,49369,2026-08-06 03:16:00,49399,2026-08-06 05:16:00,49459,2026-08-06 09:16:00
49341,2026-08-06 01:24:00,test,48982,49341,360,24,0.15,49356,2026-08-06 02:24:00,49371,2026-08-06 03:24:00,49401,2026-08-06 05:24:00,49461,2026-08-06 09:24:00
49343,2026-08-06 01:32:00,test,48984,49343,360,24,0.15,49358,2026-08-06 02:32:00,49373,2026-08-06 03:32:00,49403,2026-08-06 05:32:00,49463,2026-08-06 09:32:00
49344,2026-08-06 01:36:00,test,48985,49344,360,24,0.15,49359,2026-08-06 02:36:00,49374,2026-08-06 03:36:00,49404,2026-08-06 05:36:00,49464,2026-08-06 09:36:00
49345,2026-08-06 01:40:00,test,48986,49345,360,24,0.15,49360,2026-08-06 02:40:00,49375,2026-08-06 03:40:00,49405,2026-08-06 05:40:00,49465,2026-08-06 09:40:00
49346,2026-08-06 01:44:00,test,48987,49346,360,24,0.15,49361,2026-08-06 02:44:00,49376,2026-08-06 03:44:00,49406,2026-08-06 05:44:00,49466,2026-08-06 09:44:00
49347,2026-08-06 01:48:00,test,48988,49347,360,24,0.15,49362,2026-08-06 02:48:00,49377,2026-08-06 03:48:00,49407,2026-08-06 05:48:00,49467,2026-08-06 09:48:00
49348,2026-08-06 01:52:00,test,48989,49348,360,24,0.15,49363,2026-08-06 02:52:00,49378,2026-08-06 03:52:00,49408,2026-08-06 05:52:00,49468,2026-08-06 09:52:00
49349,2026-08-06 01:56:00,test,48990,49349,360,24,0.15,49364,2026-08-06 02:56:00,49379,2026-08-06 03:56:00,49409,2026-08-06 05:56:00,49469,2026-08-06 09:56:00
49351,2026-08-06 02:04:00,test,48992,49351,360,24,0.15,49366,2026-08-06 03:04:00,49381,2026-08-06 04:04:00,49411,2026-08-06 06:04:00,49471,2026-08-06 10:04:00
49353,2026-08-06 02:12:00,test,48994,49353,360,24,0.15,49368,2026-08-06 03:12:00,49383,2026-08-06 04:12:00,49413,2026-08-06 06:12:00,49473,2026-08-06 10:12:00
49354,2026-08-06 02:16:00,test,48995,49354,360,24,0.15,49369,2026-08-06 03:16:00,49384,2026-08-06 04:16:00,49414,2026-08-06 06:16:00,49474,2026-08-06 10:16:00
49355,2026-08-06 02:20:00,test,48996,49355,360,24,0.15,49370,2026-08-06 03:20:00,49385,2026-08-06 04:20:00,49415,2026-08-06 06:20:00,49475,2026-08-06 10:20:00
49356,2026-08-06 02:24:00,test,48997,49356,360,24,0.15,49371,2026-08-06 03:24:00,49386,2026-08-06 04:24:00,49416,2026-08-06 06:24:00,49476,2026-08-06 10:24:00
49357,2026-08-06 02:28:00,test,48998,49357,360,24,0.15,49372,2026-08-06 03:28:00,49387,2026-08-06 04:28:00,49417,2026-08-06 06:28:00,49477,2026-08-06 10:28:00
49359,2026-08-06 02:36:00,test,49000,49359,360,24,0.15,49374,2026-08-06 03:36:00,49389,2026-08-06 04:36:00,49419,2026-08-06 06:36:00,49479,2026-08-06 10:36:00
49360,2026-08-06 02:40:00,test,49001,49360,360,24,0.15,49375,2026-08-06 03:40:00,49390,2026-08-06 04:40:00,49420,2026-08-06 06:40:00,49480,2026-08-06 10:40:00
49361,2026-08-06 02:44:00,test,49002,49361,360,24,0.15,49376,2026-08-06 03:44:00,49391,2026-08-06 04:44:00,49421,2026-08-06 06:44:00,49481,2026-08-06 10:44:00
49362,2026-08-06 02:48:00,test,49003,49362,360,24,0.15,49377,2026-08-06 03:48:00,49392,2026-08-06 04:48:00,49422,2026-08-06 06:48:00,49482,2026-08-06 10:48:00
49369,2026-08-06 03:16:00,test,49010,49369,360,24,0.15,49384,2026-08-06 04:16:00,49399,2026-08-06 05:16:00,49429,2026-08-06 07:16:00,49489,2026-08-06 11:16:00
49371,2026-08-06 03:24:00,test,49012,49371,360,24,0.15,49386,2026-08-06 04:24:00,49401,2026-08-06 05:24:00,49431,2026-08-06 07:24:00,49491,2026-08-06 11:24:00
49372,2026-08-06 03:28:00,test,49013,49372,360,24,0.15,49387,2026-08-06 04:28:00,49402,2026-08-06 05:28:00,49432,2026-08-06 07:28:00,49492,2026-08-06 11:28:00
49373,2026-08-06 03:32:00,test,49014,49373,360,24,0.15,49388,2026-08-06 04:32:00,49403,2026-08-06 05:32:00,49433,2026-08-06 07:32:00,49493,2026-08-06 11:32:00
49374,2026-08-06 03:36:00,test,49015,49374,360,24,0.15,49389,2026-08-06 04:36:00,49404,2026-08-06 05:36:00,49434,2026-08-06 07:36:00,49494,2026-08-06 11:36:00
49376,2026-08-06 03:44:00,test,49017,49376,360,24,0.15,49391,2026-08-06 04:44:00,49406,2026-08-06 05:44:00,49436,2026-08-06 07:44:00,49496,2026-08-06 11:44:00
49377,2026-08-06 03:48:00,test,49018,49377,360,24,0.15,49392,2026-08-06 04:48:00,49407,2026-08-06 05:48:00,49437,2026-08-06 07:48:00,49497,2026-08-06 11:48:00
49378,2026-08-06 03:52:00,test,49019,49378,360,24,0.15,49393,2026-08-06 04:52:00,49408,2026-08-06 05:52:00,49438,2026-08-06 07:52:00,49498,2026-08-06 11:52:00
49380,2026-08-06 04:00:00,test,49021,49380,360,24,0.15,49395,2026-08-06 05:00:00,49410,2026-08-06 06:00:00,49440,2026-08-06 08:00:00,49500,2026-08-06 12:00:00
49384,2026-08-06 04:16:00,test,49025,49384,360,24,0.15,49399,2026-08-06 05:16:00,49414,2026-08-06 06:16:00,49444,2026-08-06 08:16:00,49504,2026-08-06 12:16:00
49385,2026-08-06 04:20:00,test,49026,49385,360,24,0.15,49400,2026-08-06 05:20:00,49415,2026-08-06 06:20:00,49445,2026-08-06 08:20:00,49505,2026-08-06 12:20:00
49387,2026-08-06 04:28:00,test,49028,49387,360,24,0.15,49402,2026-08-06 05:28:00,49417,2026-08-06 06:28:00,49447,2026-08-06 08:28:00,49507,2026-08-06 12:28:00
49388,2026-08-06 04:32:00,test,49029,49388,360,24,0.15,49403,2026-08-06 05:32:00,49418,2026-08-06 06:32:00,49448,2026-08-06 08:32:00,49508,2026-08-06 12:32:00
49389,2026-08-06 04:36:00,test,49030,49389,360,24,0.15,49404,2026-08-06 05:36:00,49419,2026-08-06 06:36:00,49449,2026-08-06 08:36:00,49509,2026-08-06 12:36:00
49390,2026-08-06 04:40:00,test,49031,49390,360,24,0.15,49405,2026-08-06 05:40:00,49420,2026-08-06 06:40:00,49450,2026-08-06 08:40:00,49510,2026-08-06 12:40:00
49392,2026-08-06 04:48:00,test,49033,49392,360,24,0.15,49407,2026-08-06 05:48:00,49422,2026-08-06 06:48:00,49452,2026-08-06 08:48:00,49512,2026-08-06 12:48:00
49395,2026-08-06 05:00:00,test,49036,49395,360,24,0.15,49410,2026-08-06 06:00:00,49425,2026-08-06 07:00:00,49455,2026-08-06 09:00:00,49515,2026-08-06 13:00:00
49397,2026-08-06 05:08:00,test,49038,49397,360,24,0.15,49412,2026-08-06 06:08:00,49427,2026-08-06 07:08:00,49457,2026-08-06 09:08:00,49517,2026-08-06 13:08:00
49399,2026-08-06 05:16:00,test,49040,49399,360,24,0.15,49414,2026-08-06 06:16:00,49429,2026-08-06 07:16:00,49459,2026-08-06 09:16:00,49519,2026-08-06 13:16:00
49401,2026-08-06 05:24:00,test,49042,49401,360,24,0.15,49416,2026-08-06 06:24:00,49431,2026-08-06 07:24:00,49461,2026-08-06 09:24:00,49521,2026-08-06 13:24:00
49404,2026-08-06 05:36:00,test,49045,49404,360,24,0.15,49419,2026-08-06 06:36:00,49434,2026-08-06 07:36:00,49464,2026-08-06 09:36:00,49524,2026-08-06 13:36:00
49406,2026-08-06 05:44:00,test,49047,49406,360,24,0.15,49421,2026-08-06 06:44:00,49436,2026-08-06 07:44:00,49466,2026-08-06 09:44:00,49526,2026-08-06 13:44:00
49407,2026-08-06 05:48:00,test,49048,49407,360,24,0.15,49422,2026-08-06 06:48:00,49437,2026-08-06 07:48:00,49467,2026-08-06 09:48:00,49527,2026-08-06 13:48:00
49411,2026-08-06 06:04:00,test,49052,49411,360,24,0.15,49426,2026-08-06 07:04:00,49441,2026-08-06 08:04:00,49471,2026-08-06 10:04:00,49531,2026-08-06 14:04:00
49412,2026-08-06 06:08:00,test,49053,49412,360,24,0.15,49427,2026-08-06 07:08:00,49442,2026-08-06 08:08:00,49472,2026-08-06 10:08:00,49532,2026-08-06 14:08:00
49414,2026-08-06 06:16:00,test,49055,49414,360,24,0.15,49429,2026-08-06 07:16:00,49444,2026-08-06 08:16:00,49474,2026-08-06 10:16:00,49534,2026-08-06 14:16:00
49415,2026-08-06 06:20:00,test,49056,49415,360,24,0.15,49430,2026-08-06 07:20:00,49445,2026-08-06 08:20:00,49475,2026-08-06 10:20:00,49535,2026-08-06 14:20:00
49417,2026-08-06 06:28:00,test,49058,49417,360,24,0.15,49432,2026-08-06 07:28:00,49447,2026-08-06 08:28:00,49477,2026-08-06 10:28:00,49537,2026-08-06 14:28:00
49419,2026-08-06 06:36:00,test,49060,49419,360,24,0.15,49434,2026-08-06 07:36:00,49449,2026-08-06 08:36:00,49479,2026-08-06 10:36:00,49539,2026-08-06 14:36:00
49423,2026-08-06 06:52:00,test,49064,49423,360,24,0.15,49438,2026-08-06 07:52:00,49453,2026-08-06 08:52:00,49483,2026-08-06 10:52:00,49543,2026-08-06 14:52:00
49424,2026-08-06 06:56:00,test,49065,49424,360,24,0.15,49439,2026-08-06 07:56:00,49454,2026-08-06 08:56:00,49484,2026-08-06 10:56:00,49544,2026-08-06 14:56:00
49425,2026-08-06 07:00:00,test,49066,49425,360,24,0.15,49440,2026-08-06 08:00:00,49455,2026-08-06 09:00:00,49485,2026-08-06 11:00:00,49545,2026-08-06 15:00:00
49426,2026-08-06 07:04:00,test,49067,49426,360,24,0.15,49441,2026-08-06 08:04:00,49456,2026-08-06 09:04:00,49486,2026-08-06 11:04:00,49546,2026-08-06 15:04:00
49427,2026-08-06 07:08:00,test,49068,49427,360,24,0.15,49442,2026-08-06 08:08:00,49457,2026-08-06 09:08:00,49487,2026-08-06 11:08:00,49547,2026-08-06 15:08:00
49429,2026-08-06 07:16:00,test,49070,49429,360,24,0.15,49444,2026-08-06 08:16:00,49459,2026-08-06 09:16:00,49489,2026-08-06 11:16:00,49549,2026-08-06 15:16:00
49431,2026-08-06 07:24:00,test,49072,49431,360,24,0.15,49446,2026-08-06 08:24:00,49461,2026-08-06 09:24:00,49491,2026-08-06 11:24:00,49551,2026-08-06 15:24:00
49433,2026-08-06 07:32:00,test,49074,49433,360,24,0.15,49448,2026-08-06 08:32:00,49463,2026-08-06 09:32:00,49493,2026-08-06 11:32:00,49553,2026-08-06 15:32:00
49435,2026-08-06 07:40:00,test,49076,49435,360,24,0.15,49450,2026-08-06 08:40:00,49465,2026-08-06 09:40:00,49495,2026-08-06 11:40:00,49555,2026-08-06 15:40:00
49437,2026-08-06 07:48:00,test,49078,49437,360,24,0.15,49452,2026-08-06 08:48:00,49467,2026-08-06 09:48:00,49497,2026-08-06 11:48:00,49557,2026-08-06 15:48:00
49438,2026-08-06 07:52:00,test,49079,49438,360,24,0.15,49453,2026-08-06 08:52:00,49468,2026-08-06 09:52:00,49498,2026-08-06 11:52:00,49558,2026-08-06 15:52:00
49439,2026-08-06 07:56:00,test,49080,49439,360,24,0.15,49454,2026-08-06 08:56:00,49469,2026-08-06 09:56:00,49499,2026-08-06 11:56:00,49559,2026-08-06 15:56:00
49441,2026-08-06 08:04:00,test,49082,49441,360,24,0.15,49456,2026-08-06 09:04:00,49471,2026-08-06 10:04:00,49501,2026-08-06 12:04:00,49561,2026-08-06 16:04:00
49442,2026-08-06 08:08:00,test,49083,49442,360,24,0.15,49457,2026-08-06 09:08:00,49472,2026-08-06 10:08:00,49502,2026-08-06 12:08:00,49562,2026-08-06 16:08:00
49443,2026-08-06 08:12:00,test,49084,49443,360,24,0.15,49458,2026-08-06 09:12:00,49473,2026-08-06 10:12:00,49503,2026-08-06 12:12:00,49563,2026-08-06 16:12:00
49444,2026-08-06 08:16:00,test,49085,49444,360,24,0.15,49459,2026-08-06 09:16:00,49474,2026-08-06 10:16:00,49504,2026-08-06 12:16:00,49564,2026-08-06 16:16:00
49449,2026-08-06 08:36:00,test,49090,49449,360,24,0.15,49464,2026-08-06 09:36:00,49479,2026-08-06 10:36:00,49509,2026-08-06 12:36:00,49569,2026-08-06 16:36:00
49450,2026-08-06 08:40:00,test,49091,49450,360,24,0.15,49465,2026-08-06 09:40:00,49480,2026-08-06 10:40:00,49510,2026-08-06 12:40:00,49570,2026-08-06 16:40:00
49452,2026-08-06 08:48:00,test,49093,49452,360,24,0.15,49467,2026-08-06 09:48:00,49482,2026-08-06 10:48:00,49512,2026-08-06 12:48:00,49572,2026-08-06 16:48:00
49453,2026-08-06 08:52:00,test,49094,49453,360,24,0.15,49468,2026-08-06 09:52:00,49483,2026-08-06 10:52:00,49513,2026-08-06 12:52:00,49573,2026-08-06 16:52:00
49454,2026-08-06 08:56:00,test,49095,49454,360,24,0.15,49469,2026-08-06 09:56:00,49484,2026-08-06 10:56:00,49514,2026-08-06 12:56:00,49574,2026-08-06 16:56:00
49457,2026-08-06 09:08:00,test,49098,49457,360,24,0.15,49472,2026-08-06 10:08:00,49487,2026-08-06 11:08:00,49517,2026-08-06 13:08:00,49577,2026-08-06 17:08:00
49458,2026-08-06 09:12:00,test,49099,49458,360,24,0.15,49473,2026-08-06 10:12:00,49488,2026-08-06 11:12:00,49518,2026-08-06 13:12:00,49578,2026-08-06 17:12:00
49459,2026-08-06 09:16:00,test,49100,49459,360,24,0.15,49474,2026-08-06 10:16:00,49489,2026-08-06 11:16:00,49519,2026-08-06 13:16:00,49579,2026-08-06 17:16:00
49462,2026-08-06 09:28:00,test,49103,49462,360,24,0.15,49477,2026-08-06 10:28:00,49492,2026-08-06 11:28:00,49522,2026-08-06 13:28:00,49582,2026-08-06 17:28:00
49464,2026-08-06 09:36:00,test,49105,49464,360,24,0.15,49479,2026-08-06 10:36:00,49494,2026-08-06 11:36:00,49524,2026-08-06 13:36:00,49584,2026-08-06 17:36:00
49465,2026-08-06 09:40:00,test,49106,49465,360,24,0.15,49480,2026-08-06 10:40:00,49495,2026-08-06 11:40:00,49525,2026-08-06 13:40:00,49585,2026-08-06 17:40:00
49467,2026-08-06 09:48:00,test,49108,49467,360,24,0.15,49482,2026-08-06 10:48:00,49497,2026-08-06 11:48:00,49527,2026-08-06 13:48:00,49587,2026-08-06 17:48:00
49468,2026-08-06 09:52:00,test,49109,49468,360,24,0.15,49483,2026-08-06 10:52:00,49498,2026-08-06 11:52:00,49528,2026-08-06 13:52:00,49588,2026-08-06 17:52:00
49469,2026-08-06 09:56:00,test,49110,49469,360,24,0.15,49484,2026-08-06 10:56:00,49499,2026-08-06 11:56:00,49529,2026-08-06 13:56:00,49589,2026-08-06 17:56:00
49470,2026-08-06 10:00:00,test,49111,49470,360,24,0.15,49485,2026-08-06 11:00:00,49500,2026-08-06 12:00:00,49530,2026-08-06 14:00:00,49590,2026-08-06 18:00:00
49471,2026-08-06 10:04:00,test,49112,49471,360,24,0.15,49486,2026-08-06 11:04:00,49501,2026-08-06 12:04:00,49531,2026-08-06 14:04:00,49591,2026-08-06 18:04:00
49472,2026-08-06 10:08:00,test,49113,49472,360,24,0.15,49487,2026-08-06 11:08:00,49502,2026-08-06 12:08:00,49532,2026-08-06 14:08:00,49592,2026-08-06 18:08:00
49473,2026-08-06 10:12:00,test,49114,49473,360,24,0.15,49488,2026-08-06 11:12:00,49503,2026-08-06 12:12:00,49533,2026-08-06 14:12:00,49593,2026-08-06 18:12:00
49474,2026-08-06 10:16:00,test,49115,49474,360,24,0.15,49489,2026-08-06 11:16:00,49504,2026-08-06 12:16:00,49534,2026-08-06 14:16:00,49594,2026-08-06 18:16:00
49477,2026-08-06 10:28:00,test,49118,49477,360,24,0.15,49492,2026-08-06 11:28:00,49507,2026-08-06 12:28:00,49537,2026-08-06 14:28:00,49597,2026-08-06 18:28:00
49478,2026-08-06 10:32:00,test,49119,49478,360,24,0.15,49493,2026-08-06 11:32:00,49508,2026-08-06 12:32:00,49538,2026-08-06 14:32:00,49598,2026-08-06 18:32:00
49479,2026-08-06 10:36:00,test,49120,49479,360,24,0.15,49494,2026-08-06 11:36:00,49509,2026-08-06 12:36:00,49539,2026-08-06 14:36:00,49599,2026-08-06 18:36:00
49480,2026-08-06 10:40:00,test,49121,49480,360,24,0.15,49495,2026-08-06 11:40:00,49510,2026-08-06 12:40:00,49540,2026-08-06 14:40:00,49600,2026-08-06 18:40:00
49483,2026-08-06 10:52:00,test,49124,49483,360,24,0.15,49498,2026-08-06 11:52:00,49513,2026-08-06 12:52:00,49543,2026-08-06 14:52:00,49603,2026-08-06 18:52:00
49484,2026-08-06 10:56:00,test,49125,49484,360,24,0.15,49499,2026-08-06 11:56:00,49514,2026-08-06 12:56:00,49544,2026-08-06 14:56:00,49604,2026-08-06 18:56:00
49485,2026-08-06 11:00:00,test,49126,49485,360,24,0.15,49500,2026-08-06 12:00:00,49515,2026-08-06 13:00:00,49545,2026-08-06 15:00:00,49605,2026-08-06 19:00:00
49487,2026-08-06 11:08:00,test,49128,49487,360,24,0.15,49502,2026-08-06 12:08:00,49517,2026-08-06 13:08:00,49547,2026-08-06 15:08:00,49607,2026-08-06 19:08:00
49488,2026-08-06 11:12:00,test,49129,49488,360,24,0.15,49503,2026-08-06 12:12:00,49518,2026-08-06 13:12:00,49548,2026-08-06 15:12:00,49608,2026-08-06 19:12:00
49489,2026-08-06 11:16:00,test,49130,49489,360,24,0.15,49504,2026-08-06 12:16:00,49519,2026-08-06 13:16:00,49549,2026-08-06 15:16:00,49609,2026-08-06 19:16:00
49490,2026-08-06 11:20:00,test,49131,49490,360,24,0.15,49505,2026-08-06 12:20:00,49520,2026-08-06 13:20:00,49550,2026-08-06 15:20:00,49610,2026-08-06 19:20:00
49495,2026-08-06 11:40:00,test,49136,49495,360,24,0.15,49510,2026-08-06 12:40:00,49525,2026-08-06 13:40:00,49555,2026-08-06 15:40:00,49615,2026-08-06 19:40:00
49497,2026-08-06 11:48:00,test,49138,49497,360,24,0.15,49512,2026-08-06 12:48:00,49527,2026-08-06 13:48:00,49557,2026-08-06 15:48:00,49617,2026-08-06 19:48:00
49498,2026-08-06 11:52:00,test,49139,49498,360,24,0.15,49513,2026-08-06 12:52:00,49528,2026-08-06 13:52:00,49558,2026-08-06 15:52:00,49618,2026-08-06 19:52:00
49499,2026-08-06 11:56:00,test,49140,49499,360,24,0.15,49514,2026-08-06 12:56:00,49529,2026-08-06 13:56:00,49559,2026-08-06 15:56:00,49619,2026-08-06 19:56:00
49500,2026-08-06 12:00:00,test,49141,49500,360,24,0.15,49515,2026-08-06 13:00:00,49530,2026-08-06 14:00:00,49560,2026-08-06 16:00:00,49620,2026-08-06 20:00:00
49502,2026-08-06 12:08:00,test,49143,49502,360,24,0.15,49517,2026-08-06 13:08:00,49532,2026-08-06 14:08:00,49562,2026-08-06 16:08:00,49622,2026-08-06 20:08:00
49503,2026-08-06 12:12:00,test,49144,49503,360,24,0.15,49518,2026-08-06 13:12:00,49533,2026-08-06 14:12:00,49563,2026-08-06 16:12:00,49623,2026-08-06 20:12:00
49504,2026-08-06 12:16:00,test,49145,49504,360,24,0.15,49519,2026-08-06 13:16:00,49534,2026-08-06 14:16:00,49564,2026-08-06 16:16:00,49624,2026-08-06 20:16:00
49505,2026-08-06 12:20:00,test,49146,49505,360,24,0.15,49520,2026-08-06 13:20:00,49535,2026-08-06 14:20:00,49565,2026-08-06 16:20:00,49625,2026-08-06 20:20:00
49507,2026-08-06 12:28:00,test,49148,49507,360,24,0.15,49522,2026-08-06 13:28:00,49537,2026-08-06 14:28:00,49567,2026-08-06 16:28:00,49627,2026-08-06 20:28:00
49509,2026-08-06 12:36:00,test,49150,49509,360,24,0.15,49524,2026-08-06 13:36:00,49539,2026-08-06 14:36:00,49569,2026-08-06 16:36:00,49629,2026-08-06 20:36:00
49510,2026-08-06 12:40:00,test,49151,49510,360,24,0.15,49525,2026-08-06 13:40:00,49540,2026-08-06 14:40:00,49570,2026-08-06 16:40:00,49630,2026-08-06 20:40:00
49511,2026-08-06 12:44:00,test,49152,49511,360,24,0.15,49526,2026-08-06 13:44:00,49541,2026-08-06 14:44:00,49571,2026-08-06 16:44:00,49631,2026-08-06 20:44:00
49513,2026-08-06 12:52:00,test,49154,49513,360,24,0.15,49528,2026-08-06 13:52:00,49543,2026-08-06 14:52:00,49573,2026-08-06 16:52:00,49633,2026-08-06 20:52:00
49514,2026-08-06 12:56:00,test,49155,49514,360,24,0.15,49529,2026-08-06 13:56:00,49544,2026-08-06 14:56:00,49574,2026-08-06 16:56:00,49634,2026-08-06 20:56:00
49515,2026-08-06 13:00:00,test,49156,49515,360,24,0.15,49530,2026-08-06 14:00:00,49545,2026-08-06 15:00:00,49575,2026-08-06 17:00:00,49635,2026-08-06 21:00:00
49516,2026-08-06 13:04:00,test,49157,49516,360,24,0.15,49531,2026-08-06 14:04:00,49546,2026-08-06 15:04:00,49576,2026-08-06 17:04:00,49636,2026-08-06 21:04:00
49517,2026-08-06 13:08:00,test,49158,49517,360,24,0.15,49532,2026-08-06 14:08:00,49547,2026-08-06 15:08:00,49577,2026-08-06 17:08:00,49637,2026-08-06 21:08:00
49518,2026-08-06 13:12:00,test,49159,49518,360,24,0.15,49533,2026-08-06 14:12:00,49548,2026-08-06 15:12:00,49578,2026-08-06 17:12:00,49638,2026-08-06 21:12:00
49519,2026-08-06 13:16:00,test,49160,49519,360,24,0.15,49534,2026-08-06 14:16:00,49549,2026-08-06 15:16:00,49579,2026-08-06 17:16:00,49639,2026-08-06 21:16:00
49520,2026-08-06 13:20:00,test,49161,49520,360,24,0.15,49535,2026-08-06 14:20:00,49550,2026-08-06 15:20:00,49580,2026-08-06 17:20:00,49640,2026-08-06 21:20:00
49522,2026-08-06 13:28:00,test,49163,49522,360,24,0.15,49537,2026-08-06 14:28:00,49552,2026-08-06 15:28:00,49582,2026-08-06 17:28:00,49642,2026-08-06 21:28:00
49528,2026-08-06 13:52:00,test,49169,49528,360,24,0.15,49543,2026-08-06 14:52:00,49558,2026-08-06 15:52:00,49588,2026-08-06 17:52:00,49648,2026-08-06 21:52:00
49529,2026-08-06 13:56:00,test,49170,49529,360,24,0.15,49544,2026-08-06 14:56:00,49559,2026-08-06 15:56:00,49589,2026-08-06 17:56:00,49649,2026-08-06 21:56:00
49530,2026-08-06 14:00:00,test,49171,49530,360,24,0.15,49545,2026-08-06 15:00:00,49560,2026-08-06 16:00:00,49590,2026-08-06 18:00:00,49650,2026-08-06 22:00:00
49531,2026-08-06 14:04:00,test,49172,49531,360,24,0.15,49546,2026-08-06 15:04:00,49561,2026-08-06 16:04:00,49591,2026-08-06 18:04:00,49651,2026-08-06 22:04:00
49532,2026-08-06 14:08:00,test,49173,49532,360,24,0.15,49547,2026-08-06 15:08:00,49562,2026-08-06 16:08:00,49592,2026-08-06 18:08:00,49652,2026-08-06 22:08:00
49533,2026-08-06 14:12:00,test,49174,49533,360,24,0.15,49548,2026-08-06 15:12:00,49563,2026-08-06 16:12:00,49593,2026-08-06 18:12:00,49653,2026-08-06 22:12:00
49534,2026-08-06 14:16:00,test,49175,49534,360,24,0.15,49549,2026-08-06 15:16:00,49564,2026-08-06 16:16:00,49594,2026-08-06 18:16:00,49654,2026-08-06 22:16:00
49535,2026-08-06 14:20:00,test,49176,49535,360,24,0.15,49550,2026-08-06 15:20:00,49565,2026-08-06 16:20:00,49595,2026-08-06 18:20:00,49655,2026-08-06 22:20:00
49537,2026-08-06 14:28:00,test,49178,49537,360,24,0.15,49552,2026-08-06 15:28:00,49567,2026-08-06 16:28:00,49597,2026-08-06 18:28:00,49657,2026-08-06 22:28:00
49538,2026-08-06 14:32:00,test,49179,49538,360,24,0.15,49553,2026-08-06 15:32:00,49568,2026-08-06 16:32:00,49598,2026-08-06 18:32:00,49658,2026-08-06 22:32:00
49540,2026-08-06 14:40:00,test,49181,49540,360,24,0.15,49555,2026-08-06 15:40:00,49570,2026-08-06 16:40:00,49600,2026-08-06 18:40:00,49660,2026-08-06 22:40:00
49541,2026-08-06 14:44:00,test,49182,49541,360,24,0.15,49556,2026-08-06 15:44:00,49571,2026-08-06 16:44:00,49601,2026-08-06 18:44:00,49661,2026-08-06 22:44:00
49542,2026-08-06 14:48:00,test,49183,49542,360,24,0.15,49557,2026-08-06 15:48:00,49572,2026-08-06 16:48:00,49602,2026-08-06 18:48:00,49662,2026-08-06 22:48:00
49543,2026-08-06 14:52:00,test,49184,49543,360,24,0.15,49558,2026-08-06 15:52:00,49573,2026-08-06 16:52:00,49603,2026-08-06 18:52:00,49663,2026-08-06 22:52:00
49544,2026-08-06 14:56:00,test,49185,49544,360,24,0.15,49559,2026-08-06 15:56:00,49574,2026-08-06 16:56:00,49604,2026-08-06 18:56:00,49664,2026-08-06 22:56:00
49546,2026-08-06 15:04:00,test,49187,49546,360,24,0.15,49561,2026-08-06 16:04:00,49576,2026-08-06 17:04:00,49606,2026-08-06 19:04:00,49666,2026-08-06 23:04:00
49547,2026-08-06 15:08:00,test,49188,49547,360,24,0.15,49562,2026-08-06 16:08:00,49577,2026-08-06 17:08:00,49607,2026-08-06 19:08:00,49667,2026-08-06 23:08:00
49548,2026-08-06 15:12:00,test,49189,49548,360,24,0.15,49563,2026-08-06 16:12:00,49578,2026-08-06 17:12:00,49608,2026-08-06 19:12:00,49668,2026-08-06 23:12:00
49549,2026-08-06 15:16:00,test,49190,49549,360,24,0.15,49564,2026-08-06 16:16:00,49579,2026-08-06 17:16:00,49609,2026-08-06 19:16:00,49669,2026-08-06 23:16:00
49550,2026-08-06 15:20:00,test,49191,49550,360,24,0.15,49565,2026-08-06 16:20:00,49580,2026-08-06 17:20:00,49610,2026-08-06 19:20:00,49670,2026-08-06 23:20:00
49554,2026-08-06 15:36:00,test,49195,49554,360,24,0.15,49569,2026-08-06 16:36:00,49584,2026-08-06 17:36:00,49614,2026-08-06 19:36:00,49674,2026-08-06 23:36:00
49555,2026-08-06 15:40:00,test,49196,49555,360,24,0.15,49570,2026-08-06 16:40:00,49585,2026-08-06 17:40:00,49615,2026-08-06 19:40:00,49675,2026-08-06 23:40:00
49557,2026-08-06 15:48:00,test,49198,49557,360,24,0.15,49572,2026-08-06 16:48:00,49587,2026-08-06 17:48:00,49617,2026-08-06 19:48:00,49677,2026-08-06 23:48:00
49558,2026-08-06 15:52:00,test,49199,49558,360,24,0.15,49573,2026-08-06 16:52:00,49588,2026-08-06 17:52:00,49618,2026-08-06 19:52:00,49678,2026-08-06 23:52:00
49559,2026-08-06 15:56:00,test,49200,49559,360,24,0.15,49574,2026-08-06 16:56:00,49589,2026-08-06 17:56:00,49619,2026-08-06 19:56:00,49679,2026-08-06 23:56:00
49560,2026-08-06 16:00:00,test,49201,49560,360,24,0.15,49575,2026-08-06 17:00:00,49590,2026-08-06 18:00:00,49620,2026-08-06 20:00:00,49680,2026-08-07 00:00:00
49561,2026-08-06 16:04:00,test,49202,49561,360,24,0.15,49576,2026-08-06 17:04:00,49591,2026-08-06 18:04:00,49621,2026-08-06 20:04:00,49681,2026-08-07 00:04:00
49562,2026-08-06 16:08:00,test,49203,49562,360,24,0.15,49577,2026-08-06 17:08:00,49592,2026-08-06 18:08:00,49622,2026-08-06 20:08:00,49682,2026-08-07 00:08:00
49563,2026-08-06 16:12:00,test,49204,49563,360,24,0.15,49578,2026-08-06 17:12:00,49593,2026-08-06 18:12:00,49623,2026-08-06 20:12:00,49683,2026-08-07 00:12:00
49564,2026-08-06 16:16:00,test,49205,49564,360,24,0.15,49579,2026-08-06 17:16:00,49594,2026-08-06 18:16:00,49624,2026-08-06 20:16:00,49684,2026-08-07 00:16:00
49565,2026-08-06 16:20:00,test,49206,49565,360,24,0.15,49580,2026-08-06 17:20:00,49595,2026-08-06 18:20:00,49625,2026-08-06 20:20:00,49685,2026-08-07 00:20:00
49567,2026-08-06 16:28:00,test,49208,49567,360,24,0.15,49582,2026-08-06 17:28:00,49597,2026-08-06 18:28:00,49627,2026-08-06 20:28:00,49687,2026-08-07 00:28:00
49569,2026-08-06 16:36:00,test,49210,49569,360,24,0.15,49584,2026-08-06 17:36:00,49599,2026-08-06 18:36:00,49629,2026-08-06 20:36:00,49689,2026-08-07 00:36:00
49570,2026-08-06 16:40:00,test,49211,49570,360,24,0.15,49585,2026-08-06 17:40:00,49600,2026-08-06 18:40:00,49630,2026-08-06 20:40:00,49690,2026-08-07 00:40:00
49572,2026-08-06 16:48:00,test,49213,49572,360,24,0.15,49587,2026-08-06 17:48:00,49602,2026-08-06 18:48:00,49632,2026-08-06 20:48:00,49692,2026-08-07 00:48:00
49573,2026-08-06 16:52:00,test,49214,49573,360,24,0.15,49588,2026-08-06 17:52:00,49603,2026-08-06 18:52:00,49633,2026-08-06 20:52:00,49693,2026-08-07 00:52:00
49574,2026-08-06 16:56:00,test,49215,49574,360,24,0.15,49589,2026-08-06 17:56:00,49604,2026-08-06 18:56:00,49634,2026-08-06 20:56:00,49694,2026-08-07 00:56:00
49575,2026-08-06 17:00:00,test,49216,49575,360,24,0.15,49590,2026-08-06 18:00:00,49605,2026-08-06 19:00:00,49635,2026-08-06 21:00:00,49695,2026-08-07 01:00:00
49576,2026-08-06 17:04:00,test,49217,49576,360,24,0.15,49591,2026-08-06 18:04:00,49606,2026-08-06 19:04:00,49636,2026-08-06 21:04:00,49696,2026-08-07 01:04:00
49577,2026-08-06 17:08:00,test,49218,49577,360,24,0.15,49592,2026-08-06 18:08:00,49607,2026-08-06 19:08:00,49637,2026-08-06 21:08:00,49697,2026-08-07 01:08:00
49578,2026-08-06 17:12:00,test,49219,49578,360,24,0.15,49593,2026-08-06 18:12:00,49608,2026-08-06 19:12:00,49638,2026-08-06 21:12:00,49698,2026-08-07 01:12:00
49579,2026-08-06 17:16:00,test,49220,49579,360,24,0.15,49594,2026-08-06 18:16:00,49609,2026-08-06 19:16:00,49639,2026-08-06 21:16:00,49699,2026-08-07 01:16:00
49580,2026-08-06 17:20:00,test,49221,49580,360,24,0.15,49595,2026-08-06 18:20:00,49610,2026-08-06 19:20:00,49640,2026-08-06 21:20:00,49700,2026-08-07 01:20:00
49581,2026-08-06 17:24:00,test,49222,49581,360,24,0.15,49596,2026-08-06 18:24:00,49611,2026-08-06 19:24:00,49641,2026-08-06 21:24:00,49701,2026-08-07 01:24:00
49583,2026-08-06 17:32:00,test,49224,49583,360,24,0.15,49598,2026-08-06 18:32:00,49613,2026-08-06 19:32:00,49643,2026-08-06 21:32:00,49703,2026-08-07 01:32:00
49586,2026-08-06 17:44:00,test,49227,49586,360,24,0.15,49601,2026-08-06 18:44:00,49616,2026-08-06 19:44:00,49646,2026-08-06 21:44:00,49706,2026-08-07 01:44:00
49587,2026-08-06 17:48:00,test,49228,49587,360,24,0.15,49602,2026-08-06 18:48:00,49617,2026-08-06 19:48:00,49647,2026-08-06 21:48:00,49707,2026-08-07 01:48:00
49588,2026-08-06 17:52:00,test,49229,49588,360,24,0.15,49603,2026-08-06 18:52:00,49618,2026-08-06 19:52:00,49648,2026-08-06 21:52:00,49708,2026-08-07 01:52:00
49589,2026-08-06 17:56:00,test,49230,49589,360,24,0.15,49604,2026-08-06 18:56:00,49619,2026-08-06 19:56:00,49649,2026-08-06 21:56:00,49709,2026-08-07 01:56:00
49590,2026-08-06 18:00:00,test,49231,49590,360,24,0.15,49605,2026-08-06 19:00:00,49620,2026-08-06 20:00:00,49650,2026-08-06 22:00:00,49710,2026-08-07 02:00:00
49591,2026-08-06 18:04:00,test,49232,49591,360,24,0.15,49606,2026-08-06 19:04:00,49621,2026-08-06 20:04:00,49651,2026-08-06 22:04:00,49711,2026-08-07 02:04:00
49592,2026-08-06 18:08:00,test,49233,49592,360,24,0.15,49607,2026-08-06 19:08:00,49622,2026-08-06 20:08:00,49652,2026-08-06 22:08:00,49712,2026-08-07 02:08:00
49593,2026-08-06 18:12:00,test,49234,49593,360,24,0.15,49608,2026-08-06 19:12:00,49623,2026-08-06 20:12:00,49653,2026-08-06 22:12:00,49713,2026-08-07 02:12:00
49594,2026-08-06 18:16:00,test,49235,49594,360,24,0.15,49609,2026-08-06 19:16:00,49624,2026-08-06 20:16:00,49654,2026-08-06 22:16:00,49714,2026-08-07 02:16:00
49595,2026-08-06 18:20:00,test,49236,49595,360,24,0.15,49610,2026-08-06 19:20:00,49625,2026-08-06 20:20:00,49655,2026-08-06 22:20:00,49715,2026-08-07 02:20:00
49596,2026-08-06 18:24:00,test,49237,49596,360,24,0.15,49611,2026-08-06 19:24:00,49626,2026-08-06 20:24:00,49656,2026-08-06 22:24:00,49716,2026-08-07 02:24:00
49598,2026-08-06 18:32:00,test,49239,49598,360,24,0.15,49613,2026-08-06 19:32:00,49628,2026-08-06 20:32:00,49658,2026-08-06 22:32:00,49718,2026-08-07 02:32:00
49599,2026-08-06 18:36:00,test,49240,49599,360,24,0.15,49614,2026-08-06 19:36:00,49629,2026-08-06 20:36:00,49659,2026-08-06 22:36:00,49719,2026-08-07 02:36:00
49600,2026-08-06 18:40:00,test,49241,49600,360,24,0.15,49615,2026-08-06 19:40:00,49630,2026-08-06 20:40:00,49660,2026-08-06 22:40:00,49720,2026-08-07 02:40:00
49601,2026-08-06 18:44:00,test,49242,49601,360,24,0.15,49616,2026-08-06 19:44:00,49631,2026-08-06 20:44:00,49661,2026-08-06 22:44:00,49721,2026-08-07 02:44:00
49604,2026-08-06 18:56:00,test,49245,49604,360,24,0.15,49619,2026-08-06 19:56:00,49634,2026-08-06 20:56:00,49664,2026-08-06 22:56:00,49724,2026-08-07 02:56:00
49606,2026-08-06 19:04:00,test,49247,49606,360,24,0.15,49621,2026-08-06 20:04:00,49636,2026-08-06 21:04:00,49666,2026-08-06 23:04:00,49726,2026-08-07 03:04:00
49607,2026-08-06 19:08:00,test,49248,49607,360,24,0.15,49622,2026-08-06 20:08:00,49637,2026-08-06 21:08:00,49667,2026-08-06 23:08:00,49727,2026-08-07 03:08:00
49608,2026-08-06 19:12:00,test,49249,49608,360,24,0.15,49623,2026-08-06 20:12:00,49638,2026-08-06 21:12:00,49668,2026-08-06 23:12:00,49728,2026-08-07 03:12:00
49609,2026-08-06 19:16:00,test,49250,49609,360,24,0.15,49624,2026-08-06 20:16:00,49639,2026-08-06 21:16:00,49669,2026-08-06 23:16:00,49729,2026-08-07 03:16:00
49610,2026-08-06 19:20:00,test,49251,49610,360,24,0.15,49625,2026-08-06 20:20:00,49640,2026-08-06 21:20:00,49670,2026-08-06 23:20:00,49730,2026-08-07 03:20:00
49611,2026-08-06 19:24:00,test,49252,49611,360,24,0.15,49626,2026-08-06 20:24:00,49641,2026-08-06 21:24:00,49671,2026-08-06 23:24:00,49731,2026-08-07 03:24:00
49612,2026-08-06 19:28:00,test,49253,49612,360,24,0.15,49627,2026-08-06 20:28:00,49642,2026-08-06 21:28:00,49672,2026-08-06 23:28:00,49732,2026-08-07 03:28:00
49613,2026-08-06 19:32:00,test,49254,49613,360,24,0.15,49628,2026-08-06 20:32:00,49643,2026-08-06 21:32:00,49673,2026-08-06 23:32:00,49733,2026-08-07 03:32:00
49617,2026-08-06 19:48:00,test,49258,49617,360,24,0.15,49632,2026-08-06 20:48:00,49647,2026-08-06 21:48:00,49677,2026-08-06 23:48:00,49737,2026-08-07 03:48:00
49618,2026-08-06 19:52:00,test,49259,49618,360,24,0.15,49633,2026-08-06 20:52:00,49648,2026-08-06 21:52:00,49678,2026-08-06 23:52:00,49738,2026-08-07 03:52:00
49619,2026-08-06 19:56:00,test,49260,49619,360,24,0.15,49634,2026-08-06 20:56:00,49649,2026-08-06 21:56:00,49679,2026-08-06 23:56:00,49739,2026-08-07 03:56:00
49620,2026-08-06 20:00:00,test,49261,49620,360,24,0.15,49635,2026-08-06 21:00:00,49650,2026-08-06 22:00:00,49680,2026-08-07 00:00:00,49740,2026-08-07 04:00:00
49621,2026-08-06 20:04:00,test,49262,49621,360,24,0.15,49636,2026-08-06 21:04:00,49651,2026-08-06 22:04:00,49681,2026-08-07 00:04:00,49741,2026-08-07 04:04:00
49622,2026-08-06 20:08:00,test,49263,49622,360,24,0.15,49637,2026-08-06 21:08:00,49652,2026-08-06 22:08:00,49682,2026-08-07 00:08:00,49742,2026-08-07 04:08:00
49623,2026-08-06 20:12:00,test,49264,49623,360,24,0.15,49638,2026-08-06 21:12:00,49653,2026-08-06 22:12:00,49683,2026-08-07 00:12:00,49743,2026-08-07 04:12:00
49624,2026-08-06 20:16:00,test,49265,49624,360,24,0.15,49639,2026-08-06 21:16:00,49654,2026-08-06 22:16:00,49684,2026-08-07 00:16:00,49744,2026-08-07 04:16:00
49625,2026-08-06 20:20:00,test,49266,49625,360,24,0.15,49640,2026-08-06 21:20:00,49655,2026-08-06 22:20:00,49685,2026-08-07 00:20:00,49745,2026-08-07 04:20:00
49626,2026-08-06 20:24:00,test,49267,49626,360,24,0.15,49641,2026-08-06 21:24:00,49656,2026-08-06 22:24:00,49686,2026-08-07 00:24:00,49746,2026-08-07 04:24:00
49627,2026-08-06 20:28:00,test,49268,49627,360,24,0.15,49642,2026-08-06 21:28:00,49657,2026-08-06 22:28:00,49687,2026-08-07 00:28:00,49747,2026-08-07 04:28:00
49628,2026-08-06 20:32:00,test,49269,49628,360,24,0.15,49643,2026-08-06 21:32:00,49658,2026-08-06 22:32:00,49688,2026-08-07 00:32:00,49748,2026-08-07 04:32:00
49631,2026-08-06 20:44:00,test,49272,49631,360,24,0.15,49646,2026-08-06 21:44:00,49661,2026-08-06 22:44:00,49691,2026-08-07 00:44:00,49751,2026-08-07 04:44:00
49632,2026-08-06 20:48:00,test,49273,49632,360,24,0.15,49647,2026-08-06 21:48:00,49662,2026-08-06 22:48:00,49692,2026-08-07 00:48:00,49752,2026-08-07 04:48:00
49633,2026-08-06 20:52:00,test,49274,49633,360,24,0.15,49648,2026-08-06 21:52:00,49663,2026-08-06 22:52:00,49693,2026-08-07 00:52:00,49753,2026-08-07 04:52:00
49636,2026-08-06 21:04:00,test,49277,49636,360,24,0.15,49651,2026-08-06 22:04:00,49666,2026-08-06 23:04:00,49696,2026-08-07 01:04:00,49756,2026-08-07 05:04:00
49637,2026-08-06 21:08:00,test,49278,49637,360,24,0.15,49652,2026-08-06 22:08:00,49667,2026-08-06 23:08:00,49697,2026-08-07 01:08:00,49757,2026-08-07 05:08:00
49638,2026-08-06 21:12:00,test,49279,49638,360,24,0.15,49653,2026-08-06 22:12:00,49668,2026-08-06 23:12:00,49698,2026-08-07 01:12:00,49758,2026-08-07 05:12:00
49639,2026-08-06 21:16:00,test,49280,49639,360,24,0.15,49654,2026-08-06 22:16:00,49669,2026-08-06 23:16:00,49699,2026-08-07 01:16:00,49759,2026-08-07 05:16:00
49641,2026-08-06 21:24:00,test,49282,49641,360,24,0.15,49656,2026-08-06 22:24:00,49671,2026-08-06 23:24:00,49701,2026-08-07 01:24:00,49761,2026-08-07 05:24:00
49643,2026-08-06 21:32:00,test,49284,49643,360,24,0.15,49658,2026-08-06 22:32:00,49673,2026-08-06 23:32:00,49703,2026-08-07 01:32:00,49763,2026-08-07 05:32:00
49644,2026-08-06 21:36:00,test,49285,49644,360,24,0.15,49659,2026-08-06 22:36:00,49674,2026-08-06 23:36:00,49704,2026-08-07 01:36:00,49764,2026-08-07 05:36:00
49645,2026-08-06 21:40:00,test,49286,49645,360,24,0.15,49660,2026-08-06 22:40:00,49675,2026-08-06 23:40:00,49705,2026-08-07 01:40:00,49765,2026-08-07 05:40:00
49646,2026-08-06 21:44:00,test,49287,49646,360,24,0.15,49661,2026-08-06 22:44:00,49676,2026-08-06 23:44:00,49706,2026-08-07 01:44:00,49766,2026-08-07 05:44:00
49647,2026-08-06 21:48:00,test,49288,49647,360,24,0.15,49662,2026-08-06 22:48:00,49677,2026-08-06 23:48:00,49707,2026-08-07 01:48:00,49767,2026-08-07 05:48:00
49648,2026-08-06 21:52:00,test,49289,49648,360,24,0.15,49663,2026-08-06 22:52:00,49678,2026-08-06 23:52:00,49708,2026-08-07 01:52:00,49768,2026-08-07 05:52:00
49649,2026-08-06 21:56:00,test,49290,49649,360,24,0.15,49664,2026-08-06 22:56:00,49679,2026-08-06 23:56:00,49709,2026-08-07 01:56:00,49769,2026-08-07 05:56:00
49652,2026-08-06 22:08:00,test,49293,49652,360,24,0.15,49667,2026-08-06 23:08:00,49682,2026-08-07 00:08:00,49712,2026-08-07 02:08:00,49772,2026-08-07 06:08:00
49653,2026-08-06 22:12:00,test,49294,49653,360,24,0.15,49668,2026-08-06 23:12:00,49683,2026-08-07 00:12:00,49713,2026-08-07 02:12:00,49773,2026-08-07 06:12:00
49654,2026-08-06 22:16:00,test,49295,49654,360,24,0.15,49669,2026-08-06 23:16:00,49684,2026-08-07 00:16:00,49714,2026-08-07 02:16:00,49774,2026-08-07 06:16:00
49655,2026-08-06 22:20:00,test,49296,49655,360,24,0.15,49670,2026-08-06 23:20:00,49685,2026-08-07 00:20:00,49715,2026-08-07 02:20:00,49775,2026-08-07 06:20:00
49656,2026-08-06 22:24:00,test,49297,49656,360,24,0.15,49671,2026-08-06 23:24:00,49686,2026-08-07 00:24:00,49716,2026-08-07 02:24:00,49776,2026-08-07 06:24:00
49657,2026-08-06 22:28:00,test,49298,49657,360,24,0.15,49672,2026-08-06 23:28:00,49687,2026-08-07 00:28:00,49717,2026-08-07 02:28:00,49777,2026-08-07 06:28:00
49658,2026-08-06 22:32:00,test,49299,49658,360,24,0.15,49673,2026-08-06 23:32:00,49688,2026-08-07 00:32:00,49718,2026-08-07 02:32:00,49778,2026-08-07 06:32:00
49659,2026-08-06 22:36:00,test,49300,49659,360,24,0.15,49674,2026-08-06 23:36:00,49689,2026-08-07 00:36:00,49719,2026-08-07 02:36:00,49779,2026-08-07 06:36:00
49660,2026-08-06 22:40:00,test,49301,49660,360,24,0.15,49675,2026-08-06 23:40:00,49690,2026-08-07 00:40:00,49720,2026-08-07 02:40:00,49780,2026-08-07 06:40:00
49661,2026-08-06 22:44:00,test,49302,49661,360,24,0.15,49676,2026-08-06 23:44:00,49691,2026-08-07 00:44:00,49721,2026-08-07 02:44:00,49781,2026-08-07 06:44:00
49664,2026-08-06 22:56:00,test,49305,49664,360,24,0.15,49679,2026-08-06 23:56:00,49694,2026-08-07 00:56:00,49724,2026-08-07 02:56:00,49784,2026-08-07 06:56:00
49665,2026-08-06 23:00:00,test,49306,49665,360,24,0.15,49680,2026-08-07 00:00:00,49695,2026-08-07 01:00:00,49725,2026-08-07 03:00:00,49785,2026-08-07 07:00:00
49666,2026-08-06 23:04:00,test,49307,49666,360,24,0.15,49681,2026-08-07 00:04:00,49696,2026-08-07 01:04:00,49726,2026-08-07 03:04:00,49786,2026-08-07 07:04:00
49667,2026-08-06 23:08:00,test,49308,49667,360,24,0.15,49682,2026-08-07 00:08:00,49697,2026-08-07 01:08:00,49727,2026-08-07 03:08:00,49787,2026-08-07 07:08:00
49668,2026-08-06 23:12:00,test,49309,49668,360,24,0.15,49683,2026-08-07 00:12:00,49698,2026-08-07 01:12:00,49728,2026-08-07 03:12:00,49788,2026-08-07 07:12:00
49669,2026-08-06 23:16:00,test,49310,49669,360,24,0.15,49684,2026-08-07 00:16:00,49699,2026-08-07 01:16:00,49729,2026-08-07 03:16:00,49789,2026-08-07 07:16:00
49670,2026-08-06 23:20:00,test,49311,49670,360,24,0.15,49685,2026-08-07 00:20:00,49700,2026-08-07 01:20:00,49730,2026-08-07 03:20:00,49790,2026-08-07 07:20:00
49671,2026-08-06 23:24:00,test,49312,49671,360,24,0.15,49686,2026-08-07 00:24:00,49701,2026-08-07 01:24:00,49731,2026-08-07 03:24:00,49791,2026-08-07 07:24:00
49673,2026-08-06 23:32:00,test,49314,49673,360,24,0.15,49688,2026-08-07 00:32:00,49703,2026-08-07 01:32:00,49733,2026-08-07 03:32:00,49793,2026-08-07 07:32:00
49674,2026-08-06 23:36:00,test,49315,49674,360,24,0.15,49689,2026-08-07 00:36:00,49704,2026-08-07 01:36:00,49734,2026-08-07 03:36:00,49794,2026-08-07 07:36:00
49675,2026-08-06 23:40:00,test,49316,49675,360,24,0.15,49690,2026-08-07 00:40:00,49705,2026-08-07 01:40:00,49735,2026-08-07 03:40:00,49795,2026-08-07 07:40:00
49677,2026-08-06 23:48:00,test,49318,49677,360,24,0.15,49692,2026-08-07 00:48:00,49707,2026-08-07 01:48:00,49737,2026-08-07 03:48:00,49797,2026-08-07 07:48:00
49678,2026-08-06 23:52:00,test,49319,49678,360,24,0.15,49693,2026-08-07 00:52:00,49708,2026-08-07 01:52:00,49738,2026-08-07 03:52:00,49798,2026-08-07 07:52:00
49679,2026-08-06 23:56:00,test,49320,49679,360,24,0.15,49694,2026-08-07 00:56:00,49709,2026-08-07 01:56:00,49739,2026-08-07 03:56:00,49799,2026-08-07 07:56:00
49681,2026-08-07 00:04:00,test,49322,49681,360,24,0.15,49696,2026-08-07 01:04:00,49711,2026-08-07 02:04:00,49741,2026-08-07 04:04:00,49801,2026-08-07 08:04:00
49682,2026-08-07 00:08:00,test,49323,49682,360,24,0.15,49697,2026-08-07 01:08:00,49712,2026-08-07 02:08:00,49742,2026-08-07 04:08:00,49802,2026-08-07 08:08:00
49684,2026-08-07 00:16:00,test,49325,49684,360,24,0.15,49699,2026-08-07 01:16:00,49714,2026-08-07 02:16:00,49744,2026-08-07 04:16:00,49804,2026-08-07 08:16:00
49685,2026-08-07 00:20:00,test,49326,49685,360,24,0.15,49700,2026-08-07 01:20:00,49715,2026-08-07 02:20:00,49745,2026-08-07 04:20:00,49805,2026-08-07 08:20:00
49686,2026-08-07 00:24:00,test,49327,49686,360,24,0.15,49701,2026-08-07 01:24:00,49716,2026-08-07 02:24:00,49746,2026-08-07 04:24:00,49806,2026-08-07 08:24:00
49688,2026-08-07 00:32:00,test,49329,49688,360,24,0.15,49703,2026-08-07 01:32:00,49718,2026-08-07 02:32:00,49748,2026-08-07 04:32:00,49808,2026-08-07 08:32:00
49689,2026-08-07 00:36:00,test,49330,49689,360,24,0.15,49704,2026-08-07 01:36:00,49719,2026-08-07 02:36:00,49749,2026-08-07 04:36:00,49809,2026-08-07 08:36:00
49690,2026-08-07 00:40:00,test,49331,49690,360,24,0.15,49705,2026-08-07 01:40:00,49720,2026-08-07 02:40:00,49750,2026-08-07 04:40:00,49810,2026-08-07 08:40:00
49691,2026-08-07 00:44:00,test,49332,49691,360,24,0.15,49706,2026-08-07 01:44:00,49721,2026-08-07 02:44:00,49751,2026-08-07 04:44:00,49811,2026-08-07 08:44:00
49695,2026-08-07 01:00:00,test,49336,49695,360,24,0.15,49710,2026-08-07 02:00:00,49725,2026-08-07 03:00:00,49755,2026-08-07 05:00:00,49815,2026-08-07 09:00:00
49696,2026-08-07 01:04:00,test,49337,49696,360,24,0.15,49711,2026-08-07 02:04:00,49726,2026-08-07 03:04:00,49756,2026-08-07 05:04:00,49816,2026-08-07 09:04:00
49697,2026-08-07 01:08:00,test,49338,49697,360,24,0.15,49712,2026-08-07 02:08:00,49727,2026-08-07 03:08:00,49757,2026-08-07 05:08:00,49817,2026-08-07 09:08:00
49698,2026-08-07 01:12:00,test,49339,49698,360,24,0.15,49713,2026-08-07 02:12:00,49728,2026-08-07 03:12:00,49758,2026-08-07 05:12:00,49818,2026-08-07 09:12:00
49699,2026-08-07 01:16:00,test,49340,49699,360,24,0.15,49714,2026-08-07 02:16:00,49729,2026-08-07 03:16:00,49759,2026-08-07 05:16:00,49819,2026-08-07 09:16:00
49701,2026-08-07 01:24:00,test,49342,49701,360,24,0.15,49716,2026-08-07 02:24:00,49731,2026-08-07 03:24:00,49761,2026-08-07 05:24:00,49821,2026-08-07 09:24:00
49702,2026-08-07 01:28:00,test,49343,49702,360,24,0.15,49717,2026-08-07 02:28:00,49732,2026-08-07 03:28:00,49762,2026-08-07 05:28:00,49822,2026-08-07 09:28:00
49703,2026-08-07 01:32:00,test,49344,49703,360,24,0.15,49718,2026-08-07 02:32:00,49733,2026-08-07 03:32:00,49763,2026-08-07 05:32:00,49823,2026-08-07 09:32:00
49704,2026-08-07 01:36:00,test,49345,49704,360,24,0.15,49719,2026-08-07 02:36:00,49734,2026-08-07 03:36:00,49764,2026-08-07 05:36:00,49824,2026-08-07 09:36:00
49705,2026-08-07 01:40:00,test,49346,49705,360,24,0.15,49720,2026-08-07 02:40:00,49735,2026-08-07 03:40:00,49765,2026-08-07 05:40:00,49825,2026-08-07 09:40:00
49709,2026-08-07 01:56:00,test,49350,49709,360,24,0.15,49724,2026-08-07 02:56:00,49739,2026-08-07 03:56:00,49769,2026-08-07 05:56:00,49829,2026-08-07 09:56:00
49710,2026-08-07 02:00:00,test,49351,49710,360,24,0.15,49725,2026-08-07 03:00:00,49740,2026-08-07 04:00:00,49770,2026-08-07 06:00:00,49830,2026-08-07 10:00:00
49712,2026-08-07 02:08:00,test,49353,49712,360,24,0.15,49727,2026-08-07 03:08:00,49742,2026-08-07 04:08:00,49772,2026-08-07 06:08:00,49832,2026-08-07 10:08:00
49713,2026-08-07 02:12:00,test,49354,49713,360,24,0.15,49728,2026-08-07 03:12:00,49743,2026-08-07 04:12:00,49773,2026-08-07 06:12:00,49833,2026-08-07 10:12:00
49714,2026-08-07 02:16:00,test,49355,49714,360,24,0.15,49729,2026-08-07 03:16:00,49744,2026-08-07 04:16:00,49774,2026-08-07 06:16:00,49834,2026-08-07 10:16:00
49715,2026-08-07 02:20:00,test,49356,49715,360,24,0.15,49730,2026-08-07 03:20:00,49745,2026-08-07 04:20:00,49775,2026-08-07 06:20:00,49835,2026-08-07 10:20:00
49716,2026-08-07 02:24:00,test,49357,49716,360,24,0.15,49731,2026-08-07 03:24:00,49746,2026-08-07 04:24:00,49776,2026-08-07 06:24:00,49836,2026-08-07 10:24:00
49717,2026-08-07 02:28:00,test,49358,49717,360,24,0.15,49732,2026-08-07 03:28:00,49747,2026-08-07 04:28:00,49777,2026-08-07 06:28:00,49837,2026-08-07 10:28:00
49718,2026-08-07 02:32:00,test,49359,49718,360,24,0.15,49733,2026-08-07 03:32:00,49748,2026-08-07 04:32:00,49778,2026-08-07 06:32:00,49838,2026-08-07 10:32:00
49720,2026-08-07 02:40:00,test,49361,49720,360,24,0.15,49735,2026-08-07 03:40:00,49750,2026-08-07 04:40:00,49780,2026-08-07 06:40:00,49840,2026-08-07 10:40:00
49722,2026-08-07 02:48:00,test,49363,49722,360,24,0.15,49737,2026-08-07 03:48:00,49752,2026-08-07 04:48:00,49782,2026-08-07 06:48:00,49842,2026-08-07 10:48:00
49723,2026-08-07 02:52:00,test,49364,49723,360,24,0.15,49738,2026-08-07 03:52:00,49753,2026-08-07 04:52:00,49783,2026-08-07 06:52:00,49843,2026-08-07 10:52:00
49725,2026-08-07 03:00:00,test,49366,49725,360,24,0.15,49740,2026-08-07 04:00:00,49755,2026-08-07 05:00:00,49785,2026-08-07 07:00:00,49845,2026-08-07 11:00:00
49726,2026-08-07 03:04:00,test,49367,49726,360,24,0.15,49741,2026-08-07 04:04:00,49756,2026-08-07 05:04:00,49786,2026-08-07 07:04:00,49846,2026-08-07 11:04:00
49727,2026-08-07 03:08:00,test,49368,49727,360,24,0.15,49742,2026-08-07 04:08:00,49757,2026-08-07 05:08:00,49787,2026-08-07 07:08:00,49847,2026-08-07 11:08:00
49728,2026-08-07 03:12:00,test,49369,49728,360,24,0.15,49743,2026-08-07 04:12:00,49758,2026-08-07 05:12:00,49788,2026-08-07 07:12:00,49848,2026-08-07 11:12:00
49729,2026-08-07 03:16:00,test,49370,49729,360,24,0.15,49744,2026-08-07 04:16:00,49759,2026-08-07 05:16:00,49789,2026-08-07 07:16:00,49849,2026-08-07 11:16:00
49731,2026-08-07 03:24:00,test,49372,49731,360,24,0.15,49746,2026-08-07 04:24:00,49761,2026-08-07 05:24:00,49791,2026-08-07 07:24:00,49851,2026-08-07 11:24:00
49732,2026-08-07 03:28:00,test,49373,49732,360,24,0.15,49747,2026-08-07 04:28:00,49762,2026-08-07 05:28:00,49792,2026-08-07 07:28:00,49852,2026-08-07 11:28:00
49733,2026-08-07 03:32:00,test,49374,49733,360,24,0.15,49748,2026-08-07 04:32:00,49763,2026-08-07 05:32:00,49793,2026-08-07 07:32:00,49853,2026-08-07 11:32:00
49734,2026-08-07 03:36:00,test,49375,49734,360,24,0.15,49749,2026-08-07 04:36:00,49764,2026-08-07 05:36:00,49794,2026-08-07 07:36:00,49854,2026-08-07 11:36:00
49735,2026-08-07 03:40:00,test,49376,49735,360,24,0.15,49750,2026-08-07 04:40:00,49765,2026-08-07 05:40:00,49795,2026-08-07 07:40:00,49855,2026-08-07 11:40:00
49736,2026-08-07 03:44:00,test,49377,49736,360,24,0.15,49751,2026-08-07 04:44:00,49766,2026-08-07 05:44:00,49796,2026-08-07 07:44:00,49856,2026-08-07 11:44:00
49737,2026-08-07 03:48:00,test,49378,49737,360,24,0.15,49752,2026-08-07 04:48:00,49767,2026-08-07 05:48:00,49797,2026-08-07 07:48:00,49857,2026-08-07 11:48:00
49738,2026-08-07 03:52:00,test,49379,49738,360,24,0.15,49753,2026-08-07 04:52:00,49768,2026-08-07 05:52:00,49798,2026-08-07 07:52:00,49858,2026-08-07 11:52:00
49744,2026-08-07 04:16:00,test,49385,49744,360,24,0.15,49759,2026-08-07 05:16:00,49774,2026-08-07 06:16:00,49804,2026-08-07 08:16:00,49864,2026-08-07 12:16:00
49746,2026-08-07 04:24:00,test,49387,49746,360,24,0.15,49761,2026-08-07 05:24:00,49776,2026-08-07 06:24:00,49806,2026-08-07 08:24:00,49866,2026-08-07 12:24:00
49747,2026-08-07 04:28:00,test,49388,49747,360,24,0.15,49762,2026-08-07 05:28:00,49777,2026-08-07 06:28:00,49807,2026-08-07 08:28:00,49867,2026-08-07 12:28:00
49748,2026-08-07 04:32:00,test,49389,49748,360,24,0.15,49763,2026-08-07 05:32:00,49778,2026-08-07 06:32:00,49808,2026-08-07 08:32:00,49868,2026-08-07 12:32:00
49749,2026-08-07 04:36:00,test,49390,49749,360,24,0.15,49764,2026-08-07 05:36:00,49779,2026-08-07 06:36:00,49809,2026-08-07 08:36:00,49869,2026-08-07 12:36:00
49750,2026-08-07 04:40:00,test,49391,49750,360,24,0.15,49765,2026-08-07 05:40:00,49780,2026-08-07 06:40:00,49810,2026-08-07 08:40:00,49870,2026-08-07 12:40:00
49751,2026-08-07 04:44:00,test,49392,49751,360,24,0.15,49766,2026-08-07 05:44:00,49781,2026-08-07 06:44:00,49811,2026-08-07 08:44:00,49871,2026-08-07 12:44:00
49755,2026-08-07 05:00:00,test,49396,49755,360,24,0.15,49770,2026-08-07 06:00:00,49785,2026-08-07 07:00:00,49815,2026-08-07 09:00:00,49875,2026-08-07 13:00:00
49757,2026-08-07 05:08:00,test,49398,49757,360,24,0.15,49772,2026-08-07 06:08:00,49787,2026-08-07 07:08:00,49817,2026-08-07 09:08:00,49877,2026-08-07 13:08:00
49758,2026-08-07 05:12:00,test,49399,49758,360,24,0.15,49773,2026-08-07 06:12:00,49788,2026-08-07 07:12:00,49818,2026-08-07 09:12:00,49878,2026-08-07 13:12:00
49759,2026-08-07 05:16:00,test,49400,49759,360,24,0.15,49774,2026-08-07 06:16:00,49789,2026-08-07 07:16:00,49819,2026-08-07 09:16:00,49879,2026-08-07 13:16:00
49760,2026-08-07 05:20:00,test,49401,49760,360,24,0.15,49775,2026-08-07 06:20:00,49790,2026-08-07 07:20:00,49820,2026-08-07 09:20:00,49880,2026-08-07 13:20:00
49761,2026-08-07 05:24:00,test,49402,49761,360,24,0.15,49776,2026-08-07 06:24:00,49791,2026-08-07 07:24:00,49821,2026-08-07 09:24:00,49881,2026-08-07 13:24:00
49762,2026-08-07 05:28:00,test,49403,49762,360,24,0.15,49777,2026-08-07 06:28:00,49792,2026-08-07 07:28:00,49822,2026-08-07 09:28:00,49882,2026-08-07 13:28:00
49763,2026-08-07 05:32:00,test,49404,49763,360,24,0.15,49778,2026-08-07 06:32:00,49793,2026-08-07 07:32:00,49823,2026-08-07 09:32:00,49883,2026-08-07 13:32:00
49764,2026-08-07 05:36:00,test,49405,49764,360,24,0.15,49779,2026-08-07 06:36:00,49794,2026-08-07 07:36:00,49824,2026-08-07 09:36:00,49884,2026-08-07 13:36:00
49766,2026-08-07 05:44:00,test,49407,49766,360,24,0.15,49781,2026-08-07 06:44:00,49796,2026-08-07 07:44:00,49826,2026-08-07 09:44:00,49886,2026-08-07 13:44:00
49767,2026-08-07 05:48:00,test,49408,49767,360,24,0.15,49782,2026-08-07 06:48:00,49797,2026-08-07 07:48:00,49827,2026-08-07 09:48:00,49887,2026-08-07 13:48:00
49768,2026-08-07 05:52:00,test,49409,49768,360,24,0.15,49783,2026-08-07 06:52:00,49798,2026-08-07 07:52:00,49828,2026-08-07 09:52:00,49888,2026-08-07 13:52:00
49769,2026-08-07 05:56:00,test,49410,49769,360,24,0.15,49784,2026-08-07 06:56:00,49799,2026-08-07 07:56:00,49829,2026-08-07 09:56:00,49889,2026-08-07 13:56:00
49772,2026-08-07 06:08:00,test,49413,49772,360,24,0.15,49787,2026-08-07 07:08:00,49802,2026-08-07 08:08:00,49832,2026-08-07 10:08:00,49892,2026-08-07 14:08:00
49774,2026-08-07 06:16:00,test,49415,49774,360,24,0.15,49789,2026-08-07 07:16:00,49804,2026-08-07 08:16:00,49834,2026-08-07 10:16:00,49894,2026-08-07 14:16:00
49775,2026-08-07 06:20:00,test,49416,49775,360,24,0.15,49790,2026-08-07 07:20:00,49805,2026-08-07 08:20:00,49835,2026-08-07 10:20:00,49895,2026-08-07 14:20:00
49776,2026-08-07 06:24:00,test,49417,49776,360,24,0.15,49791,2026-08-07 07:24:00,49806,2026-08-07 08:24:00,49836,2026-08-07 10:24:00,49896,2026-08-07 14:24:00
49777,2026-08-07 06:28:00,test,49418,49777,360,24,0.15,49792,2026-08-07 07:28:00,49807,2026-08-07 08:28:00,49837,2026-08-07 10:28:00,49897,2026-08-07 14:28:00
49780,2026-08-07 06:40:00,test,49421,49780,360,24,0.15,49795,2026-08-07 07:40:00,49810,2026-08-07 08:40:00,49840,2026-08-07 10:40:00,49900,2026-08-07 14:40:00
49781,2026-08-07 06:44:00,test,49422,49781,360,24,0.15,49796,2026-08-07 07:44:00,49811,2026-08-07 08:44:00,49841,2026-08-07 10:44:00,49901,2026-08-07 14:44:00
49783,2026-08-07 06:52:00,test,49424,49783,360,24,0.15,49798,2026-08-07 07:52:00,49813,2026-08-07 08:52:00,49843,2026-08-07 10:52:00,49903,2026-08-07 14:52:00
49784,2026-08-07 06:56:00,test,49425,49784,360,24,0.15,49799,2026-08-07 07:56:00,49814,2026-08-07 08:56:00,49844,2026-08-07 10:56:00,49904,2026-08-07 14:56:00
49786,2026-08-07 07:04:00,test,49427,49786,360,24,0.15,49801,2026-08-07 08:04:00,49816,2026-08-07 09:04:00,49846,2026-08-07 11:04:00,49906,2026-08-07 15:04:00
49787,2026-08-07 07:08:00,test,49428,49787,360,24,0.15,49802,2026-08-07 08:08:00,49817,2026-08-07 09:08:00,49847,2026-08-07 11:08:00,49907,2026-08-07 15:08:00
49789,2026-08-07 07:16:00,test,49430,49789,360,24,0.15,49804,2026-08-07 08:16:00,49819,2026-08-07 09:16:00,49849,2026-08-07 11:16:00,49909,2026-08-07 15:16:00
49790,2026-08-07 07:20:00,test,49431,49790,360,24,0.15,49805,2026-08-07 08:20:00,49820,2026-08-07 09:20:00,49850,2026-08-07 11:20:00,49910,2026-08-07 15:20:00
49791,2026-08-07 07:24:00,test,49432,49791,360,24,0.15,49806,2026-08-07 08:24:00,49821,2026-08-07 09:24:00,49851,2026-08-07 11:24:00,49911,2026-08-07 15:24:00
49792,2026-08-07 07:28:00,test,49433,49792,360,24,0.15,49807,2026-08-07 08:28:00,49822,2026-08-07 09:28:00,49852,2026-08-07 11:28:00,49912,2026-08-07 15:28:00
49793,2026-08-07 07:32:00,test,49434,49793,360,24,0.15,49808,2026-08-07 08:32:00,49823,2026-08-07 09:32:00,49853,2026-08-07 11:32:00,49913,2026-08-07 15:32:00
49794,2026-08-07 07:36:00,test,49435,49794,360,24,0.15,49809,2026-08-07 08:36:00,49824,2026-08-07 09:36:00,49854,2026-08-07 11:36:00,49914,2026-08-07 15:36:00
49795,2026-08-07 07:40:00,test,49436,49795,360,24,0.15,49810,2026-08-07 08:40:00,49825,2026-08-07 09:40:00,49855,2026-08-07 11:40:00,49915,2026-08-07 15:40:00
49796,2026-08-07 07:44:00,test,49437,49796,360,24,0.15,49811,2026-08-07 08:44:00,49826,2026-08-07 09:44:00,49856,2026-08-07 11:44:00,49916,2026-08-07 15:44:00
49797,2026-08-07 07:48:00,test,49438,49797,360,24,0.15,49812,2026-08-07 08:48:00,49827,2026-08-07 09:48:00,49857,2026-08-07 11:48:00,49917,2026-08-07 15:48:00
49799,2026-08-07 07:56:00,test,49440,49799,360,24,0.15,49814,2026-08-07 08:56:00,49829,2026-08-07 09:56:00,49859,2026-08-07 11:56:00,49919,2026-08-07 15:56:00
49800,2026-08-07 08:00:00,test,49441,49800,360,24,0.15,49815,2026-08-07 09:00:00,49830,2026-08-07 10:00:00,49860,2026-08-07 12:00:00,49920,2026-08-07 16:00:00
49803,2026-08-07 08:12:00,test,49444,49803,360,24,0.15,49818,2026-08-07 09:12:00,49833,2026-08-07 10:12:00,49863,2026-08-07 12:12:00,49923,2026-08-07 16:12:00
49805,2026-08-07 08:20:00,test,49446,49805,360,24,0.15,49820,2026-08-07 09:20:00,49835,2026-08-07 10:20:00,49865,2026-08-07 12:20:00,49925,2026-08-07 16:20:00
49806,2026-08-07 08:24:00,test,49447,49806,360,24,0.15,49821,2026-08-07 09:24:00,49836,2026-08-07 10:24:00,49866,2026-08-07 12:24:00,49926,2026-08-07 16:24:00
49807,2026-08-07 08:28:00,test,49448,49807,360,24,0.15,49822,2026-08-07 09:28:00,49837,2026-08-07 10:28:00,49867,2026-08-07 12:28:00,49927,2026-08-07 16:28:00
49808,2026-08-07 08:32:00,test,49449,49808,360,24,0.15,49823,2026-08-07 09:32:00,49838,2026-08-07 10:32:00,49868,2026-08-07 12:32:00,49928,2026-08-07 16:32:00
49811,2026-08-07 08:44:00,test,49452,49811,360,24,0.15,49826,2026-08-07 09:44:00,49841,2026-08-07 10:44:00,49871,2026-08-07 12:44:00,49931,2026-08-07 16:44:00
49815,2026-08-07 09:00:00,test,49456,49815,360,24,0.15,49830,2026-08-07 10:00:00,49845,2026-08-07 11:00:00,49875,2026-08-07 13:00:00,49935,2026-08-07 17:00:00
49816,2026-08-07 09:04:00,test,49457,49816,360,24,0.15,49831,2026-08-07 10:04:00,49846,2026-08-07 11:04:00,49876,2026-08-07 13:04:00,49936,2026-08-07 17:04:00
49818,2026-08-07 09:12:00,test,49459,49818,360,24,0.15,49833,2026-08-07 10:12:00,49848,2026-08-07 11:12:00,49878,2026-08-07 13:12:00,49938,2026-08-07 17:12:00
49819,2026-08-07 09:16:00,test,49460,49819,360,24,0.15,49834,2026-08-07 10:16:00,49849,2026-08-07 11:16:00,49879,2026-08-07 13:16:00,49939,2026-08-07 17:16:00
49820,2026-08-07 09:20:00,test,49461,49820,360,24,0.15,49835,2026-08-07 10:20:00,49850,2026-08-07 11:20:00,49880,2026-08-07 13:20:00,49940,2026-08-07 17:20:00
49822,2026-08-07 09:28:00,test,49463,49822,360,24,0.15,49837,2026-08-07 10:28:00,49852,2026-08-07 11:28:00,49882,2026-08-07 13:28:00,49942,2026-08-07 17:28:00
49823,2026-08-07 09:32:00,test,49464,49823,360,24,0.15,49838,2026-08-07 10:32:00,49853,2026-08-07 11:32:00,49883,2026-08-07 13:32:00,49943,2026-08-07 17:32:00
49826,2026-08-07 09:44:00,test,49467,49826,360,24,0.15,49841,2026-08-07 10:44:00,49856,2026-08-07 11:44:00,49886,2026-08-07 13:44:00,49946,2026-08-07 17:44:00
49828,2026-08-07 09:52:00,test,49469,49828,360,24,0.15,49843,2026-08-07 10:52:00,49858,2026-08-07 11:52:00,49888,2026-08-07 13:52:00,49948,2026-08-07 17:52:00
49829,2026-08-07 09:56:00,test,49470,49829,360,24,0.15,49844,2026-08-07 10:56:00,49859,2026-08-07 11:56:00,49889,2026-08-07 13:56:00,49949,2026-08-07 17:56:00
49833,2026-08-07 10:12:00,test,49474,49833,360,24,0.15,49848,2026-08-07 11:12:00,49863,2026-08-07 12:12:00,49893,2026-08-07 14:12:00,49953,2026-08-07 18:12:00
49836,2026-08-07 10:24:00,test,49477,49836,360,24,0.15,49851,2026-08-07 11:24:00,49866,2026-08-07 12:24:00,49896,2026-08-07 14:24:00,49956,2026-08-07 18:24:00
49837,2026-08-07 10:28:00,test,49478,49837,360,24,0.15,49852,2026-08-07 11:28:00,49867,2026-08-07 12:28:00,49897,2026-08-07 14:28:00,49957,2026-08-07 18:28:00
49839,2026-08-07 10:36:00,test,49480,49839,360,24,0.15,49854,2026-08-07 11:36:00,49869,2026-08-07 12:36:00,49899,2026-08-07 14:36:00,49959,2026-08-07 18:36:00
49840,2026-08-07 10:40:00,test,49481,49840,360,24,0.15,49855,2026-08-07 11:40:00,49870,2026-08-07 12:40:00,49900,2026-08-07 14:40:00,49960,2026-08-07 18:40:00
49841,2026-08-07 10:44:00,test,49482,49841,360,24,0.15,49856,2026-08-07 11:44:00,49871,2026-08-07 12:44:00,49901,2026-08-07 14:44:00,49961,2026-08-07 18:44:00
49848,2026-08-07 11:12:00,test,49489,49848,360,24,0.15,49863,2026-08-07 12:12:00,49878,2026-08-07 13:12:00,49908,2026-08-07 15:12:00,49968,2026-08-07 19:12:00
49849,2026-08-07 11:16:00,test,49490,49849,360,24,0.15,49864,2026-08-07 12:16:00,49879,2026-08-07 13:16:00,49909,2026-08-07 15:16:00,49969,2026-08-07 19:16:00
49850,2026-08-07 11:20:00,test,49491,49850,360,24,0.15,49865,2026-08-07 12:20:00,49880,2026-08-07 13:20:00,49910,2026-08-07 15:20:00,49970,2026-08-07 19:20:00
49851,2026-08-07 11:24:00,test,49492,49851,360,24,0.15,49866,2026-08-07 12:24:00,49881,2026-08-07 13:24:00,49911,2026-08-07 15:24:00,49971,2026-08-07 19:24:00
49853,2026-08-07 11:32:00,test,49494,49853,360,24,0.15,49868,2026-08-07 12:32:00,49883,2026-08-07 13:32:00,49913,2026-08-07 15:32:00,49973,2026-08-07 19:32:00
49854,2026-08-07 11:36:00,test,49495,49854,360,24,0.15,49869,2026-08-07 12:36:00,49884,2026-08-07 13:36:00,49914,2026-08-07 15:36:00,49974,2026-08-07 19:36:00
49860,2026-08-07 12:00:00,test,49501,49860,360,24,0.15,49875,2026-08-07 13:00:00,49890,2026-08-07 14:00:00,49920,2026-08-07 16:00:00,49980,2026-08-07 20:00:00
49862,2026-08-07 12:08:00,test,49503,49862,360,24,0.15,49877,2026-08-07 13:08:00,49892,2026-08-07 14:08:00,49922,2026-08-07 16:08:00,49982,2026-08-07 20:08:00
49865,2026-08-07 12:20:00,test,49506,49865,360,24,0.15,49880,2026-08-07 13:20:00,49895,2026-08-07 14:20:00,49925,2026-08-07 16:20:00,49985,2026-08-07 20:20:00
49866,2026-08-07 12:24:00,test,49507,49866,360,24,0.15,49881,2026-08-07 13:24:00,49896,2026-08-07 14:24:00,49926,2026-08-07 16:24:00,49986,2026-08-07 20:24:00
49867,2026-08-07 12:28:00,test,49508,49867,360,24,0.15,49882,2026-08-07 13:28:00,49897,2026-08-07 14:28:00,49927,2026-08-07 16:28:00,49987,2026-08-07 20:28:00
49869,2026-08-07 12:36:00,test,49510,49869,360,24,0.15,49884,2026-08-07 13:36:00,49899,2026-08-07 14:36:00,49929,2026-08-07 16:36:00,49989,2026-08-07 20:36:00
49871,2026-08-07 12:44:00,test,49512,49871,360,24,0.15,49886,2026-08-07 13:44:00,49901,2026-08-07 14:44:00,49931,2026-08-07 16:44:00,49991,2026-08-07 20:44:00
49873,2026-08-07 12:52:00,test,49514,49873,360,24,0.15,49888,2026-08-07 13:52:00,49903,2026-08-07 14:52:00,49933,2026-08-07 16:52:00,49993,2026-08-07 20:52:00
49874,2026-08-07 12:56:00,test,49515,49874,360,24,0.15,49889,2026-08-07 13:56:00,49904,2026-08-07 14:56:00,49934,2026-08-07 16:56:00,49994,2026-08-07 20:56:00
49875,2026-08-07 13:00:00,test,49516,49875,360,24,0.15,49890,2026-08-07 14:00:00,49905,2026-08-07 15:00:00,49935,2026-08-07 17:00:00,49995,2026-08-07 21:00:00
49878,2026-08-07 13:12:00,test,49519,49878,360,24,0.15,49893,2026-08-07 14:12:00,49908,2026-08-07 15:12:00,49938,2026-08-07 17:12:00,49998,2026-08-07 21:12:00
49879,2026-08-07 13:16:00,test,49520,49879,360,24,0.15,49894,2026-08-07 14:16:00,49909,2026-08-07 15:16:00,49939,2026-08-07 17:16:00,49999,2026-08-07 21:16:00
49880,2026-08-07 13:20:00,test,49521,49880,360,24,0.15,49895,2026-08-07 14:20:00,49910,2026-08-07 15:20:00,49940,2026-08-07 17:20:00,50000,2026-08-07 21:20:00
49882,2026-08-07 13:28:00,test,49523,49882,360,24,0.15,49897,2026-08-07 14:28:00,49912,2026-08-07 15:28:00,49942,2026-08-07 17:28:00,50002,2026-08-07 21:28:00
49884,2026-08-07 13:36:00,test,49525,49884,360,24,0.15,49899,2026-08-07 14:36:00,49914,2026-08-07 15:36:00,49944,2026-08-07 17:36:00,50004,2026-08-07 21:36:00
49885,2026-08-07 13:40:00,test,49526,49885,360,24,0.15,49900,2026-08-07 14:40:00,49915,2026-08-07 15:40:00,49945,2026-08-07 17:40:00,50005,2026-08-07 21:40:00
49886,2026-08-07 13:44:00,test,49527,49886,360,24,0.15,49901,2026-08-07 14:44:00,49916,2026-08-07 15:44:00,49946,2026-08-07 17:44:00,50006,2026-08-07 21:44:00
49889,2026-08-07 13:56:00,test,49530,49889,360,24,0.15,49904,2026-08-07 14:56:00,49919,2026-08-07 15:56:00,49949,2026-08-07 17:56:00,50009,2026-08-07 21:56:00
49893,2026-08-07 14:12:00,test,49534,49893,360,24,0.15,49908,2026-08-07 15:12:00,49923,2026-08-07 16:12:00,49953,2026-08-07 18:12:00,50013,2026-08-07 22:12:00
49896,2026-08-07 14:24:00,test,49537,49896,360,24,0.15,49911,2026-08-07 15:24:00,49926,2026-08-07 16:24:00,49956,2026-08-07 18:24:00,50016,2026-08-07 22:24:00
49897,2026-08-07 14:28:00,test,49538,49897,360,24,0.15,49912,2026-08-07 15:28:00,49927,2026-08-07 16:28:00,49957,2026-08-07 18:28:00,50017,2026-08-07 22:28:00
49898,2026-08-07 14:32:00,test,49539,49898,360,24,0.15,49913,2026-08-07 15:32:00,49928,2026-08-07 16:32:00,49958,2026-08-07 18:32:00,50018,2026-08-07 22:32:00
49899,2026-08-07 14:36:00,test,49540,49899,360,24,0.15,49914,2026-08-07 15:36:00,49929,2026-08-07 16:36:00,49959,2026-08-07 18:36:00,50019,2026-08-07 22:36:00
49901,2026-08-07 14:44:00,test,49542,49901,360,24,0.15,49916,2026-08-07 15:44:00,49931,2026-08-07 16:44:00,49961,2026-08-07 18:44:00,50021,2026-08-07 22:44:00
49902,2026-08-07 14:48:00,test,49543,49902,360,24,0.15,49917,2026-08-07 15:48:00,49932,2026-08-07 16:48:00,49962,2026-08-07 18:48:00,50022,2026-08-07 22:48:00
49904,2026-08-07 14:56:00,test,49545,49904,360,24,0.15,49919,2026-08-07 15:56:00,49934,2026-08-07 16:56:00,49964,2026-08-07 18:56:00,50024,2026-08-07 22:56:00
49906,2026-08-07 15:04:00,test,49547,49906,360,24,0.15,49921,2026-08-07 16:04:00,49936,2026-08-07 17:04:00,49966,2026-08-07 19:04:00,50026,2026-08-07 23:04:00
49908,2026-08-07 15:12:00,test,49549,49908,360,24,0.15,49923,2026-08-07 16:12:00,49938,2026-08-07 17:12:00,49968,2026-08-07 19:12:00,50028,2026-08-07 23:12:00
49910,2026-08-07 15:20:00,test,49551,49910,360,24,0.15,49925,2026-08-07 16:20:00,49940,2026-08-07 17:20:00,49970,2026-08-07 19:20:00,50030,2026-08-07 23:20:00
49913,2026-08-07 15:32:00,test,49554,49913,360,24,0.15,49928,2026-08-07 16:32:00,49943,2026-08-07 17:32:00,49973,2026-08-07 19:32:00,50033,2026-08-07 23:32:00
49914,2026-08-07 15:36:00,test,49555,49914,360,24,0.15,49929,2026-08-07 16:36:00,49944,2026-08-07 17:36:00,49974,2026-08-07 19:36:00,50034,2026-08-07 23:36:00
49918,2026-08-07 15:52:00,test,49559,49918,360,24,0.15,49933,2026-08-07 16:52:00,49948,2026-08-07 17:52:00,49978,2026-08-07 19:52:00,50038,2026-08-07 23:52:00
49927,2026-08-07 16:28:00,test,49568,49927,360,24,0.15,49942,2026-08-07 17:28:00,49957,2026-08-07 18:28:00,49987,2026-08-07 20:28:00,50047,2026-08-08 00:28:00
49928,2026-08-07 16:32:00,test,49569,49928,360,24,0.15,49943,2026-08-07 17:32:00,49958,2026-08-07 18:32:00,49988,2026-08-07 20:32:00,50048,2026-08-08 00:32:00
49929,2026-08-07 16:36:00,test,49570,49929,360,24,0.15,49944,2026-08-07 17:36:00,49959,2026-08-07 18:36:00,49989,2026-08-07 20:36:00,50049,2026-08-08 00:36:00
49931,2026-08-07 16:44:00,test,49572,49931,360,24,0.15,49946,2026-08-07 17:44:00,49961,2026-08-07 18:44:00,49991,2026-08-07 20:44:00,50051,2026-08-08 00:44:00
49933,2026-08-07 16:52:00,test,49574,49933,360,24,0.15,49948,2026-08-07 17:52:00,49963,2026-08-07 18:52:00,49993,2026-08-07 20:52:00,50053,2026-08-08 00:52:00
49934,2026-08-07 16:56:00,test,49575,49934,360,24,0.15,49949,2026-08-07 17:56:00,49964,2026-08-07 18:56:00,49994,2026-08-07 20:56:00,50054,2026-08-08 00:56:00
49938,2026-08-07 17:12:00,test,49579,49938,360,24,0.15,49953,2026-08-07 18:12:00,49968,2026-08-07 19:12:00,49998,2026-08-07 21:12:00,50058,2026-08-08 01:12:00
49941,2026-08-07 17:24:00,test,49582,49941,360,24,0.15,49956,2026-08-07 18:24:00,49971,2026-08-07 19:24:00,50001,2026-08-07 21:24:00,50061,2026-08-08 01:24:00
49944,2026-08-07 17:36:00,test,49585,49944,360,24,0.15,49959,2026-08-07 18:36:00,49974,2026-08-07 19:36:00,50004,2026-08-07 21:36:00,50064,2026-08-08 01:36:00
49945,2026-08-07 17:40:00,test,49586,49945,360,24,0.15,49960,2026-08-07 18:40:00,49975,2026-08-07 19:40:00,50005,2026-08-07 21:40:00,50065,2026-08-08 01:40:00
49948,2026-08-07 17:52:00,test,49589,49948,360,24,0.15,49963,2026-08-07 18:52:00,49978,2026-08-07 19:52:00,50008,2026-08-07 21:52:00,50068,2026-08-08 01:52:00
49951,2026-08-07 18:04:00,test,49592,49951,360,24,0.15,49966,2026-08-07 19:04:00,49981,2026-08-07 20:04:00,50011,2026-08-07 22:04:00,50071,2026-08-08 02:04:00
49952,2026-08-07 18:08:00,test,49593,49952,360,24,0.15,49967,2026-08-07 19:08:00,49982,2026-08-07 20:08:00,50012,2026-08-07 22:08:00,50072,2026-08-08 02:08:00
49954,2026-08-07 18:16:00,test,49595,49954,360,24,0.15,49969,2026-08-07 19:16:00,49984,2026-08-07 20:16:00,50014,2026-08-07 22:16:00,50074,2026-08-08 02:16:00
49956,2026-08-07 18:24:00,test,49597,49956,360,24,0.15,49971,2026-08-07 19:24:00,49986,2026-08-07 20:24:00,50016,2026-08-07 22:24:00,50076,2026-08-08 02:24:00
49958,2026-08-07 18:32:00,test,49599,49958,360,24,0.15,49973,2026-08-07 19:32:00,49988,2026-08-07 20:32:00,50018,2026-08-07 22:32:00,50078,2026-08-08 02:32:00
49959,2026-08-07 18:36:00,test,49600,49959,360,24,0.15,49974,2026-08-07 19:36:00,49989,2026-08-07 20:36:00,50019,2026-08-07 22:36:00,50079,2026-08-08 02:36:00
49962,2026-08-07 18:48:00,test,49603,49962,360,24,0.15,49977,2026-08-07 19:48:00,49992,2026-08-07 20:48:00,50022,2026-08-07 22:48:00,50082,2026-08-08 02:48:00
49963,2026-08-07 18:52:00,test,49604,49963,360,24,0.15,49978,2026-08-07 19:52:00,49993,2026-08-07 20:52:00,50023,2026-08-07 22:52:00,50083,2026-08-08 02:52:00
49964,2026-08-07 18:56:00,test,49605,49964,360,24,0.15,49979,2026-08-07 19:56:00,49994,2026-08-07 20:56:00,50024,2026-08-07 22:56:00,50084,2026-08-08 02:56:00
49965,2026-08-07 19:00:00,test,49606,49965,360,24,0.15,49980,2026-08-07 20:00:00,49995,2026-08-07 21:00:00,50025,2026-08-07 23:00:00,50085,2026-08-08 03:00:00
49966,2026-08-07 19:04:00,test,49607,49966,360,24,0.15,49981,2026-08-07 20:04:00,49996,2026-08-07 21:04:00,50026,2026-08-07 23:04:00,50086,2026-08-08 03:04:00
49969,2026-08-07 19:16:00,test,49610,49969,360,24,0.15,49984,2026-08-07 20:16:00,49999,2026-08-07 21:16:00,50029,2026-08-07 23:16:00,50089,2026-08-08 03:16:00
49970,2026-08-07 19:20:00,test,49611,49970,360,24,0.15,49985,2026-08-07 20:20:00,50000,2026-08-07 21:20:00,50030,2026-08-07 23:20:00,50090,2026-08-08 03:20:00
49971,2026-08-07 19:24:00,test,49612,49971,360,24,0.15,49986,2026-08-07 20:24:00,50001,2026-08-07 21:24:00,50031,2026-08-07 23:24:00,50091,2026-08-08 03:24:00
49973,2026-08-07 19:32:00,test,49614,49973,360,24,0.15,49988,2026-08-07 20:32:00,50003,2026-08-07 21:32:00,50033,2026-08-07 23:32:00,50093,2026-08-08 03:32:00
49974,2026-08-07 19:36:00,test,49615,49974,360,24,0.15,49989,2026-08-07 20:36:00,50004,2026-08-07 21:36:00,50034,2026-08-07 23:36:00,50094,2026-08-08 03:36:00
49976,2026-08-07 19:44:00,test,49617,49976,360,24,0.15,49991,2026-08-07 20:44:00,50006,2026-08-07 21:44:00,50036,2026-08-07 23:44:00,50096,2026-08-08 03:44:00
49978,2026-08-07 19:52:00,test,49619,49978,360,24,0.15,49993,2026-08-07 20:52:00,50008,2026-08-07 21:52:00,50038,2026-08-07 23:52:00,50098,2026-08-08 03:52:00
49983,2026-08-07 20:12:00,test,49624,49983,360,24,0.15,49998,2026-08-07 21:12:00,50013,2026-08-07 22:12:00,50043,2026-08-08 00:12:00,50103,2026-08-08 04:12:00
49984,2026-08-07 20:16:00,test,49625,49984,360,24,0.15,49999,2026-08-07 21:16:00,50014,2026-08-07 22:16:00,50044,2026-08-08 00:16:00,50104,2026-08-08 04:16:00
49986,2026-08-07 20:24:00,test,49627,49986,360,24,0.15,50001,2026-08-07 21:24:00,50016,2026-08-07 22:24:00,50046,2026-08-08 00:24:00,50106,2026-08-08 04:24:00
49987,2026-08-07 20:28:00,test,49628,49987,360,24,0.15,50002,2026-08-07 21:28:00,50017,2026-08-07 22:28:00,50047,2026-08-08 00:28:00,50107,2026-08-08 04:28:00
49988,2026-08-07 20:32:00,test,49629,49988,360,24,0.15,50003,2026-08-07 21:32:00,50018,2026-08-07 22:32:00,50048,2026-08-08 00:32:00,50108,2026-08-08 04:32:00
49989,2026-08-07 20:36:00,test,49630,49989,360,24,0.15,50004,2026-08-07 21:36:00,50019,2026-08-07 22:36:00,50049,2026-08-08 00:36:00,50109,2026-08-08 04:36:00
49990,2026-08-07 20:40:00,test,49631,49990,360,24,0.15,50005,2026-08-07 21:40:00,50020,2026-08-07 22:40:00,50050,2026-08-08 00:40:00,50110,2026-08-08 04:40:00
49991,2026-08-07 20:44:00,test,49632,49991,360,24,0.15,50006,2026-08-07 21:44:00,50021,2026-08-07 22:44:00,50051,2026-08-08 00:44:00,50111,2026-08-08 04:44:00
49993,2026-08-07 20:52:00,test,49634,49993,360,24,0.15,50008,2026-08-07 21:52:00,50023,2026-08-07 22:52:00,50053,2026-08-08 00:52:00,50113,2026-08-08 04:52:00
49994,2026-08-07 20:56:00,test,49635,49994,360,24,0.15,50009,2026-08-07 21:56:00,50024,2026-08-07 22:56:00,50054,2026-08-08 00:56:00,50114,2026-08-08 04:56:00
49996,2026-08-07 21:04:00,test,49637,49996,360,24,0.15,50011,2026-08-07 22:04:00,50026,2026-08-07 23:04:00,50056,2026-08-08 01:04:00,50116,2026-08-08 05:04:00
49998,2026-08-07 21:12:00,test,49639,49998,360,24,0.15,50013,2026-08-07 22:12:00,50028,2026-08-07 23:12:00,50058,2026-08-08 01:12:00,50118,2026-08-08 05:12:00
50001,2026-08-07 21:24:00,test,49642,50001,360,24,0.15,50016,2026-08-07 22:24:00,50031,2026-08-07 23:24:00,50061,2026-08-08 01:24:00,50121,2026-08-08 05:24:00
50004,2026-08-07 21:36:00,test,49645,50004,360,24,0.15,50019,2026-08-07 22:36:00,50034,2026-08-07 23:36:00,50064,2026-08-08 01:36:00,50124,2026-08-08 05:36:00
50005,2026-08-07 21:40:00,test,49646,50005,360,24,0.15,50020,2026-08-07 22:40:00,50035,2026-08-07 23:40:00,50065,2026-08-08 01:40:00,50125,2026-08-08 05:40:00
50006,2026-08-07 21:44:00,test,49647,50006,360,24,0.15,50021,2026-08-07 22:44:00,50036,2026-08-07 23:44:00,50066,2026-08-08 01:44:00,50126,2026-08-08 05:44:00
50007,2026-08-07 21:48:00,test,49648,50007,360,24,0.15,50022,2026-08-07 22:48:00,50037,2026-08-07 23:48:00,50067,2026-08-08 01:48:00,50127,2026-08-08 05:48:00
50008,2026-08-07 21:52:00,test,49649,50008,360,24,0.15,50023,2026-08-07 22:52:00,50038,2026-08-07 23:52:00,50068,2026-08-08 01:52:00,50128,2026-08-08 05:52:00
50011,2026-08-07 22:04:00,test,49652,50011,360,24,0.15,50026,2026-08-07 23:04:00,50041,2026-08-08 00:04:00,50071,2026-08-08 02:04:00,50131,2026-08-08 06:04:00
50014,2026-08-07 22:16:00,test,49655,50014,360,24,0.15,50029,2026-08-07 23:16:00,50044,2026-08-08 00:16:00,50074,2026-08-08 02:16:00,50134,2026-08-08 06:16:00
50016,2026-08-07 22:24:00,test,49657,50016,360,24,0.15,50031,2026-08-07 23:24:00,50046,2026-08-08 00:24:00,50076,2026-08-08 02:24:00,50136,2026-08-08 06:24:00
50018,2026-08-07 22:32:00,test,49659,50018,360,24,0.15,50033,2026-08-07 23:32:00,50048,2026-08-08 00:32:00,50078,2026-08-08 02:32:00,50138,2026-08-08 06:32:00
50019,2026-08-07 22:36:00,test,49660,50019,360,24,0.15,50034,2026-08-07 23:36:00,50049,2026-08-08 00:36:00,50079,2026-08-08 02:36:00,50139,2026-08-08 06:36:00
50020,2026-08-07 22:40:00,test,49661,50020,360,24,0.15,50035,2026-08-07 23:40:00,50050,2026-08-08 00:40:00,50080,2026-08-08 02:40:00,50140,2026-08-08 06:40:00
50022,2026-08-07 22:48:00,test,49663,50022,360,24,0.15,50037,2026-08-07 23:48:00,50052,2026-08-08 00:48:00,50082,2026-08-08 02:48:00,50142,2026-08-08 06:48:00
50023,2026-08-07 22:52:00,test,49664,50023,360,24,0.15,50038,2026-08-07 23:52:00,50053,2026-08-08 00:52:00,50083,2026-08-08 02:52:00,50143,2026-08-08 06:52:00
50028,2026-08-07 23:12:00,test,49669,50028,360,24,0.15,50043,2026-08-08 00:12:00,50058,2026-08-08 01:12:00,50088,2026-08-08 03:12:00,50148,2026-08-08 07:12:00
50030,2026-08-07 23:20:00,test,49671,50030,360,24,0.15,50045,2026-08-08 00:20:00,50060,2026-08-08 01:20:00,50090,2026-08-08 03:20:00,50150,2026-08-08 07:20:00
50031,2026-08-07 23:24:00,test,49672,50031,360,24,0.15,50046,2026-08-08 00:24:00,50061,2026-08-08 01:24:00,50091,2026-08-08 03:24:00,50151,2026-08-08 07:24:00
50032,2026-08-07 23:28:00,test,49673,50032,360,24,0.15,50047,2026-08-08 00:28:00,50062,2026-08-08 01:28:00,50092,2026-08-08 03:28:00,50152,2026-08-08 07:28:00
50034,2026-08-07 23:36:00,test,49675,50034,360,24,0.15,50049,2026-08-08 00:36:00,50064,2026-08-08 01:36:00,50094,2026-08-08 03:36:00,50154,2026-08-08 07:36:00
50035,2026-08-07 23:40:00,test,49676,50035,360,24,0.15,50050,2026-08-08 00:40:00,50065,2026-08-08 01:40:00,50095,2026-08-08 03:40:00,50155,2026-08-08 07:40:00
50036,2026-08-07 23:44:00,test,49677,50036,360,24,0.15,50051,2026-08-08 00:44:00,50066,2026-08-08 01:44:00,50096,2026-08-08 03:44:00,50156,2026-08-08 07:44:00
50038,2026-08-07 23:52:00,test,49679,50038,360,24,0.15,50053,2026-08-08 00:52:00,50068,2026-08-08 01:52:00,50098,2026-08-08 03:52:00,50158,2026-08-08 07:52:00
50043,2026-08-08 00:12:00,test,49684,50043,360,24,0.15,50058,2026-08-08 01:12:00,50073,2026-08-08 02:12:00,50103,2026-08-08 04:12:00,50163,2026-08-08 08:12:00
50046,2026-08-08 00:24:00,test,49687,50046,360,24,0.15,50061,2026-08-08 01:24:00,50076,2026-08-08 02:24:00,50106,2026-08-08 04:24:00,50166,2026-08-08 08:24:00
50047,2026-08-08 00:28:00,test,49688,50047,360,24,0.15,50062,2026-08-08 01:28:00,50077,2026-08-08 02:28:00,50107,2026-08-08 04:28:00,50167,2026-08-08 08:28:00
50049,2026-08-08 00:36:00,test,49690,50049,360,24,0.15,50064,2026-08-08 01:36:00,50079,2026-08-08 02:36:00,50109,2026-08-08 04:36:00,50169,2026-08-08 08:36:00
50050,2026-08-08 00:40:00,test,49691,50050,360,24,0.15,50065,2026-08-08 01:40:00,50080,2026-08-08 02:40:00,50110,2026-08-08 04:40:00,50170,2026-08-08 08:40:00
50052,2026-08-08 00:48:00,test,49693,50052,360,24,0.15,50067,2026-08-08 01:48:00,50082,2026-08-08 02:48:00,50112,2026-08-08 04:48:00,50172,2026-08-08 08:48:00
50053,2026-08-08 00:52:00,test,49694,50053,360,24,0.15,50068,2026-08-08 01:52:00,50083,2026-08-08 02:52:00,50113,2026-08-08 04:52:00,50173,2026-08-08 08:52:00
50056,2026-08-08 01:04:00,test,49697,50056,360,24,0.15,50071,2026-08-08 02:04:00,50086,2026-08-08 03:04:00,50116,2026-08-08 05:04:00,50176,2026-08-08 09:04:00
50058,2026-08-08 01:12:00,test,49699,50058,360,24,0.15,50073,2026-08-08 02:12:00,50088,2026-08-08 03:12:00,50118,2026-08-08 05:12:00,50178,2026-08-08 09:12:00
50061,2026-08-08 01:24:00,test,49702,50061,360,24,0.15,50076,2026-08-08 02:24:00,50091,2026-08-08 03:24:00,50121,2026-08-08 05:24:00,50181,2026-08-08 09:24:00
50062,2026-08-08 01:28:00,test,49703,50062,360,24,0.15,50077,2026-08-08 02:28:00,50092,2026-08-08 03:28:00,50122,2026-08-08 05:28:00,50182,2026-08-08 09:28:00
50063,2026-08-08 01:32:00,test,49704,50063,360,24,0.15,50078,2026-08-08 02:32:00,50093,2026-08-08 03:32:00,50123,2026-08-08 05:32:00,50183,2026-08-08 09:32:00
50064,2026-08-08 01:36:00,test,49705,50064,360,24,0.15,50079,2026-08-08 02:36:00,50094,2026-08-08 03:36:00,50124,2026-08-08 05:36:00,50184,2026-08-08 09:36:00
50065,2026-08-08 01:40:00,test,49706,50065,360,24,0.15,50080,2026-08-08 02:40:00,50095,2026-08-08 03:40:00,50125,2026-08-08 05:40:00,50185,2026-08-08 09:40:00
50067,2026-08-08 01:48:00,test,49708,50067,360,24,0.15,50082,2026-08-08 02:48:00,50097,2026-08-08 03:48:00,50127,2026-08-08 05:48:00,50187,2026-08-08 09:48:00
50068,2026-08-08 01:52:00,test,49709,50068,360,24,0.15,50083,2026-08-08 02:52:00,50098,2026-08-08 03:52:00,50128,2026-08-08 05:52:00,50188,2026-08-08 09:52:00
50070,2026-08-08 02:00:00,test,49711,50070,360,24,0.15,50085,2026-08-08 03:00:00,50100,2026-08-08 04:00:00,50130,2026-08-08 06:00:00,50190,2026-08-08 10:00:00
50074,2026-08-08 02:16:00,test,49715,50074,360,24,0.15,50089,2026-08-08 03:16:00,50104,2026-08-08 04:16:00,50134,2026-08-08 06:16:00,50194,2026-08-08 10:16:00
50075,2026-08-08 02:20:00,test,49716,50075,360,24,0.15,50090,2026-08-08 03:20:00,50105,2026-08-08 04:20:00,50135,2026-08-08 06:20:00,50195,2026-08-08 10:20:00
50077,2026-08-08 02:28:00,test,49718,50077,360,24,0.15,50092,2026-08-08 03:28:00,50107,2026-08-08 04:28:00,50137,2026-08-08 06:28:00,50197,2026-08-08 10:28:00
50078,2026-08-08 02:32:00,test,49719,50078,360,24,0.15,50093,2026-08-08 03:32:00,50108,2026-08-08 04:32:00,50138,2026-08-08 06:32:00,50198,2026-08-08 10:32:00
50079,2026-08-08 02:36:00,test,49720,50079,360,24,0.15,50094,2026-08-08 03:36:00,50109,2026-08-08 04:36:00,50139,2026-08-08 06:36:00,50199,2026-08-08 10:36:00
50080,2026-08-08 02:40:00,test,49721,50080,360,24,0.15,50095,2026-08-08 03:40:00,50110,2026-08-08 04:40:00,50140,2026-08-08 06:40:00,50200,2026-08-08 10:40:00
50081,2026-08-08 02:44:00,test,49722,50081,360,24,0.15,50096,2026-08-08 03:44:00,50111,2026-08-08 04:44:00,50141,2026-08-08 06:44:00,50201,2026-08-08 10:44:00
50082,2026-08-08 02:48:00,test,49723,50082,360,24,0.15,50097,2026-08-08 03:48:00,50112,2026-08-08 04:48:00,50142,2026-08-08 06:48:00,50202,2026-08-08 10:48:00
50083,2026-08-08 02:52:00,test,49724,50083,360,24,0.15,50098,2026-08-08 03:52:00,50113,2026-08-08 04:52:00,50143,2026-08-08 06:52:00,50203,2026-08-08 10:52:00
50084,2026-08-08 02:56:00,test,49725,50084,360,24,0.15,50099,2026-08-08 03:56:00,50114,2026-08-08 04:56:00,50144,2026-08-08 06:56:00,50204,2026-08-08 10:56:00
50088,2026-08-08 03:12:00,test,49729,50088,360,24,0.15,50103,2026-08-08 04:12:00,50118,2026-08-08 05:12:00,50148,2026-08-08 07:12:00,50208,2026-08-08 11:12:00
50090,2026-08-08 03:20:00,test,49731,50090,360,24,0.15,50105,2026-08-08 04:20:00,50120,2026-08-08 05:20:00,50150,2026-08-08 07:20:00,50210,2026-08-08 11:20:00
50091,2026-08-08 03:24:00,test,49732,50091,360,24,0.15,50106,2026-08-08 04:24:00,50121,2026-08-08 05:24:00,50151,2026-08-08 07:24:00,50211,2026-08-08 11:24:00
50092,2026-08-08 03:28:00,test,49733,50092,360,24,0.15,50107,2026-08-08 04:28:00,50122,2026-08-08 05:28:00,50152,2026-08-08 07:28:00,50212,2026-08-08 11:28:00
50093,2026-08-08 03:32:00,test,49734,50093,360,24,0.15,50108,2026-08-08 04:32:00,50123,2026-08-08 05:32:00,50153,2026-08-08 07:32:00,50213,2026-08-08 11:32:00
50094,2026-08-08 03:36:00,test,49735,50094,360,24,0.15,50109,2026-08-08 04:36:00,50124,2026-08-08 05:36:00,50154,2026-08-08 07:36:00,50214,2026-08-08 11:36:00
50096,2026-08-08 03:44:00,test,49737,50096,360,24,0.15,50111,2026-08-08 04:44:00,50126,2026-08-08 05:44:00,50156,2026-08-08 07:44:00,50216,2026-08-08 11:44:00
50098,2026-08-08 03:52:00,test,49739,50098,360,24,0.15,50113,2026-08-08 04:52:00,50128,2026-08-08 05:52:00,50158,2026-08-08 07:52:00,50218,2026-08-08 11:52:00
50099,2026-08-08 03:56:00,test,49740,50099,360,24,0.15,50114,2026-08-08 04:56:00,50129,2026-08-08 05:56:00,50159,2026-08-08 07:56:00,50219,2026-08-08 11:56:00
50100,2026-08-08 04:00:00,test,49741,50100,360,24,0.15,50115,2026-08-08 05:00:00,50130,2026-08-08 06:00:00,50160,2026-08-08 08:00:00,50220,2026-08-08 12:00:00
50105,2026-08-08 04:20:00,test,49746,50105,360,24,0.15,50120,2026-08-08 05:20:00,50135,2026-08-08 06:20:00,50165,2026-08-08 08:20:00,50225,2026-08-08 12:20:00
50106,2026-08-08 04:24:00,test,49747,50106,360,24,0.15,50121,2026-08-08 05:24:00,50136,2026-08-08 06:24:00,50166,2026-08-08 08:24:00,50226,2026-08-08 12:24:00
50107,2026-08-08 04:28:00,test,49748,50107,360,24,0.15,50122,2026-08-08 05:28:00,50137,2026-08-08 06:28:00,50167,2026-08-08 08:28:00,50227,2026-08-08 12:28:00
50108,2026-08-08 04:32:00,test,49749,50108,360,24,0.15,50123,2026-08-08 05:32:00,50138,2026-08-08 06:32:00,50168,2026-08-08 08:32:00,50228,2026-08-08 12:32:00
50109,2026-08-08 04:36:00,test,49750,50109,360,24,0.15,50124,2026-08-08 05:36:00,50139,2026-08-08 06:36:00,50169,2026-08-08 08:36:00,50229,2026-08-08 12:36:00
50111,2026-08-08 04:44:00,test,49752,50111,360,24,0.15,50126,2026-08-08 05:44:00,50141,2026-08-08 06:44:00,50171,2026-08-08 08:44:00,50231,2026-08-08 12:44:00
50112,2026-08-08 04:48:00,test,49753,50112,360,24,0.15,50127,2026-08-08 05:48:00,50142,2026-08-08 06:48:00,50172,2026-08-08 08:48:00,50232,2026-08-08 12:48:00
50113,2026-08-08 04:52:00,test,49754,50113,360,24,0.15,50128,2026-08-08 05:52:00,50143,2026-08-08 06:52:00,50173,2026-08-08 08:52:00,50233,2026-08-08 12:52:00
50114,2026-08-08 04:56:00,test,49755,50114,360,24,0.15,50129,2026-08-08 05:56:00,50144,2026-08-08 06:56:00,50174,2026-08-08 08:56:00,50234,2026-08-08 12:56:00
50119,2026-08-08 05:16:00,test,49760,50119,360,24,0.15,50134,2026-08-08 06:16:00,50149,2026-08-08 07:16:00,50179,2026-08-08 09:16:00,50239,2026-08-08 13:16:00
50121,2026-08-08 05:24:00,test,49762,50121,360,24,0.15,50136,2026-08-08 06:24:00,50151,2026-08-08 07:24:00,50181,2026-08-08 09:24:00,50241,2026-08-08 13:24:00
50122,2026-08-08 05:28:00,test,49763,50122,360,24,0.15,50137,2026-08-08 06:28:00,50152,2026-08-08 07:28:00,50182,2026-08-08 09:28:00,50242,2026-08-08 13:28:00
50123,2026-08-08 05:32:00,test,49764,50123,360,24,0.15,50138,2026-08-08 06:32:00,50153,2026-08-08 07:32:00,50183,2026-08-08 09:32:00,50243,2026-08-08 13:32:00
50124,2026-08-08 05:36:00,test,49765,50124,360,24,0.15,50139,2026-08-08 06:36:00,50154,2026-08-08 07:36:00,50184,2026-08-08 09:36:00,50244,2026-08-08 13:36:00
50125,2026-08-08 05:40:00,test,49766,50125,360,24,0.15,50140,2026-08-08 06:40:00,50155,2026-08-08 07:40:00,50185,2026-08-08 09:40:00,50245,2026-08-08 13:40:00
50128,2026-08-08 05:52:00,test,49769,50128,360,24,0.15,50143,2026-08-08 06:52:00,50158,2026-08-08 07:52:00,50188,2026-08-08 09:52:00,50248,2026-08-08 13:52:00
50133,2026-08-08 06:12:00,test,49774,50133,360,24,0.15,50148,2026-08-08 07:12:00,50163,2026-08-08 08:12:00,50193,2026-08-08 10:12:00,50253,2026-08-08 14:12:00
50135,2026-08-08 06:20:00,test,49776,50135,360,24,0.15,50150,2026-08-08 07:20:00,50165,2026-08-08 08:20:00,50195,2026-08-08 10:20:00,50255,2026-08-08 14:20:00
50137,2026-08-08 06:28:00,test,49778,50137,360,24,0.15,50152,2026-08-08 07:28:00,50167,2026-08-08 08:28:00,50197,2026-08-08 10:28:00,50257,2026-08-08 14:28:00
50138,2026-08-08 06:32:00,test,49779,50138,360,24,0.15,50153,2026-08-08 07:32:00,50168,2026-08-08 08:32:00,50198,2026-08-08 10:32:00,50258,2026-08-08 14:32:00
50139,2026-08-08 06:36:00,test,49780,50139,360,24,0.15,50154,2026-08-08 07:36:00,50169,2026-08-08 08:36:00,50199,2026-08-08 10:36:00,50259,2026-08-08 14:36:00
50140,2026-08-08 06:40:00,test,49781,50140,360,24,0.15,50155,2026-08-08 07:40:00,50170,2026-08-08 08:40:00,50200,2026-08-08 10:40:00,50260,2026-08-08 14:40:00
50141,2026-08-08 06:44:00,test,49782,50141,360,24,0.15,50156,2026-08-08 07:44:00,50171,2026-08-08 08:44:00,50201,2026-08-08 10:44:00,50261,2026-08-08 14:44:00
50143,2026-08-08 06:52:00,test,49784,50143,360,24,0.15,50158,2026-08-08 07:52:00,50173,2026-08-08 08:52:00,50203,2026-08-08 10:52:00,50263,2026-08-08 14:52:00
50144,2026-08-08 06:56:00,test,49785,50144,360,24,0.15,50159,2026-08-08 07:56:00,50174,2026-08-08 08:56:00,50204,2026-08-08 10:56:00,50264,2026-08-08 14:56:00
50145,2026-08-08 07:00:00,test,49786,50145,360,24,0.15,50160,2026-08-08 08:00:00,50175,2026-08-08 09:00:00,50205,2026-08-08 11:00:00,50265,2026-08-08 15:00:00
50148,2026-08-08 07:12:00,test,49789,50148,360,24,0.15,50163,2026-08-08 08:12:00,50178,2026-08-08 09:12:00,50208,2026-08-08 11:12:00,50268,2026-08-08 15:12:00
50151,2026-08-08 07:24:00,test,49792,50151,360,24,0.15,50166,2026-08-08 08:24:00,50181,2026-08-08 09:24:00,50211,2026-08-08 11:24:00,50271,2026-08-08 15:24:00
50152,2026-08-08 07:28:00,test,49793,50152,360,24,0.15,50167,2026-08-08 08:28:00,50182,2026-08-08 09:28:00,50212,2026-08-08 11:28:00,50272,2026-08-08 15:28:00
50153,2026-08-08 07:32:00,test,49794,50153,360,24,0.15,50168,2026-08-08 08:32:00,50183,2026-08-08 09:32:00,50213,2026-08-08 11:32:00,50273,2026-08-08 15:32:00
50154,2026-08-08 07:36:00,test,49795,50154,360,24,0.15,50169,2026-08-08 08:36:00,50184,2026-08-08 09:36:00,50214,2026-08-08 11:36:00,50274,2026-08-08 15:36:00
50158,2026-08-08 07:52:00,test,49799,50158,360,24,0.15,50173,2026-08-08 08:52:00,50188,2026-08-08 09:52:00,50218,2026-08-08 11:52:00,50278,2026-08-08 15:52:00
50160,2026-08-08 08:00:00,test,49801,50160,360,24,0.15,50175,2026-08-08 09:00:00,50190,2026-08-08 10:00:00,50220,2026-08-08 12:00:00,50280,2026-08-08 16:00:00
50161,2026-08-08 08:04:00,test,49802,50161,360,24,0.15,50176,2026-08-08 09:04:00,50191,2026-08-08 10:04:00,50221,2026-08-08 12:04:00,50281,2026-08-08 16:04:00
50162,2026-08-08 08:08:00,test,49803,50162,360,24,0.15,50177,2026-08-08 09:08:00,50192,2026-08-08 10:08:00,50222,2026-08-08 12:08:00,50282,2026-08-08 16:08:00
50163,2026-08-08 08:12:00,test,49804,50163,360,24,0.15,50178,2026-08-08 09:12:00,50193,2026-08-08 10:12:00,50223,2026-08-08 12:12:00,50283,2026-08-08 16:12:00
50164,2026-08-08 08:16:00,test,49805,50164,360,24,0.15,50179,2026-08-08 09:16:00,50194,2026-08-08 10:16:00,50224,2026-08-08 12:16:00,50284,2026-08-08 16:16:00
50165,2026-08-08 08:20:00,test,49806,50165,360,24,0.15,50180,2026-08-08 09:20:00,50195,2026-08-08 10:20:00,50225,2026-08-08 12:20:00,50285,2026-08-08 16:20:00
50167,2026-08-08 08:28:00,test,49808,50167,360,24,0.15,50182,2026-08-08 09:28:00,50197,2026-08-08 10:28:00,50227,2026-08-08 12:28:00,50287,2026-08-08 16:28:00
50172,2026-08-08 08:48:00,test,49813,50172,360,24,0.15,50187,2026-08-08 09:48:00,50202,2026-08-08 10:48:00,50232,2026-08-08 12:48:00,50292,2026-08-08 16:48:00
50173,2026-08-08 08:52:00,test,49814,50173,360,24,0.15,50188,2026-08-08 09:52:00,50203,2026-08-08 10:52:00,50233,2026-08-08 12:52:00,50293,2026-08-08 16:52:00
50175,2026-08-08 09:00:00,test,49816,50175,360,24,0.15,50190,2026-08-08 10:00:00,50205,2026-08-08 11:00:00,50235,2026-08-08 13:00:00,50295,2026-08-08 17:00:00
50176,2026-08-08 09:04:00,test,49817,50176,360,24,0.15,50191,2026-08-08 10:04:00,50206,2026-08-08 11:04:00,50236,2026-08-08 13:04:00,50296,2026-08-08 17:04:00
50179,2026-08-08 09:16:00,test,49820,50179,360,24,0.15,50194,2026-08-08 10:16:00,50209,2026-08-08 11:16:00,50239,2026-08-08 13:16:00,50299,2026-08-08 17:16:00
50182,2026-08-08 09:28:00,test,49823,50182,360,24,0.15,50197,2026-08-08 10:28:00,50212,2026-08-08 11:28:00,50242,2026-08-08 13:28:00,50302,2026-08-08 17:28:00
50183,2026-08-08 09:32:00,test,49824,50183,360,24,0.15,50198,2026-08-08 10:32:00,50213,2026-08-08 11:32:00,50243,2026-08-08 13:32:00,50303,2026-08-08 17:32:00
50184,2026-08-08 09:36:00,test,49825,50184,360,24,0.15,50199,2026-08-08 10:36:00,50214,2026-08-08 11:36:00,50244,2026-08-08 13:36:00,50304,2026-08-08 17:36:00
50186,2026-08-08 09:44:00,test,49827,50186,360,24,0.15,50201,2026-08-08 10:44:00,50216,2026-08-08 11:44:00,50246,2026-08-08 13:44:00,50306,2026-08-08 17:44:00
50188,2026-08-08 09:52:00,test,49829,50188,360,24,0.15,50203,2026-08-08 10:52:00,50218,2026-08-08 11:52:00,50248,2026-08-08 13:52:00,50308,2026-08-08 17:52:00
50189,2026-08-08 09:56:00,test,49830,50189,360,24,0.15,50204,2026-08-08 10:56:00,50219,2026-08-08 11:56:00,50249,2026-08-08 13:56:00,50309,2026-08-08 17:56:00
50193,2026-08-08 10:12:00,test,49834,50193,360,24,0.15,50208,2026-08-08 11:12:00,50223,2026-08-08 12:12:00,50253,2026-08-08 14:12:00,50313,2026-08-08 18:12:00
50194,2026-08-08 10:16:00,test,49835,50194,360,24,0.15,50209,2026-08-08 11:16:00,50224,2026-08-08 12:16:00,50254,2026-08-08 14:16:00,50314,2026-08-08 18:16:00
50195,2026-08-08 10:20:00,test,49836,50195,360,24,0.15,50210,2026-08-08 11:20:00,50225,2026-08-08 12:20:00,50255,2026-08-08 14:20:00,50315,2026-08-08 18:20:00
50196,2026-08-08 10:24:00,test,49837,50196,360,24,0.15,50211,2026-08-08 11:24:00,50226,2026-08-08 12:24:00,50256,2026-08-08 14:24:00,50316,2026-08-08 18:24:00
50197,2026-08-08 10:28:00,test,49838,50197,360,24,0.15,50212,2026-08-08 11:28:00,50227,2026-08-08 12:28:00,50257,2026-08-08 14:28:00,50317,2026-08-08 18:28:00
50198,2026-08-08 10:32:00,test,49839,50198,360,24,0.15,50213,2026-08-08 11:32:00,50228,2026-08-08 12:32:00,50258,2026-08-08 14:32:00,50318,2026-08-08 18:32:00
50199,2026-08-08 10:36:00,test,49840,50199,360,24,0.15,50214,2026-08-08 11:36:00,50229,2026-08-08 12:36:00,50259,2026-08-08 14:36:00,50319,2026-08-08 18:36:00
50205,2026-08-08 11:00:00,test,49846,50205,360,24,0.15,50220,2026-08-08 12:00:00,50235,2026-08-08 13:00:00,50265,2026-08-08 15:00:00,50325,2026-08-08 19:00:00
50206,2026-08-08 11:04:00,test,49847,50206,360,24,0.15,50221,2026-08-08 12:04:00,50236,2026-08-08 13:04:00,50266,2026-08-08 15:04:00,50326,2026-08-08 19:04:00
50207,2026-08-08 11:08:00,test,49848,50207,360,24,0.15,50222,2026-08-08 12:08:00,50237,2026-08-08 13:08:00,50267,2026-08-08 15:08:00,50327,2026-08-08 19:08:00
50211,2026-08-08 11:24:00,test,49852,50211,360,24,0.15,50226,2026-08-08 12:24:00,50241,2026-08-08 13:24:00,50271,2026-08-08 15:24:00,50331,2026-08-08 19:24:00
50212,2026-08-08 11:28:00,test,49853,50212,360,24,0.15,50227,2026-08-08 12:28:00,50242,2026-08-08 13:28:00,50272,2026-08-08 15:28:00,50332,2026-08-08 19:28:00
50213,2026-08-08 11:32:00,test,49854,50213,360,24,0.15,50228,2026-08-08 12:32:00,50243,2026-08-08 13:32:00,50273,2026-08-08 15:32:00,50333,2026-08-08 19:32:00
50216,2026-08-08 11:44:00,test,49857,50216,360,24,0.15,50231,2026-08-08 12:44:00,50246,2026-08-08 13:44:00,50276,2026-08-08 15:44:00,50336,2026-08-08 19:44:00
50221,2026-08-08 12:04:00,test,49862,50221,360,24,0.15,50236,2026-08-08 13:04:00,50251,2026-08-08 14:04:00,50281,2026-08-08 16:04:00,50341,2026-08-08 20:04:00
50224,2026-08-08 12:16:00,test,49865,50224,360,24,0.15,50239,2026-08-08 13:16:00,50254,2026-08-08 14:16:00,50284,2026-08-08 16:16:00,50344,2026-08-08 20:16:00
50227,2026-08-08 12:28:00,test,49868,50227,360,24,0.15,50242,2026-08-08 13:28:00,50257,2026-08-08 14:28:00,50287,2026-08-08 16:28:00,50347,2026-08-08 20:28:00
50230,2026-08-08 12:40:00,test,49871,50230,360,24,0.15,50245,2026-08-08 13:40:00,50260,2026-08-08 14:40:00,50290,2026-08-08 16:40:00,50350,2026-08-08 20:40:00
50231,2026-08-08 12:44:00,test,49872,50231,360,24,0.15,50246,2026-08-08 13:44:00,50261,2026-08-08 14:44:00,50291,2026-08-08 16:44:00,50351,2026-08-08 20:44:00
50234,2026-08-08 12:56:00,test,49875,50234,360,24,0.15,50249,2026-08-08 13:56:00,50264,2026-08-08 14:56:00,50294,2026-08-08 16:56:00,50354,2026-08-08 20:56:00
50236,2026-08-08 13:04:00,test,49877,50236,360,24,0.15,50251,2026-08-08 14:04:00,50266,2026-08-08 15:04:00,50296,2026-08-08 17:04:00,50356,2026-08-08 21:04:00
50238,2026-08-08 13:12:00,test,49879,50238,360,24,0.15,50253,2026-08-08 14:12:00,50268,2026-08-08 15:12:00,50298,2026-08-08 17:12:00,50358,2026-08-08 21:12:00
50239,2026-08-08 13:16:00,test,49880,50239,360,24,0.15,50254,2026-08-08 14:16:00,50269,2026-08-08 15:16:00,50299,2026-08-08 17:16:00,50359,2026-08-08 21:16:00
50241,2026-08-08 13:24:00,test,49882,50241,360,24,0.15,50256,2026-08-08 14:24:00,50271,2026-08-08 15:24:00,50301,2026-08-08 17:24:00,50361,2026-08-08 21:24:00
50242,2026-08-08 13:28:00,test,49883,50242,360,24,0.15,50257,2026-08-08 14:28:00,50272,2026-08-08 15:28:00,50302,2026-08-08 17:28:00,50362,2026-08-08 21:28:00
50243,2026-08-08 13:32:00,test,49884,50243,360,24,0.15,50258,2026-08-08 14:32:00,50273,2026-08-08 15:32:00,50303,2026-08-08 17:32:00,50363,2026-08-08 21:32:00
50244,2026-08-08 13:36:00,test,49885,50244,360,24,0.15,50259,2026-08-08 14:36:00,50274,2026-08-08 15:36:00,50304,2026-08-08 17:36:00,50364,2026-08-08 21:36:00
50246,2026-08-08 13:44:00,test,49887,50246,360,24,0.15,50261,2026-08-08 14:44:00,50276,2026-08-08 15:44:00,50306,2026-08-08 17:44:00,50366,2026-08-08 21:44:00
50248,2026-08-08 13:52:00,test,49889,50248,360,24,0.15,50263,2026-08-08 14:52:00,50278,2026-08-08 15:52:00,50308,2026-08-08 17:52:00,50368,2026-08-08 21:52:00
50250,2026-08-08 14:00:00,test,49891,50250,360,24,0.15,50265,2026-08-08 15:00:00,50280,2026-08-08 16:00:00,50310,2026-08-08 18:00:00,50370,2026-08-08 22:00:00
50254,2026-08-08 14:16:00,test,49895,50254,360,24,0.15,50269,2026-08-08 15:16:00,50284,2026-08-08 16:16:00,50314,2026-08-08 18:16:00,50374,2026-08-08 22:16:00
50257,2026-08-08 14:28:00,test,49898,50257,360,24,0.15,50272,2026-08-08 15:28:00,50287,2026-08-08 16:28:00,50317,2026-08-08 18:28:00,50377,2026-08-08 22:28:00
50260,2026-08-08 14:40:00,test,49901,50260,360,24,0.15,50275,2026-08-08 15:40:00,50290,2026-08-08 16:40:00,50320,2026-08-08 18:40:00,50380,2026-08-08 22:40:00
50262,2026-08-08 14:48:00,test,49903,50262,360,24,0.15,50277,2026-08-08 15:48:00,50292,2026-08-08 16:48:00,50322,2026-08-08 18:48:00,50382,2026-08-08 22:48:00
50265,2026-08-08 15:00:00,test,49906,50265,360,24,0.15,50280,2026-08-08 16:00:00,50295,2026-08-08 17:00:00,50325,2026-08-08 19:00:00,50385,2026-08-08 23:00:00
50266,2026-08-08 15:04:00,test,49907,50266,360,24,0.15,50281,2026-08-08 16:04:00,50296,2026-08-08 17:04:00,50326,2026-08-08 19:04:00,50386,2026-08-08 23:04:00
50268,2026-08-08 15:12:00,test,49909,50268,360,24,0.15,50283,2026-08-08 16:12:00,50298,2026-08-08 17:12:00,50328,2026-08-08 19:12:00,50388,2026-08-08 23:12:00
50272,2026-08-08 15:28:00,test,49913,50272,360,24,0.15,50287,2026-08-08 16:28:00,50302,2026-08-08 17:28:00,50332,2026-08-08 19:28:00,50392,2026-08-08 23:28:00
50276,2026-08-08 15:44:00,test,49917,50276,360,24,0.15,50291,2026-08-08 16:44:00,50306,2026-08-08 17:44:00,50336,2026-08-08 19:44:00,50396,2026-08-08 23:44:00
50278,2026-08-08 15:52:00,test,49919,50278,360,24,0.15,50293,2026-08-08 16:52:00,50308,2026-08-08 17:52:00,50338,2026-08-08 19:52:00,50398,2026-08-08 23:52:00
50279,2026-08-08 15:56:00,test,49920,50279,360,24,0.15,50294,2026-08-08 16:56:00,50309,2026-08-08 17:56:00,50339,2026-08-08 19:56:00,50399,2026-08-08 23:56:00
50280,2026-08-08 16:00:00,test,49921,50280,360,24,0.15,50295,2026-08-08 17:00:00,50310,2026-08-08 18:00:00,50340,2026-08-08 20:00:00,50400,2026-08-09 00:00:00
50284,2026-08-08 16:16:00,test,49925,50284,360,24,0.15,50299,2026-08-08 17:16:00,50314,2026-08-08 18:16:00,50344,2026-08-08 20:16:00,50404,2026-08-09 00:16:00
50287,2026-08-08 16:28:00,test,49928,50287,360,24,0.15,50302,2026-08-08 17:28:00,50317,2026-08-08 18:28:00,50347,2026-08-08 20:28:00,50407,2026-08-09 00:28:00
50290,2026-08-08 16:40:00,test,49931,50290,360,24,0.15,50305,2026-08-08 17:40:00,50320,2026-08-08 18:40:00,50350,2026-08-08 20:40:00,50410,2026-08-09 00:40:00
50295,2026-08-08 17:00:00,test,49936,50295,360,24,0.15,50310,2026-08-08 18:00:00,50325,2026-08-08 19:00:00,50355,2026-08-08 21:00:00,50415,2026-08-09 01:00:00
50298,2026-08-08 17:12:00,test,49939,50298,360,24,0.15,50313,2026-08-08 18:12:00,50328,2026-08-08 19:12:00,50358,2026-08-08 21:12:00,50418,2026-08-09 01:12:00
50301,2026-08-08 17:24:00,test,49942,50301,360,24,0.15,50316,2026-08-08 18:24:00,50331,2026-08-08 19:24:00,50361,2026-08-08 21:24:00,50421,2026-08-09 01:24:00
50302,2026-08-08 17:28:00,test,49943,50302,360,24,0.15,50317,2026-08-08 18:28:00,50332,2026-08-08 19:28:00,50362,2026-08-08 21:28:00,50422,2026-08-09 01:28:00
50303,2026-08-08 17:32:00,test,49944,50303,360,24,0.15,50318,2026-08-08 18:32:00,50333,2026-08-08 19:32:00,50363,2026-08-08 21:32:00,50423,2026-08-09 01:32:00
50307,2026-08-08 17:48:00,test,49948,50307,360,24,0.15,50322,2026-08-08 18:48:00,50337,2026-08-08 19:48:00,50367,2026-08-08 21:48:00,50427,2026-08-09 01:48:00
50310,2026-08-08 18:00:00,test,49951,50310,360,24,0.15,50325,2026-08-08 19:00:00,50340,2026-08-08 20:00:00,50370,2026-08-08 22:00:00,50430,2026-08-09 02:00:00
50311,2026-08-08 18:04:00,test,49952,50311,360,24,0.15,50326,2026-08-08 19:04:00,50341,2026-08-08 20:04:00,50371,2026-08-08 22:04:00,50431,2026-08-09 02:04:00
50316,2026-08-08 18:24:00,test,49957,50316,360,24,0.15,50331,2026-08-08 19:24:00,50346,2026-08-08 20:24:00,50376,2026-08-08 22:24:00,50436,2026-08-09 02:24:00
50317,2026-08-08 18:28:00,test,49958,50317,360,24,0.15,50332,2026-08-08 19:28:00,50347,2026-08-08 20:28:00,50377,2026-08-08 22:28:00,50437,2026-08-09 02:28:00
50318,2026-08-08 18:32:00,test,49959,50318,360,24,0.15,50333,2026-08-08 19:32:00,50348,2026-08-08 20:32:00,50378,2026-08-08 22:32:00,50438,2026-08-09 02:32:00
50322,2026-08-08 18:48:00,test,49963,50322,360,24,0.15,50337,2026-08-08 19:48:00,50352,2026-08-08 20:48:00,50382,2026-08-08 22:48:00,50442,2026-08-09 02:48:00
50324,2026-08-08 18:56:00,test,49965,50324,360,24,0.15,50339,2026-08-08 19:56:00,50354,2026-08-08 20:56:00,50384,2026-08-08 22:56:00,50444,2026-08-09 02:56:00
50325,2026-08-08 19:00:00,test,49966,50325,360,24,0.15,50340,2026-08-08 20:00:00,50355,2026-08-08 21:00:00,50385,2026-08-08 23:00:00,50445,2026-08-09 03:00:00
50327,2026-08-08 19:08:00,test,49968,50327,360,24,0.15,50342,2026-08-08 20:08:00,50357,2026-08-08 21:08:00,50387,2026-08-08 23:08:00,50447,2026-08-09 03:08:00
50331,2026-08-08 19:24:00,test,49972,50331,360,24,0.15,50346,2026-08-08 20:24:00,50361,2026-08-08 21:24:00,50391,2026-08-08 23:24:00,50451,2026-08-09 03:24:00
50332,2026-08-08 19:28:00,test,49973,50332,360,24,0.15,50347,2026-08-08 20:28:00,50362,2026-08-08 21:28:00,50392,2026-08-08 23:28:00,50452,2026-08-09 03:28:00
50333,2026-08-08 19:32:00,test,49974,50333,360,24,0.15,50348,2026-08-08 20:32:00,50363,2026-08-08 21:32:00,50393,2026-08-08 23:32:00,50453,2026-08-09 03:32:00
50334,2026-08-08 19:36:00,test,49975,50334,360,24,0.15,50349,2026-08-08 20:36:00,50364,2026-08-08 21:36:00,50394,2026-08-08 23:36:00,50454,2026-08-09 03:36:00
50336,2026-08-08 19:44:00,test,49977,50336,360,24,0.15,50351,2026-08-08 20:44:00,50366,2026-08-08 21:44:00,50396,2026-08-08 23:44:00,50456,2026-08-09 03:44:00
50337,2026-08-08 19:48:00,test,49978,50337,360,24,0.15,50352,2026-08-08 20:48:00,50367,2026-08-08 21:48:00,50397,2026-08-08 23:48:00,50457,2026-08-09 03:48:00
50339,2026-08-08 19:56:00,test,49980,50339,360,24,0.15,50354,2026-08-08 20:56:00,50369,2026-08-08 21:56:00,50399,2026-08-08 23:56:00,50459,2026-08-09 03:56:00
50340,2026-08-08 20:00:00,test,49981,50340,360,24,0.15,50355,2026-08-08 21:00:00,50370,2026-08-08 22:00:00,50400,2026-08-09 00:00:00,50460,2026-08-09 04:00:00
50342,2026-08-08 20:08:00,test,49983,50342,360,24,0.15,50357,2026-08-08 21:08:00,50372,2026-08-08 22:08:00,50402,2026-08-09 00:08:00,50462,2026-08-09 04:08:00
50344,2026-08-08 20:16:00,test,49985,50344,360,24,0.15,50359,2026-08-08 21:16:00,50374,2026-08-08 22:16:00,50404,2026-08-09 00:16:00,50464,2026-08-09 04:16:00
50345,2026-08-08 20:20:00,test,49986,50345,360,24,0.15,50360,2026-08-08 21:20:00,50375,2026-08-08 22:20:00,50405,2026-08-09 00:20:00,50465,2026-08-09 04:20:00
50347,2026-08-08 20:28:00,test,49988,50347,360,24,0.15,50362,2026-08-08 21:28:00,50377,2026-08-08 22:28:00,50407,2026-08-09 00:28:00,50467,2026-08-09 04:28:00
50349,2026-08-08 20:36:00,test,49990,50349,360,24,0.15,50364,2026-08-08 21:36:00,50379,2026-08-08 22:36:00,50409,2026-08-09 00:36:00,50469,2026-08-09 04:36:00
50352,2026-08-08 20:48:00,test,49993,50352,360,24,0.15,50367,2026-08-08 21:48:00,50382,2026-08-08 22:48:00,50412,2026-08-09 00:48:00,50472,2026-08-09 04:48:00
50354,2026-08-08 20:56:00,test,49995,50354,360,24,0.15,50369,2026-08-08 21:56:00,50384,2026-08-08 22:56:00,50414,2026-08-09 00:56:00,50474,2026-08-09 04:56:00
50355,2026-08-08 21:00:00,test,49996,50355,360,24,0.15,50370,2026-08-08 22:00:00,50385,2026-08-08 23:00:00,50415,2026-08-09 01:00:00,50475,2026-08-09 05:00:00
50359,2026-08-08 21:16:00,test,50000,50359,360,24,0.15,50374,2026-08-08 22:16:00,50389,2026-08-08 23:16:00,50419,2026-08-09 01:16:00,50479,2026-08-09 05:16:00
50361,2026-08-08 21:24:00,test,50002,50361,360,24,0.15,50376,2026-08-08 22:24:00,50391,2026-08-08 23:24:00,50421,2026-08-09 01:24:00,50481,2026-08-09 05:24:00
50362,2026-08-08 21:28:00,test,50003,50362,360,24,0.15,50377,2026-08-08 22:28:00,50392,2026-08-08 23:28:00,50422,2026-08-09 01:28:00,50482,2026-08-09 05:28:00
50363,2026-08-08 21:32:00,test,50004,50363,360,24,0.15,50378,2026-08-08 22:32:00,50393,2026-08-08 23:32:00,50423,2026-08-09 01:32:00,50483,2026-08-09 05:32:00
50364,2026-08-08 21:36:00,test,50005,50364,360,24,0.15,50379,2026-08-08 22:36:00,50394,2026-08-08 23:36:00,50424,2026-08-09 01:36:00,50484,2026-08-09 05:36:00
50367,2026-08-08 21:48:00,test,50008,50367,360,24,0.15,50382,2026-08-08 22:48:00,50397,2026-08-08 23:48:00,50427,2026-08-09 01:48:00,50487,2026-08-09 05:48:00
50368,2026-08-08 21:52:00,test,50009,50368,360,24,0.15,50383,2026-08-08 22:52:00,50398,2026-08-08 23:52:00,50428,2026-08-09 01:52:00,50488,2026-08-09 05:52:00
50370,2026-08-08 22:00:00,test,50011,50370,360,24,0.15,50385,2026-08-08 23:00:00,50400,2026-08-09 00:00:00,50430,2026-08-09 02:00:00,50490,2026-08-09 06:00:00
50371,2026-08-08 22:04:00,test,50012,50371,360,24,0.15,50386,2026-08-08 23:04:00,50401,2026-08-09 00:04:00,50431,2026-08-09 02:04:00,50491,2026-08-09 06:04:00
50377,2026-08-08 22:28:00,test,50018,50377,360,24,0.15,50392,2026-08-08 23:28:00,50407,2026-08-09 00:28:00,50437,2026-08-09 02:28:00,50497,2026-08-09 06:28:00
50379,2026-08-08 22:36:00,test,50020,50379,360,24,0.15,50394,2026-08-08 23:36:00,50409,2026-08-09 00:36:00,50439,2026-08-09 02:36:00,50499,2026-08-09 06:36:00
50381,2026-08-08 22:44:00,test,50022,50381,360,24,0.15,50396,2026-08-08 23:44:00,50411,2026-08-09 00:44:00,50441,2026-08-09 02:44:00,50501,2026-08-09 06:44:00
50382,2026-08-08 22:48:00,test,50023,50382,360,24,0.15,50397,2026-08-08 23:48:00,50412,2026-08-09 00:48:00,50442,2026-08-09 02:48:00,50502,2026-08-09 06:48:00
50384,2026-08-08 22:56:00,test,50025,50384,360,24,0.15,50399,2026-08-08 23:56:00,50414,2026-08-09 00:56:00,50444,2026-08-09 02:56:00,50504,2026-08-09 06:56:00
50387,2026-08-08 23:08:00,test,50028,50387,360,24,0.15,50402,2026-08-09 00:08:00,50417,2026-08-09 01:08:00,50447,2026-08-09 03:08:00,50507,2026-08-09 07:08:00
50392,2026-08-08 23:28:00,test,50033,50392,360,24,0.15,50407,2026-08-09 00:28:00,50422,2026-08-09 01:28:00,50452,2026-08-09 03:28:00,50512,2026-08-09 07:28:00
50394,2026-08-08 23:36:00,test,50035,50394,360,24,0.15,50409,2026-08-09 00:36:00,50424,2026-08-09 01:36:00,50454,2026-08-09 03:36:00,50514,2026-08-09 07:36:00
50396,2026-08-08 23:44:00,test,50037,50396,360,24,0.15,50411,2026-08-09 00:44:00,50426,2026-08-09 01:44:00,50456,2026-08-09 03:44:00,50516,2026-08-09 07:44:00
50400,2026-08-09 00:00:00,test,50041,50400,360,24,0.15,50415,2026-08-09 01:00:00,50430,2026-08-09 02:00:00,50460,2026-08-09 04:00:00,50520,2026-08-09 08:00:00
50403,2026-08-09 00:12:00,test,50044,50403,360,24,0.15,50418,2026-08-09 01:12:00,50433,2026-08-09 02:12:00,50463,2026-08-09 04:12:00,50523,2026-08-09 08:12:00
50405,2026-08-09 00:20:00,test,50046,50405,360,24,0.15,50420,2026-08-09 01:20:00,50435,2026-08-09 02:20:00,50465,2026-08-09 04:20:00,50525,2026-08-09 08:20:00
50406,2026-08-09 00:24:00,test,50047,50406,360,24,0.15,50421,2026-08-09 01:24:00,50436,2026-08-09 02:24:00,50466,2026-08-09 04:24:00,50526,2026-08-09 08:24:00
50407,2026-08-09 00:28:00,test,50048,50407,360,24,0.15,50422,2026-08-09 01:28:00,50437,2026-08-09 02:28:00,50467,2026-08-09 04:28:00,50527,2026-08-09 08:28:00
50408,2026-08-09 00:32:00,test,50049,50408,360,24,0.15,50423,2026-08-09 01:32:00,50438,2026-08-09 02:32:00,50468,2026-08-09 04:32:00,50528,2026-08-09 08:32:00
50409,2026-08-09 00:36:00,test,50050,50409,360,24,0.15,50424,2026-08-09 01:36:00,50439,2026-08-09 02:36:00,50469,2026-08-09 04:36:00,50529,2026-08-09 08:36:00
50411,2026-08-09 00:44:00,test,50052,50411,360,24,0.15,50426,2026-08-09 01:44:00,50441,2026-08-09 02:44:00,50471,2026-08-09 04:44:00,50531,2026-08-09 08:44:00
50412,2026-08-09 00:48:00,test,50053,50412,360,24,0.15,50427,2026-08-09 01:48:00,50442,2026-08-09 02:48:00,50472,2026-08-09 04:48:00,50532,2026-08-09 08:48:00
50421,2026-08-09 01:24:00,test,50062,50421,360,24,0.15,50436,2026-08-09 02:24:00,50451,2026-08-09 03:24:00,50481,2026-08-09 05:24:00,50541,2026-08-09 09:24:00
50422,2026-08-09 01:28:00,test,50063,50422,360,24,0.15,50437,2026-08-09 02:28:00,50452,2026-08-09 03:28:00,50482,2026-08-09 05:28:00,50542,2026-08-09 09:28:00
50423,2026-08-09 01:32:00,test,50064,50423,360,24,0.15,50438,2026-08-09 02:32:00,50453,2026-08-09 03:32:00,50483,2026-08-09 05:32:00,50543,2026-08-09 09:32:00
50424,2026-08-09 01:36:00,test,50065,50424,360,24,0.15,50439,2026-08-09 02:36:00,50454,2026-08-09 03:36:00,50484,2026-08-09 05:36:00,50544,2026-08-09 09:36:00
50426,2026-08-09 01:44:00,test,50067,50426,360,24,0.15,50441,2026-08-09 02:44:00,50456,2026-08-09 03:44:00,50486,2026-08-09 05:44:00,50546,2026-08-09 09:44:00
50427,2026-08-09 01:48:00,test,50068,50427,360,24,0.15,50442,2026-08-09 02:48:00,50457,2026-08-09 03:48:00,50487,2026-08-09 05:48:00,50547,2026-08-09 09:48:00
50430,2026-08-09 02:00:00,test,50071,50430,360,24,0.15,50445,2026-08-09 03:00:00,50460,2026-08-09 04:00:00,50490,2026-08-09 06:00:00,50550,2026-08-09 10:00:00
50432,2026-08-09 02:08:00,test,50073,50432,360,24,0.15,50447,2026-08-09 03:08:00,50462,2026-08-09 04:08:00,50492,2026-08-09 06:08:00,50552,2026-08-09 10:08:00
50436,2026-08-09 02:24:00,test,50077,50436,360,24,0.15,50451,2026-08-09 03:24:00,50466,2026-08-09 04:24:00,50496,2026-08-09 06:24:00,50556,2026-08-09 10:24:00
50437,2026-08-09 02:28:00,test,50078,50437,360,24,0.15,50452,2026-08-09 03:28:00,50467,2026-08-09 04:28:00,50497,2026-08-09 06:28:00,50557,2026-08-09 10:28:00
50438,2026-08-09 02:32:00,test,50079,50438,360,24,0.15,50453,2026-08-09 03:32:00,50468,2026-08-09 04:32:00,50498,2026-08-09 06:32:00,50558,2026-08-09 10:32:00
50439,2026-08-09 02:36:00,test,50080,50439,360,24,0.15,50454,2026-08-09 03:36:00,50469,2026-08-09 04:36:00,50499,2026-08-09 06:36:00,50559,2026-08-09 10:36:00
50441,2026-08-09 02:44:00,test,50082,50441,360,24,0.15,50456,2026-08-09 03:44:00,50471,2026-08-09 04:44:00,50501,2026-08-09 06:44:00,50561,2026-08-09 10:44:00
50442,2026-08-09 02:48:00,test,50083,50442,360,24,0.15,50457,2026-08-09 03:48:00,50472,2026-08-09 04:48:00,50502,2026-08-09 06:48:00,50562,2026-08-09 10:48:00
50443,2026-08-09 02:52:00,test,50084,50443,360,24,0.15,50458,2026-08-09 03:52:00,50473,2026-08-09 04:52:00,50503,2026-08-09 06:52:00,50563,2026-08-09 10:52:00
50444,2026-08-09 02:56:00,test,50085,50444,360,24,0.15,50459,2026-08-09 03:56:00,50474,2026-08-09 04:56:00,50504,2026-08-09 06:56:00,50564,2026-08-09 10:56:00
50683,2026-08-09 18:52:00,test,50324,50683,360,24,0.15,50698,2026-08-09 19:52:00,50713,2026-08-09 20:52:00,50743,2026-08-09 22:52:00,50803,2026-08-10 02:52:00
50684,2026-08-09 18:56:00,test,50325,50684,360,24,0.15,50699,2026-08-09 19:56:00,50714,2026-08-09 20:56:00,50744,2026-08-09 22:56:00,50804,2026-08-10 02:56:00
50685,2026-08-09 19:00:00,test,50326,50685,360,24,0.15,50700,2026-08-09 20:00:00,50715,2026-08-09 21:00:00,50745,2026-08-09 23:00:00,50805,2026-08-10 03:00:00
50686,2026-08-09 19:04:00,test,50327,50686,360,24,0.15,50701,2026-08-09 20:04:00,50716,2026-08-09 21:04:00,50746,2026-08-09 23:04:00,50806,2026-08-10 03:04:00
50687,2026-08-09 19:08:00,test,50328,50687,360,24,0.15,50702,2026-08-09 20:08:00,50717,2026-08-09 21:08:00,50747,2026-08-09 23:08:00,50807,2026-08-10 03:08:00
50689,2026-08-09 19:16:00,test,50330,50689,360,24,0.15,50704,2026-08-09 20:16:00,50719,2026-08-09 21:16:00,50749,2026-08-09 23:16:00,50809,2026-08-10 03:16:00
50690,2026-08-09 19:20:00,test,50331,50690,360,24,0.15,50705,2026-08-09 20:20:00,50720,2026-08-09 21:20:00,50750,2026-08-09 23:20:00,50810,2026-08-10 03:20:00
50691,2026-08-09 19:24:00,test,50332,50691,360,24,0.15,50706,2026-08-09 20:24:00,50721,2026-08-09 21:24:00,50751,2026-08-09 23:24:00,50811,2026-08-10 03:24:00
50696,2026-08-09 19:44:00,test,50337,50696,360,24,0.15,50711,2026-08-09 20:44:00,50726,2026-08-09 21:44:00,50756,2026-08-09 23:44:00,50816,2026-08-10 03:44:00
50699,2026-08-09 19:56:00,test,50340,50699,360,24,0.15,50714,2026-08-09 20:56:00,50729,2026-08-09 21:56:00,50759,2026-08-09 23:56:00,50819,2026-08-10 03:56:00
50700,2026-08-09 20:00:00,test,50341,50700,360,24,0.15,50715,2026-08-09 21:00:00,50730,2026-08-09 22:00:00,50760,2026-08-10 00:00:00,50820,2026-08-10 04:00:00
50702,2026-08-09 20:08:00,test,50343,50702,360,24,0.15,50717,2026-08-09 21:08:00,50732,2026-08-09 22:08:00,50762,2026-08-10 00:08:00,50822,2026-08-10 04:08:00
50705,2026-08-09 20:20:00,test,50346,50705,360,24,0.15,50720,2026-08-09 21:20:00,50735,2026-08-09 22:20:00,50765,2026-08-10 00:20:00,50825,2026-08-10 04:20:00
50708,2026-08-09 20:32:00,test,50349,50708,360,24,0.15,50723,2026-08-09 21:32:00,50738,2026-08-09 22:32:00,50768,2026-08-10 00:32:00,50828,2026-08-10 04:32:00
50710,2026-08-09 20:40:00,test,50351,50710,360,24,0.15,50725,2026-08-09 21:40:00,50740,2026-08-09 22:40:00,50770,2026-08-10 00:40:00,50830,2026-08-10 04:40:00
50711,2026-08-09 20:44:00,test,50352,50711,360,24,0.15,50726,2026-08-09 21:44:00,50741,2026-08-09 22:44:00,50771,2026-08-10 00:44:00,50831,2026-08-10 04:44:00
50712,2026-08-09 20:48:00,test,50353,50712,360,24,0.15,50727,2026-08-09 21:48:00,50742,2026-08-09 22:48:00,50772,2026-08-10 00:48:00,50832,2026-08-10 04:48:00
50714,2026-08-09 20:56:00,test,50355,50714,360,24,0.15,50729,2026-08-09 21:56:00,50744,2026-08-09 22:56:00,50774,2026-08-10 00:56:00,50834,2026-08-10 04:56:00
50715,2026-08-09 21:00:00,test,50356,50715,360,24,0.15,50730,2026-08-09 22:00:00,50745,2026-08-09 23:00:00,50775,2026-08-10 01:00:00,50835,2026-08-10 05:00:00
50717,2026-08-09 21:08:00,test,50358,50717,360,24,0.15,50732,2026-08-09 22:08:00,50747,2026-08-09 23:08:00,50777,2026-08-10 01:08:00,50837,2026-08-10 05:08:00
50719,2026-08-09 21:16:00,test,50360,50719,360,24,0.15,50734,2026-08-09 22:16:00,50749,2026-08-09 23:16:00,50779,2026-08-10 01:16:00,50839,2026-08-10 05:16:00
50720,2026-08-09 21:20:00,test,50361,50720,360,24,0.15,50735,2026-08-09 22:20:00,50750,2026-08-09 23:20:00,50780,2026-08-10 01:20:00,50840,2026-08-10 05:20:00
50723,2026-08-09 21:32:00,test,50364,50723,360,24,0.15,50738,2026-08-09 22:32:00,50753,2026-08-09 23:32:00,50783,2026-08-10 01:32:00,50843,2026-08-10 05:32:00
50724,2026-08-09 21:36:00,test,50365,50724,360,24,0.15,50739,2026-08-09 22:36:00,50754,2026-08-09 23:36:00,50784,2026-08-10 01:36:00,50844,2026-08-10 05:36:00
50726,2026-08-09 21:44:00,test,50367,50726,360,24,0.15,50741,2026-08-09 22:44:00,50756,2026-08-09 23:44:00,50786,2026-08-10 01:44:00,50846,2026-08-10 05:44:00
50728,2026-08-09 21:52:00,test,50369,50728,360,24,0.15,50743,2026-08-09 22:52:00,50758,2026-08-09 23:52:00,50788,2026-08-10 01:52:00,50848,2026-08-10 05:52:00
50729,2026-08-09 21:56:00,test,50370,50729,360,24,0.15,50744,2026-08-09 22:56:00,50759,2026-08-09 23:56:00,50789,2026-08-10 01:56:00,50849,2026-08-10 05:56:00
50730,2026-08-09 22:00:00,test,50371,50730,360,24,0.15,50745,2026-08-09 23:00:00,50760,2026-08-10 00:00:00,50790,2026-08-10 02:00:00,50850,2026-08-10 06:00:00
50734,2026-08-09 22:16:00,test,50375,50734,360,24,0.15,50749,2026-08-09 23:16:00,50764,2026-08-10 00:16:00,50794,2026-08-10 02:16:00,50854,2026-08-10 06:16:00
50735,2026-08-09 22:20:00,test,50376,50735,360,24,0.15,50750,2026-08-09 23:20:00,50765,2026-08-10 00:20:00,50795,2026-08-10 02:20:00,50855,2026-08-10 06:20:00
50741,2026-08-09 22:44:00,test,50382,50741,360,24,0.15,50756,2026-08-09 23:44:00,50771,2026-08-10 00:44:00,50801,2026-08-10 02:44:00,50861,2026-08-10 06:44:00
50743,2026-08-09 22:52:00,test,50384,50743,360,24,0.15,50758,2026-08-09 23:52:00,50773,2026-08-10 00:52:00,50803,2026-08-10 02:52:00,50863,2026-08-10 06:52:00
50744,2026-08-09 22:56:00,test,50385,50744,360,24,0.15,50759,2026-08-09 23:56:00,50774,2026-08-10 00:56:00,50804,2026-08-10 02:56:00,50864,2026-08-10 06:56:00
50745,2026-08-09 23:00:00,test,50386,50745,360,24,0.15,50760,2026-08-10 00:00:00,50775,2026-08-10 01:00:00,50805,2026-08-10 03:00:00,50865,2026-08-10 07:00:00
50746,2026-08-09 23:04:00,test,50387,50746,360,24,0.15,50761,2026-08-10 00:04:00,50776,2026-08-10 01:04:00,50806,2026-08-10 03:04:00,50866,2026-08-10 07:04:00
50747,2026-08-09 23:08:00,test,50388,50747,360,24,0.15,50762,2026-08-10 00:08:00,50777,2026-08-10 01:08:00,50807,2026-08-10 03:08:00,50867,2026-08-10 07:08:00
50751,2026-08-09 23:24:00,test,50392,50751,360,24,0.15,50766,2026-08-10 00:24:00,50781,2026-08-10 01:24:00,50811,2026-08-10 03:24:00,50871,2026-08-10 07:24:00
50768,2026-08-10 00:32:00,test,50409,50768,360,24,0.15,50783,2026-08-10 01:32:00,50798,2026-08-10 02:32:00,50828,2026-08-10 04:32:00,50888,2026-08-10 08:32:00
50773,2026-08-10 00:52:00,test,50414,50773,360,24,0.15,50788,2026-08-10 01:52:00,50803,2026-08-10 02:52:00,50833,2026-08-10 04:52:00,50893,2026-08-10 08:52:00
50774,2026-08-10 00:56:00,test,50415,50774,360,24,0.15,50789,2026-08-10 01:56:00,50804,2026-08-10 02:56:00,50834,2026-08-10 04:56:00,50894,2026-08-10 08:56:00
50775,2026-08-10 01:00:00,test,50416,50775,360,24,0.15,50790,2026-08-10 02:00:00,50805,2026-08-10 03:00:00,50835,2026-08-10 05:00:00,50895,2026-08-10 09:00:00
50776,2026-08-10 01:04:00,test,50417,50776,360,24,0.15,50791,2026-08-10 02:04:00,50806,2026-08-10 03:04:00,50836,2026-08-10 05:04:00,50896,2026-08-10 09:04:00
50777,2026-08-10 01:08:00,test,50418,50777,360,24,0.15,50792,2026-08-10 02:08:00,50807,2026-08-10 03:08:00,50837,2026-08-10 05:08:00,50897,2026-08-10 09:08:00
50779,2026-08-10 01:16:00,test,50420,50779,360,24,0.15,50794,2026-08-10 02:16:00,50809,2026-08-10 03:16:00,50839,2026-08-10 05:16:00,50899,2026-08-10 09:16:00
50781,2026-08-10 01:24:00,test,50422,50781,360,24,0.15,50796,2026-08-10 02:24:00,50811,2026-08-10 03:24:00,50841,2026-08-10 05:24:00,50901,2026-08-10 09:24:00
50782,2026-08-10 01:28:00,test,50423,50782,360,24,0.15,50797,2026-08-10 02:28:00,50812,2026-08-10 03:28:00,50842,2026-08-10 05:28:00,50902,2026-08-10 09:28:00
50783,2026-08-10 01:32:00,test,50424,50783,360,24,0.15,50798,2026-08-10 02:32:00,50813,2026-08-10 03:32:00,50843,2026-08-10 05:32:00,50903,2026-08-10 09:32:00
50786,2026-08-10 01:44:00,test,50427,50786,360,24,0.15,50801,2026-08-10 02:44:00,50816,2026-08-10 03:44:00,50846,2026-08-10 05:44:00,50906,2026-08-10 09:44:00
50787,2026-08-10 01:48:00,test,50428,50787,360,24,0.15,50802,2026-08-10 02:48:00,50817,2026-08-10 03:48:00,50847,2026-08-10 05:48:00,50907,2026-08-10 09:48:00
50788,2026-08-10 01:52:00,test,50429,50788,360,24,0.15,50803,2026-08-10 02:52:00,50818,2026-08-10 03:52:00,50848,2026-08-10 05:52:00,50908,2026-08-10 09:52:00
50789,2026-08-10 01:56:00,test,50430,50789,360,24,0.15,50804,2026-08-10 02:56:00,50819,2026-08-10 03:56:00,50849,2026-08-10 05:56:00,50909,2026-08-10 09:56:00
50790,2026-08-10 02:00:00,test,50431,50790,360,24,0.15,50805,2026-08-10 03:00:00,50820,2026-08-10 04:00:00,50850,2026-08-10 06:00:00,50910,2026-08-10 10:00:00
50791,2026-08-10 02:04:00,test,50432,50791,360,24,0.15,50806,2026-08-10 03:04:00,50821,2026-08-10 04:04:00,50851,2026-08-10 06:04:00,50911,2026-08-10 10:04:00
50792,2026-08-10 02:08:00,test,50433,50792,360,24,0.15,50807,2026-08-10 03:08:00,50822,2026-08-10 04:08:00,50852,2026-08-10 06:08:00,50912,2026-08-10 10:08:00
50793,2026-08-10 02:12:00,test,50434,50793,360,24,0.15,50808,2026-08-10 03:12:00,50823,2026-08-10 04:12:00,50853,2026-08-10 06:12:00,50913,2026-08-10 10:12:00
50795,2026-08-10 02:20:00,test,50436,50795,360,24,0.15,50810,2026-08-10 03:20:00,50825,2026-08-10 04:20:00,50855,2026-08-10 06:20:00,50915,2026-08-10 10:20:00
50796,2026-08-10 02:24:00,test,50437,50796,360,24,0.15,50811,2026-08-10 03:24:00,50826,2026-08-10 04:24:00,50856,2026-08-10 06:24:00,50916,2026-08-10 10:24:00
50797,2026-08-10 02:28:00,test,50438,50797,360,24,0.15,50812,2026-08-10 03:28:00,50827,2026-08-10 04:28:00,50857,2026-08-10 06:28:00,50917,2026-08-10 10:28:00
50799,2026-08-10 02:36:00,test,50440,50799,360,24,0.15,50814,2026-08-10 03:36:00,50829,2026-08-10 04:36:00,50859,2026-08-10 06:36:00,50919,2026-08-10 10:36:00
50800,2026-08-10 02:40:00,test,50441,50800,360,24,0.15,50815,2026-08-10 03:40:00,50830,2026-08-10 04:40:00,50860,2026-08-10 06:40:00,50920,2026-08-10 10:40:00
50801,2026-08-10 02:44:00,test,50442,50801,360,24,0.15,50816,2026-08-10 03:44:00,50831,2026-08-10 04:44:00,50861,2026-08-10 06:44:00,50921,2026-08-10 10:44:00
50803,2026-08-10 02:52:00,test,50444,50803,360,24,0.15,50818,2026-08-10 03:52:00,50833,2026-08-10 04:52:00,50863,2026-08-10 06:52:00,50923,2026-08-10 10:52:00
50804,2026-08-10 02:56:00,test,50445,50804,360,24,0.15,50819,2026-08-10 03:56:00,50834,2026-08-10 04:56:00,50864,2026-08-10 06:56:00,50924,2026-08-10 10:56:00
50805,2026-08-10 03:00:00,test,50446,50805,360,24,0.15,50820,2026-08-10 04:00:00,50835,2026-08-10 05:00:00,50865,2026-08-10 07:00:00,50925,2026-08-10 11:00:00
50806,2026-08-10 03:04:00,test,50447,50806,360,24,0.15,50821,2026-08-10 04:04:00,50836,2026-08-10 05:04:00,50866,2026-08-10 07:04:00,50926,2026-08-10 11:04:00
50807,2026-08-10 03:08:00,test,50448,50807,360,24,0.15,50822,2026-08-10 04:08:00,50837,2026-08-10 05:08:00,50867,2026-08-10 07:08:00,50927,2026-08-10 11:08:00
50811,2026-08-10 03:24:00,test,50452,50811,360,24,0.15,50826,2026-08-10 04:24:00,50841,2026-08-10 05:24:00,50871,2026-08-10 07:24:00,50931,2026-08-10 11:24:00
50814,2026-08-10 03:36:00,test,50455,50814,360,24,0.15,50829,2026-08-10 04:36:00,50844,2026-08-10 05:36:00,50874,2026-08-10 07:36:00,50934,2026-08-10 11:36:00
50815,2026-08-10 03:40:00,test,50456,50815,360,24,0.15,50830,2026-08-10 04:40:00,50845,2026-08-10 05:40:00,50875,2026-08-10 07:40:00,50935,2026-08-10 11:40:00
50816,2026-08-10 03:44:00,test,50457,50816,360,24,0.15,50831,2026-08-10 04:44:00,50846,2026-08-10 05:44:00,50876,2026-08-10 07:44:00,50936,2026-08-10 11:44:00
50817,2026-08-10 03:48:00,test,50458,50817,360,24,0.15,50832,2026-08-10 04:48:00,50847,2026-08-10 05:48:00,50877,2026-08-10 07:48:00,50937,2026-08-10 11:48:00
50818,2026-08-10 03:52:00,test,50459,50818,360,24,0.15,50833,2026-08-10 04:52:00,50848,2026-08-10 05:52:00,50878,2026-08-10 07:52:00,50938,2026-08-10 11:52:00
50820,2026-08-10 04:00:00,test,50461,50820,360,24,0.15,50835,2026-08-10 05:00:00,50850,2026-08-10 06:00:00,50880,2026-08-10 08:00:00,50940,2026-08-10 12:00:00
50821,2026-08-10 04:04:00,test,50462,50821,360,24,0.15,50836,2026-08-10 05:04:00,50851,2026-08-10 06:04:00,50881,2026-08-10 08:04:00,50941,2026-08-10 12:04:00
50824,2026-08-10 04:16:00,test,50465,50824,360,24,0.15,50839,2026-08-10 05:16:00,50854,2026-08-10 06:16:00,50884,2026-08-10 08:16:00,50944,2026-08-10 12:16:00
50829,2026-08-10 04:36:00,test,50470,50829,360,24,0.15,50844,2026-08-10 05:36:00,50859,2026-08-10 06:36:00,50889,2026-08-10 08:36:00,50949,2026-08-10 12:36:00
50833,2026-08-10 04:52:00,test,50474,50833,360,24,0.15,50848,2026-08-10 05:52:00,50863,2026-08-10 06:52:00,50893,2026-08-10 08:52:00,50953,2026-08-10 12:52:00
50834,2026-08-10 04:56:00,test,50475,50834,360,24,0.15,50849,2026-08-10 05:56:00,50864,2026-08-10 06:56:00,50894,2026-08-10 08:56:00,50954,2026-08-10 12:56:00
50835,2026-08-10 05:00:00,test,50476,50835,360,24,0.15,50850,2026-08-10 06:00:00,50865,2026-08-10 07:00:00,50895,2026-08-10 09:00:00,50955,2026-08-10 13:00:00
50836,2026-08-10 05:04:00,test,50477,50836,360,24,0.15,50851,2026-08-10 06:04:00,50866,2026-08-10 07:04:00,50896,2026-08-10 09:04:00,50956,2026-08-10 13:04:00
50837,2026-08-10 05:08:00,test,50478,50837,360,24,0.15,50852,2026-08-10 06:08:00,50867,2026-08-10 07:08:00,50897,2026-08-10 09:08:00,50957,2026-08-10 13:08:00
50838,2026-08-10 05:12:00,test,50479,50838,360,24,0.15,50853,2026-08-10 06:12:00,50868,2026-08-10 07:12:00,50898,2026-08-10 09:12:00,50958,2026-08-10 13:12:00
50839,2026-08-10 05:16:00,test,50480,50839,360,24,0.15,50854,2026-08-10 06:16:00,50869,2026-08-10 07:16:00,50899,2026-08-10 09:16:00,50959,2026-08-10 13:16:00
50841,2026-08-10 05:24:00,test,50482,50841,360,24,0.15,50856,2026-08-10 06:24:00,50871,2026-08-10 07:24:00,50901,2026-08-10 09:24:00,50961,2026-08-10 13:24:00
50842,2026-08-10 05:28:00,test,50483,50842,360,24,0.15,50857,2026-08-10 06:28:00,50872,2026-08-10 07:28:00,50902,2026-08-10 09:28:00,50962,2026-08-10 13:28:00
50844,2026-08-10 05:36:00,test,50485,50844,360,24,0.15,50859,2026-08-10 06:36:00,50874,2026-08-10 07:36:00,50904,2026-08-10 09:36:00,50964,2026-08-10 13:36:00
50845,2026-08-10 05:40:00,test,50486,50845,360,24,0.15,50860,2026-08-10 06:40:00,50875,2026-08-10 07:40:00,50905,2026-08-10 09:40:00,50965,2026-08-10 13:40:00
50848,2026-08-10 05:52:00,test,50489,50848,360,24,0.15,50863,2026-08-10 06:52:00,50878,2026-08-10 07:52:00,50908,2026-08-10 09:52:00,50968,2026-08-10 13:52:00
50849,2026-08-10 05:56:00,test,50490,50849,360,24,0.15,50864,2026-08-10 06:56:00,50879,2026-08-10 07:56:00,50909,2026-08-10 09:56:00,50969,2026-08-10 13:56:00
50850,2026-08-10 06:00:00,test,50491,50850,360,24,0.15,50865,2026-08-10 07:00:00,50880,2026-08-10 08:00:00,50910,2026-08-10 10:00:00,50970,2026-08-10 14:00:00
50852,2026-08-10 06:08:00,test,50493,50852,360,24,0.15,50867,2026-08-10 07:08:00,50882,2026-08-10 08:08:00,50912,2026-08-10 10:08:00,50972,2026-08-10 14:08:00
50858,2026-08-10 06:32:00,test,50499,50858,360,24,0.15,50873,2026-08-10 07:32:00,50888,2026-08-10 08:32:00,50918,2026-08-10 10:32:00,50978,2026-08-10 14:32:00
50859,2026-08-10 06:36:00,test,50500,50859,360,24,0.15,50874,2026-08-10 07:36:00,50889,2026-08-10 08:36:00,50919,2026-08-10 10:36:00,50979,2026-08-10 14:36:00
50861,2026-08-10 06:44:00,test,50502,50861,360,24,0.15,50876,2026-08-10 07:44:00,50891,2026-08-10 08:44:00,50921,2026-08-10 10:44:00,50981,2026-08-10 14:44:00
50863,2026-08-10 06:52:00,test,50504,50863,360,24,0.15,50878,2026-08-10 07:52:00,50893,2026-08-10 08:52:00,50923,2026-08-10 10:52:00,50983,2026-08-10 14:52:00
50864,2026-08-10 06:56:00,test,50505,50864,360,24,0.15,50879,2026-08-10 07:56:00,50894,2026-08-10 08:56:00,50924,2026-08-10 10:56:00,50984,2026-08-10 14:56:00
50865,2026-08-10 07:00:00,test,50506,50865,360,24,0.15,50880,2026-08-10 08:00:00,50895,2026-08-10 09:00:00,50925,2026-08-10 11:00:00,50985,2026-08-10 15:00:00
50866,2026-08-10 07:04:00,test,50507,50866,360,24,0.15,50881,2026-08-10 08:04:00,50896,2026-08-10 09:04:00,50926,2026-08-10 11:04:00,50986,2026-08-10 15:04:00
50867,2026-08-10 07:08:00,test,50508,50867,360,24,0.15,50882,2026-08-10 08:08:00,50897,2026-08-10 09:08:00,50927,2026-08-10 11:08:00,50987,2026-08-10 15:08:00
50868,2026-08-10 07:12:00,test,50509,50868,360,24,0.15,50883,2026-08-10 08:12:00,50898,2026-08-10 09:12:00,50928,2026-08-10 11:12:00,50988,2026-08-10 15:12:00
50869,2026-08-10 07:16:00,test,50510,50869,360,24,0.15,50884,2026-08-10 08:16:00,50899,2026-08-10 09:16:00,50929,2026-08-10 11:16:00,50989,2026-08-10 15:16:00
50874,2026-08-10 07:36:00,test,50515,50874,360,24,0.15,50889,2026-08-10 08:36:00,50904,2026-08-10 09:36:00,50934,2026-08-10 11:36:00,50994,2026-08-10 15:36:00
50876,2026-08-10 07:44:00,test,50517,50876,360,24,0.15,50891,2026-08-10 08:44:00,50906,2026-08-10 09:44:00,50936,2026-08-10 11:44:00,50996,2026-08-10 15:44:00
50877,2026-08-10 07:48:00,test,50518,50877,360,24,0.15,50892,2026-08-10 08:48:00,50907,2026-08-10 09:48:00,50937,2026-08-10 11:48:00,50997,2026-08-10 15:48:00
50878,2026-08-10 07:52:00,test,50519,50878,360,24,0.15,50893,2026-08-10 08:52:00,50908,2026-08-10 09:52:00,50938,2026-08-10 11:52:00,50998,2026-08-10 15:52:00
50880,2026-08-10 08:00:00,test,50521,50880,360,24,0.15,50895,2026-08-10 09:00:00,50910,2026-08-10 10:00:00,50940,2026-08-10 12:00:00,51000,2026-08-10 16:00:00
50888,2026-08-10 08:32:00,test,50529,50888,360,24,0.15,50903,2026-08-10 09:32:00,50918,2026-08-10 10:32:00,50948,2026-08-10 12:32:00,51008,2026-08-10 16:32:00
50889,2026-08-10 08:36:00,test,50530,50889,360,24,0.15,50904,2026-08-10 09:36:00,50919,2026-08-10 10:36:00,50949,2026-08-10 12:36:00,51009,2026-08-10 16:36:00
50890,2026-08-10 08:40:00,test,50531,50890,360,24,0.15,50905,2026-08-10 09:40:00,50920,2026-08-10 10:40:00,50950,2026-08-10 12:40:00,51010,2026-08-10 16:40:00
50892,2026-08-10 08:48:00,test,50533,50892,360,24,0.15,50907,2026-08-10 09:48:00,50922,2026-08-10 10:48:00,50952,2026-08-10 12:48:00,51012,2026-08-10 16:48:00
50893,2026-08-10 08:52:00,test,50534,50893,360,24,0.15,50908,2026-08-10 09:52:00,50923,2026-08-10 10:52:00,50953,2026-08-10 12:52:00,51013,2026-08-10 16:52:00
50896,2026-08-10 09:04:00,test,50537,50896,360,24,0.15,50911,2026-08-10 10:04:00,50926,2026-08-10 11:04:00,50956,2026-08-10 13:04:00,51016,2026-08-10 17:04:00
50897,2026-08-10 09:08:00,test,50538,50897,360,24,0.15,50912,2026-08-10 10:08:00,50927,2026-08-10 11:08:00,50957,2026-08-10 13:08:00,51017,2026-08-10 17:08:00
50898,2026-08-10 09:12:00,test,50539,50898,360,24,0.15,50913,2026-08-10 10:12:00,50928,2026-08-10 11:12:00,50958,2026-08-10 13:12:00,51018,2026-08-10 17:12:00
50904,2026-08-10 09:36:00,test,50545,50904,360,24,0.15,50919,2026-08-10 10:36:00,50934,2026-08-10 11:36:00,50964,2026-08-10 13:36:00,51024,2026-08-10 17:36:00
50905,2026-08-10 09:40:00,test,50546,50905,360,24,0.15,50920,2026-08-10 10:40:00,50935,2026-08-10 11:40:00,50965,2026-08-10 13:40:00,51025,2026-08-10 17:40:00
50908,2026-08-10 09:52:00,test,50549,50908,360,24,0.15,50923,2026-08-10 10:52:00,50938,2026-08-10 11:52:00,50968,2026-08-10 13:52:00,51028,2026-08-10 17:52:00
50919,2026-08-10 10:36:00,test,50560,50919,360,24,0.15,50934,2026-08-10 11:36:00,50949,2026-08-10 12:36:00,50979,2026-08-10 14:36:00,51039,2026-08-10 18:36:00
50923,2026-08-10 10:52:00,test,50564,50923,360,24,0.15,50938,2026-08-10 11:52:00,50953,2026-08-10 12:52:00,50983,2026-08-10 14:52:00,51043,2026-08-10 18:52:00
50926,2026-08-10 11:04:00,test,50567,50926,360,24,0.15,50941,2026-08-10 12:04:00,50956,2026-08-10 13:04:00,50986,2026-08-10 15:04:00,51046,2026-08-10 19:04:00
50929,2026-08-10 11:16:00,test,50570,50929,360,24,0.15,50944,2026-08-10 12:16:00,50959,2026-08-10 13:16:00,50989,2026-08-10 15:16:00,51049,2026-08-10 19:16:00
50933,2026-08-10 11:32:00,test,50574,50933,360,24,0.15,50948,2026-08-10 12:32:00,50963,2026-08-10 13:32:00,50993,2026-08-10 15:32:00,51053,2026-08-10 19:32:00
50934,2026-08-10 11:36:00,test,50575,50934,360,24,0.15,50949,2026-08-10 12:36:00,50964,2026-08-10 13:36:00,50994,2026-08-10 15:36:00,51054,2026-08-10 19:36:00
50935,2026-08-10 11:40:00,test,50576,50935,360,24,0.15,50950,2026-08-10 12:40:00,50965,2026-08-10 13:40:00,50995,2026-08-10 15:40:00,51055,2026-08-10 19:40:00
50938,2026-08-10 11:52:00,test,50579,50938,360,24,0.15,50953,2026-08-10 12:52:00,50968,2026-08-10 13:52:00,50998,2026-08-10 15:52:00,51058,2026-08-10 19:52:00
50939,2026-08-10 11:56:00,test,50580,50939,360,24,0.15,50954,2026-08-10 12:56:00,50969,2026-08-10 13:56:00,50999,2026-08-10 15:56:00,51059,2026-08-10 19:56:00
50940,2026-08-10 12:00:00,test,50581,50940,360,24,0.15,50955,2026-08-10 13:00:00,50970,2026-08-10 14:00:00,51000,2026-08-10 16:00:00,51060,2026-08-10 20:00:00
50942,2026-08-10 12:08:00,test,50583,50942,360,24,0.15,50957,2026-08-10 13:08:00,50972,2026-08-10 14:08:00,51002,2026-08-10 16:08:00,51062,2026-08-10 20:08:00
50947,2026-08-10 12:28:00,test,50588,50947,360,24,0.15,50962,2026-08-10 13:28:00,50977,2026-08-10 14:28:00,51007,2026-08-10 16:28:00,51067,2026-08-10 20:28:00
50948,2026-08-10 12:32:00,test,50589,50948,360,24,0.15,50963,2026-08-10 13:32:00,50978,2026-08-10 14:32:00,51008,2026-08-10 16:32:00,51068,2026-08-10 20:32:00
50949,2026-08-10 12:36:00,test,50590,50949,360,24,0.15,50964,2026-08-10 13:36:00,50979,2026-08-10 14:36:00,51009,2026-08-10 16:36:00,51069,2026-08-10 20:36:00
50950,2026-08-10 12:40:00,test,50591,50950,360,24,0.15,50965,2026-08-10 13:40:00,50980,2026-08-10 14:40:00,51010,2026-08-10 16:40:00,51070,2026-08-10 20:40:00
50953,2026-08-10 12:52:00,test,50594,50953,360,24,0.15,50968,2026-08-10 13:52:00,50983,2026-08-10 14:52:00,51013,2026-08-10 16:52:00,51073,2026-08-10 20:52:00
50957,2026-08-10 13:08:00,test,50598,50957,360,24,0.15,50972,2026-08-10 14:08:00,50987,2026-08-10 15:08:00,51017,2026-08-10 17:08:00,51077,2026-08-10 21:08:00
50960,2026-08-10 13:20:00,test,50601,50960,360,24,0.15,50975,2026-08-10 14:20:00,50990,2026-08-10 15:20:00,51020,2026-08-10 17:20:00,51080,2026-08-10 21:20:00
50962,2026-08-10 13:28:00,test,50603,50962,360,24,0.15,50977,2026-08-10 14:28:00,50992,2026-08-10 15:28:00,51022,2026-08-10 17:28:00,51082,2026-08-10 21:28:00
50963,2026-08-10 13:32:00,test,50604,50963,360,24,0.15,50978,2026-08-10 14:32:00,50993,2026-08-10 15:32:00,51023,2026-08-10 17:32:00,51083,2026-08-10 21:32:00
50964,2026-08-10 13:36:00,test,50605,50964,360,24,0.15,50979,2026-08-10 14:36:00,50994,2026-08-10 15:36:00,51024,2026-08-10 17:36:00,51084,2026-08-10 21:36:00
50965,2026-08-10 13:40:00,test,50606,50965,360,24,0.15,50980,2026-08-10 14:40:00,50995,2026-08-10 15:40:00,51025,2026-08-10 17:40:00,51085,2026-08-10 21:40:00
50966,2026-08-10 13:44:00,test,50607,50966,360,24,0.15,50981,2026-08-10 14:44:00,50996,2026-08-10 15:44:00,51026,2026-08-10 17:44:00,51086,2026-08-10 21:44:00
50968,2026-08-10 13:52:00,test,50609,50968,360,24,0.15,50983,2026-08-10 14:52:00,50998,2026-08-10 15:52:00,51028,2026-08-10 17:52:00,51088,2026-08-10 21:52:00
50973,2026-08-10 14:12:00,test,50614,50973,360,24,0.15,50988,2026-08-10 15:12:00,51003,2026-08-10 16:12:00,51033,2026-08-10 18:12:00,51093,2026-08-10 22:12:00
50974,2026-08-10 14:16:00,test,50615,50974,360,24,0.15,50989,2026-08-10 15:16:00,51004,2026-08-10 16:16:00,51034,2026-08-10 18:16:00,51094,2026-08-10 22:16:00
50978,2026-08-10 14:32:00,test,50619,50978,360,24,0.15,50993,2026-08-10 15:32:00,51008,2026-08-10 16:32:00,51038,2026-08-10 18:32:00,51098,2026-08-10 22:32:00
50979,2026-08-10 14:36:00,test,50620,50979,360,24,0.15,50994,2026-08-10 15:36:00,51009,2026-08-10 16:36:00,51039,2026-08-10 18:36:00,51099,2026-08-10 22:36:00
50982,2026-08-10 14:48:00,test,50623,50982,360,24,0.15,50997,2026-08-10 15:48:00,51012,2026-08-10 16:48:00,51042,2026-08-10 18:48:00,51102,2026-08-10 22:48:00
50983,2026-08-10 14:52:00,test,50624,50983,360,24,0.15,50998,2026-08-10 15:52:00,51013,2026-08-10 16:52:00,51043,2026-08-10 18:52:00,51103,2026-08-10 22:52:00
50989,2026-08-10 15:16:00,test,50630,50989,360,24,0.15,51004,2026-08-10 16:16:00,51019,2026-08-10 17:16:00,51049,2026-08-10 19:16:00,51109,2026-08-10 23:16:00
50990,2026-08-10 15:20:00,test,50631,50990,360,24,0.15,51005,2026-08-10 16:20:00,51020,2026-08-10 17:20:00,51050,2026-08-10 19:20:00,51110,2026-08-10 23:20:00
50993,2026-08-10 15:32:00,test,50634,50993,360,24,0.15,51008,2026-08-10 16:32:00,51023,2026-08-10 17:32:00,51053,2026-08-10 19:32:00,51113,2026-08-10 23:32:00
50994,2026-08-10 15:36:00,test,50635,50994,360,24,0.15,51009,2026-08-10 16:36:00,51024,2026-08-10 17:36:00,51054,2026-08-10 19:36:00,51114,2026-08-10 23:36:00
50995,2026-08-10 15:40:00,test,50636,50995,360,24,0.15,51010,2026-08-10 16:40:00,51025,2026-08-10 17:40:00,51055,2026-08-10 19:40:00,51115,2026-08-10 23:40:00
50997,2026-08-10 15:48:00,test,50638,50997,360,24,0.15,51012,2026-08-10 16:48:00,51027,2026-08-10 17:48:00,51057,2026-08-10 19:48:00,51117,2026-08-10 23:48:00
50998,2026-08-10 15:52:00,test,50639,50998,360,24,0.15,51013,2026-08-10 16:52:00,51028,2026-08-10 17:52:00,51058,2026-08-10 19:52:00,51118,2026-08-10 23:52:00
51001,2026-08-10 16:04:00,test,50642,51001,360,24,0.15,51016,2026-08-10 17:04:00,51031,2026-08-10 18:04:00,51061,2026-08-10 20:04:00,51121,2026-08-11 00:04:00
51003,2026-08-10 16:12:00,test,50644,51003,360,24,0.15,51018,2026-08-10 17:12:00,51033,2026-08-10 18:12:00,51063,2026-08-10 20:12:00,51123,2026-08-11 00:12:00
51004,2026-08-10 16:16:00,test,50645,51004,360,24,0.15,51019,2026-08-10 17:16:00,51034,2026-08-10 18:16:00,51064,2026-08-10 20:16:00,51124,2026-08-11 00:16:00
51008,2026-08-10 16:32:00,test,50649,51008,360,24,0.15,51023,2026-08-10 17:32:00,51038,2026-08-10 18:32:00,51068,2026-08-10 20:32:00,51128,2026-08-11 00:32:00
51011,2026-08-10 16:44:00,test,50652,51011,360,24,0.15,51026,2026-08-10 17:44:00,51041,2026-08-10 18:44:00,51071,2026-08-10 20:44:00,51131,2026-08-11 00:44:00
51012,2026-08-10 16:48:00,test,50653,51012,360,24,0.15,51027,2026-08-10 17:48:00,51042,2026-08-10 18:48:00,51072,2026-08-10 20:48:00,51132,2026-08-11 00:48:00
51013,2026-08-10 16:52:00,test,50654,51013,360,24,0.15,51028,2026-08-10 17:52:00,51043,2026-08-10 18:52:00,51073,2026-08-10 20:52:00,51133,2026-08-11 00:52:00
51014,2026-08-10 16:56:00,test,50655,51014,360,24,0.15,51029,2026-08-10 17:56:00,51044,2026-08-10 18:56:00,51074,2026-08-10 20:56:00,51134,2026-08-11 00:56:00
51016,2026-08-10 17:04:00,test,50657,51016,360,24,0.15,51031,2026-08-10 18:04:00,51046,2026-08-10 19:04:00,51076,2026-08-10 21:04:00,51136,2026-08-11 01:04:00
51018,2026-08-10 17:12:00,test,50659,51018,360,24,0.15,51033,2026-08-10 18:12:00,51048,2026-08-10 19:12:00,51078,2026-08-10 21:12:00,51138,2026-08-11 01:12:00
51019,2026-08-10 17:16:00,test,50660,51019,360,24,0.15,51034,2026-08-10 18:16:00,51049,2026-08-10 19:16:00,51079,2026-08-10 21:16:00,51139,2026-08-11 01:16:00
51023,2026-08-10 17:32:00,test,50664,51023,360,24,0.15,51038,2026-08-10 18:32:00,51053,2026-08-10 19:32:00,51083,2026-08-10 21:32:00,51143,2026-08-11 01:32:00
51026,2026-08-10 17:44:00,test,50667,51026,360,24,0.15,51041,2026-08-10 18:44:00,51056,2026-08-10 19:44:00,51086,2026-08-10 21:44:00,51146,2026-08-11 01:44:00
51027,2026-08-10 17:48:00,test,50668,51027,360,24,0.15,51042,2026-08-10 18:48:00,51057,2026-08-10 19:48:00,51087,2026-08-10 21:48:00,51147,2026-08-11 01:48:00
51028,2026-08-10 17:52:00,test,50669,51028,360,24,0.15,51043,2026-08-10 18:52:00,51058,2026-08-10 19:52:00,51088,2026-08-10 21:52:00,51148,2026-08-11 01:52:00
51033,2026-08-10 18:12:00,test,50674,51033,360,24,0.15,51048,2026-08-10 19:12:00,51063,2026-08-10 20:12:00,51093,2026-08-10 22:12:00,51153,2026-08-11 02:12:00
51037,2026-08-10 18:28:00,test,50678,51037,360,24,0.15,51052,2026-08-10 19:28:00,51067,2026-08-10 20:28:00,51097,2026-08-10 22:28:00,51157,2026-08-11 02:28:00
51038,2026-08-10 18:32:00,test,50679,51038,360,24,0.15,51053,2026-08-10 19:32:00,51068,2026-08-10 20:32:00,51098,2026-08-10 22:32:00,51158,2026-08-11 02:32:00
51039,2026-08-10 18:36:00,test,50680,51039,360,24,0.15,51054,2026-08-10 19:36:00,51069,2026-08-10 20:36:00,51099,2026-08-10 22:36:00,51159,2026-08-11 02:36:00
51040,2026-08-10 18:40:00,test,50681,51040,360,24,0.15,51055,2026-08-10 19:40:00,51070,2026-08-10 20:40:00,51100,2026-08-10 22:40:00,51160,2026-08-11 02:40:00
51041,2026-08-10 18:44:00,test,50682,51041,360,24,0.15,51056,2026-08-10 19:44:00,51071,2026-08-10 20:44:00,51101,2026-08-10 22:44:00,51161,2026-08-11 02:44:00
51042,2026-08-10 18:48:00,test,50683,51042,360,24,0.15,51057,2026-08-10 19:48:00,51072,2026-08-10 20:48:00,51102,2026-08-10 22:48:00,51162,2026-08-11 02:48:00
51044,2026-08-10 18:56:00,test,50685,51044,360,24,0.15,51059,2026-08-10 19:56:00,51074,2026-08-10 20:56:00,51104,2026-08-10 22:56:00,51164,2026-08-11 02:56:00
51045,2026-08-10 19:00:00,test,50686,51045,360,24,0.15,51060,2026-08-10 20:00:00,51075,2026-08-10 21:00:00,51105,2026-08-10 23:00:00,51165,2026-08-11 03:00:00
51046,2026-08-10 19:04:00,test,50687,51046,360,24,0.15,51061,2026-08-10 20:04:00,51076,2026-08-10 21:04:00,51106,2026-08-10 23:04:00,51166,2026-08-11 03:04:00
51047,2026-08-10 19:08:00,test,50688,51047,360,24,0.15,51062,2026-08-10 20:08:00,51077,2026-08-10 21:08:00,51107,2026-08-10 23:08:00,51167,2026-08-11 03:08:00
51049,2026-08-10 19:16:00,test,50690,51049,360,24,0.15,51064,2026-08-10 20:16:00,51079,2026-08-10 21:16:00,51109,2026-08-10 23:16:00,51169,2026-08-11 03:16:00
51053,2026-08-10 19:32:00,test,50694,51053,360,24,0.15,51068,2026-08-10 20:32:00,51083,2026-08-10 21:32:00,51113,2026-08-10 23:32:00,51173,2026-08-11 03:32:00
51054,2026-08-10 19:36:00,test,50695,51054,360,24,0.15,51069,2026-08-10 20:36:00,51084,2026-08-10 21:36:00,51114,2026-08-10 23:36:00,51174,2026-08-11 03:36:00
51055,2026-08-10 19:40:00,test,50696,51055,360,24,0.15,51070,2026-08-10 20:40:00,51085,2026-08-10 21:40:00,51115,2026-08-10 23:40:00,51175,2026-08-11 03:40:00
51056,2026-08-10 19:44:00,test,50697,51056,360,24,0.15,51071,2026-08-10 20:44:00,51086,2026-08-10 21:44:00,51116,2026-08-10 23:44:00,51176,2026-08-11 03:44:00
51057,2026-08-10 19:48:00,test,50698,51057,360,24,0.15,51072,2026-08-10 20:48:00,51087,2026-08-10 21:48:00,51117,2026-08-10 23:48:00,51177,2026-08-11 03:48:00
51058,2026-08-10 19:52:00,test,50699,51058,360,24,0.15,51073,2026-08-10 20:52:00,51088,2026-08-10 21:52:00,51118,2026-08-10 23:52:00,51178,2026-08-11 03:52:00
51063,2026-08-10 20:12:00,test,50704,51063,360,24,0.15,51078,2026-08-10 21:12:00,51093,2026-08-10 22:12:00,51123,2026-08-11 00:12:00,51183,2026-08-11 04:12:00
51064,2026-08-10 20:16:00,test,50705,51064,360,24,0.15,51079,2026-08-10 21:16:00,51094,2026-08-10 22:16:00,51124,2026-08-11 00:16:00,51184,2026-08-11 04:16:00
51066,2026-08-10 20:24:00,test,50707,51066,360,24,0.15,51081,2026-08-10 21:24:00,51096,2026-08-10 22:24:00,51126,2026-08-11 00:24:00,51186,2026-08-11 04:24:00
51067,2026-08-10 20:28:00,test,50708,51067,360,24,0.15,51082,2026-08-10 21:28:00,51097,2026-08-10 22:28:00,51127,2026-08-11 00:28:00,51187,2026-08-11 04:28:00
51068,2026-08-10 20:32:00,test,50709,51068,360,24,0.15,51083,2026-08-10 21:32:00,51098,2026-08-10 22:32:00,51128,2026-08-11 00:32:00,51188,2026-08-11 04:32:00
51070,2026-08-10 20:40:00,test,50711,51070,360,24,0.15,51085,2026-08-10 21:40:00,51100,2026-08-10 22:40:00,51130,2026-08-11 00:40:00,51190,2026-08-11 04:40:00
51071,2026-08-10 20:44:00,test,50712,51071,360,24,0.15,51086,2026-08-10 21:44:00,51101,2026-08-10 22:44:00,51131,2026-08-11 00:44:00,51191,2026-08-11 04:44:00
51072,2026-08-10 20:48:00,test,50713,51072,360,24,0.15,51087,2026-08-10 21:48:00,51102,2026-08-10 22:48:00,51132,2026-08-11 00:48:00,51192,2026-08-11 04:48:00
51073,2026-08-10 20:52:00,test,50714,51073,360,24,0.15,51088,2026-08-10 21:52:00,51103,2026-08-10 22:52:00,51133,2026-08-11 00:52:00,51193,2026-08-11 04:52:00
51080,2026-08-10 21:20:00,test,50721,51080,360,24,0.15,51095,2026-08-10 22:20:00,51110,2026-08-10 23:20:00,51140,2026-08-11 01:20:00,51200,2026-08-11 05:20:00
51081,2026-08-10 21:24:00,test,50722,51081,360,24,0.15,51096,2026-08-10 22:24:00,51111,2026-08-10 23:24:00,51141,2026-08-11 01:24:00,51201,2026-08-11 05:24:00
51083,2026-08-10 21:32:00,test,50724,51083,360,24,0.15,51098,2026-08-10 22:32:00,51113,2026-08-10 23:32:00,51143,2026-08-11 01:32:00,51203,2026-08-11 05:32:00
51085,2026-08-10 21:40:00,test,50726,51085,360,24,0.15,51100,2026-08-10 22:40:00,51115,2026-08-10 23:40:00,51145,2026-08-11 01:40:00,51205,2026-08-11 05:40:00
51086,2026-08-10 21:44:00,test,50727,51086,360,24,0.15,51101,2026-08-10 22:44:00,51116,2026-08-10 23:44:00,51146,2026-08-11 01:44:00,51206,2026-08-11 05:44:00
51088,2026-08-10 21:52:00,test,50729,51088,360,24,0.15,51103,2026-08-10 22:52:00,51118,2026-08-10 23:52:00,51148,2026-08-11 01:52:00,51208,2026-08-11 05:52:00
51452,2026-08-11 22:08:00,test,51093,51452,360,24,0.15,51467,2026-08-11 23:08:00,51482,2026-08-12 00:08:00,51512,2026-08-12 02:08:00,51572,2026-08-12 06:08:00
51453,2026-08-11 22:12:00,test,51094,51453,360,24,0.15,51468,2026-08-11 23:12:00,51483,2026-08-12 00:12:00,51513,2026-08-12 02:12:00,51573,2026-08-12 06:12:00
51454,2026-08-11 22:16:00,test,51095,51454,360,24,0.15,51469,2026-08-11 23:16:00,51484,2026-08-12 00:16:00,51514,2026-08-12 02:16:00,51574,2026-08-12 06:16:00
51455,2026-08-11 22:20:00,test,51096,51455,360,24,0.15,51470,2026-08-11 23:20:00,51485,2026-08-12 00:20:00,51515,2026-08-12 02:20:00,51575,2026-08-12 06:20:00
51456,2026-08-11 22:24:00,test,51097,51456,360,24,0.15,51471,2026-08-11 23:24:00,51486,2026-08-12 00:24:00,51516,2026-08-12 02:24:00,51576,2026-08-12 06:24:00
51457,2026-08-11 22:28:00,test,51098,51457,360,24,0.15,51472,2026-08-11 23:28:00,51487,2026-08-12 00:28:00,51517,2026-08-12 02:28:00,51577,2026-08-12 06:28:00
51458,2026-08-11 22:32:00,test,51099,51458,360,24,0.15,51473,2026-08-11 23:32:00,51488,2026-08-12 00:32:00,51518,2026-08-12 02:32:00,51578,2026-08-12 06:32:00
51459,2026-08-11 22:36:00,test,51100,51459,360,24,0.15,51474,2026-08-11 23:36:00,51489,2026-08-12 00:36:00,51519,2026-08-12 02:36:00,51579,2026-08-12 06:36:00
51461,2026-08-11 22:44:00,test,51102,51461,360,24,0.15,51476,2026-08-11 23:44:00,51491,2026-08-12 00:44:00,51521,2026-08-12 02:44:00,51581,2026-08-12 06:44:00
51463,2026-08-11 22:52:00,test,51104,51463,360,24,0.15,51478,2026-08-11 23:52:00,51493,2026-08-12 00:52:00,51523,2026-08-12 02:52:00,51583,2026-08-12 06:52:00
51465,2026-08-11 23:00:00,test,51106,51465,360,24,0.15,51480,2026-08-12 00:00:00,51495,2026-08-12 01:00:00,51525,2026-08-12 03:00:00,51585,2026-08-12 07:00:00
51466,2026-08-11 23:04:00,test,51107,51466,360,24,0.15,51481,2026-08-12 00:04:00,51496,2026-08-12 01:04:00,51526,2026-08-12 03:04:00,51586,2026-08-12 07:04:00
51468,2026-08-11 23:12:00,test,51109,51468,360,24,0.15,51483,2026-08-12 00:12:00,51498,2026-08-12 01:12:00,51528,2026-08-12 03:12:00,51588,2026-08-12 07:12:00
51469,2026-08-11 23:16:00,test,51110,51469,360,24,0.15,51484,2026-08-12 00:16:00,51499,2026-08-12 01:16:00,51529,2026-08-12 03:16:00,51589,2026-08-12 07:16:00
51470,2026-08-11 23:20:00,test,51111,51470,360,24,0.15,51485,2026-08-12 00:20:00,51500,2026-08-12 01:20:00,51530,2026-08-12 03:20:00,51590,2026-08-12 07:20:00
51471,2026-08-11 23:24:00,test,51112,51471,360,24,0.15,51486,2026-08-12 00:24:00,51501,2026-08-12 01:24:00,51531,2026-08-12 03:24:00,51591,2026-08-12 07:24:00
51476,2026-08-11 23:44:00,test,51117,51476,360,24,0.15,51491,2026-08-12 00:44:00,51506,2026-08-12 01:44:00,51536,2026-08-12 03:44:00,51596,2026-08-12 07:44:00
51477,2026-08-11 23:48:00,test,51118,51477,360,24,0.15,51492,2026-08-12 00:48:00,51507,2026-08-12 01:48:00,51537,2026-08-12 03:48:00,51597,2026-08-12 07:48:00
51478,2026-08-11 23:52:00,test,51119,51478,360,24,0.15,51493,2026-08-12 00:52:00,51508,2026-08-12 01:52:00,51538,2026-08-12 03:52:00,51598,2026-08-12 07:52:00
51479,2026-08-11 23:56:00,test,51120,51479,360,24,0.15,51494,2026-08-12 00:56:00,51509,2026-08-12 01:56:00,51539,2026-08-12 03:56:00,51599,2026-08-12 07:56:00
51480,2026-08-12 00:00:00,test,51121,51480,360,24,0.15,51495,2026-08-12 01:00:00,51510,2026-08-12 02:00:00,51540,2026-08-12 04:00:00,51600,2026-08-12 08:00:00
51481,2026-08-12 00:04:00,test,51122,51481,360,24,0.15,51496,2026-08-12 01:04:00,51511,2026-08-12 02:04:00,51541,2026-08-12 04:04:00,51601,2026-08-12 08:04:00
51483,2026-08-12 00:12:00,test,51124,51483,360,24,0.15,51498,2026-08-12 01:12:00,51513,2026-08-12 02:12:00,51543,2026-08-12 04:12:00,51603,2026-08-12 08:12:00
51484,2026-08-12 00:16:00,test,51125,51484,360,24,0.15,51499,2026-08-12 01:16:00,51514,2026-08-12 02:16:00,51544,2026-08-12 04:16:00,51604,2026-08-12 08:16:00
51485,2026-08-12 00:20:00,test,51126,51485,360,24,0.15,51500,2026-08-12 01:20:00,51515,2026-08-12 02:20:00,51545,2026-08-12 04:20:00,51605,2026-08-12 08:20:00
51486,2026-08-12 00:24:00,test,51127,51486,360,24,0.15,51501,2026-08-12 01:24:00,51516,2026-08-12 02:24:00,51546,2026-08-12 04:24:00,51606,2026-08-12 08:24:00
51487,2026-08-12 00:28:00,test,51128,51487,360,24,0.15,51502,2026-08-12 01:28:00,51517,2026-08-12 02:28:00,51547,2026-08-12 04:28:00,51607,2026-08-12 08:28:00
51488,2026-08-12 00:32:00,test,51129,51488,360,24,0.15,51503,2026-08-12 01:32:00,51518,2026-08-12 02:32:00,51548,2026-08-12 04:32:00,51608,2026-08-12 08:32:00
51489,2026-08-12 00:36:00,test,51130,51489,360,24,0.15,51504,2026-08-12 01:36:00,51519,2026-08-12 02:36:00,51549,2026-08-12 04:36:00,51609,2026-08-12 08:36:00
51490,2026-08-12 00:40:00,test,51131,51490,360,24,0.15,51505,2026-08-12 01:40:00,51520,2026-08-12 02:40:00,51550,2026-08-12 04:40:00,51610,2026-08-12 08:40:00
51491,2026-08-12 00:44:00,test,51132,51491,360,24,0.15,51506,2026-08-12 01:44:00,51521,2026-08-12 02:44:00,51551,2026-08-12 04:44:00,51611,2026-08-12 08:44:00
51493,2026-08-12 00:52:00,test,51134,51493,360,24,0.15,51508,2026-08-12 01:52:00,51523,2026-08-12 02:52:00,51553,2026-08-12 04:52:00,51613,2026-08-12 08:52:00
51495,2026-08-12 01:00:00,test,51136,51495,360,24,0.15,51510,2026-08-12 02:00:00,51525,2026-08-12 03:00:00,51555,2026-08-12 05:00:00,51615,2026-08-12 09:00:00
51498,2026-08-12 01:12:00,test,51139,51498,360,24,0.15,51513,2026-08-12 02:12:00,51528,2026-08-12 03:12:00,51558,2026-08-12 05:12:00,51618,2026-08-12 09:12:00
51500,2026-08-12 01:20:00,test,51141,51500,360,24,0.15,51515,2026-08-12 02:20:00,51530,2026-08-12 03:20:00,51560,2026-08-12 05:20:00,51620,2026-08-12 09:20:00
51501,2026-08-12 01:24:00,test,51142,51501,360,24,0.15,51516,2026-08-12 02:24:00,51531,2026-08-12 03:24:00,51561,2026-08-12 05:24:00,51621,2026-08-12 09:24:00
51503,2026-08-12 01:32:00,test,51144,51503,360,24,0.15,51518,2026-08-12 02:32:00,51533,2026-08-12 03:32:00,51563,2026-08-12 05:32:00,51623,2026-08-12 09:32:00
51506,2026-08-12 01:44:00,test,51147,51506,360,24,0.15,51521,2026-08-12 02:44:00,51536,2026-08-12 03:44:00,51566,2026-08-12 05:44:00,51626,2026-08-12 09:44:00
51508,2026-08-12 01:52:00,test,51149,51508,360,24,0.15,51523,2026-08-12 02:52:00,51538,2026-08-12 03:52:00,51568,2026-08-12 05:52:00,51628,2026-08-12 09:52:00
51510,2026-08-12 02:00:00,test,51151,51510,360,24,0.15,51525,2026-08-12 03:00:00,51540,2026-08-12 04:00:00,51570,2026-08-12 06:00:00,51630,2026-08-12 10:00:00
51512,2026-08-12 02:08:00,test,51153,51512,360,24,0.15,51527,2026-08-12 03:08:00,51542,2026-08-12 04:08:00,51572,2026-08-12 06:08:00,51632,2026-08-12 10:08:00
51513,2026-08-12 02:12:00,test,51154,51513,360,24,0.15,51528,2026-08-12 03:12:00,51543,2026-08-12 04:12:00,51573,2026-08-12 06:12:00,51633,2026-08-12 10:12:00
51514,2026-08-12 02:16:00,test,51155,51514,360,24,0.15,51529,2026-08-12 03:16:00,51544,2026-08-12 04:16:00,51574,2026-08-12 06:16:00,51634,2026-08-12 10:16:00
51515,2026-08-12 02:20:00,test,51156,51515,360,24,0.15,51530,2026-08-12 03:20:00,51545,2026-08-12 04:20:00,51575,2026-08-12 06:20:00,51635,2026-08-12 10:20:00
51516,2026-08-12 02:24:00,test,51157,51516,360,24,0.15,51531,2026-08-12 03:24:00,51546,2026-08-12 04:24:00,51576,2026-08-12 06:24:00,51636,2026-08-12 10:24:00
51518,2026-08-12 02:32:00,test,51159,51518,360,24,0.15,51533,2026-08-12 03:32:00,51548,2026-08-12 04:32:00,51578,2026-08-12 06:32:00,51638,2026-08-12 10:32:00
51521,2026-08-12 02:44:00,test,51162,51521,360,24,0.15,51536,2026-08-12 03:44:00,51551,2026-08-12 04:44:00,51581,2026-08-12 06:44:00,51641,2026-08-12 10:44:00
51522,2026-08-12 02:48:00,test,51163,51522,360,24,0.15,51537,2026-08-12 03:48:00,51552,2026-08-12 04:48:00,51582,2026-08-12 06:48:00,51642,2026-08-12 10:48:00
51523,2026-08-12 02:52:00,test,51164,51523,360,24,0.15,51538,2026-08-12 03:52:00,51553,2026-08-12 04:52:00,51583,2026-08-12 06:52:00,51643,2026-08-12 10:52:00
51524,2026-08-12 02:56:00,test,51165,51524,360,24,0.15,51539,2026-08-12 03:56:00,51554,2026-08-12 04:56:00,51584,2026-08-12 06:56:00,51644,2026-08-12 10:56:00
51525,2026-08-12 03:00:00,test,51166,51525,360,24,0.15,51540,2026-08-12 04:00:00,51555,2026-08-12 05:00:00,51585,2026-08-12 07:00:00,51645,2026-08-12 11:00:00
51528,2026-08-12 03:12:00,test,51169,51528,360,24,0.15,51543,2026-08-12 04:12:00,51558,2026-08-12 05:12:00,51588,2026-08-12 07:12:00,51648,2026-08-12 11:12:00
51529,2026-08-12 03:16:00,test,51170,51529,360,24,0.15,51544,2026-08-12 04:16:00,51559,2026-08-12 05:16:00,51589,2026-08-12 07:16:00,51649,2026-08-12 11:16:00
51530,2026-08-12 03:20:00,test,51171,51530,360,24,0.15,51545,2026-08-12 04:20:00,51560,2026-08-12 05:20:00,51590,2026-08-12 07:20:00,51650,2026-08-12 11:20:00
51531,2026-08-12 03:24:00,test,51172,51531,360,24,0.15,51546,2026-08-12 04:24:00,51561,2026-08-12 05:24:00,51591,2026-08-12 07:24:00,51651,2026-08-12 11:24:00
51532,2026-08-12 03:28:00,test,51173,51532,360,24,0.15,51547,2026-08-12 04:28:00,51562,2026-08-12 05:28:00,51592,2026-08-12 07:28:00,51652,2026-08-12 11:28:00
51534,2026-08-12 03:36:00,test,51175,51534,360,24,0.15,51549,2026-08-12 04:36:00,51564,2026-08-12 05:36:00,51594,2026-08-12 07:36:00,51654,2026-08-12 11:36:00
51536,2026-08-12 03:44:00,test,51177,51536,360,24,0.15,51551,2026-08-12 04:44:00,51566,2026-08-12 05:44:00,51596,2026-08-12 07:44:00,51656,2026-08-12 11:44:00
51537,2026-08-12 03:48:00,test,51178,51537,360,24,0.15,51552,2026-08-12 04:48:00,51567,2026-08-12 05:48:00,51597,2026-08-12 07:48:00,51657,2026-08-12 11:48:00
51540,2026-08-12 04:00:00,test,51181,51540,360,24,0.15,51555,2026-08-12 05:00:00,51570,2026-08-12 06:00:00,51600,2026-08-12 08:00:00,51660,2026-08-12 12:00:00
51543,2026-08-12 04:12:00,test,51184,51543,360,24,0.15,51558,2026-08-12 05:12:00,51573,2026-08-12 06:12:00,51603,2026-08-12 08:12:00,51663,2026-08-12 12:12:00
51544,2026-08-12 04:16:00,test,51185,51544,360,24,0.15,51559,2026-08-12 05:16:00,51574,2026-08-12 06:16:00,51604,2026-08-12 08:16:00,51664,2026-08-12 12:16:00
51545,2026-08-12 04:20:00,test,51186,51545,360,24,0.15,51560,2026-08-12 05:20:00,51575,2026-08-12 06:20:00,51605,2026-08-12 08:20:00,51665,2026-08-12 12:20:00
51546,2026-08-12 04:24:00,test,51187,51546,360,24,0.15,51561,2026-08-12 05:24:00,51576,2026-08-12 06:24:00,51606,2026-08-12 08:24:00,51666,2026-08-12 12:24:00
51547,2026-08-12 04:28:00,test,51188,51547,360,24,0.15,51562,2026-08-12 05:28:00,51577,2026-08-12 06:28:00,51607,2026-08-12 08:28:00,51667,2026-08-12 12:28:00
51548,2026-08-12 04:32:00,test,51189,51548,360,24,0.15,51563,2026-08-12 05:32:00,51578,2026-08-12 06:32:00,51608,2026-08-12 08:32:00,51668,2026-08-12 12:32:00
51550,2026-08-12 04:40:00,test,51191,51550,360,24,0.15,51565,2026-08-12 05:40:00,51580,2026-08-12 06:40:00,51610,2026-08-12 08:40:00,51670,2026-08-12 12:40:00
51551,2026-08-12 04:44:00,test,51192,51551,360,24,0.15,51566,2026-08-12 05:44:00,51581,2026-08-12 06:44:00,51611,2026-08-12 08:44:00,51671,2026-08-12 12:44:00
51552,2026-08-12 04:48:00,test,51193,51552,360,24,0.15,51567,2026-08-12 05:48:00,51582,2026-08-12 06:48:00,51612,2026-08-12 08:48:00,51672,2026-08-12 12:48:00
51553,2026-08-12 04:52:00,test,51194,51553,360,24,0.15,51568,2026-08-12 05:52:00,51583,2026-08-12 06:52:00,51613,2026-08-12 08:52:00,51673,2026-08-12 12:52:00
51555,2026-08-12 05:00:00,test,51196,51555,360,24,0.15,51570,2026-08-12 06:00:00,51585,2026-08-12 07:00:00,51615,2026-08-12 09:00:00,51675,2026-08-12 13:00:00
51556,2026-08-12 05:04:00,test,51197,51556,360,24,0.15,51571,2026-08-12 06:04:00,51586,2026-08-12 07:04:00,51616,2026-08-12 09:04:00,51676,2026-08-12 13:04:00
51558,2026-08-12 05:12:00,test,51199,51558,360,24,0.15,51573,2026-08-12 06:12:00,51588,2026-08-12 07:12:00,51618,2026-08-12 09:12:00,51678,2026-08-12 13:12:00
51561,2026-08-12 05:24:00,test,51202,51561,360,24,0.15,51576,2026-08-12 06:24:00,51591,2026-08-12 07:24:00,51621,2026-08-12 09:24:00,51681,2026-08-12 13:24:00
51562,2026-08-12 05:28:00,test,51203,51562,360,24,0.15,51577,2026-08-12 06:28:00,51592,2026-08-12 07:28:00,51622,2026-08-12 09:28:00,51682,2026-08-12 13:28:00
51564,2026-08-12 05:36:00,test,51205,51564,360,24,0.15,51579,2026-08-12 06:36:00,51594,2026-08-12 07:36:00,51624,2026-08-12 09:36:00,51684,2026-08-12 13:36:00
51565,2026-08-12 05:40:00,test,51206,51565,360,24,0.15,51580,2026-08-12 06:40:00,51595,2026-08-12 07:40:00,51625,2026-08-12 09:40:00,51685,2026-08-12 13:40:00
51566,2026-08-12 05:44:00,test,51207,51566,360,24,0.15,51581,2026-08-12 06:44:00,51596,2026-08-12 07:44:00,51626,2026-08-12 09:44:00,51686,2026-08-12 13:44:00
51567,2026-08-12 05:48:00,test,51208,51567,360,24,0.15,51582,2026-08-12 06:48:00,51597,2026-08-12 07:48:00,51627,2026-08-12 09:48:00,51687,2026-08-12 13:48:00
51569,2026-08-12 05:56:00,test,51210,51569,360,24,0.15,51584,2026-08-12 06:56:00,51599,2026-08-12 07:56:00,51629,2026-08-12 09:56:00,51689,2026-08-12 13:56:00
51570,2026-08-12 06:00:00,test,51211,51570,360,24,0.15,51585,2026-08-12 07:00:00,51600,2026-08-12 08:00:00,51630,2026-08-12 10:00:00,51690,2026-08-12 14:00:00
51573,2026-08-12 06:12:00,test,51214,51573,360,24,0.15,51588,2026-08-12 07:12:00,51603,2026-08-12 08:12:00,51633,2026-08-12 10:12:00,51693,2026-08-12 14:12:00
51574,2026-08-12 06:16:00,test,51215,51574,360,24,0.15,51589,2026-08-12 07:16:00,51604,2026-08-12 08:16:00,51634,2026-08-12 10:16:00,51694,2026-08-12 14:16:00
51575,2026-08-12 06:20:00,test,51216,51575,360,24,0.15,51590,2026-08-12 07:20:00,51605,2026-08-12 08:20:00,51635,2026-08-12 10:20:00,51695,2026-08-12 14:20:00
51577,2026-08-12 06:28:00,test,51218,51577,360,24,0.15,51592,2026-08-12 07:28:00,51607,2026-08-12 08:28:00,51637,2026-08-12 10:28:00,51697,2026-08-12 14:28:00
51579,2026-08-12 06:36:00,test,51220,51579,360,24,0.15,51594,2026-08-12 07:36:00,51609,2026-08-12 08:36:00,51639,2026-08-12 10:36:00,51699,2026-08-12 14:36:00
51580,2026-08-12 06:40:00,test,51221,51580,360,24,0.15,51595,2026-08-12 07:40:00,51610,2026-08-12 08:40:00,51640,2026-08-12 10:40:00,51700,2026-08-12 14:40:00
51581,2026-08-12 06:44:00,test,51222,51581,360,24,0.15,51596,2026-08-12 07:44:00,51611,2026-08-12 08:44:00,51641,2026-08-12 10:44:00,51701,2026-08-12 14:44:00
51582,2026-08-12 06:48:00,test,51223,51582,360,24,0.15,51597,2026-08-12 07:48:00,51612,2026-08-12 08:48:00,51642,2026-08-12 10:48:00,51702,2026-08-12 14:48:00
51584,2026-08-12 06:56:00,test,51225,51584,360,24,0.15,51599,2026-08-12 07:56:00,51614,2026-08-12 08:56:00,51644,2026-08-12 10:56:00,51704,2026-08-12 14:56:00
51585,2026-08-12 07:00:00,test,51226,51585,360,24,0.15,51600,2026-08-12 08:00:00,51615,2026-08-12 09:00:00,51645,2026-08-12 11:00:00,51705,2026-08-12 15:00:00
51588,2026-08-12 07:12:00,test,51229,51588,360,24,0.15,51603,2026-08-12 08:12:00,51618,2026-08-12 09:12:00,51648,2026-08-12 11:12:00,51708,2026-08-12 15:12:00
51590,2026-08-12 07:20:00,test,51231,51590,360,24,0.15,51605,2026-08-12 08:20:00,51620,2026-08-12 09:20:00,51650,2026-08-12 11:20:00,51710,2026-08-12 15:20:00
51591,2026-08-12 07:24:00,test,51232,51591,360,24,0.15,51606,2026-08-12 08:24:00,51621,2026-08-12 09:24:00,51651,2026-08-12 11:24:00,51711,2026-08-12 15:24:00
51593,2026-08-12 07:32:00,test,51234,51593,360,24,0.15,51608,2026-08-12 08:32:00,51623,2026-08-12 09:32:00,51653,2026-08-12 11:32:00,51713,2026-08-12 15:32:00
51594,2026-08-12 07:36:00,test,51235,51594,360,24,0.15,51609,2026-08-12 08:36:00,51624,2026-08-12 09:36:00,51654,2026-08-12 11:36:00,51714,2026-08-12 15:36:00
51596,2026-08-12 07:44:00,test,51237,51596,360,24,0.15,51611,2026-08-12 08:44:00,51626,2026-08-12 09:44:00,51656,2026-08-12 11:44:00,51716,2026-08-12 15:44:00
51597,2026-08-12 07:48:00,test,51238,51597,360,24,0.15,51612,2026-08-12 08:48:00,51627,2026-08-12 09:48:00,51657,2026-08-12 11:48:00,51717,2026-08-12 15:48:00
51599,2026-08-12 07:56:00,test,51240,51599,360,24,0.15,51614,2026-08-12 08:56:00,51629,2026-08-12 09:56:00,51659,2026-08-12 11:56:00,51719,2026-08-12 15:56:00
51603,2026-08-12 08:12:00,test,51244,51603,360,24,0.15,51618,2026-08-12 09:12:00,51633,2026-08-12 10:12:00,51663,2026-08-12 12:12:00,51723,2026-08-12 16:12:00
51605,2026-08-12 08:20:00,test,51246,51605,360,24,0.15,51620,2026-08-12 09:20:00,51635,2026-08-12 10:20:00,51665,2026-08-12 12:20:00,51725,2026-08-12 16:20:00
51607,2026-08-12 08:28:00,test,51248,51607,360,24,0.15,51622,2026-08-12 09:28:00,51637,2026-08-12 10:28:00,51667,2026-08-12 12:28:00,51727,2026-08-12 16:28:00
51608,2026-08-12 08:32:00,test,51249,51608,360,24,0.15,51623,2026-08-12 09:32:00,51638,2026-08-12 10:32:00,51668,2026-08-12 12:32:00,51728,2026-08-12 16:32:00
51611,2026-08-12 08:44:00,test,51252,51611,360,24,0.15,51626,2026-08-12 09:44:00,51641,2026-08-12 10:44:00,51671,2026-08-12 12:44:00,51731,2026-08-12 16:44:00
51612,2026-08-12 08:48:00,test,51253,51612,360,24,0.15,51627,2026-08-12 09:48:00,51642,2026-08-12 10:48:00,51672,2026-08-12 12:48:00,51732,2026-08-12 16:48:00
51613,2026-08-12 08:52:00,test,51254,51613,360,24,0.15,51628,2026-08-12 09:52:00,51643,2026-08-12 10:52:00,51673,2026-08-12 12:52:00,51733,2026-08-12 16:52:00
51615,2026-08-12 09:00:00,test,51256,51615,360,24,0.15,51630,2026-08-12 10:00:00,51645,2026-08-12 11:00:00,51675,2026-08-12 13:00:00,51735,2026-08-12 17:00:00
51617,2026-08-12 09:08:00,test,51258,51617,360,24,0.15,51632,2026-08-12 10:08:00,51647,2026-08-12 11:08:00,51677,2026-08-12 13:08:00,51737,2026-08-12 17:08:00
51618,2026-08-12 09:12:00,test,51259,51618,360,24,0.15,51633,2026-08-12 10:12:00,51648,2026-08-12 11:12:00,51678,2026-08-12 13:12:00,51738,2026-08-12 17:12:00
51619,2026-08-12 09:16:00,test,51260,51619,360,24,0.15,51634,2026-08-12 10:16:00,51649,2026-08-12 11:16:00,51679,2026-08-12 13:16:00,51739,2026-08-12 17:16:00
51621,2026-08-12 09:24:00,test,51262,51621,360,24,0.15,51636,2026-08-12 10:24:00,51651,2026-08-12 11:24:00,51681,2026-08-12 13:24:00,51741,2026-08-12 17:24:00
51622,2026-08-12 09:28:00,test,51263,51622,360,24,0.15,51637,2026-08-12 10:28:00,51652,2026-08-12 11:28:00,51682,2026-08-12 13:28:00,51742,2026-08-12 17:28:00
51623,2026-08-12 09:32:00,test,51264,51623,360,24,0.15,51638,2026-08-12 10:32:00,51653,2026-08-12 11:32:00,51683,2026-08-12 13:32:00,51743,2026-08-12 17:32:00
51624,2026-08-12 09:36:00,test,51265,51624,360,24,0.15,51639,2026-08-12 10:36:00,51654,2026-08-12 11:36:00,51684,2026-08-12 13:36:00,51744,2026-08-12 17:36:00
51626,2026-08-12 09:44:00,test,51267,51626,360,24,0.15,51641,2026-08-12 10:44:00,51656,2026-08-12 11:44:00,51686,2026-08-12 13:44:00,51746,2026-08-12 17:44:00
51627,2026-08-12 09:48:00,test,51268,51627,360,24,0.15,51642,2026-08-12 10:48:00,51657,2026-08-12 11:48:00,51687,2026-08-12 13:48:00,51747,2026-08-12 17:48:00
51629,2026-08-12 09:56:00,test,51270,51629,360,24,0.15,51644,2026-08-12 10:56:00,51659,2026-08-12 11:56:00,51689,2026-08-12 13:56:00,51749,2026-08-12 17:56:00
51630,2026-08-12 10:00:00,test,51271,51630,360,24,0.15,51645,2026-08-12 11:00:00,51660,2026-08-12 12:00:00,51690,2026-08-12 14:00:00,51750,2026-08-12 18:00:00
51632,2026-08-12 10:08:00,test,51273,51632,360,24,0.15,51647,2026-08-12 11:08:00,51662,2026-08-12 12:08:00,51692,2026-08-12 14:08:00,51752,2026-08-12 18:08:00
51633,2026-08-12 10:12:00,test,51274,51633,360,24,0.15,51648,2026-08-12 11:12:00,51663,2026-08-12 12:12:00,51693,2026-08-12 14:12:00,51753,2026-08-12 18:12:00
51635,2026-08-12 10:20:00,test,51276,51635,360,24,0.15,51650,2026-08-12 11:20:00,51665,2026-08-12 12:20:00,51695,2026-08-12 14:20:00,51755,2026-08-12 18:20:00
51637,2026-08-12 10:28:00,test,51278,51637,360,24,0.15,51652,2026-08-12 11:28:00,51667,2026-08-12 12:28:00,51697,2026-08-12 14:28:00,51757,2026-08-12 18:28:00
51638,2026-08-12 10:32:00,test,51279,51638,360,24,0.15,51653,2026-08-12 11:32:00,51668,2026-08-12 12:32:00,51698,2026-08-12 14:32:00,51758,2026-08-12 18:32:00
51642,2026-08-12 10:48:00,test,51283,51642,360,24,0.15,51657,2026-08-12 11:48:00,51672,2026-08-12 12:48:00,51702,2026-08-12 14:48:00,51762,2026-08-12 18:48:00
51645,2026-08-12 11:00:00,test,51286,51645,360,24,0.15,51660,2026-08-12 12:00:00,51675,2026-08-12 13:00:00,51705,2026-08-12 15:00:00,51765,2026-08-12 19:00:00
51647,2026-08-12 11:08:00,test,51288,51647,360,24,0.15,51662,2026-08-12 12:08:00,51677,2026-08-12 13:08:00,51707,2026-08-12 15:08:00,51767,2026-08-12 19:08:00
51648,2026-08-12 11:12:00,test,51289,51648,360,24,0.15,51663,2026-08-12 12:12:00,51678,2026-08-12 13:12:00,51708,2026-08-12 15:12:00,51768,2026-08-12 19:12:00
51649,2026-08-12 11:16:00,test,51290,51649,360,24,0.15,51664,2026-08-12 12:16:00,51679,2026-08-12 13:16:00,51709,2026-08-12 15:16:00,51769,2026-08-12 19:16:00
51651,2026-08-12 11:24:00,test,51292,51651,360,24,0.15,51666,2026-08-12 12:24:00,51681,2026-08-12 13:24:00,51711,2026-08-12 15:24:00,51771,2026-08-12 19:24:00
51653,2026-08-12 11:32:00,test,51294,51653,360,24,0.15,51668,2026-08-12 12:32:00,51683,2026-08-12 13:32:00,51713,2026-08-12 15:32:00,51773,2026-08-12 19:32:00
51655,2026-08-12 11:40:00,test,51296,51655,360,24,0.15,51670,2026-08-12 12:40:00,51685,2026-08-12 13:40:00,51715,2026-08-12 15:40:00,51775,2026-08-12 19:40:00
51656,2026-08-12 11:44:00,test,51297,51656,360,24,0.15,51671,2026-08-12 12:44:00,51686,2026-08-12 13:44:00,51716,2026-08-12 15:44:00,51776,2026-08-12 19:44:00
51657,2026-08-12 11:48:00,test,51298,51657,360,24,0.15,51672,2026-08-12 12:48:00,51687,2026-08-12 13:48:00,51717,2026-08-12 15:48:00,51777,2026-08-12 19:48:00
51661,2026-08-12 12:04:00,test,51302,51661,360,24,0.15,51676,2026-08-12 13:04:00,51691,2026-08-12 14:04:00,51721,2026-08-12 16:04:00,51781,2026-08-12 20:04:00
51662,2026-08-12 12:08:00,test,51303,51662,360,24,0.15,51677,2026-08-12 13:08:00,51692,2026-08-12 14:08:00,51722,2026-08-12 16:08:00,51782,2026-08-12 20:08:00
51663,2026-08-12 12:12:00,test,51304,51663,360,24,0.15,51678,2026-08-12 13:12:00,51693,2026-08-12 14:12:00,51723,2026-08-12 16:12:00,51783,2026-08-12 20:12:00
51667,2026-08-12 12:28:00,test,51308,51667,360,24,0.15,51682,2026-08-12 13:28:00,51697,2026-08-12 14:28:00,51727,2026-08-12 16:28:00,51787,2026-08-12 20:28:00
51668,2026-08-12 12:32:00,test,51309,51668,360,24,0.15,51683,2026-08-12 13:32:00,51698,2026-08-12 14:32:00,51728,2026-08-12 16:32:00,51788,2026-08-12 20:32:00
51671,2026-08-12 12:44:00,test,51312,51671,360,24,0.15,51686,2026-08-12 13:44:00,51701,2026-08-12 14:44:00,51731,2026-08-12 16:44:00,51791,2026-08-12 20:44:00
51672,2026-08-12 12:48:00,test,51313,51672,360,24,0.15,51687,2026-08-12 13:48:00,51702,2026-08-12 14:48:00,51732,2026-08-12 16:48:00,51792,2026-08-12 20:48:00
51675,2026-08-12 13:00:00,test,51316,51675,360,24,0.15,51690,2026-08-12 14:00:00,51705,2026-08-12 15:00:00,51735,2026-08-12 17:00:00,51795,2026-08-12 21:00:00
51676,2026-08-12 13:04:00,test,51317,51676,360,24,0.15,51691,2026-08-12 14:04:00,51706,2026-08-12 15:04:00,51736,2026-08-12 17:04:00,51796,2026-08-12 21:04:00
51677,2026-08-12 13:08:00,test,51318,51677,360,24,0.15,51692,2026-08-12 14:08:00,51707,2026-08-12 15:08:00,51737,2026-08-12 17:08:00,51797,2026-08-12 21:08:00
51678,2026-08-12 13:12:00,test,51319,51678,360,24,0.15,51693,2026-08-12 14:12:00,51708,2026-08-12 15:12:00,51738,2026-08-12 17:12:00,51798,2026-08-12 21:12:00
51680,2026-08-12 13:20:00,test,51321,51680,360,24,0.15,51695,2026-08-12 14:20:00,51710,2026-08-12 15:20:00,51740,2026-08-12 17:20:00,51800,2026-08-12 21:20:00
51684,2026-08-12 13:36:00,test,51325,51684,360,24,0.15,51699,2026-08-12 14:36:00,51714,2026-08-12 15:36:00,51744,2026-08-12 17:36:00,51804,2026-08-12 21:36:00
51685,2026-08-12 13:40:00,test,51326,51685,360,24,0.15,51700,2026-08-12 14:40:00,51715,2026-08-12 15:40:00,51745,2026-08-12 17:40:00,51805,2026-08-12 21:40:00
51686,2026-08-12 13:44:00,test,51327,51686,360,24,0.15,51701,2026-08-12 14:44:00,51716,2026-08-12 15:44:00,51746,2026-08-12 17:44:00,51806,2026-08-12 21:44:00
51687,2026-08-12 13:48:00,test,51328,51687,360,24,0.15,51702,2026-08-12 14:48:00,51717,2026-08-12 15:48:00,51747,2026-08-12 17:48:00,51807,2026-08-12 21:48:00
51689,2026-08-12 13:56:00,test,51330,51689,360,24,0.15,51704,2026-08-12 14:56:00,51719,2026-08-12 15:56:00,51749,2026-08-12 17:56:00,51809,2026-08-12 21:56:00
51691,2026-08-12 14:04:00,test,51332,51691,360,24,0.15,51706,2026-08-12 15:04:00,51721,2026-08-12 16:04:00,51751,2026-08-12 18:04:00,51811,2026-08-12 22:04:00
51692,2026-08-12 14:08:00,test,51333,51692,360,24,0.15,51707,2026-08-12 15:08:00,51722,2026-08-12 16:08:00,51752,2026-08-12 18:08:00,51812,2026-08-12 22:08:00
51693,2026-08-12 14:12:00,test,51334,51693,360,24,0.15,51708,2026-08-12 15:12:00,51723,2026-08-12 16:12:00,51753,2026-08-12 18:12:00,51813,2026-08-12 22:12:00
51695,2026-08-12 14:20:00,test,51336,51695,360,24,0.15,51710,2026-08-12 15:20:00,51725,2026-08-12 16:20:00,51755,2026-08-12 18:20:00,51815,2026-08-12 22:20:00
51698,2026-08-12 14:32:00,test,51339,51698,360,24,0.15,51713,2026-08-12 15:32:00,51728,2026-08-12 16:32:00,51758,2026-08-12 18:32:00,51818,2026-08-12 22:32:00
51702,2026-08-12 14:48:00,test,51343,51702,360,24,0.15,51717,2026-08-12 15:48:00,51732,2026-08-12 16:48:00,51762,2026-08-12 18:48:00,51822,2026-08-12 22:48:00
51703,2026-08-12 14:52:00,test,51344,51703,360,24,0.15,51718,2026-08-12 15:52:00,51733,2026-08-12 16:52:00,51763,2026-08-12 18:52:00,51823,2026-08-12 22:52:00
51704,2026-08-12 14:56:00,test,51345,51704,360,24,0.15,51719,2026-08-12 15:56:00,51734,2026-08-12 16:56:00,51764,2026-08-12 18:56:00,51824,2026-08-12 22:56:00
51707,2026-08-12 15:08:00,test,51348,51707,360,24,0.15,51722,2026-08-12 16:08:00,51737,2026-08-12 17:08:00,51767,2026-08-12 19:08:00,51827,2026-08-12 23:08:00
51708,2026-08-12 15:12:00,test,51349,51708,360,24,0.15,51723,2026-08-12 16:12:00,51738,2026-08-12 17:12:00,51768,2026-08-12 19:12:00,51828,2026-08-12 23:12:00
51712,2026-08-12 15:28:00,test,51353,51712,360,24,0.15,51727,2026-08-12 16:28:00,51742,2026-08-12 17:28:00,51772,2026-08-12 19:28:00,51832,2026-08-12 23:28:00
51713,2026-08-12 15:32:00,test,51354,51713,360,24,0.15,51728,2026-08-12 16:32:00,51743,2026-08-12 17:32:00,51773,2026-08-12 19:32:00,51833,2026-08-12 23:32:00
51716,2026-08-12 15:44:00,test,51357,51716,360,24,0.15,51731,2026-08-12 16:44:00,51746,2026-08-12 17:44:00,51776,2026-08-12 19:44:00,51836,2026-08-12 23:44:00
51717,2026-08-12 15:48:00,test,51358,51717,360,24,0.15,51732,2026-08-12 16:48:00,51747,2026-08-12 17:48:00,51777,2026-08-12 19:48:00,51837,2026-08-12 23:48:00
51719,2026-08-12 15:56:00,test,51360,51719,360,24,0.15,51734,2026-08-12 16:56:00,51749,2026-08-12 17:56:00,51779,2026-08-12 19:56:00,51839,2026-08-12 23:56:00
51720,2026-08-12 16:00:00,test,51361,51720,360,24,0.15,51735,2026-08-12 17:00:00,51750,2026-08-12 18:00:00,51780,2026-08-12 20:00:00,51840,2026-08-13 00:00:00
51721,2026-08-12 16:04:00,test,51362,51721,360,24,0.15,51736,2026-08-12 17:04:00,51751,2026-08-12 18:04:00,51781,2026-08-12 20:04:00,51841,2026-08-13 00:04:00
51722,2026-08-12 16:08:00,test,51363,51722,360,24,0.15,51737,2026-08-12 17:08:00,51752,2026-08-12 18:08:00,51782,2026-08-12 20:08:00,51842,2026-08-13 00:08:00
51723,2026-08-12 16:12:00,test,51364,51723,360,24,0.15,51738,2026-08-12 17:12:00,51753,2026-08-12 18:12:00,51783,2026-08-12 20:12:00,51843,2026-08-13 00:12:00
51727,2026-08-12 16:28:00,test,51368,51727,360,24,0.15,51742,2026-08-12 17:28:00,51757,2026-08-12 18:28:00,51787,2026-08-12 20:28:00,51847,2026-08-13 00:28:00
51728,2026-08-12 16:32:00,test,51369,51728,360,24,0.15,51743,2026-08-12 17:32:00,51758,2026-08-12 18:32:00,51788,2026-08-12 20:32:00,51848,2026-08-13 00:32:00
51729,2026-08-12 16:36:00,test,51370,51729,360,24,0.15,51744,2026-08-12 17:36:00,51759,2026-08-12 18:36:00,51789,2026-08-12 20:36:00,51849,2026-08-13 00:36:00
51732,2026-08-12 16:48:00,test,51373,51732,360,24,0.15,51747,2026-08-12 17:48:00,51762,2026-08-12 18:48:00,51792,2026-08-12 20:48:00,51852,2026-08-13 00:48:00
51735,2026-08-12 17:00:00,test,51376,51735,360,24,0.15,51750,2026-08-12 18:00:00,51765,2026-08-12 19:00:00,51795,2026-08-12 21:00:00,51855,2026-08-13 01:00:00
51737,2026-08-12 17:08:00,test,51378,51737,360,24,0.15,51752,2026-08-12 18:08:00,51767,2026-08-12 19:08:00,51797,2026-08-12 21:08:00,51857,2026-08-13 01:08:00
51742,2026-08-12 17:28:00,test,51383,51742,360,24,0.15,51757,2026-08-12 18:28:00,51772,2026-08-12 19:28:00,51802,2026-08-12 21:28:00,51862,2026-08-13 01:28:00
51745,2026-08-12 17:40:00,test,51386,51745,360,24,0.15,51760,2026-08-12 18:40:00,51775,2026-08-12 19:40:00,51805,2026-08-12 21:40:00,51865,2026-08-13 01:40:00
51747,2026-08-12 17:48:00,test,51388,51747,360,24,0.15,51762,2026-08-12 18:48:00,51777,2026-08-12 19:48:00,51807,2026-08-12 21:48:00,51867,2026-08-13 01:48:00
51748,2026-08-12 17:52:00,test,51389,51748,360,24,0.15,51763,2026-08-12 18:52:00,51778,2026-08-12 19:52:00,51808,2026-08-12 21:52:00,51868,2026-08-13 01:52:00
51749,2026-08-12 17:56:00,test,51390,51749,360,24,0.15,51764,2026-08-12 18:56:00,51779,2026-08-12 19:56:00,51809,2026-08-12 21:56:00,51869,2026-08-13 01:56:00
51750,2026-08-12 18:00:00,test,51391,51750,360,24,0.15,51765,2026-08-12 19:00:00,51780,2026-08-12 20:00:00,51810,2026-08-12 22:00:00,51870,2026-08-13 02:00:00
51752,2026-08-12 18:08:00,test,51393,51752,360,24,0.15,51767,2026-08-12 19:08:00,51782,2026-08-12 20:08:00,51812,2026-08-12 22:08:00,51872,2026-08-13 02:08:00
51753,2026-08-12 18:12:00,test,51394,51753,360,24,0.15,51768,2026-08-12 19:12:00,51783,2026-08-12 20:12:00,51813,2026-08-12 22:12:00,51873,2026-08-13 02:12:00
51754,2026-08-12 18:16:00,test,51395,51754,360,24,0.15,51769,2026-08-12 19:16:00,51784,2026-08-12 20:16:00,51814,2026-08-12 22:16:00,51874,2026-08-13 02:16:00
51757,2026-08-12 18:28:00,test,51398,51757,360,24,0.15,51772,2026-08-12 19:28:00,51787,2026-08-12 20:28:00,51817,2026-08-12 22:28:00,51877,2026-08-13 02:28:00
51758,2026-08-12 18:32:00,test,51399,51758,360,24,0.15,51773,2026-08-12 19:32:00,51788,2026-08-12 20:32:00,51818,2026-08-12 22:32:00,51878,2026-08-13 02:32:00
51760,2026-08-12 18:40:00,test,51401,51760,360,24,0.15,51775,2026-08-12 19:40:00,51790,2026-08-12 20:40:00,51820,2026-08-12 22:40:00,51880,2026-08-13 02:40:00
51761,2026-08-12 18:44:00,test,51402,51761,360,24,0.15,51776,2026-08-12 19:44:00,51791,2026-08-12 20:44:00,51821,2026-08-12 22:44:00,51881,2026-08-13 02:44:00
51762,2026-08-12 18:48:00,test,51403,51762,360,24,0.15,51777,2026-08-12 19:48:00,51792,2026-08-12 20:48:00,51822,2026-08-12 22:48:00,51882,2026-08-13 02:48:00
51763,2026-08-12 18:52:00,test,51404,51763,360,24,0.15,51778,2026-08-12 19:52:00,51793,2026-08-12 20:52:00,51823,2026-08-12 22:52:00,51883,2026-08-13 02:52:00
51765,2026-08-12 19:00:00,test,51406,51765,360,24,0.15,51780,2026-08-12 20:00:00,51795,2026-08-12 21:00:00,51825,2026-08-12 23:00:00,51885,2026-08-13 03:00:00
51766,2026-08-12 19:04:00,test,51407,51766,360,24,0.15,51781,2026-08-12 20:04:00,51796,2026-08-12 21:04:00,51826,2026-08-12 23:04:00,51886,2026-08-13 03:04:00
51767,2026-08-12 19:08:00,test,51408,51767,360,24,0.15,51782,2026-08-12 20:08:00,51797,2026-08-12 21:08:00,51827,2026-08-12 23:08:00,51887,2026-08-13 03:08:00
51768,2026-08-12 19:12:00,test,51409,51768,360,24,0.15,51783,2026-08-12 20:12:00,51798,2026-08-12 21:12:00,51828,2026-08-12 23:12:00,51888,2026-08-13 03:12:00
51772,2026-08-12 19:28:00,test,51413,51772,360,24,0.15,51787,2026-08-12 20:28:00,51802,2026-08-12 21:28:00,51832,2026-08-12 23:28:00,51892,2026-08-13 03:28:00
51774,2026-08-12 19:36:00,test,51415,51774,360,24,0.15,51789,2026-08-12 20:36:00,51804,2026-08-12 21:36:00,51834,2026-08-12 23:36:00,51894,2026-08-13 03:36:00
51776,2026-08-12 19:44:00,test,51417,51776,360,24,0.15,51791,2026-08-12 20:44:00,51806,2026-08-12 21:44:00,51836,2026-08-12 23:44:00,51896,2026-08-13 03:44:00
51777,2026-08-12 19:48:00,test,51418,51777,360,24,0.15,51792,2026-08-12 20:48:00,51807,2026-08-12 21:48:00,51837,2026-08-12 23:48:00,51897,2026-08-13 03:48:00
51778,2026-08-12 19:52:00,test,51419,51778,360,24,0.15,51793,2026-08-12 20:52:00,51808,2026-08-12 21:52:00,51838,2026-08-12 23:52:00,51898,2026-08-13 03:52:00
51780,2026-08-12 20:00:00,test,51421,51780,360,24,0.15,51795,2026-08-12 21:00:00,51810,2026-08-12 22:00:00,51840,2026-08-13 00:00:00,51900,2026-08-13 04:00:00
51781,2026-08-12 20:04:00,test,51422,51781,360,24,0.15,51796,2026-08-12 21:04:00,51811,2026-08-12 22:04:00,51841,2026-08-13 00:04:00,51901,2026-08-13 04:04:00
51782,2026-08-12 20:08:00,test,51423,51782,360,24,0.15,51797,2026-08-12 21:08:00,51812,2026-08-12 22:08:00,51842,2026-08-13 00:08:00,51902,2026-08-13 04:08:00
51783,2026-08-12 20:12:00,test,51424,51783,360,24,0.15,51798,2026-08-12 21:12:00,51813,2026-08-12 22:12:00,51843,2026-08-13 00:12:00,51903,2026-08-13 04:12:00
51787,2026-08-12 20:28:00,test,51428,51787,360,24,0.15,51802,2026-08-12 21:28:00,51817,2026-08-12 22:28:00,51847,2026-08-13 00:28:00,51907,2026-08-13 04:28:00
51789,2026-08-12 20:36:00,test,51430,51789,360,24,0.15,51804,2026-08-12 21:36:00,51819,2026-08-12 22:36:00,51849,2026-08-13 00:36:00,51909,2026-08-13 04:36:00
51791,2026-08-12 20:44:00,test,51432,51791,360,24,0.15,51806,2026-08-12 21:44:00,51821,2026-08-12 22:44:00,51851,2026-08-13 00:44:00,51911,2026-08-13 04:44:00
51792,2026-08-12 20:48:00,test,51433,51792,360,24,0.15,51807,2026-08-12 21:48:00,51822,2026-08-12 22:48:00,51852,2026-08-13 00:48:00,51912,2026-08-13 04:48:00
51793,2026-08-12 20:52:00,test,51434,51793,360,24,0.15,51808,2026-08-12 21:52:00,51823,2026-08-12 22:52:00,51853,2026-08-13 00:52:00,51913,2026-08-13 04:52:00
51794,2026-08-12 20:56:00,test,51435,51794,360,24,0.15,51809,2026-08-12 21:56:00,51824,2026-08-12 22:56:00,51854,2026-08-13 00:56:00,51914,2026-08-13 04:56:00
51795,2026-08-12 21:00:00,test,51436,51795,360,24,0.15,51810,2026-08-12 22:00:00,51825,2026-08-12 23:00:00,51855,2026-08-13 01:00:00,51915,2026-08-13 05:00:00
51796,2026-08-12 21:04:00,test,51437,51796,360,24,0.15,51811,2026-08-12 22:04:00,51826,2026-08-12 23:04:00,51856,2026-08-13 01:04:00,51916,2026-08-13 05:04:00
51797,2026-08-12 21:08:00,test,51438,51797,360,24,0.15,51812,2026-08-12 22:08:00,51827,2026-08-12 23:08:00,51857,2026-08-13 01:08:00,51917,2026-08-13 05:08:00
51799,2026-08-12 21:16:00,test,51440,51799,360,24,0.15,51814,2026-08-12 22:16:00,51829,2026-08-12 23:16:00,51859,2026-08-13 01:16:00,51919,2026-08-13 05:16:00
51802,2026-08-12 21:28:00,test,51443,51802,360,24,0.15,51817,2026-08-12 22:28:00,51832,2026-08-12 23:28:00,51862,2026-08-13 01:28:00,51922,2026-08-13 05:28:00
51803,2026-08-12 21:32:00,test,51444,51803,360,24,0.15,51818,2026-08-12 22:32:00,51833,2026-08-12 23:32:00,51863,2026-08-13 01:32:00,51923,2026-08-13 05:32:00
51804,2026-08-12 21:36:00,test,51445,51804,360,24,0.15,51819,2026-08-12 22:36:00,51834,2026-08-12 23:36:00,51864,2026-08-13 01:36:00,51924,2026-08-13 05:36:00
51806,2026-08-12 21:44:00,test,51447,51806,360,24,0.15,51821,2026-08-12 22:44:00,51836,2026-08-12 23:44:00,51866,2026-08-13 01:44:00,51926,2026-08-13 05:44:00
51807,2026-08-12 21:48:00,test,51448,51807,360,24,0.15,51822,2026-08-12 22:48:00,51837,2026-08-12 23:48:00,51867,2026-08-13 01:48:00,51927,2026-08-13 05:48:00
51809,2026-08-12 21:56:00,test,51450,51809,360,24,0.15,51824,2026-08-12 22:56:00,51839,2026-08-12 23:56:00,51869,2026-08-13 01:56:00,51929,2026-08-13 05:56:00
51810,2026-08-12 22:00:00,test,51451,51810,360,24,0.15,51825,2026-08-12 23:00:00,51840,2026-08-13 00:00:00,51870,2026-08-13 02:00:00,51930,2026-08-13 06:00:00
51812,2026-08-12 22:08:00,test,51453,51812,360,24,0.15,51827,2026-08-12 23:08:00,51842,2026-08-13 00:08:00,51872,2026-08-13 02:08:00,51932,2026-08-13 06:08:00
51813,2026-08-12 22:12:00,test,51454,51813,360,24,0.15,51828,2026-08-12 23:12:00,51843,2026-08-13 00:12:00,51873,2026-08-13 02:12:00,51933,2026-08-13 06:12:00
51814,2026-08-12 22:16:00,test,51455,51814,360,24,0.15,51829,2026-08-12 23:16:00,51844,2026-08-13 00:16:00,51874,2026-08-13 02:16:00,51934,2026-08-13 06:16:00
51817,2026-08-12 22:28:00,test,51458,51817,360,24,0.15,51832,2026-08-12 23:28:00,51847,2026-08-13 00:28:00,51877,2026-08-13 02:28:00,51937,2026-08-13 06:28:00
51818,2026-08-12 22:32:00,test,51459,51818,360,24,0.15,51833,2026-08-12 23:32:00,51848,2026-08-13 00:32:00,51878,2026-08-13 02:32:00,51938,2026-08-13 06:32:00
51819,2026-08-12 22:36:00,test,51460,51819,360,24,0.15,51834,2026-08-12 23:36:00,51849,2026-08-13 00:36:00,51879,2026-08-13 02:36:00,51939,2026-08-13 06:36:00
51821,2026-08-12 22:44:00,test,51462,51821,360,24,0.15,51836,2026-08-12 23:44:00,51851,2026-08-13 00:44:00,51881,2026-08-13 02:44:00,51941,2026-08-13 06:44:00
51822,2026-08-12 22:48:00,test,51463,51822,360,24,0.15,51837,2026-08-12 23:48:00,51852,2026-08-13 00:48:00,51882,2026-08-13 02:48:00,51942,2026-08-13 06:48:00
51823,2026-08-12 22:52:00,test,51464,51823,360,24,0.15,51838,2026-08-12 23:52:00,51853,2026-08-13 00:52:00,51883,2026-08-13 02:52:00,51943,2026-08-13 06:52:00
51824,2026-08-12 22:56:00,test,51465,51824,360,24,0.15,51839,2026-08-12 23:56:00,51854,2026-08-13 00:56:00,51884,2026-08-13 02:56:00,51944,2026-08-13 06:56:00
51825,2026-08-12 23:00:00,test,51466,51825,360,24,0.15,51840,2026-08-13 00:00:00,51855,2026-08-13 01:00:00,51885,2026-08-13 03:00:00,51945,2026-08-13 07:00:00
51826,2026-08-12 23:04:00,test,51467,51826,360,24,0.15,51841,2026-08-13 00:04:00,51856,2026-08-13 01:04:00,51886,2026-08-13 03:04:00,51946,2026-08-13 07:04:00
51827,2026-08-12 23:08:00,test,51468,51827,360,24,0.15,51842,2026-08-13 00:08:00,51857,2026-08-13 01:08:00,51887,2026-08-13 03:08:00,51947,2026-08-13 07:08:00
51829,2026-08-12 23:16:00,test,51470,51829,360,24,0.15,51844,2026-08-13 00:16:00,51859,2026-08-13 01:16:00,51889,2026-08-13 03:16:00,51949,2026-08-13 07:16:00
51832,2026-08-12 23:28:00,test,51473,51832,360,24,0.15,51847,2026-08-13 00:28:00,51862,2026-08-13 01:28:00,51892,2026-08-13 03:28:00,51952,2026-08-13 07:28:00
51834,2026-08-12 23:36:00,test,51475,51834,360,24,0.15,51849,2026-08-13 00:36:00,51864,2026-08-13 01:36:00,51894,2026-08-13 03:36:00,51954,2026-08-13 07:36:00
51836,2026-08-12 23:44:00,test,51477,51836,360,24,0.15,51851,2026-08-13 00:44:00,51866,2026-08-13 01:44:00,51896,2026-08-13 03:44:00,51956,2026-08-13 07:44:00
51837,2026-08-12 23:48:00,test,51478,51837,360,24,0.15,51852,2026-08-13 00:48:00,51867,2026-08-13 01:48:00,51897,2026-08-13 03:48:00,51957,2026-08-13 07:48:00
51838,2026-08-12 23:52:00,test,51479,51838,360,24,0.15,51853,2026-08-13 00:52:00,51868,2026-08-13 01:52:00,51898,2026-08-13 03:52:00,51958,2026-08-13 07:52:00
51839,2026-08-12 23:56:00,test,51480,51839,360,24,0.15,51854,2026-08-13 00:56:00,51869,2026-08-13 01:56:00,51899,2026-08-13 03:56:00,51959,2026-08-13 07:56:00
51840,2026-08-13 00:00:00,test,51481,51840,360,24,0.15,51855,2026-08-13 01:00:00,51870,2026-08-13 02:00:00,51900,2026-08-13 04:00:00,51960,2026-08-13 08:00:00
51844,2026-08-13 00:16:00,test,51485,51844,360,24,0.15,51859,2026-08-13 01:16:00,51874,2026-08-13 02:16:00,51904,2026-08-13 04:16:00,51964,2026-08-13 08:16:00
51848,2026-08-13 00:32:00,test,51489,51848,360,24,0.15,51863,2026-08-13 01:32:00,51878,2026-08-13 02:32:00,51908,2026-08-13 04:32:00,51968,2026-08-13 08:32:00
51849,2026-08-13 00:36:00,test,51490,51849,360,24,0.15,51864,2026-08-13 01:36:00,51879,2026-08-13 02:36:00,51909,2026-08-13 04:36:00,51969,2026-08-13 08:36:00
51850,2026-08-13 00:40:00,test,51491,51850,360,24,0.15,51865,2026-08-13 01:40:00,51880,2026-08-13 02:40:00,51910,2026-08-13 04:40:00,51970,2026-08-13 08:40:00
51851,2026-08-13 00:44:00,test,51492,51851,360,24,0.15,51866,2026-08-13 01:44:00,51881,2026-08-13 02:44:00,51911,2026-08-13 04:44:00,51971,2026-08-13 08:44:00
51853,2026-08-13 00:52:00,test,51494,51853,360,24,0.15,51868,2026-08-13 01:52:00,51883,2026-08-13 02:52:00,51913,2026-08-13 04:52:00,51973,2026-08-13 08:52:00
51854,2026-08-13 00:56:00,test,51495,51854,360,24,0.15,51869,2026-08-13 01:56:00,51884,2026-08-13 02:56:00,51914,2026-08-13 04:56:00,51974,2026-08-13 08:56:00
51855,2026-08-13 01:00:00,test,51496,51855,360,24,0.15,51870,2026-08-13 02:00:00,51885,2026-08-13 03:00:00,51915,2026-08-13 05:00:00,51975,2026-08-13 09:00:00
51857,2026-08-13 01:08:00,test,51498,51857,360,24,0.15,51872,2026-08-13 02:08:00,51887,2026-08-13 03:08:00,51917,2026-08-13 05:08:00,51977,2026-08-13 09:08:00
51858,2026-08-13 01:12:00,test,51499,51858,360,24,0.15,51873,2026-08-13 02:12:00,51888,2026-08-13 03:12:00,51918,2026-08-13 05:12:00,51978,2026-08-13 09:12:00
51859,2026-08-13 01:16:00,test,51500,51859,360,24,0.15,51874,2026-08-13 02:16:00,51889,2026-08-13 03:16:00,51919,2026-08-13 05:16:00,51979,2026-08-13 09:16:00
51862,2026-08-13 01:28:00,test,51503,51862,360,24,0.15,51877,2026-08-13 02:28:00,51892,2026-08-13 03:28:00,51922,2026-08-13 05:28:00,51982,2026-08-13 09:28:00
51864,2026-08-13 01:36:00,test,51505,51864,360,24,0.15,51879,2026-08-13 02:36:00,51894,2026-08-13 03:36:00,51924,2026-08-13 05:36:00,51984,2026-08-13 09:36:00
51865,2026-08-13 01:40:00,test,51506,51865,360,24,0.15,51880,2026-08-13 02:40:00,51895,2026-08-13 03:40:00,51925,2026-08-13 05:40:00,51985,2026-08-13 09:40:00
51866,2026-08-13 01:44:00,test,51507,51866,360,24,0.15,51881,2026-08-13 02:44:00,51896,2026-08-13 03:44:00,51926,2026-08-13 05:44:00,51986,2026-08-13 09:44:00
51869,2026-08-13 01:56:00,test,51510,51869,360,24,0.15,51884,2026-08-13 02:56:00,51899,2026-08-13 03:56:00,51929,2026-08-13 05:56:00,51989,2026-08-13 09:56:00
51870,2026-08-13 02:00:00,test,51511,51870,360,24,0.15,51885,2026-08-13 03:00:00,51900,2026-08-13 04:00:00,51930,2026-08-13 06:00:00,51990,2026-08-13 10:00:00
51871,2026-08-13 02:04:00,test,51512,51871,360,24,0.15,51886,2026-08-13 03:04:00,51901,2026-08-13 04:04:00,51931,2026-08-13 06:04:00,51991,2026-08-13 10:04:00
51874,2026-08-13 02:16:00,test,51515,51874,360,24,0.15,51889,2026-08-13 03:16:00,51904,2026-08-13 04:16:00,51934,2026-08-13 06:16:00,51994,2026-08-13 10:16:00
51877,2026-08-13 02:28:00,test,51518,51877,360,24,0.15,51892,2026-08-13 03:28:00,51907,2026-08-13 04:28:00,51937,2026-08-13 06:28:00,51997,2026-08-13 10:28:00
51879,2026-08-13 02:36:00,test,51520,51879,360,24,0.15,51894,2026-08-13 03:36:00,51909,2026-08-13 04:36:00,51939,2026-08-13 06:36:00,51999,2026-08-13 10:36:00
51880,2026-08-13 02:40:00,test,51521,51880,360,24,0.15,51895,2026-08-13 03:40:00,51910,2026-08-13 04:40:00,51940,2026-08-13 06:40:00,52000,2026-08-13 10:40:00
51882,2026-08-13 02:48:00,test,51523,51882,360,24,0.15,51897,2026-08-13 03:48:00,51912,2026-08-13 04:48:00,51942,2026-08-13 06:48:00,52002,2026-08-13 10:48:00
51883,2026-08-13 02:52:00,test,51524,51883,360,24,0.15,51898,2026-08-13 03:52:00,51913,2026-08-13 04:52:00,51943,2026-08-13 06:52:00,52003,2026-08-13 10:52:00
51884,2026-08-13 02:56:00,test,51525,51884,360,24,0.15,51899,2026-08-13 03:56:00,51914,2026-08-13 04:56:00,51944,2026-08-13 06:56:00,52004,2026-08-13 10:56:00
51885,2026-08-13 03:00:00,test,51526,51885,360,24,0.15,51900,2026-08-13 04:00:00,51915,2026-08-13 05:00:00,51945,2026-08-13 07:00:00,52005,2026-08-13 11:00:00
51886,2026-08-13 03:04:00,test,51527,51886,360,24,0.15,51901,2026-08-13 04:04:00,51916,2026-08-13 05:04:00,51946,2026-08-13 07:04:00,52006,2026-08-13 11:04:00
51887,2026-08-13 03:08:00,test,51528,51887,360,24,0.15,51902,2026-08-13 04:08:00,51917,2026-08-13 05:08:00,51947,2026-08-13 07:08:00,52007,2026-08-13 11:08:00
51888,2026-08-13 03:12:00,test,51529,51888,360,24,0.15,51903,2026-08-13 04:12:00,51918,2026-08-13 05:12:00,51948,2026-08-13 07:12:00,52008,2026-08-13 11:12:00
51889,2026-08-13 03:16:00,test,51530,51889,360,24,0.15,51904,2026-08-13 04:16:00,51919,2026-08-13 05:16:00,51949,2026-08-13 07:16:00,52009,2026-08-13 11:16:00
51890,2026-08-13 03:20:00,test,51531,51890,360,24,0.15,51905,2026-08-13 04:20:00,51920,2026-08-13 05:20:00,51950,2026-08-13 07:20:00,52010,2026-08-13 11:20:00
51892,2026-08-13 03:28:00,test,51533,51892,360,24,0.15,51907,2026-08-13 04:28:00,51922,2026-08-13 05:28:00,51952,2026-08-13 07:28:00,52012,2026-08-13 11:28:00
51893,2026-08-13 03:32:00,test,51534,51893,360,24,0.15,51908,2026-08-13 04:32:00,51923,2026-08-13 05:32:00,51953,2026-08-13 07:32:00,52013,2026-08-13 11:32:00
51894,2026-08-13 03:36:00,test,51535,51894,360,24,0.15,51909,2026-08-13 04:36:00,51924,2026-08-13 05:36:00,51954,2026-08-13 07:36:00,52014,2026-08-13 11:36:00
51895,2026-08-13 03:40:00,test,51536,51895,360,24,0.15,51910,2026-08-13 04:40:00,51925,2026-08-13 05:40:00,51955,2026-08-13 07:40:00,52015,2026-08-13 11:40:00
51896,2026-08-13 03:44:00,test,51537,51896,360,24,0.15,51911,2026-08-13 04:44:00,51926,2026-08-13 05:44:00,51956,2026-08-13 07:44:00,52016,2026-08-13 11:44:00
51897,2026-08-13 03:48:00,test,51538,51897,360,24,0.15,51912,2026-08-13 04:48:00,51927,2026-08-13 05:48:00,51957,2026-08-13 07:48:00,52017,2026-08-13 11:48:00
51899,2026-08-13 03:56:00,test,51540,51899,360,24,0.15,51914,2026-08-13 04:56:00,51929,2026-08-13 05:56:00,51959,2026-08-13 07:56:00,52019,2026-08-13 11:56:00
51900,2026-08-13 04:00:00,test,51541,51900,360,24,0.15,51915,2026-08-13 05:00:00,51930,2026-08-13 06:00:00,51960,2026-08-13 08:00:00,52020,2026-08-13 12:00:00
51901,2026-08-13 04:04:00,test,51542,51901,360,24,0.15,51916,2026-08-13 05:04:00,51931,2026-08-13 06:04:00,51961,2026-08-13 08:04:00,52021,2026-08-13 12:04:00
51903,2026-08-13 04:12:00,test,51544,51903,360,24,0.15,51918,2026-08-13 05:12:00,51933,2026-08-13 06:12:00,51963,2026-08-13 08:12:00,52023,2026-08-13 12:12:00
51904,2026-08-13 04:16:00,test,51545,51904,360,24,0.15,51919,2026-08-13 05:16:00,51934,2026-08-13 06:16:00,51964,2026-08-13 08:16:00,52024,2026-08-13 12:16:00
51905,2026-08-13 04:20:00,test,51546,51905,360,24,0.15,51920,2026-08-13 05:20:00,51935,2026-08-13 06:20:00,51965,2026-08-13 08:20:00,52025,2026-08-13 12:20:00
51906,2026-08-13 04:24:00,test,51547,51906,360,24,0.15,51921,2026-08-13 05:24:00,51936,2026-08-13 06:24:00,51966,2026-08-13 08:24:00,52026,2026-08-13 12:24:00
51909,2026-08-13 04:36:00,test,51550,51909,360,24,0.15,51924,2026-08-13 05:36:00,51939,2026-08-13 06:36:00,51969,2026-08-13 08:36:00,52029,2026-08-13 12:36:00
51910,2026-08-13 04:40:00,test,51551,51910,360,24,0.15,51925,2026-08-13 05:40:00,51940,2026-08-13 06:40:00,51970,2026-08-13 08:40:00,52030,2026-08-13 12:40:00
51911,2026-08-13 04:44:00,test,51552,51911,360,24,0.15,51926,2026-08-13 05:44:00,51941,2026-08-13 06:44:00,51971,2026-08-13 08:44:00,52031,2026-08-13 12:44:00
51914,2026-08-13 04:56:00,test,51555,51914,360,24,0.15,51929,2026-08-13 05:56:00,51944,2026-08-13 06:56:00,51974,2026-08-13 08:56:00,52034,2026-08-13 12:56:00
51915,2026-08-13 05:00:00,test,51556,51915,360,24,0.15,51930,2026-08-13 06:00:00,51945,2026-08-13 07:00:00,51975,2026-08-13 09:00:00,52035,2026-08-13 13:00:00
51918,2026-08-13 05:12:00,test,51559,51918,360,24,0.15,51933,2026-08-13 06:12:00,51948,2026-08-13 07:12:00,51978,2026-08-13 09:12:00,52038,2026-08-13 13:12:00
51919,2026-08-13 05:16:00,test,51560,51919,360,24,0.15,51934,2026-08-13 06:16:00,51949,2026-08-13 07:16:00,51979,2026-08-13 09:16:00,52039,2026-08-13 13:16:00
51921,2026-08-13 05:24:00,test,51562,51921,360,24,0.15,51936,2026-08-13 06:24:00,51951,2026-08-13 07:24:00,51981,2026-08-13 09:24:00,52041,2026-08-13 13:24:00
51922,2026-08-13 05:28:00,test,51563,51922,360,24,0.15,51937,2026-08-13 06:28:00,51952,2026-08-13 07:28:00,51982,2026-08-13 09:28:00,52042,2026-08-13 13:28:00
51924,2026-08-13 05:36:00,test,51565,51924,360,24,0.15,51939,2026-08-13 06:36:00,51954,2026-08-13 07:36:00,51984,2026-08-13 09:36:00,52044,2026-08-13 13:36:00
51925,2026-08-13 05:40:00,test,51566,51925,360,24,0.15,51940,2026-08-13 06:40:00,51955,2026-08-13 07:40:00,51985,2026-08-13 09:40:00,52045,2026-08-13 13:40:00
51926,2026-08-13 05:44:00,test,51567,51926,360,24,0.15,51941,2026-08-13 06:44:00,51956,2026-08-13 07:44:00,51986,2026-08-13 09:44:00,52046,2026-08-13 13:44:00
51928,2026-08-13 05:52:00,test,51569,51928,360,24,0.15,51943,2026-08-13 06:52:00,51958,2026-08-13 07:52:00,51988,2026-08-13 09:52:00,52048,2026-08-13 13:52:00
51929,2026-08-13 05:56:00,test,51570,51929,360,24,0.15,51944,2026-08-13 06:56:00,51959,2026-08-13 07:56:00,51989,2026-08-13 09:56:00,52049,2026-08-13 13:56:00
51934,2026-08-13 06:16:00,test,51575,51934,360,24,0.15,51949,2026-08-13 07:16:00,51964,2026-08-13 08:16:00,51994,2026-08-13 10:16:00,52054,2026-08-13 14:16:00
51936,2026-08-13 06:24:00,test,51577,51936,360,24,0.15,51951,2026-08-13 07:24:00,51966,2026-08-13 08:24:00,51996,2026-08-13 10:24:00,52056,2026-08-13 14:24:00
51939,2026-08-13 06:36:00,test,51580,51939,360,24,0.15,51954,2026-08-13 07:36:00,51969,2026-08-13 08:36:00,51999,2026-08-13 10:36:00,52059,2026-08-13 14:36:00
51940,2026-08-13 06:40:00,test,51581,51940,360,24,0.15,51955,2026-08-13 07:40:00,51970,2026-08-13 08:40:00,52000,2026-08-13 10:40:00,52060,2026-08-13 14:40:00
51943,2026-08-13 06:52:00,test,51584,51943,360,24,0.15,51958,2026-08-13 07:52:00,51973,2026-08-13 08:52:00,52003,2026-08-13 10:52:00,52063,2026-08-13 14:52:00
51944,2026-08-13 06:56:00,test,51585,51944,360,24,0.15,51959,2026-08-13 07:56:00,51974,2026-08-13 08:56:00,52004,2026-08-13 10:56:00,52064,2026-08-13 14:56:00
51945,2026-08-13 07:00:00,test,51586,51945,360,24,0.15,51960,2026-08-13 08:00:00,51975,2026-08-13 09:00:00,52005,2026-08-13 11:00:00,52065,2026-08-13 15:00:00
51948,2026-08-13 07:12:00,test,51589,51948,360,24,0.15,51963,2026-08-13 08:12:00,51978,2026-08-13 09:12:00,52008,2026-08-13 11:12:00,52068,2026-08-13 15:12:00
51949,2026-08-13 07:16:00,test,51590,51949,360,24,0.15,51964,2026-08-13 08:16:00,51979,2026-08-13 09:16:00,52009,2026-08-13 11:16:00,52069,2026-08-13 15:16:00
51953,2026-08-13 07:32:00,test,51594,51953,360,24,0.15,51968,2026-08-13 08:32:00,51983,2026-08-13 09:32:00,52013,2026-08-13 11:32:00,52073,2026-08-13 15:32:00
51954,2026-08-13 07:36:00,test,51595,51954,360,24,0.15,51969,2026-08-13 08:36:00,51984,2026-08-13 09:36:00,52014,2026-08-13 11:36:00,52074,2026-08-13 15:36:00
51956,2026-08-13 07:44:00,test,51597,51956,360,24,0.15,51971,2026-08-13 08:44:00,51986,2026-08-13 09:44:00,52016,2026-08-13 11:44:00,52076,2026-08-13 15:44:00
51958,2026-08-13 07:52:00,test,51599,51958,360,24,0.15,51973,2026-08-13 08:52:00,51988,2026-08-13 09:52:00,52018,2026-08-13 11:52:00,52078,2026-08-13 15:52:00
51960,2026-08-13 08:00:00,test,51601,51960,360,24,0.15,51975,2026-08-13 09:00:00,51990,2026-08-13 10:00:00,52020,2026-08-13 12:00:00,52080,2026-08-13 16:00:00
51964,2026-08-13 08:16:00,test,51605,51964,360,24,0.15,51979,2026-08-13 09:16:00,51994,2026-08-13 10:16:00,52024,2026-08-13 12:16:00,52084,2026-08-13 16:16:00
51966,2026-08-13 08:24:00,test,51607,51966,360,24,0.15,51981,2026-08-13 09:24:00,51996,2026-08-13 10:24:00,52026,2026-08-13 12:24:00,52086,2026-08-13 16:24:00
51967,2026-08-13 08:28:00,test,51608,51967,360,24,0.15,51982,2026-08-13 09:28:00,51997,2026-08-13 10:28:00,52027,2026-08-13 12:28:00,52087,2026-08-13 16:28:00
51970,2026-08-13 08:40:00,test,51611,51970,360,24,0.15,51985,2026-08-13 09:40:00,52000,2026-08-13 10:40:00,52030,2026-08-13 12:40:00,52090,2026-08-13 16:40:00
51973,2026-08-13 08:52:00,test,51614,51973,360,24,0.15,51988,2026-08-13 09:52:00,52003,2026-08-13 10:52:00,52033,2026-08-13 12:52:00,52093,2026-08-13 16:52:00
51974,2026-08-13 08:56:00,test,51615,51974,360,24,0.15,51989,2026-08-13 09:56:00,52004,2026-08-13 10:56:00,52034,2026-08-13 12:56:00,52094,2026-08-13 16:56:00
51975,2026-08-13 09:00:00,test,51616,51975,360,24,0.15,51990,2026-08-13 10:00:00,52005,2026-08-13 11:00:00,52035,2026-08-13 13:00:00,52095,2026-08-13 17:00:00
51979,2026-08-13 09:16:00,test,51620,51979,360,24,0.15,51994,2026-08-13 10:16:00,52009,2026-08-13 11:16:00,52039,2026-08-13 13:16:00,52099,2026-08-13 17:16:00
51982,2026-08-13 09:28:00,test,51623,51982,360,24,0.15,51997,2026-08-13 10:28:00,52012,2026-08-13 11:28:00,52042,2026-08-13 13:28:00,52102,2026-08-13 17:28:00
51984,2026-08-13 09:36:00,test,51625,51984,360,24,0.15,51999,2026-08-13 10:36:00,52014,2026-08-13 11:36:00,52044,2026-08-13 13:36:00,52104,2026-08-13 17:36:00
51985,2026-08-13 09:40:00,test,51626,51985,360,24,0.15,52000,2026-08-13 10:40:00,52015,2026-08-13 11:40:00,52045,2026-08-13 13:40:00,52105,2026-08-13 17:40:00
51987,2026-08-13 09:48:00,test,51628,51987,360,24,0.15,52002,2026-08-13 10:48:00,52017,2026-08-13 11:48:00,52047,2026-08-13 13:48:00,52107,2026-08-13 17:48:00
51988,2026-08-13 09:52:00,test,51629,51988,360,24,0.15,52003,2026-08-13 10:52:00,52018,2026-08-13 11:52:00,52048,2026-08-13 13:52:00,52108,2026-08-13 17:52:00
51993,2026-08-13 10:12:00,test,51634,51993,360,24,0.15,52008,2026-08-13 11:12:00,52023,2026-08-13 12:12:00,52053,2026-08-13 14:12:00,52113,2026-08-13 18:12:00
51994,2026-08-13 10:16:00,test,51635,51994,360,24,0.15,52009,2026-08-13 11:16:00,52024,2026-08-13 12:16:00,52054,2026-08-13 14:16:00,52114,2026-08-13 18:16:00
51995,2026-08-13 10:20:00,test,51636,51995,360,24,0.15,52010,2026-08-13 11:20:00,52025,2026-08-13 12:20:00,52055,2026-08-13 14:20:00,52115,2026-08-13 18:20:00
51997,2026-08-13 10:28:00,test,51638,51997,360,24,0.15,52012,2026-08-13 11:28:00,52027,2026-08-13 12:28:00,52057,2026-08-13 14:28:00,52117,2026-08-13 18:28:00
52000,2026-08-13 10:40:00,test,51641,52000,360,24,0.15,52015,2026-08-13 11:40:00,52030,2026-08-13 12:40:00,52060,2026-08-13 14:40:00,52120,2026-08-13 18:40:00
52002,2026-08-13 10:48:00,test,51643,52002,360,24,0.15,52017,2026-08-13 11:48:00,52032,2026-08-13 12:48:00,52062,2026-08-13 14:48:00,52122,2026-08-13 18:48:00
52003,2026-08-13 10:52:00,test,51644,52003,360,24,0.15,52018,2026-08-13 11:52:00,52033,2026-08-13 12:52:00,52063,2026-08-13 14:52:00,52123,2026-08-13 18:52:00
52008,2026-08-13 11:12:00,test,51649,52008,360,24,0.15,52023,2026-08-13 12:12:00,52038,2026-08-13 13:12:00,52068,2026-08-13 15:12:00,52128,2026-08-13 19:12:00
52009,2026-08-13 11:16:00,test,51650,52009,360,24,0.15,52024,2026-08-13 12:16:00,52039,2026-08-13 13:16:00,52069,2026-08-13 15:16:00,52129,2026-08-13 19:16:00
52010,2026-08-13 11:20:00,test,51651,52010,360,24,0.15,52025,2026-08-13 12:20:00,52040,2026-08-13 13:20:00,52070,2026-08-13 15:20:00,52130,2026-08-13 19:20:00
52011,2026-08-13 11:24:00,test,51652,52011,360,24,0.15,52026,2026-08-13 12:24:00,52041,2026-08-13 13:24:00,52071,2026-08-13 15:24:00,52131,2026-08-13 19:24:00
52012,2026-08-13 11:28:00,test,51653,52012,360,24,0.15,52027,2026-08-13 12:28:00,52042,2026-08-13 13:28:00,52072,2026-08-13 15:28:00,52132,2026-08-13 19:28:00
52014,2026-08-13 11:36:00,test,51655,52014,360,24,0.15,52029,2026-08-13 12:36:00,52044,2026-08-13 13:36:00,52074,2026-08-13 15:36:00,52134,2026-08-13 19:36:00
52017,2026-08-13 11:48:00,test,51658,52017,360,24,0.15,52032,2026-08-13 12:48:00,52047,2026-08-13 13:48:00,52077,2026-08-13 15:48:00,52137,2026-08-13 19:48:00
52018,2026-08-13 11:52:00,test,51659,52018,360,24,0.15,52033,2026-08-13 12:52:00,52048,2026-08-13 13:52:00,52078,2026-08-13 15:52:00,52138,2026-08-13 19:52:00
52023,2026-08-13 12:12:00,test,51664,52023,360,24,0.15,52038,2026-08-13 13:12:00,52053,2026-08-13 14:12:00,52083,2026-08-13 16:12:00,52143,2026-08-13 20:12:00
52024,2026-08-13 12:16:00,test,51665,52024,360,24,0.15,52039,2026-08-13 13:16:00,52054,2026-08-13 14:16:00,52084,2026-08-13 16:16:00,52144,2026-08-13 20:16:00
52025,2026-08-13 12:20:00,test,51666,52025,360,24,0.15,52040,2026-08-13 13:20:00,52055,2026-08-13 14:20:00,52085,2026-08-13 16:20:00,52145,2026-08-13 20:20:00
52026,2026-08-13 12:24:00,test,51667,52026,360,24,0.15,52041,2026-08-13 13:24:00,52056,2026-08-13 14:24:00,52086,2026-08-13 16:24:00,52146,2026-08-13 20:24:00
52027,2026-08-13 12:28:00,test,51668,52027,360,24,0.15,52042,2026-08-13 13:28:00,52057,2026-08-13 14:28:00,52087,2026-08-13 16:28:00,52147,2026-08-13 20:28:00
52030,2026-08-13 12:40:00,test,51671,52030,360,24,0.15,52045,2026-08-13 13:40:00,52060,2026-08-13 14:40:00,52090,2026-08-13 16:40:00,52150,2026-08-13 20:40:00
52032,2026-08-13 12:48:00,test,51673,52032,360,24,0.15,52047,2026-08-13 13:48:00,52062,2026-08-13 14:48:00,52092,2026-08-13 16:48:00,52152,2026-08-13 20:48:00
52033,2026-08-13 12:52:00,test,51674,52033,360,24,0.15,52048,2026-08-13 13:52:00,52063,2026-08-13 14:52:00,52093,2026-08-13 16:52:00,52153,2026-08-13 20:52:00
52034,2026-08-13 12:56:00,test,51675,52034,360,24,0.15,52049,2026-08-13 13:56:00,52064,2026-08-13 14:56:00,52094,2026-08-13 16:56:00,52154,2026-08-13 20:56:00
52038,2026-08-13 13:12:00,test,51679,52038,360,24,0.15,52053,2026-08-13 14:12:00,52068,2026-08-13 15:12:00,52098,2026-08-13 17:12:00,52158,2026-08-13 21:12:00
52039,2026-08-13 13:16:00,test,51680,52039,360,24,0.15,52054,2026-08-13 14:16:00,52069,2026-08-13 15:16:00,52099,2026-08-13 17:16:00,52159,2026-08-13 21:16:00
52040,2026-08-13 13:20:00,test,51681,52040,360,24,0.15,52055,2026-08-13 14:20:00,52070,2026-08-13 15:20:00,52100,2026-08-13 17:20:00,52160,2026-08-13 21:20:00
52041,2026-08-13 13:24:00,test,51682,52041,360,24,0.15,52056,2026-08-13 14:24:00,52071,2026-08-13 15:24:00,52101,2026-08-13 17:24:00,52161,2026-08-13 21:24:00
52042,2026-08-13 13:28:00,test,51683,52042,360,24,0.15,52057,2026-08-13 14:28:00,52072,2026-08-13 15:28:00,52102,2026-08-13 17:28:00,52162,2026-08-13 21:28:00
52044,2026-08-13 13:36:00,test,51685,52044,360,24,0.15,52059,2026-08-13 14:36:00,52074,2026-08-13 15:36:00,52104,2026-08-13 17:36:00,52164,2026-08-13 21:36:00
52047,2026-08-13 13:48:00,test,51688,52047,360,24,0.15,52062,2026-08-13 14:48:00,52077,2026-08-13 15:48:00,52107,2026-08-13 17:48:00,52167,2026-08-13 21:48:00
52048,2026-08-13 13:52:00,test,51689,52048,360,24,0.15,52063,2026-08-13 14:52:00,52078,2026-08-13 15:52:00,52108,2026-08-13 17:52:00,52168,2026-08-13 21:52:00
52050,2026-08-13 14:00:00,test,51691,52050,360,24,0.15,52065,2026-08-13 15:00:00,52080,2026-08-13 16:00:00,52110,2026-08-13 18:00:00,52170,2026-08-13 22:00:00
52052,2026-08-13 14:08:00,test,51693,52052,360,24,0.15,52067,2026-08-13 15:08:00,52082,2026-08-13 16:08:00,52112,2026-08-13 18:08:00,52172,2026-08-13 22:08:00
52054,2026-08-13 14:16:00,test,51695,52054,360,24,0.15,52069,2026-08-13 15:16:00,52084,2026-08-13 16:16:00,52114,2026-08-13 18:16:00,52174,2026-08-13 22:16:00
52055,2026-08-13 14:20:00,test,51696,52055,360,24,0.15,52070,2026-08-13 15:20:00,52085,2026-08-13 16:20:00,52115,2026-08-13 18:20:00,52175,2026-08-13 22:20:00
52057,2026-08-13 14:28:00,test,51698,52057,360,24,0.15,52072,2026-08-13 15:28:00,52087,2026-08-13 16:28:00,52117,2026-08-13 18:28:00,52177,2026-08-13 22:28:00
52061,2026-08-13 14:44:00,test,51702,52061,360,24,0.15,52076,2026-08-13 15:44:00,52091,2026-08-13 16:44:00,52121,2026-08-13 18:44:00,52181,2026-08-13 22:44:00
52062,2026-08-13 14:48:00,test,51703,52062,360,24,0.15,52077,2026-08-13 15:48:00,52092,2026-08-13 16:48:00,52122,2026-08-13 18:48:00,52182,2026-08-13 22:48:00
52063,2026-08-13 14:52:00,test,51704,52063,360,24,0.15,52078,2026-08-13 15:52:00,52093,2026-08-13 16:52:00,52123,2026-08-13 18:52:00,52183,2026-08-13 22:52:00
52066,2026-08-13 15:04:00,test,51707,52066,360,24,0.15,52081,2026-08-13 16:04:00,52096,2026-08-13 17:04:00,52126,2026-08-13 19:04:00,52186,2026-08-13 23:04:00
52068,2026-08-13 15:12:00,test,51709,52068,360,24,0.15,52083,2026-08-13 16:12:00,52098,2026-08-13 17:12:00,52128,2026-08-13 19:12:00,52188,2026-08-13 23:12:00
52069,2026-08-13 15:16:00,test,51710,52069,360,24,0.15,52084,2026-08-13 16:16:00,52099,2026-08-13 17:16:00,52129,2026-08-13 19:16:00,52189,2026-08-13 23:16:00
52070,2026-08-13 15:20:00,test,51711,52070,360,24,0.15,52085,2026-08-13 16:20:00,52100,2026-08-13 17:20:00,52130,2026-08-13 19:20:00,52190,2026-08-13 23:20:00
52071,2026-08-13 15:24:00,test,51712,52071,360,24,0.15,52086,2026-08-13 16:24:00,52101,2026-08-13 17:24:00,52131,2026-08-13 19:24:00,52191,2026-08-13 23:24:00
52073,2026-08-13 15:32:00,test,51714,52073,360,24,0.15,52088,2026-08-13 16:32:00,52103,2026-08-13 17:32:00,52133,2026-08-13 19:32:00,52193,2026-08-13 23:32:00
52075,2026-08-13 15:40:00,test,51716,52075,360,24,0.15,52090,2026-08-13 16:40:00,52105,2026-08-13 17:40:00,52135,2026-08-13 19:40:00,52195,2026-08-13 23:40:00
52077,2026-08-13 15:48:00,test,51718,52077,360,24,0.15,52092,2026-08-13 16:48:00,52107,2026-08-13 17:48:00,52137,2026-08-13 19:48:00,52197,2026-08-13 23:48:00
52078,2026-08-13 15:52:00,test,51719,52078,360,24,0.15,52093,2026-08-13 16:52:00,52108,2026-08-13 17:52:00,52138,2026-08-13 19:52:00,52198,2026-08-13 23:52:00
52080,2026-08-13 16:00:00,test,51721,52080,360,24,0.15,52095,2026-08-13 17:00:00,52110,2026-08-13 18:00:00,52140,2026-08-13 20:00:00,52200,2026-08-14 00:00:00
52081,2026-08-13 16:04:00,test,51722,52081,360,24,0.15,52096,2026-08-13 17:04:00,52111,2026-08-13 18:04:00,52141,2026-08-13 20:04:00,52201,2026-08-14 00:04:00
52082,2026-08-13 16:08:00,test,51723,52082,360,24,0.15,52097,2026-08-13 17:08:00,52112,2026-08-13 18:08:00,52142,2026-08-13 20:08:00,52202,2026-08-14 00:08:00
52083,2026-08-13 16:12:00,test,51724,52083,360,24,0.15,52098,2026-08-13 17:12:00,52113,2026-08-13 18:12:00,52143,2026-08-13 20:12:00,52203,2026-08-14 00:12:00
52084,2026-08-13 16:16:00,test,51725,52084,360,24,0.15,52099,2026-08-13 17:16:00,52114,2026-08-13 18:16:00,52144,2026-08-13 20:16:00,52204,2026-08-14 00:16:00
52085,2026-08-13 16:20:00,test,51726,52085,360,24,0.15,52100,2026-08-13 17:20:00,52115,2026-08-13 18:20:00,52145,2026-08-13 20:20:00,52205,2026-08-14 00:20:00
52086,2026-08-13 16:24:00,test,51727,52086,360,24,0.15,52101,2026-08-13 17:24:00,52116,2026-08-13 18:24:00,52146,2026-08-13 20:24:00,52206,2026-08-14 00:24:00
52087,2026-08-13 16:28:00,test,51728,52087,360,24,0.15,52102,2026-08-13 17:28:00,52117,2026-08-13 18:28:00,52147,2026-08-13 20:28:00,52207,2026-08-14 00:28:00
52090,2026-08-13 16:40:00,test,51731,52090,360,24,0.15,52105,2026-08-13 17:40:00,52120,2026-08-13 18:40:00,52150,2026-08-13 20:40:00,52210,2026-08-14 00:40:00
52091,2026-08-13 16:44:00,test,51732,52091,360,24,0.15,52106,2026-08-13 17:44:00,52121,2026-08-13 18:44:00,52151,2026-08-13 20:44:00,52211,2026-08-14 00:44:00
52092,2026-08-13 16:48:00,test,51733,52092,360,24,0.15,52107,2026-08-13 17:48:00,52122,2026-08-13 18:48:00,52152,2026-08-13 20:48:00,52212,2026-08-14 00:48:00
52093,2026-08-13 16:52:00,test,51734,52093,360,24,0.15,52108,2026-08-13 17:52:00,52123,2026-08-13 18:52:00,52153,2026-08-13 20:52:00,52213,2026-08-14 00:52:00
52097,2026-08-13 17:08:00,test,51738,52097,360,24,0.15,52112,2026-08-13 18:08:00,52127,2026-08-13 19:08:00,52157,2026-08-13 21:08:00,52217,2026-08-14 01:08:00
52098,2026-08-13 17:12:00,test,51739,52098,360,24,0.15,52113,2026-08-13 18:12:00,52128,2026-08-13 19:12:00,52158,2026-08-13 21:12:00,52218,2026-08-14 01:12:00
52099,2026-08-13 17:16:00,test,51740,52099,360,24,0.15,52114,2026-08-13 18:16:00,52129,2026-08-13 19:16:00,52159,2026-08-13 21:16:00,52219,2026-08-14 01:16:00
52100,2026-08-13 17:20:00,test,51741,52100,360,24,0.15,52115,2026-08-13 18:20:00,52130,2026-08-13 19:20:00,52160,2026-08-13 21:20:00,52220,2026-08-14 01:20:00
52101,2026-08-13 17:24:00,test,51742,52101,360,24,0.15,52116,2026-08-13 18:24:00,52131,2026-08-13 19:24:00,52161,2026-08-13 21:24:00,52221,2026-08-14 01:24:00
52102,2026-08-13 17:28:00,test,51743,52102,360,24,0.15,52117,2026-08-13 18:28:00,52132,2026-08-13 19:28:00,52162,2026-08-13 21:28:00,52222,2026-08-14 01:28:00
52107,2026-08-13 17:48:00,test,51748,52107,360,24,0.15,52122,2026-08-13 18:48:00,52137,2026-08-13 19:48:00,52167,2026-08-13 21:48:00,52227,2026-08-14 01:48:00
52108,2026-08-13 17:52:00,test,51749,52108,360,24,0.15,52123,2026-08-13 18:52:00,52138,2026-08-13 19:52:00,52168,2026-08-13 21:52:00,52228,2026-08-14 01:52:00
52112,2026-08-13 18:08:00,test,51753,52112,360,24,0.15,52127,2026-08-13 19:08:00,52142,2026-08-13 20:08:00,52172,2026-08-13 22:08:00,52232,2026-08-14 02:08:00
52114,2026-08-13 18:16:00,test,51755,52114,360,24,0.15,52129,2026-08-13 19:16:00,52144,2026-08-13 20:16:00,52174,2026-08-13 22:16:00,52234,2026-08-14 02:16:00
52115,2026-08-13 18:20:00,test,51756,52115,360,24,0.15,52130,2026-08-13 19:20:00,52145,2026-08-13 20:20:00,52175,2026-08-13 22:20:00,52235,2026-08-14 02:20:00
52117,2026-08-13 18:28:00,test,51758,52117,360,24,0.15,52132,2026-08-13 19:28:00,52147,2026-08-13 20:28:00,52177,2026-08-13 22:28:00,52237,2026-08-14 02:28:00
52118,2026-08-13 18:32:00,test,51759,52118,360,24,0.15,52133,2026-08-13 19:32:00,52148,2026-08-13 20:32:00,52178,2026-08-13 22:32:00,52238,2026-08-14 02:32:00
52119,2026-08-13 18:36:00,test,51760,52119,360,24,0.15,52134,2026-08-13 19:36:00,52149,2026-08-13 20:36:00,52179,2026-08-13 22:36:00,52239,2026-08-14 02:36:00
52120,2026-08-13 18:40:00,test,51761,52120,360,24,0.15,52135,2026-08-13 19:40:00,52150,2026-08-13 20:40:00,52180,2026-08-13 22:40:00,52240,2026-08-14 02:40:00
52122,2026-08-13 18:48:00,test,51763,52122,360,24,0.15,52137,2026-08-13 19:48:00,52152,2026-08-13 20:48:00,52182,2026-08-13 22:48:00,52242,2026-08-14 02:48:00
52125,2026-08-13 19:00:00,test,51766,52125,360,24,0.15,52140,2026-08-13 20:00:00,52155,2026-08-13 21:00:00,52185,2026-08-13 23:00:00,52245,2026-08-14 03:00:00
52128,2026-08-13 19:12:00,test,51769,52128,360,24,0.15,52143,2026-08-13 20:12:00,52158,2026-08-13 21:12:00,52188,2026-08-13 23:12:00,52248,2026-08-14 03:12:00
52129,2026-08-13 19:16:00,test,51770,52129,360,24,0.15,52144,2026-08-13 20:16:00,52159,2026-08-13 21:16:00,52189,2026-08-13 23:16:00,52249,2026-08-14 03:16:00
52130,2026-08-13 19:20:00,test,51771,52130,360,24,0.15,52145,2026-08-13 20:20:00,52160,2026-08-13 21:20:00,52190,2026-08-13 23:20:00,52250,2026-08-14 03:20:00
52131,2026-08-13 19:24:00,test,51772,52131,360,24,0.15,52146,2026-08-13 20:24:00,52161,2026-08-13 21:24:00,52191,2026-08-13 23:24:00,52251,2026-08-14 03:24:00
52134,2026-08-13 19:36:00,test,51775,52134,360,24,0.15,52149,2026-08-13 20:36:00,52164,2026-08-13 21:36:00,52194,2026-08-13 23:36:00,52254,2026-08-14 03:36:00
52137,2026-08-13 19:48:00,test,51778,52137,360,24,0.15,52152,2026-08-13 20:48:00,52167,2026-08-13 21:48:00,52197,2026-08-13 23:48:00,52257,2026-08-14 03:48:00
52138,2026-08-13 19:52:00,test,51779,52138,360,24,0.15,52153,2026-08-13 20:52:00,52168,2026-08-13 21:52:00,52198,2026-08-13 23:52:00,52258,2026-08-14 03:52:00
52139,2026-08-13 19:56:00,test,51780,52139,360,24,0.15,52154,2026-08-13 20:56:00,52169,2026-08-13 21:56:00,52199,2026-08-13 23:56:00,52259,2026-08-14 03:56:00
52140,2026-08-13 20:00:00,test,51781,52140,360,24,0.15,52155,2026-08-13 21:00:00,52170,2026-08-13 22:00:00,52200,2026-08-14 00:00:00,52260,2026-08-14 04:00:00
52142,2026-08-13 20:08:00,test,51783,52142,360,24,0.15,52157,2026-08-13 21:08:00,52172,2026-08-13 22:08:00,52202,2026-08-14 00:08:00,52262,2026-08-14 04:08:00
52144,2026-08-13 20:16:00,test,51785,52144,360,24,0.15,52159,2026-08-13 21:16:00,52174,2026-08-13 22:16:00,52204,2026-08-14 00:16:00,52264,2026-08-14 04:16:00
52145,2026-08-13 20:20:00,test,51786,52145,360,24,0.15,52160,2026-08-13 21:20:00,52175,2026-08-13 22:20:00,52205,2026-08-14 00:20:00,52265,2026-08-14 04:20:00
52147,2026-08-13 20:28:00,test,51788,52147,360,24,0.15,52162,2026-08-13 21:28:00,52177,2026-08-13 22:28:00,52207,2026-08-14 00:28:00,52267,2026-08-14 04:28:00
52149,2026-08-13 20:36:00,test,51790,52149,360,24,0.15,52164,2026-08-13 21:36:00,52179,2026-08-13 22:36:00,52209,2026-08-14 00:36:00,52269,2026-08-14 04:36:00
52151,2026-08-13 20:44:00,test,51792,52151,360,24,0.15,52166,2026-08-13 21:44:00,52181,2026-08-13 22:44:00,52211,2026-08-14 00:44:00,52271,2026-08-14 04:44:00
52152,2026-08-13 20:48:00,test,51793,52152,360,24,0.15,52167,2026-08-13 21:48:00,52182,2026-08-13 22:48:00,52212,2026-08-14 00:48:00,52272,2026-08-14 04:48:00
52153,2026-08-13 20:52:00,test,51794,52153,360,24,0.15,52168,2026-08-13 21:52:00,52183,2026-08-13 22:52:00,52213,2026-08-14 00:52:00,52273,2026-08-14 04:52:00
52155,2026-08-13 21:00:00,test,51796,52155,360,24,0.15,52170,2026-08-13 22:00:00,52185,2026-08-13 23:00:00,52215,2026-08-14 01:00:00,52275,2026-08-14 05:00:00
52159,2026-08-13 21:16:00,test,51800,52159,360,24,0.15,52174,2026-08-13 22:16:00,52189,2026-08-13 23:16:00,52219,2026-08-14 01:16:00,52279,2026-08-14 05:16:00
52160,2026-08-13 21:20:00,test,51801,52160,360,24,0.15,52175,2026-08-13 22:20:00,52190,2026-08-13 23:20:00,52220,2026-08-14 01:20:00,52280,2026-08-14 05:20:00
52163,2026-08-13 21:32:00,test,51804,52163,360,24,0.15,52178,2026-08-13 22:32:00,52193,2026-08-13 23:32:00,52223,2026-08-14 01:32:00,52283,2026-08-14 05:32:00
52165,2026-08-13 21:40:00,test,51806,52165,360,24,0.15,52180,2026-08-13 22:40:00,52195,2026-08-13 23:40:00,52225,2026-08-14 01:40:00,52285,2026-08-14 05:40:00
52166,2026-08-13 21:44:00,test,51807,52166,360,24,0.15,52181,2026-08-13 22:44:00,52196,2026-08-13 23:44:00,52226,2026-08-14 01:44:00,52286,2026-08-14 05:44:00
52167,2026-08-13 21:48:00,test,51808,52167,360,24,0.15,52182,2026-08-13 22:48:00,52197,2026-08-13 23:48:00,52227,2026-08-14 01:48:00,52287,2026-08-14 05:48:00
52170,2026-08-13 22:00:00,test,51811,52170,360,24,0.15,52185,2026-08-13 23:00:00,52200,2026-08-14 00:00:00,52230,2026-08-14 02:00:00,52290,2026-08-14 06:00:00
52171,2026-08-13 22:04:00,test,51812,52171,360,24,0.15,52186,2026-08-13 23:04:00,52201,2026-08-14 00:04:00,52231,2026-08-14 02:04:00,52291,2026-08-14 06:04:00
52175,2026-08-13 22:20:00,test,51816,52175,360,24,0.15,52190,2026-08-13 23:20:00,52205,2026-08-14 00:20:00,52235,2026-08-14 02:20:00,52295,2026-08-14 06:20:00
52176,2026-08-13 22:24:00,test,51817,52176,360,24,0.15,52191,2026-08-13 23:24:00,52206,2026-08-14 00:24:00,52236,2026-08-14 02:24:00,52296,2026-08-14 06:24:00
52178,2026-08-13 22:32:00,test,51819,52178,360,24,0.15,52193,2026-08-13 23:32:00,52208,2026-08-14 00:32:00,52238,2026-08-14 02:32:00,52298,2026-08-14 06:32:00
52179,2026-08-13 22:36:00,test,51820,52179,360,24,0.15,52194,2026-08-13 23:36:00,52209,2026-08-14 00:36:00,52239,2026-08-14 02:36:00,52299,2026-08-14 06:36:00
52180,2026-08-13 22:40:00,test,51821,52180,360,24,0.15,52195,2026-08-13 23:40:00,52210,2026-08-14 00:40:00,52240,2026-08-14 02:40:00,52300,2026-08-14 06:40:00
52181,2026-08-13 22:44:00,test,51822,52181,360,24,0.15,52196,2026-08-13 23:44:00,52211,2026-08-14 00:44:00,52241,2026-08-14 02:44:00,52301,2026-08-14 06:44:00
52182,2026-08-13 22:48:00,test,51823,52182,360,24,0.15,52197,2026-08-13 23:48:00,52212,2026-08-14 00:48:00,52242,2026-08-14 02:48:00,52302,2026-08-14 06:48:00
52184,2026-08-13 22:56:00,test,51825,52184,360,24,0.15,52199,2026-08-13 23:56:00,52214,2026-08-14 00:56:00,52244,2026-08-14 02:56:00,52304,2026-08-14 06:56:00
52185,2026-08-13 23:00:00,test,51826,52185,360,24,0.15,52200,2026-08-14 00:00:00,52215,2026-08-14 01:00:00,52245,2026-08-14 03:00:00,52305,2026-08-14 07:00:00
52186,2026-08-13 23:04:00,test,51827,52186,360,24,0.15,52201,2026-08-14 00:04:00,52216,2026-08-14 01:04:00,52246,2026-08-14 03:04:00,52306,2026-08-14 07:04:00
52187,2026-08-13 23:08:00,test,51828,52187,360,24,0.15,52202,2026-08-14 00:08:00,52217,2026-08-14 01:08:00,52247,2026-08-14 03:08:00,52307,2026-08-14 07:08:00
52188,2026-08-13 23:12:00,test,51829,52188,360,24,0.15,52203,2026-08-14 00:12:00,52218,2026-08-14 01:12:00,52248,2026-08-14 03:12:00,52308,2026-08-14 07:12:00
52189,2026-08-13 23:16:00,test,51830,52189,360,24,0.15,52204,2026-08-14 00:16:00,52219,2026-08-14 01:16:00,52249,2026-08-14 03:16:00,52309,2026-08-14 07:16:00
52191,2026-08-13 23:24:00,test,51832,52191,360,24,0.15,52206,2026-08-14 00:24:00,52221,2026-08-14 01:24:00,52251,2026-08-14 03:24:00,52311,2026-08-14 07:24:00
52193,2026-08-13 23:32:00,test,51834,52193,360,24,0.15,52208,2026-08-14 00:32:00,52223,2026-08-14 01:32:00,52253,2026-08-14 03:32:00,52313,2026-08-14 07:32:00
52195,2026-08-13 23:40:00,test,51836,52195,360,24,0.15,52210,2026-08-14 00:40:00,52225,2026-08-14 01:40:00,52255,2026-08-14 03:40:00,52315,2026-08-14 07:40:00
52198,2026-08-13 23:52:00,test,51839,52198,360,24,0.15,52213,2026-08-14 00:52:00,52228,2026-08-14 01:52:00,52258,2026-08-14 03:52:00,52318,2026-08-14 07:52:00
52199,2026-08-13 23:56:00,test,51840,52199,360,24,0.15,52214,2026-08-14 00:56:00,52229,2026-08-14 01:56:00,52259,2026-08-14 03:56:00,52319,2026-08-14 07:56:00
52200,2026-08-14 00:00:00,test,51841,52200,360,24,0.15,52215,2026-08-14 01:00:00,52230,2026-08-14 02:00:00,52260,2026-08-14 04:00:00,52320,2026-08-14 08:00:00
52202,2026-08-14 00:08:00,test,51843,52202,360,24,0.15,52217,2026-08-14 01:08:00,52232,2026-08-14 02:08:00,52262,2026-08-14 04:08:00,52322,2026-08-14 08:08:00
52203,2026-08-14 00:12:00,test,51844,52203,360,24,0.15,52218,2026-08-14 01:12:00,52233,2026-08-14 02:12:00,52263,2026-08-14 04:12:00,52323,2026-08-14 08:12:00
52204,2026-08-14 00:16:00,test,51845,52204,360,24,0.15,52219,2026-08-14 01:16:00,52234,2026-08-14 02:16:00,52264,2026-08-14 04:16:00,52324,2026-08-14 08:16:00
52205,2026-08-14 00:20:00,test,51846,52205,360,24,0.15,52220,2026-08-14 01:20:00,52235,2026-08-14 02:20:00,52265,2026-08-14 04:20:00,52325,2026-08-14 08:20:00
52206,2026-08-14 00:24:00,test,51847,52206,360,24,0.15,52221,2026-08-14 01:24:00,52236,2026-08-14 02:24:00,52266,2026-08-14 04:24:00,52326,2026-08-14 08:24:00
52207,2026-08-14 00:28:00,test,51848,52207,360,24,0.15,52222,2026-08-14 01:28:00,52237,2026-08-14 02:28:00,52267,2026-08-14 04:28:00,52327,2026-08-14 08:28:00
52208,2026-08-14 00:32:00,test,51849,52208,360,24,0.15,52223,2026-08-14 01:32:00,52238,2026-08-14 02:32:00,52268,2026-08-14 04:32:00,52328,2026-08-14 08:32:00
52210,2026-08-14 00:40:00,test,51851,52210,360,24,0.15,52225,2026-08-14 01:40:00,52240,2026-08-14 02:40:00,52270,2026-08-14 04:40:00,52330,2026-08-14 08:40:00
52211,2026-08-14 00:44:00,test,51852,52211,360,24,0.15,52226,2026-08-14 01:44:00,52241,2026-08-14 02:44:00,52271,2026-08-14 04:44:00,52331,2026-08-14 08:44:00
52212,2026-08-14 00:48:00,test,51853,52212,360,24,0.15,52227,2026-08-14 01:48:00,52242,2026-08-14 02:48:00,52272,2026-08-14 04:48:00,52332,2026-08-14 08:48:00
52214,2026-08-14 00:56:00,test,51855,52214,360,24,0.15,52229,2026-08-14 01:56:00,52244,2026-08-14 02:56:00,52274,2026-08-14 04:56:00,52334,2026-08-14 08:56:00
52215,2026-08-14 01:00:00,test,51856,52215,360,24,0.15,52230,2026-08-14 02:00:00,52245,2026-08-14 03:00:00,52275,2026-08-14 05:00:00,52335,2026-08-14 09:00:00
52216,2026-08-14 01:04:00,test,51857,52216,360,24,0.15,52231,2026-08-14 02:04:00,52246,2026-08-14 03:04:00,52276,2026-08-14 05:04:00,52336,2026-08-14 09:04:00
52217,2026-08-14 01:08:00,test,51858,52217,360,24,0.15,52232,2026-08-14 02:08:00,52247,2026-08-14 03:08:00,52277,2026-08-14 05:08:00,52337,2026-08-14 09:08:00
52218,2026-08-14 01:12:00,test,51859,52218,360,24,0.15,52233,2026-08-14 02:12:00,52248,2026-08-14 03:12:00,52278,2026-08-14 05:12:00,52338,2026-08-14 09:12:00
52219,2026-08-14 01:16:00,test,51860,52219,360,24,0.15,52234,2026-08-14 02:16:00,52249,2026-08-14 03:16:00,52279,2026-08-14 05:16:00,52339,2026-08-14 09:16:00
52220,2026-08-14 01:20:00,test,51861,52220,360,24,0.15,52235,2026-08-14 02:20:00,52250,2026-08-14 03:20:00,52280,2026-08-14 05:20:00,52340,2026-08-14 09:20:00
52223,2026-08-14 01:32:00,test,51864,52223,360,24,0.15,52238,2026-08-14 02:32:00,52253,2026-08-14 03:32:00,52283,2026-08-14 05:32:00,52343,2026-08-14 09:32:00
52224,2026-08-14 01:36:00,test,51865,52224,360,24,0.15,52239,2026-08-14 02:36:00,52254,2026-08-14 03:36:00,52284,2026-08-14 05:36:00,52344,2026-08-14 09:36:00
52225,2026-08-14 01:40:00,test,51866,52225,360,24,0.15,52240,2026-08-14 02:40:00,52255,2026-08-14 03:40:00,52285,2026-08-14 05:40:00,52345,2026-08-14 09:40:00
52227,2026-08-14 01:48:00,test,51868,52227,360,24,0.15,52242,2026-08-14 02:48:00,52257,2026-08-14 03:48:00,52287,2026-08-14 05:48:00,52347,2026-08-14 09:48:00
52229,2026-08-14 01:56:00,test,51870,52229,360,24,0.15,52244,2026-08-14 02:56:00,52259,2026-08-14 03:56:00,52289,2026-08-14 05:56:00,52349,2026-08-14 09:56:00
52230,2026-08-14 02:00:00,test,51871,52230,360,24,0.15,52245,2026-08-14 03:00:00,52260,2026-08-14 04:00:00,52290,2026-08-14 06:00:00,52350,2026-08-14 10:00:00
52235,2026-08-14 02:20:00,test,51876,52235,360,24,0.15,52250,2026-08-14 03:20:00,52265,2026-08-14 04:20:00,52295,2026-08-14 06:20:00,52355,2026-08-14 10:20:00
52236,2026-08-14 02:24:00,test,51877,52236,360,24,0.15,52251,2026-08-14 03:24:00,52266,2026-08-14 04:24:00,52296,2026-08-14 06:24:00,52356,2026-08-14 10:24:00
52238,2026-08-14 02:32:00,test,51879,52238,360,24,0.15,52253,2026-08-14 03:32:00,52268,2026-08-14 04:32:00,52298,2026-08-14 06:32:00,52358,2026-08-14 10:32:00
52239,2026-08-14 02:36:00,test,51880,52239,360,24,0.15,52254,2026-08-14 03:36:00,52269,2026-08-14 04:36:00,52299,2026-08-14 06:36:00,52359,2026-08-14 10:36:00
52242,2026-08-14 02:48:00,test,51883,52242,360,24,0.15,52257,2026-08-14 03:48:00,52272,2026-08-14 04:48:00,52302,2026-08-14 06:48:00,52362,2026-08-14 10:48:00
52243,2026-08-14 02:52:00,test,51884,52243,360,24,0.15,52258,2026-08-14 03:52:00,52273,2026-08-14 04:52:00,52303,2026-08-14 06:52:00,52363,2026-08-14 10:52:00
52244,2026-08-14 02:56:00,test,51885,52244,360,24,0.15,52259,2026-08-14 03:56:00,52274,2026-08-14 04:56:00,52304,2026-08-14 06:56:00,52364,2026-08-14 10:56:00
52245,2026-08-14 03:00:00,test,51886,52245,360,24,0.15,52260,2026-08-14 04:00:00,52275,2026-08-14 05:00:00,52305,2026-08-14 07:00:00,52365,2026-08-14 11:00:00
52246,2026-08-14 03:04:00,test,51887,52246,360,24,0.15,52261,2026-08-14 04:04:00,52276,2026-08-14 05:04:00,52306,2026-08-14 07:04:00,52366,2026-08-14 11:04:00
52247,2026-08-14 03:08:00,test,51888,52247,360,24,0.15,52262,2026-08-14 04:08:00,52277,2026-08-14 05:08:00,52307,2026-08-14 07:08:00,52367,2026-08-14 11:08:00
52248,2026-08-14 03:12:00,test,51889,52248,360,24,0.15,52263,2026-08-14 04:12:00,52278,2026-08-14 05:12:00,52308,2026-08-14 07:12:00,52368,2026-08-14 11:12:00
52252,2026-08-14 03:28:00,test,51893,52252,360,24,0.15,52267,2026-08-14 04:28:00,52282,2026-08-14 05:28:00,52312,2026-08-14 07:28:00,52372,2026-08-14 11:28:00
52253,2026-08-14 03:32:00,test,51894,52253,360,24,0.15,52268,2026-08-14 04:32:00,52283,2026-08-14 05:32:00,52313,2026-08-14 07:32:00,52373,2026-08-14 11:32:00
52254,2026-08-14 03:36:00,test,51895,52254,360,24,0.15,52269,2026-08-14 04:36:00,52284,2026-08-14 05:36:00,52314,2026-08-14 07:36:00,52374,2026-08-14 11:36:00
52255,2026-08-14 03:40:00,test,51896,52255,360,24,0.15,52270,2026-08-14 04:40:00,52285,2026-08-14 05:40:00,52315,2026-08-14 07:40:00,52375,2026-08-14 11:40:00
52256,2026-08-14 03:44:00,test,51897,52256,360,24,0.15,52271,2026-08-14 04:44:00,52286,2026-08-14 05:44:00,52316,2026-08-14 07:44:00,52376,2026-08-14 11:44:00
52260,2026-08-14 04:00:00,test,51901,52260,360,24,0.15,52275,2026-08-14 05:00:00,52290,2026-08-14 06:00:00,52320,2026-08-14 08:00:00,52380,2026-08-14 12:00:00
52265,2026-08-14 04:20:00,test,51906,52265,360,24,0.15,52280,2026-08-14 05:20:00,52295,2026-08-14 06:20:00,52325,2026-08-14 08:20:00,52385,2026-08-14 12:20:00
52267,2026-08-14 04:28:00,test,51908,52267,360,24,0.15,52282,2026-08-14 05:28:00,52297,2026-08-14 06:28:00,52327,2026-08-14 08:28:00,52387,2026-08-14 12:28:00
52268,2026-08-14 04:32:00,test,51909,52268,360,24,0.15,52283,2026-08-14 05:32:00,52298,2026-08-14 06:32:00,52328,2026-08-14 08:32:00,52388,2026-08-14 12:32:00
52269,2026-08-14 04:36:00,test,51910,52269,360,24,0.15,52284,2026-08-14 05:36:00,52299,2026-08-14 06:36:00,52329,2026-08-14 08:36:00,52389,2026-08-14 12:36:00
52270,2026-08-14 04:40:00,test,51911,52270,360,24,0.15,52285,2026-08-14 05:40:00,52300,2026-08-14 06:40:00,52330,2026-08-14 08:40:00,52390,2026-08-14 12:40:00
52271,2026-08-14 04:44:00,test,51912,52271,360,24,0.15,52286,2026-08-14 05:44:00,52301,2026-08-14 06:44:00,52331,2026-08-14 08:44:00,52391,2026-08-14 12:44:00
52275,2026-08-14 05:00:00,test,51916,52275,360,24,0.15,52290,2026-08-14 06:00:00,52305,2026-08-14 07:00:00,52335,2026-08-14 09:00:00,52395,2026-08-14 13:00:00
52276,2026-08-14 05:04:00,test,51917,52276,360,24,0.15,52291,2026-08-14 06:04:00,52306,2026-08-14 07:04:00,52336,2026-08-14 09:04:00,52396,2026-08-14 13:04:00
52277,2026-08-14 05:08:00,test,51918,52277,360,24,0.15,52292,2026-08-14 06:08:00,52307,2026-08-14 07:08:00,52337,2026-08-14 09:08:00,52397,2026-08-14 13:08:00
52281,2026-08-14 05:24:00,test,51922,52281,360,24,0.15,52296,2026-08-14 06:24:00,52311,2026-08-14 07:24:00,52341,2026-08-14 09:24:00,52401,2026-08-14 13:24:00
52283,2026-08-14 05:32:00,test,51924,52283,360,24,0.15,52298,2026-08-14 06:32:00,52313,2026-08-14 07:32:00,52343,2026-08-14 09:32:00,52403,2026-08-14 13:32:00
52284,2026-08-14 05:36:00,test,51925,52284,360,24,0.15,52299,2026-08-14 06:36:00,52314,2026-08-14 07:36:00,52344,2026-08-14 09:36:00,52404,2026-08-14 13:36:00
52286,2026-08-14 05:44:00,test,51927,52286,360,24,0.15,52301,2026-08-14 06:44:00,52316,2026-08-14 07:44:00,52346,2026-08-14 09:44:00,52406,2026-08-14 13:44:00
52288,2026-08-14 05:52:00,test,51929,52288,360,24,0.15,52303,2026-08-14 06:52:00,52318,2026-08-14 07:52:00,52348,2026-08-14 09:52:00,52408,2026-08-14 13:52:00
52289,2026-08-14 05:56:00,test,51930,52289,360,24,0.15,52304,2026-08-14 06:56:00,52319,2026-08-14 07:56:00,52349,2026-08-14 09:56:00,52409,2026-08-14 13:56:00
52290,2026-08-14 06:00:00,test,51931,52290,360,24,0.15,52305,2026-08-14 07:00:00,52320,2026-08-14 08:00:00,52350,2026-08-14 10:00:00,52410,2026-08-14 14:00:00
52293,2026-08-14 06:12:00,test,51934,52293,360,24,0.15,52308,2026-08-14 07:12:00,52323,2026-08-14 08:12:00,52353,2026-08-14 10:12:00,52413,2026-08-14 14:12:00
52294,2026-08-14 06:16:00,test,51935,52294,360,24,0.15,52309,2026-08-14 07:16:00,52324,2026-08-14 08:16:00,52354,2026-08-14 10:16:00,52414,2026-08-14 14:16:00
52296,2026-08-14 06:24:00,test,51937,52296,360,24,0.15,52311,2026-08-14 07:24:00,52326,2026-08-14 08:24:00,52356,2026-08-14 10:24:00,52416,2026-08-14 14:24:00
52297,2026-08-14 06:28:00,test,51938,52297,360,24,0.15,52312,2026-08-14 07:28:00,52327,2026-08-14 08:28:00,52357,2026-08-14 10:28:00,52417,2026-08-14 14:28:00
52298,2026-08-14 06:32:00,test,51939,52298,360,24,0.15,52313,2026-08-14 07:32:00,52328,2026-08-14 08:32:00,52358,2026-08-14 10:32:00,52418,2026-08-14 14:32:00
52299,2026-08-14 06:36:00,test,51940,52299,360,24,0.15,52314,2026-08-14 07:36:00,52329,2026-08-14 08:36:00,52359,2026-08-14 10:36:00,52419,2026-08-14 14:36:00
52304,2026-08-14 06:56:00,test,51945,52304,360,24,0.15,52319,2026-08-14 07:56:00,52334,2026-08-14 08:56:00,52364,2026-08-14 10:56:00,52424,2026-08-14 14:56:00
52307,2026-08-14 07:08:00,test,51948,52307,360,24,0.15,52322,2026-08-14 08:08:00,52337,2026-08-14 09:08:00,52367,2026-08-14 11:08:00,52427,2026-08-14 15:08:00
52311,2026-08-14 07:24:00,test,51952,52311,360,24,0.15,52326,2026-08-14 08:24:00,52341,2026-08-14 09:24:00,52371,2026-08-14 11:24:00,52431,2026-08-14 15:24:00
52312,2026-08-14 07:28:00,test,51953,52312,360,24,0.15,52327,2026-08-14 08:28:00,52342,2026-08-14 09:28:00,52372,2026-08-14 11:28:00,52432,2026-08-14 15:28:00
52313,2026-08-14 07:32:00,test,51954,52313,360,24,0.15,52328,2026-08-14 08:32:00,52343,2026-08-14 09:32:00,52373,2026-08-14 11:32:00,52433,2026-08-14 15:32:00
52314,2026-08-14 07:36:00,test,51955,52314,360,24,0.15,52329,2026-08-14 08:36:00,52344,2026-08-14 09:36:00,52374,2026-08-14 11:36:00,52434,2026-08-14 15:36:00
52315,2026-08-14 07:40:00,test,51956,52315,360,24,0.15,52330,2026-08-14 08:40:00,52345,2026-08-14 09:40:00,52375,2026-08-14 11:40:00,52435,2026-08-14 15:40:00
52317,2026-08-14 07:48:00,test,51958,52317,360,24,0.15,52332,2026-08-14 08:48:00,52347,2026-08-14 09:48:00,52377,2026-08-14 11:48:00,52437,2026-08-14 15:48:00
52318,2026-08-14 07:52:00,test,51959,52318,360,24,0.15,52333,2026-08-14 08:52:00,52348,2026-08-14 09:52:00,52378,2026-08-14 11:52:00,52438,2026-08-14 15:52:00
52320,2026-08-14 08:00:00,test,51961,52320,360,24,0.15,52335,2026-08-14 09:00:00,52350,2026-08-14 10:00:00,52380,2026-08-14 12:00:00,52440,2026-08-14 16:00:00
52323,2026-08-14 08:12:00,test,51964,52323,360,24,0.15,52338,2026-08-14 09:12:00,52353,2026-08-14 10:12:00,52383,2026-08-14 12:12:00,52443,2026-08-14 16:12:00
52324,2026-08-14 08:16:00,test,51965,52324,360,24,0.15,52339,2026-08-14 09:16:00,52354,2026-08-14 10:16:00,52384,2026-08-14 12:16:00,52444,2026-08-14 16:16:00
52325,2026-08-14 08:20:00,test,51966,52325,360,24,0.15,52340,2026-08-14 09:20:00,52355,2026-08-14 10:20:00,52385,2026-08-14 12:20:00,52445,2026-08-14 16:20:00
52328,2026-08-14 08:32:00,test,51969,52328,360,24,0.15,52343,2026-08-14 09:32:00,52358,2026-08-14 10:32:00,52388,2026-08-14 12:32:00,52448,2026-08-14 16:32:00
52329,2026-08-14 08:36:00,test,51970,52329,360,24,0.15,52344,2026-08-14 09:36:00,52359,2026-08-14 10:36:00,52389,2026-08-14 12:36:00,52449,2026-08-14 16:36:00
52331,2026-08-14 08:44:00,test,51972,52331,360,24,0.15,52346,2026-08-14 09:44:00,52361,2026-08-14 10:44:00,52391,2026-08-14 12:44:00,52451,2026-08-14 16:44:00
52338,2026-08-14 09:12:00,test,51979,52338,360,24,0.15,52353,2026-08-14 10:12:00,52368,2026-08-14 11:12:00,52398,2026-08-14 13:12:00,52458,2026-08-14 17:12:00
52341,2026-08-14 09:24:00,test,51982,52341,360,24,0.15,52356,2026-08-14 10:24:00,52371,2026-08-14 11:24:00,52401,2026-08-14 13:24:00,52461,2026-08-14 17:24:00
52343,2026-08-14 09:32:00,test,51984,52343,360,24,0.15,52358,2026-08-14 10:32:00,52373,2026-08-14 11:32:00,52403,2026-08-14 13:32:00,52463,2026-08-14 17:32:00
52344,2026-08-14 09:36:00,test,51985,52344,360,24,0.15,52359,2026-08-14 10:36:00,52374,2026-08-14 11:36:00,52404,2026-08-14 13:36:00,52464,2026-08-14 17:36:00
52346,2026-08-14 09:44:00,test,51987,52346,360,24,0.15,52361,2026-08-14 10:44:00,52376,2026-08-14 11:44:00,52406,2026-08-14 13:44:00,52466,2026-08-14 17:44:00
52350,2026-08-14 10:00:00,test,51991,52350,360,24,0.15,52365,2026-08-14 11:00:00,52380,2026-08-14 12:00:00,52410,2026-08-14 14:00:00,52470,2026-08-14 18:00:00
52351,2026-08-14 10:04:00,test,51992,52351,360,24,0.15,52366,2026-08-14 11:04:00,52381,2026-08-14 12:04:00,52411,2026-08-14 14:04:00,52471,2026-08-14 18:04:00
52353,2026-08-14 10:12:00,test,51994,52353,360,24,0.15,52368,2026-08-14 11:12:00,52383,2026-08-14 12:12:00,52413,2026-08-14 14:12:00,52473,2026-08-14 18:12:00
52357,2026-08-14 10:28:00,test,51998,52357,360,24,0.15,52372,2026-08-14 11:28:00,52387,2026-08-14 12:28:00,52417,2026-08-14 14:28:00,52477,2026-08-14 18:28:00
52358,2026-08-14 10:32:00,test,51999,52358,360,24,0.15,52373,2026-08-14 11:32:00,52388,2026-08-14 12:32:00,52418,2026-08-14 14:32:00,52478,2026-08-14 18:32:00
52359,2026-08-14 10:36:00,test,52000,52359,360,24,0.15,52374,2026-08-14 11:36:00,52389,2026-08-14 12:36:00,52419,2026-08-14 14:36:00,52479,2026-08-14 18:36:00
52360,2026-08-14 10:40:00,test,52001,52360,360,24,0.15,52375,2026-08-14 11:40:00,52390,2026-08-14 12:40:00,52420,2026-08-14 14:40:00,52480,2026-08-14 18:40:00
52369,2026-08-14 11:16:00,test,52010,52369,360,24,0.15,52384,2026-08-14 12:16:00,52399,2026-08-14 13:16:00,52429,2026-08-14 15:16:00,52489,2026-08-14 19:16:00
52373,2026-08-14 11:32:00,test,52014,52373,360,24,0.15,52388,2026-08-14 12:32:00,52403,2026-08-14 13:32:00,52433,2026-08-14 15:32:00,52493,2026-08-14 19:32:00
52374,2026-08-14 11:36:00,test,52015,52374,360,24,0.15,52389,2026-08-14 12:36:00,52404,2026-08-14 13:36:00,52434,2026-08-14 15:36:00,52494,2026-08-14 19:36:00
52378,2026-08-14 11:52:00,test,52019,52378,360,24,0.15,52393,2026-08-14 12:52:00,52408,2026-08-14 13:52:00,52438,2026-08-14 15:52:00,52498,2026-08-14 19:52:00
52380,2026-08-14 12:00:00,test,52021,52380,360,24,0.15,52395,2026-08-14 13:00:00,52410,2026-08-14 14:00:00,52440,2026-08-14 16:00:00,52500,2026-08-14 20:00:00
52381,2026-08-14 12:04:00,test,52022,52381,360,24,0.15,52396,2026-08-14 13:04:00,52411,2026-08-14 14:04:00,52441,2026-08-14 16:04:00,52501,2026-08-14 20:04:00
52383,2026-08-14 12:12:00,test,52024,52383,360,24,0.15,52398,2026-08-14 13:12:00,52413,2026-08-14 14:12:00,52443,2026-08-14 16:12:00,52503,2026-08-14 20:12:00
52392,2026-08-14 12:48:00,test,52033,52392,360,24,0.15,52407,2026-08-14 13:48:00,52422,2026-08-14 14:48:00,52452,2026-08-14 16:48:00,52512,2026-08-14 20:48:00
52394,2026-08-14 12:56:00,test,52035,52394,360,24,0.15,52409,2026-08-14 13:56:00,52424,2026-08-14 14:56:00,52454,2026-08-14 16:56:00,52514,2026-08-14 20:56:00
52399,2026-08-14 13:16:00,test,52040,52399,360,24,0.15,52414,2026-08-14 14:16:00,52429,2026-08-14 15:16:00,52459,2026-08-14 17:16:00,52519,2026-08-14 21:16:00
52402,2026-08-14 13:28:00,test,52043,52402,360,24,0.15,52417,2026-08-14 14:28:00,52432,2026-08-14 15:28:00,52462,2026-08-14 17:28:00,52522,2026-08-14 21:28:00
52403,2026-08-14 13:32:00,test,52044,52403,360,24,0.15,52418,2026-08-14 14:32:00,52433,2026-08-14 15:32:00,52463,2026-08-14 17:32:00,52523,2026-08-14 21:32:00
52404,2026-08-14 13:36:00,test,52045,52404,360,24,0.15,52419,2026-08-14 14:36:00,52434,2026-08-14 15:36:00,52464,2026-08-14 17:36:00,52524,2026-08-14 21:36:00
52405,2026-08-14 13:40:00,test,52046,52405,360,24,0.15,52420,2026-08-14 14:40:00,52435,2026-08-14 15:40:00,52465,2026-08-14 17:40:00,52525,2026-08-14 21:40:00
52409,2026-08-14 13:56:00,test,52050,52409,360,24,0.15,52424,2026-08-14 14:56:00,52439,2026-08-14 15:56:00,52469,2026-08-14 17:56:00,52529,2026-08-14 21:56:00
52412,2026-08-14 14:08:00,test,52053,52412,360,24,0.15,52427,2026-08-14 15:08:00,52442,2026-08-14 16:08:00,52472,2026-08-14 18:08:00,52532,2026-08-14 22:08:00
52414,2026-08-14 14:16:00,test,52055,52414,360,24,0.15,52429,2026-08-14 15:16:00,52444,2026-08-14 16:16:00,52474,2026-08-14 18:16:00,52534,2026-08-14 22:16:00
52418,2026-08-14 14:32:00,test,52059,52418,360,24,0.15,52433,2026-08-14 15:32:00,52448,2026-08-14 16:32:00,52478,2026-08-14 18:32:00,52538,2026-08-14 22:32:00
52419,2026-08-14 14:36:00,test,52060,52419,360,24,0.15,52434,2026-08-14 15:36:00,52449,2026-08-14 16:36:00,52479,2026-08-14 18:36:00,52539,2026-08-14 22:36:00
52424,2026-08-14 14:56:00,test,52065,52424,360,24,0.15,52439,2026-08-14 15:56:00,52454,2026-08-14 16:56:00,52484,2026-08-14 18:56:00,52544,2026-08-14 22:56:00
52427,2026-08-14 15:08:00,test,52068,52427,360,24,0.15,52442,2026-08-14 16:08:00,52457,2026-08-14 17:08:00,52487,2026-08-14 19:08:00,52547,2026-08-14 23:08:00
52428,2026-08-14 15:12:00,test,52069,52428,360,24,0.15,52443,2026-08-14 16:12:00,52458,2026-08-14 17:12:00,52488,2026-08-14 19:12:00,52548,2026-08-14 23:12:00
52433,2026-08-14 15:32:00,test,52074,52433,360,24,0.15,52448,2026-08-14 16:32:00,52463,2026-08-14 17:32:00,52493,2026-08-14 19:32:00,52553,2026-08-14 23:32:00
52434,2026-08-14 15:36:00,test,52075,52434,360,24,0.15,52449,2026-08-14 16:36:00,52464,2026-08-14 17:36:00,52494,2026-08-14 19:36:00,52554,2026-08-14 23:36:00
52435,2026-08-14 15:40:00,test,52076,52435,360,24,0.15,52450,2026-08-14 16:40:00,52465,2026-08-14 17:40:00,52495,2026-08-14 19:40:00,52555,2026-08-14 23:40:00
52436,2026-08-14 15:44:00,test,52077,52436,360,24,0.15,52451,2026-08-14 16:44:00,52466,2026-08-14 17:44:00,52496,2026-08-14 19:44:00,52556,2026-08-14 23:44:00
52442,2026-08-14 16:08:00,test,52083,52442,360,24,0.15,52457,2026-08-14 17:08:00,52472,2026-08-14 18:08:00,52502,2026-08-14 20:08:00,52562,2026-08-15 00:08:00
52443,2026-08-14 16:12:00,test,52084,52443,360,24,0.15,52458,2026-08-14 17:12:00,52473,2026-08-14 18:12:00,52503,2026-08-14 20:12:00,52563,2026-08-15 00:12:00
52447,2026-08-14 16:28:00,test,52088,52447,360,24,0.15,52462,2026-08-14 17:28:00,52477,2026-08-14 18:28:00,52507,2026-08-14 20:28:00,52567,2026-08-15 00:28:00
52451,2026-08-14 16:44:00,test,52092,52451,360,24,0.15,52466,2026-08-14 17:44:00,52481,2026-08-14 18:44:00,52511,2026-08-14 20:44:00,52571,2026-08-15 00:44:00
52454,2026-08-14 16:56:00,test,52095,52454,360,24,0.15,52469,2026-08-14 17:56:00,52484,2026-08-14 18:56:00,52514,2026-08-14 20:56:00,52574,2026-08-15 00:56:00
52456,2026-08-14 17:04:00,test,52097,52456,360,24,0.15,52471,2026-08-14 18:04:00,52486,2026-08-14 19:04:00,52516,2026-08-14 21:04:00,52576,2026-08-15 01:04:00
52457,2026-08-14 17:08:00,test,52098,52457,360,24,0.15,52472,2026-08-14 18:08:00,52487,2026-08-14 19:08:00,52517,2026-08-14 21:08:00,52577,2026-08-15 01:08:00
52458,2026-08-14 17:12:00,test,52099,52458,360,24,0.15,52473,2026-08-14 18:12:00,52488,2026-08-14 19:12:00,52518,2026-08-14 21:12:00,52578,2026-08-15 01:12:00
52459,2026-08-14 17:16:00,test,52100,52459,360,24,0.15,52474,2026-08-14 18:16:00,52489,2026-08-14 19:16:00,52519,2026-08-14 21:16:00,52579,2026-08-15 01:16:00
52462,2026-08-14 17:28:00,test,52103,52462,360,24,0.15,52477,2026-08-14 18:28:00,52492,2026-08-14 19:28:00,52522,2026-08-14 21:28:00,52582,2026-08-15 01:28:00
52463,2026-08-14 17:32:00,test,52104,52463,360,24,0.15,52478,2026-08-14 18:32:00,52493,2026-08-14 19:32:00,52523,2026-08-14 21:32:00,52583,2026-08-15 01:32:00
52464,2026-08-14 17:36:00,test,52105,52464,360,24,0.15,52479,2026-08-14 18:36:00,52494,2026-08-14 19:36:00,52524,2026-08-14 21:36:00,52584,2026-08-15 01:36:00
52465,2026-08-14 17:40:00,test,52106,52465,360,24,0.15,52480,2026-08-14 18:40:00,52495,2026-08-14 19:40:00,52525,2026-08-14 21:40:00,52585,2026-08-15 01:40:00
52466,2026-08-14 17:44:00,test,52107,52466,360,24,0.15,52481,2026-08-14 18:44:00,52496,2026-08-14 19:44:00,52526,2026-08-14 21:44:00,52586,2026-08-15 01:44:00
52468,2026-08-14 17:52:00,test,52109,52468,360,24,0.15,52483,2026-08-14 18:52:00,52498,2026-08-14 19:52:00,52528,2026-08-14 21:52:00,52588,2026-08-15 01:52:00
52472,2026-08-14 18:08:00,test,52113,52472,360,24,0.15,52487,2026-08-14 19:08:00,52502,2026-08-14 20:08:00,52532,2026-08-14 22:08:00,52592,2026-08-15 02:08:00
52473,2026-08-14 18:12:00,test,52114,52473,360,24,0.15,52488,2026-08-14 19:12:00,52503,2026-08-14 20:12:00,52533,2026-08-14 22:12:00,52593,2026-08-15 02:12:00
52475,2026-08-14 18:20:00,test,52116,52475,360,24,0.15,52490,2026-08-14 19:20:00,52505,2026-08-14 20:20:00,52535,2026-08-14 22:20:00,52595,2026-08-15 02:20:00
52477,2026-08-14 18:28:00,test,52118,52477,360,24,0.15,52492,2026-08-14 19:28:00,52507,2026-08-14 20:28:00,52537,2026-08-14 22:28:00,52597,2026-08-15 02:28:00
52481,2026-08-14 18:44:00,test,52122,52481,360,24,0.15,52496,2026-08-14 19:44:00,52511,2026-08-14 20:44:00,52541,2026-08-14 22:44:00,52601,2026-08-15 02:44:00
52482,2026-08-14 18:48:00,test,52123,52482,360,24,0.15,52497,2026-08-14 19:48:00,52512,2026-08-14 20:48:00,52542,2026-08-14 22:48:00,52602,2026-08-15 02:48:00
52483,2026-08-14 18:52:00,test,52124,52483,360,24,0.15,52498,2026-08-14 19:52:00,52513,2026-08-14 20:52:00,52543,2026-08-14 22:52:00,52603,2026-08-15 02:52:00
52486,2026-08-14 19:04:00,test,52127,52486,360,24,0.15,52501,2026-08-14 20:04:00,52516,2026-08-14 21:04:00,52546,2026-08-14 23:04:00,52606,2026-08-15 03:04:00
52487,2026-08-14 19:08:00,test,52128,52487,360,24,0.15,52502,2026-08-14 20:08:00,52517,2026-08-14 21:08:00,52547,2026-08-14 23:08:00,52607,2026-08-15 03:08:00
52488,2026-08-14 19:12:00,test,52129,52488,360,24,0.15,52503,2026-08-14 20:12:00,52518,2026-08-14 21:12:00,52548,2026-08-14 23:12:00,52608,2026-08-15 03:12:00
52490,2026-08-14 19:20:00,test,52131,52490,360,24,0.15,52505,2026-08-14 20:20:00,52520,2026-08-14 21:20:00,52550,2026-08-14 23:20:00,52610,2026-08-15 03:20:00
52496,2026-08-14 19:44:00,test,52137,52496,360,24,0.15,52511,2026-08-14 20:44:00,52526,2026-08-14 21:44:00,52556,2026-08-14 23:44:00,52616,2026-08-15 03:44:00
52503,2026-08-14 20:12:00,test,52144,52503,360,24,0.15,52518,2026-08-14 21:12:00,52533,2026-08-14 22:12:00,52563,2026-08-15 00:12:00,52623,2026-08-15 04:12:00
52505,2026-08-14 20:20:00,test,52146,52505,360,24,0.15,52520,2026-08-14 21:20:00,52535,2026-08-14 22:20:00,52565,2026-08-15 00:20:00,52625,2026-08-15 04:20:00
52507,2026-08-14 20:28:00,test,52148,52507,360,24,0.15,52522,2026-08-14 21:28:00,52537,2026-08-14 22:28:00,52567,2026-08-15 00:28:00,52627,2026-08-15 04:28:00
52508,2026-08-14 20:32:00,test,52149,52508,360,24,0.15,52523,2026-08-14 21:32:00,52538,2026-08-14 22:32:00,52568,2026-08-15 00:32:00,52628,2026-08-15 04:32:00
