origin_index,origin_timestamp,split,history_start_index,history_end_index,history_steps,history_hours,maximum_interpolated_fraction,target_index_h60,target_timestamp_h60,target_index_h120,target_timestamp_h120,target_index_h240,target_timestamp_h240,target_index_h480,target_timestamp_h480
218,2026-03-25 00:40:00,train,147,218,72,24,0.15,221,2026-03-25 01:40:00,224,2026-03-25 02:40:00,230,2026-03-25 04:40:00,242,2026-03-25 08:40:00
233,2026-03-25 05:40:00,train,162,233,72,24,0.15,236,2026-03-25 06:40:00,239,2026-03-25 07:40:00,245,2026-03-25 09:40:00,257,2026-03-25 13:40:00
236,2026-03-25 06:40:00,train,165,236,72,24,0.15,239,2026-03-25 07:40:00,242,2026-03-25 08:40:00,248,2026-03-25 10:40:00,260,2026-03-25 14:40:00
1924,2026-04-17 17:20:00,train,1853,1924,72,24,0.15,1927,2026-04-17 18:20:00,1930,2026-04-17 19:20:00,1936,2026-04-17 21:20:00,1948,2026-04-18 01:20:00
1927,2026-04-17 18:20:00,train,1856,1927,72,24,0.15,1930,2026-04-17 19:20:00,1933,2026-04-17 20:20:00,1939,2026-04-17 22:20:00,1951,2026-04-18 02:20:00
1934,2026-04-17 20:40:00,train,1863,1934,72,24,0.15,1937,2026-04-17 21:40:00,1940,2026-04-17 22:40:00,1946,2026-04-18 00:40:00,1958,2026-04-18 04:40:00
1935,2026-04-17 21:00:00,train,1864,1935,72,24,0.15,1938,2026-04-17 22:00:00,1941,2026-04-17 23:00:00,1947,2026-04-18 01:00:00,1959,2026-04-18 05:00:00
1936,2026-04-17 21:20:00,train,1865,1936,72,24,0.15,1939,2026-04-17 22:20:00,1942,2026-04-17 23:20:00,1948,2026-04-18 01:20:00,1960,2026-04-18 05:20:00
1940,2026-04-17 22:40:00,train,1869,1940,72,24,0.15,1943,2026-04-17 23:40:00,1946,2026-04-18 00:40:00,1952,2026-04-18 02:40:00,1964,2026-04-18 06:40:00
1941,2026-04-17 23:00:00,train,1870,1941,72,24,0.15,1944,2026-04-18 00:00:00,1947,2026-04-18 01:00:00,1953,2026-04-18 03:00:00,1965,2026-04-18 07:00:00
1945,2026-04-18 00:20:00,train,1874,1945,72,24,0.15,1948,2026-04-18 01:20:00,1951,2026-04-18 02:20:00,1957,2026-04-18 04:20:00,1969,2026-04-18 08:20:00
1949,2026-04-18 01:40:00,train,1878,1949,72,24,0.15,1952,2026-04-18 02:40:00,1955,2026-04-18 03:40:00,1961,2026-04-18 05:40:00,1973,2026-04-18 09:40:00
1953,2026-04-18 03:00:00,train,1882,1953,72,24,0.15,1956,2026-04-18 04:00:00,1959,2026-04-18 05:00:00,1965,2026-04-18 07:00:00,1977,2026-04-18 11:00:00
2082,2026-04-19 22:00:00,train,2011,2082,72,24,0.15,2085,2026-04-19 23:00:00,2088,2026-04-20 00:00:00,2094,2026-04-20 02:00:00,2106,2026-04-20 06:00:00
2083,2026-04-19 22:20:00,train,2012,2083,72,24,0.15,2086,2026-04-19 23:20:00,2089,2026-04-20 00:20:00,2095,2026-04-20 02:20:00,2107,2026-04-20 06:20:00
2084,2026-04-19 22:40:00,train,2013,2084,72,24,0.15,2087,2026-04-19 23:40:00,2090,2026-04-20 00:40:00,2096,2026-04-20 02:40:00,2108,2026-04-20 06:40:00
2085,2026-04-19 23:00:00,train,2014,2085,72,24,0.15,2088,2026-04-20 00:00:00,2091,2026-04-20 01:00:00,2097,2026-04-20 03:00:00,2109,2026-04-20 07:00:00
2086,2026-04-19 23:20:00,train,2015,2086,72,24,0.15,2089,2026-04-20 00:20:00,2092,2026-04-20 01:20:00,2098,2026-04-20 03:20:00,2110,2026-04-20 07:20:00
2087,2026-04-19 23:40:00,train,2016,2087,72,24,0.15,2090,2026-04-20 00:40:00,2093,2026-04-20 01:40:00,2099,2026-04-20 03:40:00,2111,2026-04-20 07:40:00
2088,2026-04-20 00:00:00,train,2017,2088,72,24,0.15,2091,2026-04-20 01:00:00,2094,2026-04-20 02:00:00,2100,2026-04-20 04:00:00,2112,2026-04-20 08:00:00
2090,2026-04-20 00:40:00,train,2019,2090,72,24,0.15,2093,2026-04-20 01:40:00,2096,2026-04-20 02:40:00,2102,2026-04-20 04:40:00,2114,2026-04-20 08:40:00
2091,2026-04-20 01:00:00,train,2020,2091,72,24,0.15,2094,2026-04-20 02:00:00,2097,2026-04-20 03:00:00,2103,2026-04-20 05:00:00,2115,2026-04-20 09:00:00
2093,2026-04-20 01:40:00,train,2022,2093,72,24,0.15,2096,2026-04-20 02:40:00,2099,2026-04-20 03:40:00,2105,2026-04-20 05:40:00,2117,2026-04-20 09:40:00
2094,2026-04-20 02:00:00,train,2023,2094,72,24,0.15,2097,2026-04-20 03:00:00,2100,2026-04-20 04:00:00,2106,2026-04-20 06:00:00,2118,2026-04-20 10:00:00
2095,2026-04-20 02:20:00,train,2024,2095,72,24,0.15,2098,2026-04-20 03:20:00,2101,2026-04-20 04:20:00,2107,2026-04-20 06:20:00,2119,2026-04-20 10:20:00
2096,2026-04-20 02:40:00,train,2025,2096,72,24,0.15,2099,2026-04-20 03:40:00,2102,2026-04-20 04:40:00,2108,2026-04-20 06:40:00,2120,2026-04-20 10:40:00
2098,2026-04-20 03:20:00,train,2027,2098,72,24,0.15,2101,2026-04-20 04:20:00,2104,2026-04-20 05:20:00,2110,2026-04-20 07:20:00,2122,2026-04-20 11:20:00
2100,2026-04-20 04:00:00,train,2029,2100,72,24,0.15,2103,2026-04-20 05:00:00,2106,2026-04-20 06:00:00,2112,2026-04-20 08:00:00,2124,2026-04-20 12:00:00
2105,2026-04-20 05:40:00,train,2034,2105,72,24,0.15,2108,2026-04-20 06:40:00,2111,2026-04-20 07:40:00,2117,2026-04-20 09:40:00,2129,2026-04-20 13:40:00
2106,2026-04-20 06:00:00,train,2035,2106,72,24,0.15,2109,2026-04-20 07:00:00,2112,2026-04-20 08:00:00,2118,2026-04-20 10:00:00,2130,2026-04-20 14:00:00
2108,2026-04-20 06:40:00,train,2037,2108,72,24,0.15,2111,2026-04-20 07:40:00,2114,2026-04-20 08:40:00,2120,2026-04-20 10:40:00,2132,2026-04-20 14:40:00
2112,2026-04-20 08:00:00,train,2041,2112,72,24,0.15,2115,2026-04-20 09:00:00,2118,2026-04-20 10:00:00,2124,2026-04-20 12:00:00,2136,2026-04-20 16:00:00
2912,2026-05-01 10:40:00,train,2841,2912,72,24,0.15,2915,2026-05-01 11:40:00,2918,2026-05-01 12:40:00,2924,2026-05-01 14:40:00,2936,2026-05-01 18:40:00
2913,2026-05-01 11:00:00,train,2842,2913,72,24,0.15,2916,2026-05-01 12:00:00,2919,2026-05-01 13:00:00,2925,2026-05-01 15:00:00,2937,2026-05-01 19:00:00
2914,2026-05-01 11:20:00,train,2843,2914,72,24,0.15,2917,2026-05-01 12:20:00,2920,2026-05-01 13:20:00,2926,2026-05-01 15:20:00,2938,2026-05-01 19:20:00
2915,2026-05-01 11:40:00,train,2844,2915,72,24,0.15,2918,2026-05-01 12:40:00,2921,2026-05-01 13:40:00,2927,2026-05-01 15:40:00,2939,2026-05-01 19:40:00
2916,2026-05-01 12:00:00,train,2845,2916,72,24,0.15,2919,2026-05-01 13:00:00,2922,2026-05-01 14:00:00,2928,2026-05-01 16:00:00,2940,2026-05-01 20:00:00
2918,2026-05-01 12:40:00,train,2847,2918,72,24,0.15,2921,2026-05-01 13:40:00,2924,2026-05-01 14:40:00,2930,2026-05-01 16:40:00,2942,2026-05-01 20:40:00
2919,2026-05-01 13:00:00,train,2848,2919,72,24,0.15,2922,2026-05-01 14:00:00,2925,2026-05-01 15:00:00,2931,2026-05-01 17:00:00,2943,2026-05-01 21:00:00
2921,2026-05-01 13:40:00,train,2850,2921,72,24,0.15,2924,2026-05-01 14:40:00,2927,2026-05-01 15:40:00,2933,2026-05-01 17:40:00,2945,2026-05-01 21:40:00
2922,2026-05-01 14:00:00,train,2851,2922,72,24,0.15,2925,2026-05-01 15:00:00,2928,2026-05-01 16:00:00,2934,2026-05-01 18:00:00,2946,2026-05-01 22:00:00
2929,2026-05-01 16:20:00,train,2858,2929,72,24,0.15,2932,2026-05-01 17:20:00,2935,2026-05-01 18:20:00,2941,2026-05-01 20:20:00,2953,2026-05-02 00:20:00
2930,2026-05-01 16:40:00,train,2859,2930,72,24,0.15,2933,2026-05-01 17:40:00,2936,2026-05-01 18:40:00,2942,2026-05-01 20:40:00,2954,2026-05-02 00:40:00
2931,2026-05-01 17:00:00,train,2860,2931,72,24,0.15,2934,2026-05-01 18:00:00,2937,2026-05-01 19:00:00,2943,2026-05-01 21:00:00,2955,2026-05-02 01:00:00
2932,2026-05-01 17:20:00,train,2861,2932,72,24,0.15,2935,2026-05-01 18:20:00,2938,2026-05-01 19:20:00,2944,2026-05-01 21:20:00,2956,2026-05-02 01:20:00
2933,2026-05-01 17:40:00,train,2862,2933,72,24,0.15,2936,2026-05-01 18:40:00,2939,2026-05-01 19:40:00,2945,2026-05-01 21:40:00,2957,2026-05-02 01:40:00
2934,2026-05-01 18:00:00,train,2863,2934,72,24,0.15,2937,2026-05-01 19:00:00,2940,2026-05-01 20:00:00,2946,2026-05-01 22:00:00,2958,2026-05-02 02:00:00
4044,2026-05-17 04:00:00,train,3973,4044,72,24,0.15,4047,2026-05-17 05:00:00,4050,2026-05-17 06:00:00,4056,2026-05-17 08:00:00,4068,2026-05-17 12:00:00
4049,2026-05-17 05:40:00,train,3978,4049,72,24,0.15,4052,2026-05-17 06:40:00,4055,2026-05-17 07:40:00,4061,2026-05-17 09:40:00,4073,2026-05-17 13:40:00
4277,2026-05-20 09:40:00,train,4206,4277,72,24,0.15,4280,2026-05-20 10:40:00,4283,2026-05-20 11:40:00,4289,2026-05-20 13:40:00,4301,2026-05-20 17:40:00
4278,2026-05-20 10:00:00,train,4207,4278,72,24,0.15,4281,2026-05-20 11:00:00,4284,2026-05-20 12:00:00,4290,2026-05-20 14:00:00,4302,2026-05-20 18:00:00
4281,2026-05-20 11:00:00,train,4210,4281,72,24,0.15,4284,2026-05-20 12:00:00,4287,2026-05-20 13:00:00,4293,2026-05-20 15:00:00,4305,2026-05-20 19:00:00
4290,2026-05-20 14:00:00,train,4219,4290,72,24,0.15,4293,2026-05-20 15:00:00,4296,2026-05-20 16:00:00,4302,2026-05-20 18:00:00,4314,2026-05-20 22:00:00
4293,2026-05-20 15:00:00,train,4222,4293,72,24,0.15,4296,2026-05-20 16:00:00,4299,2026-05-20 17:00:00,4305,2026-05-20 19:00:00,4317,2026-05-20 23:00:00
4321,2026-05-21 00:20:00,train,4250,4321,72,24,0.15,4324,2026-05-21 01:20:00,4327,2026-05-21 02:20:00,4333,2026-05-21 04:20:00,4345,2026-05-21 08:20:00
4324,2026-05-21 01:20:00,train,4253,4324,72,24,0.15,4327,2026-05-21 02:20:00,4330,2026-05-21 03:20:00,4336,2026-05-21 05:20:00,4348,2026-05-21 09:20:00
4364,2026-05-21 14:40:00,train,4293,4364,72,24,0.15,4367,2026-05-21 15:40:00,4370,2026-05-21 16:40:00,4376,2026-05-21 18:40:00,4388,2026-05-21 22:40:00
4373,2026-05-21 17:40:00,train,4302,4373,72,24,0.15,4376,2026-05-21 18:40:00,4379,2026-05-21 19:40:00,4385,2026-05-21 21:40:00,4397,2026-05-22 01:40:00
4386,2026-05-21 22:00:00,train,4315,4386,72,24,0.15,4389,2026-05-21 23:00:00,4392,2026-05-22 00:00:00,4398,2026-05-22 02:00:00,4410,2026-05-22 06:00:00
4944,2026-05-29 16:00:00,train,4873,4944,72,24,0.15,4947,2026-05-29 17:00:00,4950,2026-05-29 18:00:00,4956,2026-05-29 20:00:00,4968,2026-05-30 00:00:00
4945,2026-05-29 16:20:00,train,4874,4945,72,24,0.15,4948,2026-05-29 17:20:00,4951,2026-05-29 18:20:00,4957,2026-05-29 20:20:00,4969,2026-05-30 00:20:00
4946,2026-05-29 16:40:00,train,4875,4946,72,24,0.15,4949,2026-05-29 17:40:00,4952,2026-05-29 18:40:00,4958,2026-05-29 20:40:00,4970,2026-05-30 00:40:00
4947,2026-05-29 17:00:00,train,4876,4947,72,24,0.15,4950,2026-05-29 18:00:00,4953,2026-05-29 19:00:00,4959,2026-05-29 21:00:00,4971,2026-05-30 01:00:00
4948,2026-05-29 17:20:00,train,4877,4948,72,24,0.15,4951,2026-05-29 18:20:00,4954,2026-05-29 19:20:00,4960,2026-05-29 21:20:00,4972,2026-05-30 01:20:00
4949,2026-05-29 17:40:00,train,4878,4949,72,24,0.15,4952,2026-05-29 18:40:00,4955,2026-05-29 19:40:00,4961,2026-05-29 21:40:00,4973,2026-05-30 01:40:00
4950,2026-05-29 18:00:00,train,4879,4950,72,24,0.15,4953,2026-05-29 19:00:00,4956,2026-05-29 20:00:00,4962,2026-05-29 22:00:00,4974,2026-05-30 02:00:00
4951,2026-05-29 18:20:00,train,4880,4951,72,24,0.15,4954,2026-05-29 19:20:00,4957,2026-05-29 20:20:00,4963,2026-05-29 22:20:00,4975,2026-05-30 02:20:00
4952,2026-05-29 18:40:00,train,4881,4952,72,24,0.15,4955,2026-05-29 19:40:00,4958,2026-05-29 20:40:00,4964,2026-05-29 22:40:00,4976,2026-05-30 02:40:00
4953,2026-05-29 19:00:00,train,4882,4953,72,24,0.15,4956,2026-05-29 20:00:00,4959,2026-05-29 21:00:00,4965,2026-05-29 23:00:00,4977,2026-05-30 03:00:00
4954,2026-05-29 19:20:00,train,4883,4954,72,24,0.15,4957,2026-05-29 20:20:00,4960,2026-05-29 21:20:00,4966,2026-05-29 23:20:00,4978,2026-05-30 03:20:00
4955,2026-05-29 19:40:00,train,4884,4955,72,24,0.15,4958,2026-05-29 20:40:00,4961,2026-05-29 21:40:00,4967,2026-05-29 23:40:00,4979,2026-05-30 03:40:00
4956,2026-05-29 20:00:00,train,4885,4956,72,24,0.15,4959,2026-05-29 21:00:00,4962,2026-05-29 22:00:00,4968,2026-05-30 00:00:00,4980,2026-05-30 04:00:00
4957,2026-05-29 20:20:00,train,4886,4957,72,24,0.15,4960,2026-05-29 21:20:00,4963,2026-05-29 22:20:00,4969,2026-05-30 00:20:00,4981,2026-05-30 04:20:00
4958,2026-05-29 20:40:00,train,4887,4958,72,24,0.15,4961,2026-05-29 21:40:00,4964,2026-05-29 22:40:00,4970,2026-05-30 00:40:00,4982,2026-05-30 04:40:00
4959,2026-05-29 21:00:00,train,4888,4959,72,24,0.15,4962,2026-05-29 22:00:00,4965,2026-05-29 23:00:00,4971,2026-05-30 01:00:00,4983,2026-05-30 05:00:00
4960,2026-05-29 21:20:00,train,4889,4960,72,24,0.15,4963,2026-05-29 22:20:00,4966,2026-05-29 23:20:00,4972,2026-05-30 01:20:00,4984,2026-05-30 05:20:00
4961,2026-05-29 21:40:00,train,4890,4961,72,24,0.15,4964,2026-05-29 22:40:00,4967,2026-05-29 23:40:00,4973,2026-05-30 01:40:00,4985,2026-05-30 05:40:00
4962,2026-05-29 22:00:00,train,4891,4962,72,24,0.15,4965,2026-05-29 23:00:00,4968,2026-05-30 00:00:00,4974,2026-05-30 02:00:00,4986,2026-05-30 06:00:00
4963,2026-05-29 22:20:00,train,4892,4963,72,24,0.15,4966,2026-05-29 23:20:00,4969,2026-05-30 00:20:00,4975,2026-05-30 02:20:00,4987,2026-05-30 06:20:00
4964,2026-05-29 22:40:00,train,4893,4964,72,24,0.15,4967,2026-05-29 23:40:00,4970,2026-05-30 00:40:00,4976,2026-05-30 02:40:00,4988,2026-05-30 06:40:00
4965,2026-05-29 23:00:00,train,4894,4965,72,24,0.15,4968,2026-05-30 00:00:00,4971,2026-05-30 01:00:00,4977,2026-05-30 03:00:00,4989,2026-05-30 07:00:00
4966,2026-05-29 23:20:00,train,4895,4966,72,24,0.15,4969,2026-05-30 00:20:00,4972,2026-05-30 01:20:00,4978,2026-05-30 03:20:00,4990,2026-05-30 07:20:00
4967,2026-05-29 23:40:00,train,4896,4967,72,24,0.15,4970,2026-05-30 00:40:00,4973,2026-05-30 01:40:00,4979,2026-05-30 03:40:00,4991,2026-05-30 07:40:00
4968,2026-05-30 00:00:00,train,4897,4968,72,24,0.15,4971,2026-05-30 01:00:00,4974,2026-05-30 02:00:00,4980,2026-05-30 04:00:00,4992,2026-05-30 08:00:00
4969,2026-05-30 00:20:00,train,4898,4969,72,24,0.15,4972,2026-05-30 01:20:00,4975,2026-05-30 02:20:00,4981,2026-05-30 04:20:00,4993,2026-05-30 08:20:00
4970,2026-05-30 00:40:00,train,4899,4970,72,24,0.15,4973,2026-05-30 01:40:00,4976,2026-05-30 02:40:00,4982,2026-05-30 04:40:00,4994,2026-05-30 08:40:00
4971,2026-05-30 01:00:00,train,4900,4971,72,24,0.15,4974,2026-05-30 02:00:00,4977,2026-05-30 03:00:00,4983,2026-05-30 05:00:00,4995,2026-05-30 09:00:00
4973,2026-05-30 01:40:00,train,4902,4973,72,24,0.15,4976,2026-05-30 02:40:00,4979,2026-05-30 03:40:00,4985,2026-05-30 05:40:00,4997,2026-05-30 09:40:00
4974,2026-05-30 02:00:00,train,4903,4974,72,24,0.15,4977,2026-05-30 03:00:00,4980,2026-05-30 04:00:00,4986,2026-05-30 06:00:00,4998,2026-05-30 10:00:00
4975,2026-05-30 02:20:00,train,4904,4975,72,24,0.15,4978,2026-05-30 03:20:00,4981,2026-05-30 04:20:00,4987,2026-05-30 06:20:00,4999,2026-05-30 10:20:00
4978,2026-05-30 03:20:00,train,4907,4978,72,24,0.15,4981,2026-05-30 04:20:00,4984,2026-05-30 05:20:00,4990,2026-05-30 07:20:00,5002,2026-05-30 11:20:00
4980,2026-05-30 04:00:00,train,4909,4980,72,24,0.15,4983,2026-05-30 05:00:00,4986,2026-05-30 06:00:00,4992,2026-05-30 08:00:00,5004,2026-05-30 12:00:00
4983,2026-05-30 05:00:00,train,4912,4983,72,24,0.15,4986,2026-05-30 06:00:00,4989,2026-05-30 07:00:00,4995,2026-05-30 09:00:00,5007,2026-05-30 13:00:00
4985,2026-05-30 05:40:00,train,4914,4985,72,24,0.15,4988,2026-05-30 06:40:00,4991,2026-05-30 07:40:00,4997,2026-05-30 09:40:00,5009,2026-05-30 13:40:00
4987,2026-05-30 06:20:00,train,4916,4987,72,24,0.15,4990,2026-05-30 07:20:00,4993,2026-05-30 08:20:00,4999,2026-05-30 10:20:00,5011,2026-05-30 14:20:00
4992,2026-05-30 08:00:00,train,4921,4992,72,24,0.15,4995,2026-05-30 09:00:00,4998,2026-05-30 10:00:00,5004,2026-05-30 12:00:00,5016,2026-05-30 16:00:00
4996,2026-05-30 09:20:00,train,4925,4996,72,24,0.15,4999,2026-05-30 10:20:00,5002,2026-05-30 11:20:00,5008,2026-05-30 13:20:00,5020,2026-05-30 17:20:00
5001,2026-05-30 11:00:00,train,4930,5001,72,24,0.15,5004,2026-05-30 12:00:00,5007,2026-05-30 13:00:00,5013,2026-05-30 15:00:00,5025,2026-05-30 19:00:00
5006,2026-05-30 12:40:00,train,4935,5006,72,24,0.15,5009,2026-05-30 13:40:00,5012,2026-05-30 14:40:00,5018,2026-05-30 16:40:00,5030,2026-05-30 20:40:00
5008,2026-05-30 13:20:00,train,4937,5008,72,24,0.15,5011,2026-05-30 14:20:00,5014,2026-05-30 15:20:00,5020,2026-05-30 17:20:00,5032,2026-05-30 21:20:00
5010,2026-05-30 14:00:00,train,4939,5010,72,24,0.15,5013,2026-05-30 15:00:00,5016,2026-05-30 16:00:00,5022,2026-05-30 18:00:00,5034,2026-05-30 22:00:00
5013,2026-05-30 15:00:00,train,4942,5013,72,24,0.15,5016,2026-05-30 16:00:00,5019,2026-05-30 17:00:00,5025,2026-05-30 19:00:00,5037,2026-05-30 23:00:00
5014,2026-05-30 15:20:00,train,4943,5014,72,24,0.15,5017,2026-05-30 16:20:00,5020,2026-05-30 17:20:00,5026,2026-05-30 19:20:00,5038,2026-05-30 23:20:00
5016,2026-05-30 16:00:00,train,4945,5016,72,24,0.15,5019,2026-05-30 17:00:00,5022,2026-05-30 18:00:00,5028,2026-05-30 20:00:00,5040,2026-05-31 00:00:00
5018,2026-05-30 16:40:00,train,4947,5018,72,24,0.15,5021,2026-05-30 17:40:00,5024,2026-05-30 18:40:00,5030,2026-05-30 20:40:00,5042,2026-05-31 00:40:00
5019,2026-05-30 17:00:00,train,4948,5019,72,24,0.15,5022,2026-05-30 18:00:00,5025,2026-05-30 19:00:00,5031,2026-05-30 21:00:00,5043,2026-05-31 01:00:00
5022,2026-05-30 18:00:00,train,4951,5022,72,24,0.15,5025,2026-05-30 19:00:00,5028,2026-05-30 20:00:00,5034,2026-05-30 22:00:00,5046,2026-05-31 02:00:00
5027,2026-05-30 19:40:00,train,4956,5027,72,24,0.15,5030,2026-05-30 20:40:00,5033,2026-05-30 21:40:00,5039,2026-05-30 23:40:00,5051,2026-05-31 03:40:00
5030,2026-05-30 20:40:00,train,4959,5030,72,24,0.15,5033,2026-05-30 21:40:00,5036,2026-05-30 22:40:00,5042,2026-05-31 00:40:00,5054,2026-05-31 04:40:00
5031,2026-05-30 21:00:00,train,4960,5031,72,24,0.15,5034,2026-05-30 22:00:00,5037,2026-05-30 23:00:00,5043,2026-05-31 01:00:00,5055,2026-05-31 05:00:00
5034,2026-05-30 22:00:00,train,4963,5034,72,24,0.15,5037,2026-05-30 23:00:00,5040,2026-05-31 00:00:00,5046,2026-05-31 02:00:00,5058,2026-05-31 06:00:00
6592,2026-06-21 13:20:00,train,6521,6592,72,24,0.15,6595,2026-06-21 14:20:00,6598,2026-06-21 15:20:00,6604,2026-06-21 17:20:00,6616,2026-06-21 21:20:00
6596,2026-06-21 14:40:00,train,6525,6596,72,24,0.15,6599,2026-06-21 15:40:00,6602,2026-06-21 16:40:00,6608,2026-06-21 18:40:00,6620,2026-06-21 22:40:00
6601,2026-06-21 16:20:00,train,6530,6601,72,24,0.15,6604,2026-06-21 17:20:00,6607,2026-06-21 18:20:00,6613,2026-06-21 20:20:00,6625,2026-06-22 00:20:00
6604,2026-06-21 17:20:00,train,6533,6604,72,24,0.15,6607,2026-06-21 18:20:00,6610,2026-06-21 19:20:00,6616,2026-06-21 21:20:00,6628,2026-06-22 01:20:00
7021,2026-06-27 12:20:00,train,6950,7021,72,24,0.15,7024,2026-06-27 13:20:00,7027,2026-06-27 14:20:00,7033,2026-06-27 16:20:00,7045,2026-06-27 20:20:00
7023,2026-06-27 13:00:00,train,6952,7023,72,24,0.15,7026,2026-06-27 14:00:00,7029,2026-06-27 15:00:00,7035,2026-06-27 17:00:00,7047,2026-06-27 21:00:00
7026,2026-06-27 14:00:00,train,6955,7026,72,24,0.15,7029,2026-06-27 15:00:00,7032,2026-06-27 16:00:00,7038,2026-06-27 18:00:00,7050,2026-06-27 22:00:00
7028,2026-06-27 14:40:00,train,6957,7028,72,24,0.15,7031,2026-06-27 15:40:00,7034,2026-06-27 16:40:00,7040,2026-06-27 18:40:00,7052,2026-06-27 22:40:00
7029,2026-06-27 15:00:00,train,6958,7029,72,24,0.15,7032,2026-06-27 16:00:00,7035,2026-06-27 17:00:00,7041,2026-06-27 19:00:00,7053,2026-06-27 23:00:00
7030,2026-06-27 15:20:00,train,6959,7030,72,24,0.15,7033,2026-06-27 16:20:00,7036,2026-06-27 17:20:00,7042,2026-06-27 19:20:00,7054,2026-06-27 23:20:00
7032,2026-06-27 16:00:00,train,6961,7032,72,24,0.15,7035,2026-06-27 17:00:00,7038,2026-06-27 18:00:00,7044,2026-06-27 20:00:00,7056,2026-06-28 00:00:00
7035,2026-06-27 17:00:00,train,6964,7035,72,24,0.15,7038,2026-06-27 18:00:00,7041,2026-06-27 19:00:00,7047,2026-06-27 21:00:00,7059,2026-06-28 01:00:00
7036,2026-06-27 17:20:00,train,6965,7036,72,24,0.15,7039,2026-06-27 18:20:00,7042,2026-06-27 19:20:00,7048,2026-06-27 21:20:00,7060,2026-06-28 01:20:00
7038,2026-06-27 18:00:00,train,6967,7038,72,24,0.15,7041,2026-06-27 19:00:00,7044,2026-06-27 20:00:00,7050,2026-06-27 22:00:00,7062,2026-06-28 02:00:00
7041,2026-06-27 19:00:00,train,6970,7041,72,24,0.15,7044,2026-06-27 20:00:00,7047,2026-06-27 21:00:00,7053,2026-06-27 23:00:00,7065,2026-06-28 03:00:00
7042,2026-06-27 19:20:00,train,6971,7042,72,24,0.15,7045,2026-06-27 20:20:00,7048,2026-06-27 21:20:00,7054,2026-06-27 23:20:00,7066,2026-06-28 03:20:00
7047,2026-06-27 21:00:00,train,6976,7047,72,24,0.15,7050,2026-06-27 22:00:00,7053,2026-06-27 23:00:00,7059,2026-06-28 01:00:00,7071,2026-06-28 05:00:00
7049,2026-06-27 21:40:00,train,6978,7049,72,24,0.15,7052,2026-06-27 22:40:00,7055,2026-06-27 23:40:00,7061,2026-06-28 01:40:00,7073,2026-06-28 05:40:00
7050,2026-06-27 22:00:00,train,6979,7050,72,24,0.15,7053,2026-06-27 23:00:00,7056,2026-06-28 00:00:00,7062,2026-06-28 02:00:00,7074,2026-06-28 06:00:00
7058,2026-06-28 00:40:00,train,6987,7058,72,24,0.15,7061,2026-06-28 01:40:00,7064,2026-06-28 02:40:00,7070,2026-06-28 04:40:00,7082,2026-06-28 08:40:00
7059,2026-06-28 01:00:00,train,6988,7059,72,24,0.15,7062,2026-06-28 02:00:00,7065,2026-06-28 03:00:00,7071,2026-06-28 05:00:00,7083,2026-06-28 09:00:00
7060,2026-06-28 01:20:00,train,6989,7060,72,24,0.15,7063,2026-06-28 02:20:00,7066,2026-06-28 03:20:00,7072,2026-06-28 05:20:00,7084,2026-06-28 09:20:00
7061,2026-06-28 01:40:00,train,6990,7061,72,24,0.15,7064,2026-06-28 02:40:00,7067,2026-06-28 03:40:00,7073,2026-06-28 05:40:00,7085,2026-06-28 09:40:00
7063,2026-06-28 02:20:00,train,6992,7063,72,24,0.15,7066,2026-06-28 03:20:00,7069,2026-06-28 04:20:00,7075,2026-06-28 06:20:00,7087,2026-06-28 10:20:00
7064,2026-06-28 02:40:00,train,6993,7064,72,24,0.15,7067,2026-06-28 03:40:00,7070,2026-06-28 04:40:00,7076,2026-06-28 06:40:00,7088,2026-06-28 10:40:00
7066,2026-06-28 03:20:00,train,6995,7066,72,24,0.15,7069,2026-06-28 04:20:00,7072,2026-06-28 05:20:00,7078,2026-06-28 07:20:00,7090,2026-06-28 11:20:00
7070,2026-06-28 04:40:00,train,6999,7070,72,24,0.15,7073,2026-06-28 05:40:00,7076,2026-06-28 06:40:00,7082,2026-06-28 08:40:00,7094,2026-06-28 12:40:00
7072,2026-06-28 05:20:00,train,7001,7072,72,24,0.15,7075,2026-06-28 06:20:00,7078,2026-06-28 07:20:00,7084,2026-06-28 09:20:00,7096,2026-06-28 13:20:00
7153,2026-06-29 08:20:00,train,7082,7153,72,24,0.15,7156,2026-06-29 09:20:00,7159,2026-06-29 10:20:00,7165,2026-06-29 12:20:00,7177,2026-06-29 16:20:00
7168,2026-06-29 13:20:00,train,7097,7168,72,24,0.15,7171,2026-06-29 14:20:00,7174,2026-06-29 15:20:00,7180,2026-06-29 17:20:00,7192,2026-06-29 21:20:00
7173,2026-06-29 15:00:00,train,7102,7173,72,24,0.15,7176,2026-06-29 16:00:00,7179,2026-06-29 17:00:00,7185,2026-06-29 19:00:00,7197,2026-06-29 23:00:00
7174,2026-06-29 15:20:00,train,7103,7174,72,24,0.15,7177,2026-06-29 16:20:00,7180,2026-06-29 17:20:00,7186,2026-06-29 19:20:00,7198,2026-06-29 23:20:00
7175,2026-06-29 15:40:00,train,7104,7175,72,24,0.15,7178,2026-06-29 16:40:00,7181,2026-06-29 17:40:00,7187,2026-06-29 19:40:00,7199,2026-06-29 23:40:00
7256,2026-06-30 18:40:00,train,7185,7256,72,24,0.15,7259,2026-06-30 19:40:00,7262,2026-06-30 20:40:00,7268,2026-06-30 22:40:00,7280,2026-07-01 02:40:00
7266,2026-06-30 22:00:00,train,7195,7266,72,24,0.15,7269,2026-06-30 23:00:00,7272,2026-07-01 00:00:00,7278,2026-07-01 02:00:00,7290,2026-07-01 06:00:00
7919,2026-07-09 23:40:00,validation,7848,7919,72,24,0.15,7922,2026-07-10 00:40:00,7925,2026-07-10 01:40:00,7931,2026-07-10 03:40:00,7943,2026-07-10 07:40:00
7925,2026-07-10 01:40:00,validation,7854,7925,72,24,0.15,7928,2026-07-10 02:40:00,7931,2026-07-10 03:40:00,7937,2026-07-10 05:40:00,7949,2026-07-10 09:40:00
7934,2026-07-10 04:40:00,validation,7863,7934,72,24,0.15,7937,2026-07-10 05:40:00,7940,2026-07-10 06:40:00,7946,2026-07-10 08:40:00,7958,2026-07-10 12:40:00
7937,2026-07-10 05:40:00,validation,7866,7937,72,24,0.15,7940,2026-07-10 06:40:00,7943,2026-07-10 07:40:00,7949,2026-07-10 09:40:00,7961,2026-07-10 13:40:00
7940,2026-07-10 06:40:00,validation,7869,7940,72,24,0.15,7943,2026-07-10 07:40:00,7946,2026-07-10 08:40:00,7952,2026-07-10 10:40:00,7964,2026-07-10 14:40:00
7965,2026-07-10 15:00:00,validation,7894,7965,72,24,0.15,7968,2026-07-10 16:00:00,7971,2026-07-10 17:00:00,7977,2026-07-10 19:00:00,7989,2026-07-10 23:00:00
7966,2026-07-10 15:20:00,validation,7895,7966,72,24,0.15,7969,2026-07-10 16:20:00,7972,2026-07-10 17:20:00,7978,2026-07-10 19:20:00,7990,2026-07-10 23:20:00
7967,2026-07-10 15:40:00,validation,7896,7967,72,24,0.15,7970,2026-07-10 16:40:00,7973,2026-07-10 17:40:00,7979,2026-07-10 19:40:00,7991,2026-07-10 23:40:00
7968,2026-07-10 16:00:00,validation,7897,7968,72,24,0.15,7971,2026-07-10 17:00:00,7974,2026-07-10 18:00:00,7980,2026-07-10 20:00:00,7992,2026-07-11 00:00:00
7969,2026-07-10 16:20:00,validation,7898,7969,72,24,0.15,7972,2026-07-10 17:20:00,7975,2026-07-10 18:20:00,7981,2026-07-10 20:20:00,7993,2026-07-11 00:20:00
7971,2026-07-10 17:00:00,validation,7900,7971,72,24,0.15,7974,2026-07-10 18:00:00,7977,2026-07-10 19:00:00,7983,2026-07-10 21:00:00,7995,2026-07-11 01:00:00
7972,2026-07-10 17:20:00,validation,7901,7972,72,24,0.15,7975,2026-07-10 18:20:00,7978,2026-07-10 19:20:00,7984,2026-07-10 21:20:00,7996,2026-07-11 01:20:00
7973,2026-07-10 17:40:00,validation,7902,7973,72,24,0.15,7976,2026-07-10 18:40:00,7979,2026-07-10 19:40:00,7985,2026-07-10 21:40:00,7997,2026-07-11 01:40:00
7974,2026-07-10 18:00:00,validation,7903,7974,72,24,0.15,7977,2026-07-10 19:00:00,7980,2026-07-10 20:00:00,7986,2026-07-10 22:00:00,7998,2026-07-11 02:00:00
7975,2026-07-10 18:20:00,validation,7904,7975,72,24,0.15,7978,2026-07-10 19:20:00,7981,2026-07-10 20:20:00,7987,2026-07-10 22:20:00,7999,2026-07-11 02:20:00
7976,2026-07-10 18:40:00,validation,7905,7976,72,24,0.15,7979,2026-07-10 19:40:00,7982,2026-07-10 20:40:00,7988,2026-07-10 22:40:00,8000,2026-07-11 02:40:00
7977,2026-07-10 19:00:00,validation,7906,7977,72,24,0.15,7980,2026-07-10 20:00:00,7983,2026-07-10 21:00:00,7989,2026-07-10 23:00:00,8001,2026-07-11 03:00:00
7978,2026-07-10 19:20:00,validation,7907,7978,72,24,0.15,7981,2026-07-10 20:20:00,7984,2026-07-10 21:20:00,7990,2026-07-10 23:20:00,8002,2026-07-11 03:20:00
7980,2026-07-10 20:00:00,validation,7909,7980,72,24,0.15,7983,2026-07-10 21:00:00,7986,2026-07-10 22:00:00,7992,2026-07-11 00:00:00,8004,2026-07-11 04:00:00
7981,2026-07-10 20:20:00,validation,7910,7981,72,24,0.15,7984,2026-07-10 21:20:00,7987,2026-07-10 22:20:00,7993,2026-07-11 00:20:00,8005,2026-07-11 04:20:00
7985,2026-07-10 21:40:00,validation,7914,7985,72,24,0.15,7988,2026-07-10 22:40:00,7991,2026-07-10 23:40:00,7997,2026-07-11 01:40:00,8009,2026-07-11 05:40:00
7986,2026-07-10 22:00:00,validation,7915,7986,72,24,0.15,7989,2026-07-10 23:00:00,7992,2026-07-11 00:00:00,7998,2026-07-11 02:00:00,8010,2026-07-11 06:00:00
7987,2026-07-10 22:20:00,validation,7916,7987,72,24,0.15,7990,2026-07-10 23:20:00,7993,2026-07-11 00:20:00,7999,2026-07-11 02:20:00,8011,2026-07-11 06:20:00
7989,2026-07-10 23:00:00,validation,7918,7989,72,24,0.15,7992,2026-07-11 00:00:00,7995,2026-07-11 01:00:00,8001,2026-07-11 03:00:00,8013,2026-07-11 07:00:00
7990,2026-07-10 23:20:00,validation,7919,7990,72,24,0.15,7993,2026-07-11 00:20:00,7996,2026-07-11 01:20:00,8002,2026-07-11 03:20:00,8014,2026-07-11 07:20:00
7992,2026-07-11 00:00:00,validation,7921,7992,72,24,0.15,7995,2026-07-11 01:00:00,7998,2026-07-11 02:00:00,8004,2026-07-11 04:00:00,8016,2026-07-11 08:00:00
7993,2026-07-11 00:20:00,validation,7922,7993,72,24,0.15,7996,2026-07-11 01:20:00,7999,2026-07-11 02:20:00,8005,2026-07-11 04:20:00,8017,2026-07-11 08:20:00
7994,2026-07-11 00:40:00,validation,7923,7994,72,24,0.15,7997,2026-07-11 01:40:00,8000,2026-07-11 02:40:00,8006,2026-07-11 04:40:00,8018,2026-07-11 08:40:00
7998,2026-07-11 02:00:00,validation,7927,7998,72,24,0.15,8001,2026-07-11 03:00:00,8004,2026-07-11 04:00:00,8010,2026-07-11 06:00:00,8022,2026-07-11 10:00:00
7999,2026-07-11 02:20:00,validation,7928,7999,72,24,0.15,8002,2026-07-11 03:20:00,8005,2026-07-11 04:20:00,8011,2026-07-11 06:20:00,8023,2026-07-11 10:20:00
8003,2026-07-11 03:40:00,validation,7932,8003,72,24,0.15,8006,2026-07-11 04:40:00,8009,2026-07-11 05:40:00,8015,2026-07-11 07:40:00,8027,2026-07-11 11:40:00
8006,2026-07-11 04:40:00,validation,7935,8006,72,24,0.15,8009,2026-07-11 05:40:00,8012,2026-07-11 06:40:00,8018,2026-07-11 08:40:00,8030,2026-07-11 12:40:00
8007,2026-07-11 05:00:00,validation,7936,8007,72,24,0.15,8010,2026-07-11 06:00:00,8013,2026-07-11 07:00:00,8019,2026-07-11 09:00:00,8031,2026-07-11 13:00:00
8008,2026-07-11 05:20:00,validation,7937,8008,72,24,0.15,8011,2026-07-11 06:20:00,8014,2026-07-11 07:20:00,8020,2026-07-11 09:20:00,8032,2026-07-11 13:20:00
8009,2026-07-11 05:40:00,validation,7938,8009,72,24,0.15,8012,2026-07-11 06:40:00,8015,2026-07-11 07:40:00,8021,2026-07-11 09:40:00,8033,2026-07-11 13:40:00
8011,2026-07-11 06:20:00,validation,7940,8011,72,24,0.15,8014,2026-07-11 07:20:00,8017,2026-07-11 08:20:00,8023,2026-07-11 10:20:00,8035,2026-07-11 14:20:00
8012,2026-07-11 06:40:00,validation,7941,8012,72,24,0.15,8015,2026-07-11 07:40:00,8018,2026-07-11 08:40:00,8024,2026-07-11 10:40:00,8036,2026-07-11 14:40:00
8013,2026-07-11 07:00:00,validation,7942,8013,72,24,0.15,8016,2026-07-11 08:00:00,8019,2026-07-11 09:00:00,8025,2026-07-11 11:00:00,8037,2026-07-11 15:00:00
8014,2026-07-11 07:20:00,validation,7943,8014,72,24,0.15,8017,2026-07-11 08:20:00,8020,2026-07-11 09:20:00,8026,2026-07-11 11:20:00,8038,2026-07-11 15:20:00
8015,2026-07-11 07:40:00,validation,7944,8015,72,24,0.15,8018,2026-07-11 08:40:00,8021,2026-07-11 09:40:00,8027,2026-07-11 11:40:00,8039,2026-07-11 15:40:00
8016,2026-07-11 08:00:00,validation,7945,8016,72,24,0.15,8019,2026-07-11 09:00:00,8022,2026-07-11 10:00:00,8028,2026-07-11 12:00:00,8040,2026-07-11 16:00:00
8017,2026-07-11 08:20:00,validation,7946,8017,72,24,0.15,8020,2026-07-11 09:20:00,8023,2026-07-11 10:20:00,8029,2026-07-11 12:20:00,8041,2026-07-11 16:20:00
8018,2026-07-11 08:40:00,validation,7947,8018,72,24,0.15,8021,2026-07-11 09:40:00,8024,2026-07-11 10:40:00,8030,2026-07-11 12:40:00,8042,2026-07-11 16:40:00
8019,2026-07-11 09:00:00,validation,7948,8019,72,24,0.15,8022,2026-07-11 10:00:00,8025,2026-07-11 11:00:00,8031,2026-07-11 13:00:00,8043,2026-07-11 17:00:00
8020,2026-07-11 09:20:00,validation,7949,8020,72,24,0.15,8023,2026-07-11 10:20:00,8026,2026-07-11 11:20:00,8032,2026-07-11 13:20:00,8044,2026-07-11 17:20:00
8021,2026-07-11 09:40:00,validation,7950,8021,72,24,0.15,8024,2026-07-11 10:40:00,8027,2026-07-11 11:40:00,8033,2026-07-11 13:40:00,8045,2026-07-11 17:40:00
8023,2026-07-11 10:20:00,validation,7952,8023,72,24,0.15,8026,2026-07-11 11:20:00,8029,2026-07-11 12:20:00,8035,2026-07-11 14:20:00,8047,2026-07-11 18:20:00
8024,2026-07-11 10:40:00,validation,7953,8024,72,24,0.15,8027,2026-07-11 11:40:00,8030,2026-07-11 12:40:00,8036,2026-07-11 14:40:00,8048,2026-07-11 18:40:00
8025,2026-07-11 11:00:00,validation,7954,8025,72,24,0.15,8028,2026-07-11 12:00:00,8031,2026-07-11 13:00:00,8037,2026-07-11 15:00:00,8049,2026-07-11 19:00:00
8026,2026-07-11 11:20:00,validation,7955,8026,72,24,0.15,8029,2026-07-11 12:20:00,8032,2026-07-11 13:20:00,8038,2026-07-11 15:20:00,8050,2026-07-11 19:20:00
8027,2026-07-11 11:40:00,validation,7956,8027,72,24,0.15,8030,2026-07-11 12:40:00,8033,2026-07-11 13:40:00,8039,2026-07-11 15:40:00,8051,2026-07-11 19:40:00
8029,2026-07-11 12:20:00,validation,7958,8029,72,24,0.15,8032,2026-07-11 13:20:00,8035,2026-07-11 14:20:00,8041,2026-07-11 16:20:00,8053,2026-07-11 20:20:00
8030,2026-07-11 12:40:00,validation,7959,8030,72,24,0.15,8033,2026-07-11 13:40:00,8036,2026-07-11 14:40:00,8042,2026-07-11 16:40:00,8054,2026-07-11 20:40:00
8032,2026-07-11 13:20:00,validation,7961,8032,72,24,0.15,8035,2026-07-11 14:20:00,8038,2026-07-11 15:20:00,8044,2026-07-11 17:20:00,8056,2026-07-11 21:20:00
8033,2026-07-11 13:40:00,validation,7962,8033,72,24,0.15,8036,2026-07-11 14:40:00,8039,2026-07-11 15:40:00,8045,2026-07-11 17:40:00,8057,2026-07-11 21:40:00
8034,2026-07-11 14:00:00,validation,7963,8034,72,24,0.15,8037,2026-07-11 15:00:00,8040,2026-07-11 16:00:00,8046,2026-07-11 18:00:00,8058,2026-07-11 22:00:00
8035,2026-07-11 14:20:00,validation,7964,8035,72,24,0.15,8038,2026-07-11 15:20:00,8041,2026-07-11 16:20:00,8047,2026-07-11 18:20:00,8059,2026-07-11 22:20:00
8036,2026-07-11 14:40:00,validation,7965,8036,72,24,0.15,8039,2026-07-11 15:40:00,8042,2026-07-11 16:40:00,8048,2026-07-11 18:40:00,8060,2026-07-11 22:40:00
8037,2026-07-11 15:00:00,validation,7966,8037,72,24,0.15,8040,2026-07-11 16:00:00,8043,2026-07-11 17:00:00,8049,2026-07-11 19:00:00,8061,2026-07-11 23:00:00
8038,2026-07-11 15:20:00,validation,7967,8038,72,24,0.15,8041,2026-07-11 16:20:00,8044,2026-07-11 17:20:00,8050,2026-07-11 19:20:00,8062,2026-07-11 23:20:00
8039,2026-07-11 15:40:00,validation,7968,8039,72,24,0.15,8042,2026-07-11 16:40:00,8045,2026-07-11 17:40:00,8051,2026-07-11 19:40:00,8063,2026-07-11 23:40:00
8040,2026-07-11 16:00:00,validation,7969,8040,72,24,0.15,8043,2026-07-11 17:00:00,8046,2026-07-11 18:00:00,8052,2026-07-11 20:00:00,8064,2026-07-12 00:00:00
8042,2026-07-11 16:40:00,validation,7971,8042,72,24,0.15,8045,2026-07-11 17:40:00,8048,2026-07-11 18:40:00,8054,2026-07-11 20:40:00,8066,2026-07-12 00:40:00
8043,2026-07-11 17:00:00,validation,7972,8043,72,24,0.15,8046,2026-07-11 18:00:00,8049,2026-07-11 19:00:00,8055,2026-07-11 21:00:00,8067,2026-07-12 01:00:00
8044,2026-07-11 17:20:00,validation,7973,8044,72,24,0.15,8047,2026-07-11 18:20:00,8050,2026-07-11 19:20:00,8056,2026-07-11 21:20:00,8068,2026-07-12 01:20:00
8045,2026-07-11 17:40:00,validation,7974,8045,72,24,0.15,8048,2026-07-11 18:40:00,8051,2026-07-11 19:40:00,8057,2026-07-11 21:40:00,8069,2026-07-12 01:40:00
8046,2026-07-11 18:00:00,validation,7975,8046,72,24,0.15,8049,2026-07-11 19:00:00,8052,2026-07-11 20:00:00,8058,2026-07-11 22:00:00,8070,2026-07-12 02:00:00
8047,2026-07-11 18:20:00,validation,7976,8047,72,24,0.15,8050,2026-07-11 19:20:00,8053,2026-07-11 20:20:00,8059,2026-07-11 22:20:00,8071,2026-07-12 02:20:00
8049,2026-07-11 19:00:00,validation,7978,8049,72,24,0.15,8052,2026-07-11 20:00:00,8055,2026-07-11 21:00:00,8061,2026-07-11 23:00:00,8073,2026-07-12 03:00:00
8050,2026-07-11 19:20:00,validation,7979,8050,72,24,0.15,8053,2026-07-11 20:20:00,8056,2026-07-11 21:20:00,8062,2026-07-11 23:20:00,8074,2026-07-12 03:20:00
8051,2026-07-11 19:40:00,validation,7980,8051,72,24,0.15,8054,2026-07-11 20:40:00,8057,2026-07-11 21:40:00,8063,2026-07-11 23:40:00,8075,2026-07-12 03:40:00
8052,2026-07-11 20:00:00,validation,7981,8052,72,24,0.15,8055,2026-07-11 21:00:00,8058,2026-07-11 22:00:00,8064,2026-07-12 00:00:00,8076,2026-07-12 04:00:00
8054,2026-07-11 20:40:00,validation,7983,8054,72,24,0.15,8057,2026-07-11 21:40:00,8060,2026-07-11 22:40:00,8066,2026-07-12 00:40:00,8078,2026-07-12 04:40:00
8055,2026-07-11 21:00:00,validation,7984,8055,72,24,0.15,8058,2026-07-11 22:00:00,8061,2026-07-11 23:00:00,8067,2026-07-12 01:00:00,8079,2026-07-12 05:00:00
8056,2026-07-11 21:20:00,validation,7985,8056,72,24,0.15,8059,2026-07-11 22:20:00,8062,2026-07-11 23:20:00,8068,2026-07-12 01:20:00,8080,2026-07-12 05:20:00
8058,2026-07-11 22:00:00,validation,7987,8058,72,24,0.15,8061,2026-07-11 23:00:00,8064,2026-07-12 00:00:00,8070,2026-07-12 02:00:00,8082,2026-07-12 06:00:00
8061,2026-07-11 23:00:00,validation,7990,8061,72,24,0.15,8064,2026-07-12 00:00:00,8067,2026-07-12 01:00:00,8073,2026-07-12 03:00:00,8085,2026-07-12 07:00:00
8063,2026-07-11 23:40:00,validation,7992,8063,72,24,0.15,8066,2026-07-12 00:40:00,8069,2026-07-12 01:40:00,8075,2026-07-12 03:40:00,8087,2026-07-12 07:40:00
8064,2026-07-12 00:00:00,validation,7993,8064,72,24,0.15,8067,2026-07-12 01:00:00,8070,2026-07-12 02:00:00,8076,2026-07-12 04:00:00,8088,2026-07-12 08:00:00
8067,2026-07-12 01:00:00,validation,7996,8067,72,24,0.15,8070,2026-07-12 02:00:00,8073,2026-07-12 03:00:00,8079,2026-07-12 05:00:00,8091,2026-07-12 09:00:00
8068,2026-07-12 01:20:00,validation,7997,8068,72,24,0.15,8071,2026-07-12 02:20:00,8074,2026-07-12 03:20:00,8080,2026-07-12 05:20:00,8092,2026-07-12 09:20:00
8072,2026-07-12 02:40:00,validation,8001,8072,72,24,0.15,8075,2026-07-12 03:40:00,8078,2026-07-12 04:40:00,8084,2026-07-12 06:40:00,8096,2026-07-12 10:40:00
8073,2026-07-12 03:00:00,validation,8002,8073,72,24,0.15,8076,2026-07-12 04:00:00,8079,2026-07-12 05:00:00,8085,2026-07-12 07:00:00,8097,2026-07-12 11:00:00
8074,2026-07-12 03:20:00,validation,8003,8074,72,24,0.15,8077,2026-07-12 04:20:00,8080,2026-07-12 05:20:00,8086,2026-07-12 07:20:00,8098,2026-07-12 11:20:00
8076,2026-07-12 04:00:00,validation,8005,8076,72,24,0.15,8079,2026-07-12 05:00:00,8082,2026-07-12 06:00:00,8088,2026-07-12 08:00:00,8100,2026-07-12 12:00:00
8079,2026-07-12 05:00:00,validation,8008,8079,72,24,0.15,8082,2026-07-12 06:00:00,8085,2026-07-12 07:00:00,8091,2026-07-12 09:00:00,8103,2026-07-12 13:00:00
8080,2026-07-12 05:20:00,validation,8009,8080,72,24,0.15,8083,2026-07-12 06:20:00,8086,2026-07-12 07:20:00,8092,2026-07-12 09:20:00,8104,2026-07-12 13:20:00
8085,2026-07-12 07:00:00,validation,8014,8085,72,24,0.15,8088,2026-07-12 08:00:00,8091,2026-07-12 09:00:00,8097,2026-07-12 11:00:00,8109,2026-07-12 15:00:00
8094,2026-07-12 10:00:00,validation,8023,8094,72,24,0.15,8097,2026-07-12 11:00:00,8100,2026-07-12 12:00:00,8106,2026-07-12 14:00:00,8118,2026-07-12 18:00:00
8097,2026-07-12 11:00:00,validation,8026,8097,72,24,0.15,8100,2026-07-12 12:00:00,8103,2026-07-12 13:00:00,8109,2026-07-12 15:00:00,8121,2026-07-12 19:00:00
8194,2026-07-13 19:20:00,validation,8123,8194,72,24,0.15,8197,2026-07-13 20:20:00,8200,2026-07-13 21:20:00,8206,2026-07-13 23:20:00,8218,2026-07-14 03:20:00
8197,2026-07-13 20:20:00,validation,8126,8197,72,24,0.15,8200,2026-07-13 21:20:00,8203,2026-07-13 22:20:00,8209,2026-07-14 00:20:00,8221,2026-07-14 04:20:00
8198,2026-07-13 20:40:00,validation,8127,8198,72,24,0.15,8201,2026-07-13 21:40:00,8204,2026-07-13 22:40:00,8210,2026-07-14 00:40:00,8222,2026-07-14 04:40:00
8200,2026-07-13 21:20:00,validation,8129,8200,72,24,0.15,8203,2026-07-13 22:20:00,8206,2026-07-13 23:20:00,8212,2026-07-14 01:20:00,8224,2026-07-14 05:20:00
8201,2026-07-13 21:40:00,validation,8130,8201,72,24,0.15,8204,2026-07-13 22:40:00,8207,2026-07-13 23:40:00,8213,2026-07-14 01:40:00,8225,2026-07-14 05:40:00
8203,2026-07-13 22:20:00,validation,8132,8203,72,24,0.15,8206,2026-07-13 23:20:00,8209,2026-07-14 00:20:00,8215,2026-07-14 02:20:00,8227,2026-07-14 06:20:00
8204,2026-07-13 22:40:00,validation,8133,8204,72,24,0.15,8207,2026-07-13 23:40:00,8210,2026-07-14 00:40:00,8216,2026-07-14 02:40:00,8228,2026-07-14 06:40:00
8206,2026-07-13 23:20:00,validation,8135,8206,72,24,0.15,8209,2026-07-14 00:20:00,8212,2026-07-14 01:20:00,8218,2026-07-14 03:20:00,8230,2026-07-14 07:20:00
8210,2026-07-14 00:40:00,validation,8139,8210,72,24,0.15,8213,2026-07-14 01:40:00,8216,2026-07-14 02:40:00,8222,2026-07-14 04:40:00,8234,2026-07-14 08:40:00
8212,2026-07-14 01:20:00,validation,8141,8212,72,24,0.15,8215,2026-07-14 02:20:00,8218,2026-07-14 03:20:00,8224,2026-07-14 05:20:00,8236,2026-07-14 09:20:00
8215,2026-07-14 02:20:00,validation,8144,8215,72,24,0.15,8218,2026-07-14 03:20:00,8221,2026-07-14 04:20:00,8227,2026-07-14 06:20:00,8239,2026-07-14 10:20:00
8218,2026-07-14 03:20:00,validation,8147,8218,72,24,0.15,8221,2026-07-14 04:20:00,8224,2026-07-14 05:20:00,8230,2026-07-14 07:20:00,8242,2026-07-14 11:20:00
8219,2026-07-14 03:40:00,validation,8148,8219,72,24,0.15,8222,2026-07-14 04:40:00,8225,2026-07-14 05:40:00,8231,2026-07-14 07:40:00,8243,2026-07-14 11:40:00
8220,2026-07-14 04:00:00,validation,8149,8220,72,24,0.15,8223,2026-07-14 05:00:00,8226,2026-07-14 06:00:00,8232,2026-07-14 08:00:00,8244,2026-07-14 12:00:00
8222,2026-07-14 04:40:00,validation,8151,8222,72,24,0.15,8225,2026-07-14 05:40:00,8228,2026-07-14 06:40:00,8234,2026-07-14 08:40:00,8246,2026-07-14 12:40:00
8224,2026-07-14 05:20:00,validation,8153,8224,72,24,0.15,8227,2026-07-14 06:20:00,8230,2026-07-14 07:20:00,8236,2026-07-14 09:20:00,8248,2026-07-14 13:20:00
8226,2026-07-14 06:00:00,validation,8155,8226,72,24,0.15,8229,2026-07-14 07:00:00,8232,2026-07-14 08:00:00,8238,2026-07-14 10:00:00,8250,2026-07-14 14:00:00
8228,2026-07-14 06:40:00,validation,8157,8228,72,24,0.15,8231,2026-07-14 07:40:00,8234,2026-07-14 08:40:00,8240,2026-07-14 10:40:00,8252,2026-07-14 14:40:00
8229,2026-07-14 07:00:00,validation,8158,8229,72,24,0.15,8232,2026-07-14 08:00:00,8235,2026-07-14 09:00:00,8241,2026-07-14 11:00:00,8253,2026-07-14 15:00:00
8236,2026-07-14 09:20:00,validation,8165,8236,72,24,0.15,8239,2026-07-14 10:20:00,8242,2026-07-14 11:20:00,8248,2026-07-14 13:20:00,8260,2026-07-14 17:20:00
8238,2026-07-14 10:00:00,validation,8167,8238,72,24,0.15,8241,2026-07-14 11:00:00,8244,2026-07-14 12:00:00,8250,2026-07-14 14:00:00,8262,2026-07-14 18:00:00
8239,2026-07-14 10:20:00,validation,8168,8239,72,24,0.15,8242,2026-07-14 11:20:00,8245,2026-07-14 12:20:00,8251,2026-07-14 14:20:00,8263,2026-07-14 18:20:00
8240,2026-07-14 10:40:00,validation,8169,8240,72,24,0.15,8243,2026-07-14 11:40:00,8246,2026-07-14 12:40:00,8252,2026-07-14 14:40:00,8264,2026-07-14 18:40:00
8247,2026-07-14 13:00:00,validation,8176,8247,72,24,0.15,8250,2026-07-14 14:00:00,8253,2026-07-14 15:00:00,8259,2026-07-14 17:00:00,8271,2026-07-14 21:00:00
8257,2026-07-14 16:20:00,validation,8186,8257,72,24,0.15,8260,2026-07-14 17:20:00,8263,2026-07-14 18:20:00,8269,2026-07-14 20:20:00,8281,2026-07-15 00:20:00
8258,2026-07-14 16:40:00,validation,8187,8258,72,24,0.15,8261,2026-07-14 17:40:00,8264,2026-07-14 18:40:00,8270,2026-07-14 20:40:00,8282,2026-07-15 00:40:00
8259,2026-07-14 17:00:00,validation,8188,8259,72,24,0.15,8262,2026-07-14 18:00:00,8265,2026-07-14 19:00:00,8271,2026-07-14 21:00:00,8283,2026-07-15 01:00:00
8329,2026-07-15 16:20:00,validation,8258,8329,72,24,0.15,8332,2026-07-15 17:20:00,8335,2026-07-15 18:20:00,8341,2026-07-15 20:20:00,8353,2026-07-16 00:20:00
8330,2026-07-15 16:40:00,validation,8259,8330,72,24,0.15,8333,2026-07-15 17:40:00,8336,2026-07-15 18:40:00,8342,2026-07-15 20:40:00,8354,2026-07-16 00:40:00
8332,2026-07-15 17:20:00,validation,8261,8332,72,24,0.15,8335,2026-07-15 18:20:00,8338,2026-07-15 19:20:00,8344,2026-07-15 21:20:00,8356,2026-07-16 01:20:00
8341,2026-07-15 20:20:00,validation,8270,8341,72,24,0.15,8344,2026-07-15 21:20:00,8347,2026-07-15 22:20:00,8353,2026-07-16 00:20:00,8365,2026-07-16 04:20:00
8432,2026-07-17 02:40:00,validation,8361,8432,72,24,0.15,8435,2026-07-17 03:40:00,8438,2026-07-17 04:40:00,8444,2026-07-17 06:40:00,8456,2026-07-17 10:40:00
8434,2026-07-17 03:20:00,validation,8363,8434,72,24,0.15,8437,2026-07-17 04:20:00,8440,2026-07-17 05:20:00,8446,2026-07-17 07:20:00,8458,2026-07-17 11:20:00
8435,2026-07-17 03:40:00,validation,8364,8435,72,24,0.15,8438,2026-07-17 04:40:00,8441,2026-07-17 05:40:00,8447,2026-07-17 07:40:00,8459,2026-07-17 11:40:00
8440,2026-07-17 05:20:00,validation,8369,8440,72,24,0.15,8443,2026-07-17 06:20:00,8446,2026-07-17 07:20:00,8452,2026-07-17 09:20:00,8464,2026-07-17 13:20:00
8442,2026-07-17 06:00:00,validation,8371,8442,72,24,0.15,8445,2026-07-17 07:00:00,8448,2026-07-17 08:00:00,8454,2026-07-17 10:00:00,8466,2026-07-17 14:00:00
8443,2026-07-17 06:20:00,validation,8372,8443,72,24,0.15,8446,2026-07-17 07:20:00,8449,2026-07-17 08:20:00,8455,2026-07-17 10:20:00,8467,2026-07-17 14:20:00
8445,2026-07-17 07:00:00,validation,8374,8445,72,24,0.15,8448,2026-07-17 08:00:00,8451,2026-07-17 09:00:00,8457,2026-07-17 11:00:00,8469,2026-07-17 15:00:00
8448,2026-07-17 08:00:00,validation,8377,8448,72,24,0.15,8451,2026-07-17 09:00:00,8454,2026-07-17 10:00:00,8460,2026-07-17 12:00:00,8472,2026-07-17 16:00:00
8450,2026-07-17 08:40:00,validation,8379,8450,72,24,0.15,8453,2026-07-17 09:40:00,8456,2026-07-17 10:40:00,8462,2026-07-17 12:40:00,8474,2026-07-17 16:40:00
8452,2026-07-17 09:20:00,validation,8381,8452,72,24,0.15,8455,2026-07-17 10:20:00,8458,2026-07-17 11:20:00,8464,2026-07-17 13:20:00,8476,2026-07-17 17:20:00
8454,2026-07-17 10:00:00,validation,8383,8454,72,24,0.15,8457,2026-07-17 11:00:00,8460,2026-07-17 12:00:00,8466,2026-07-17 14:00:00,8478,2026-07-17 18:00:00
8455,2026-07-17 10:20:00,validation,8384,8455,72,24,0.15,8458,2026-07-17 11:20:00,8461,2026-07-17 12:20:00,8467,2026-07-17 14:20:00,8479,2026-07-17 18:20:00
8468,2026-07-17 14:40:00,validation,8397,8468,72,24,0.15,8471,2026-07-17 15:40:00,8474,2026-07-17 16:40:00,8480,2026-07-17 18:40:00,8492,2026-07-17 22:40:00
8469,2026-07-17 15:00:00,validation,8398,8469,72,24,0.15,8472,2026-07-17 16:00:00,8475,2026-07-17 17:00:00,8481,2026-07-17 19:00:00,8493,2026-07-17 23:00:00
8471,2026-07-17 15:40:00,validation,8400,8471,72,24,0.15,8474,2026-07-17 16:40:00,8477,2026-07-17 17:40:00,8483,2026-07-17 19:40:00,8495,2026-07-17 23:40:00
8472,2026-07-17 16:00:00,validation,8401,8472,72,24,0.15,8475,2026-07-17 17:00:00,8478,2026-07-17 18:00:00,8484,2026-07-17 20:00:00,8496,2026-07-18 00:00:00
8473,2026-07-17 16:20:00,validation,8402,8473,72,24,0.15,8476,2026-07-17 17:20:00,8479,2026-07-17 18:20:00,8485,2026-07-17 20:20:00,8497,2026-07-18 00:20:00
8494,2026-07-17 23:20:00,validation,8423,8494,72,24,0.15,8497,2026-07-18 00:20:00,8500,2026-07-18 01:20:00,8506,2026-07-18 03:20:00,8518,2026-07-18 07:20:00
8496,2026-07-18 00:00:00,validation,8425,8496,72,24,0.15,8499,2026-07-18 01:00:00,8502,2026-07-18 02:00:00,8508,2026-07-18 04:00:00,8520,2026-07-18 08:00:00
8497,2026-07-18 00:20:00,validation,8426,8497,72,24,0.15,8500,2026-07-18 01:20:00,8503,2026-07-18 02:20:00,8509,2026-07-18 04:20:00,8521,2026-07-18 08:20:00
8499,2026-07-18 01:00:00,validation,8428,8499,72,24,0.15,8502,2026-07-18 02:00:00,8505,2026-07-18 03:00:00,8511,2026-07-18 05:00:00,8523,2026-07-18 09:00:00
8546,2026-07-18 16:40:00,validation,8475,8546,72,24,0.15,8549,2026-07-18 17:40:00,8552,2026-07-18 18:40:00,8558,2026-07-18 20:40:00,8570,2026-07-19 00:40:00
8632,2026-07-19 21:20:00,validation,8561,8632,72,24,0.15,8635,2026-07-19 22:20:00,8638,2026-07-19 23:20:00,8644,2026-07-20 01:20:00,8656,2026-07-20 05:20:00
8634,2026-07-19 22:00:00,validation,8563,8634,72,24,0.15,8637,2026-07-19 23:00:00,8640,2026-07-20 00:00:00,8646,2026-07-20 02:00:00,8658,2026-07-20 06:00:00
8639,2026-07-19 23:40:00,validation,8568,8639,72,24,0.15,8642,2026-07-20 00:40:00,8645,2026-07-20 01:40:00,8651,2026-07-20 03:40:00,8663,2026-07-20 07:40:00
8641,2026-07-20 00:20:00,validation,8570,8641,72,24,0.15,8644,2026-07-20 01:20:00,8647,2026-07-20 02:20:00,8653,2026-07-20 04:20:00,8665,2026-07-20 08:20:00
8642,2026-07-20 00:40:00,validation,8571,8642,72,24,0.15,8645,2026-07-20 01:40:00,8648,2026-07-20 02:40:00,8654,2026-07-20 04:40:00,8666,2026-07-20 08:40:00
8643,2026-07-20 01:00:00,validation,8572,8643,72,24,0.15,8646,2026-07-20 02:00:00,8649,2026-07-20 03:00:00,8655,2026-07-20 05:00:00,8667,2026-07-20 09:00:00
8644,2026-07-20 01:20:00,validation,8573,8644,72,24,0.15,8647,2026-07-20 02:20:00,8650,2026-07-20 03:20:00,8656,2026-07-20 05:20:00,8668,2026-07-20 09:20:00
8645,2026-07-20 01:40:00,validation,8574,8645,72,24,0.15,8648,2026-07-20 02:40:00,8651,2026-07-20 03:40:00,8657,2026-07-20 05:40:00,8669,2026-07-20 09:40:00
8646,2026-07-20 02:00:00,validation,8575,8646,72,24,0.15,8649,2026-07-20 03:00:00,8652,2026-07-20 04:00:00,8658,2026-07-20 06:00:00,8670,2026-07-20 10:00:00
8649,2026-07-20 03:00:00,validation,8578,8649,72,24,0.15,8652,2026-07-20 04:00:00,8655,2026-07-20 05:00:00,8661,2026-07-20 07:00:00,8673,2026-07-20 11:00:00
8650,2026-07-20 03:20:00,validation,8579,8650,72,24,0.15,8653,2026-07-20 04:20:00,8656,2026-07-20 05:20:00,8662,2026-07-20 07:20:00,8674,2026-07-20 11:20:00
8651,2026-07-20 03:40:00,validation,8580,8651,72,24,0.15,8654,2026-07-20 04:40:00,8657,2026-07-20 05:40:00,8663,2026-07-20 07:40:00,8675,2026-07-20 11:40:00
8655,2026-07-20 05:00:00,validation,8584,8655,72,24,0.15,8658,2026-07-20 06:00:00,8661,2026-07-20 07:00:00,8667,2026-07-20 09:00:00,8679,2026-07-20 13:00:00
8656,2026-07-20 05:20:00,validation,8585,8656,72,24,0.15,8659,2026-07-20 06:20:00,8662,2026-07-20 07:20:00,8668,2026-07-20 09:20:00,8680,2026-07-20 13:20:00
8658,2026-07-20 06:00:00,validation,8587,8658,72,24,0.15,8661,2026-07-20 07:00:00,8664,2026-07-20 08:00:00,8670,2026-07-20 10:00:00,8682,2026-07-20 14:00:00
8660,2026-07-20 06:40:00,validation,8589,8660,72,24,0.15,8663,2026-07-20 07:40:00,8666,2026-07-20 08:40:00,8672,2026-07-20 10:40:00,8684,2026-07-20 14:40:00
8661,2026-07-20 07:00:00,validation,8590,8661,72,24,0.15,8664,2026-07-20 08:00:00,8667,2026-07-20 09:00:00,8673,2026-07-20 11:00:00,8685,2026-07-20 15:00:00
8662,2026-07-20 07:20:00,validation,8591,8662,72,24,0.15,8665,2026-07-20 08:20:00,8668,2026-07-20 09:20:00,8674,2026-07-20 11:20:00,8686,2026-07-20 15:20:00
8663,2026-07-20 07:40:00,validation,8592,8663,72,24,0.15,8666,2026-07-20 08:40:00,8669,2026-07-20 09:40:00,8675,2026-07-20 11:40:00,8687,2026-07-20 15:40:00
8667,2026-07-20 09:00:00,validation,8596,8667,72,24,0.15,8670,2026-07-20 10:00:00,8673,2026-07-20 11:00:00,8679,2026-07-20 13:00:00,8691,2026-07-20 17:00:00
8669,2026-07-20 09:40:00,validation,8598,8669,72,24,0.15,8672,2026-07-20 10:40:00,8675,2026-07-20 11:40:00,8681,2026-07-20 13:40:00,8693,2026-07-20 17:40:00
8676,2026-07-20 12:00:00,validation,8605,8676,72,24,0.15,8679,2026-07-20 13:00:00,8682,2026-07-20 14:00:00,8688,2026-07-20 16:00:00,8700,2026-07-20 20:00:00
8679,2026-07-20 13:00:00,validation,8608,8679,72,24,0.15,8682,2026-07-20 14:00:00,8685,2026-07-20 15:00:00,8691,2026-07-20 17:00:00,8703,2026-07-20 21:00:00
8682,2026-07-20 14:00:00,validation,8611,8682,72,24,0.15,8685,2026-07-20 15:00:00,8688,2026-07-20 16:00:00,8694,2026-07-20 18:00:00,8706,2026-07-20 22:00:00
8683,2026-07-20 14:20:00,validation,8612,8683,72,24,0.15,8686,2026-07-20 15:20:00,8689,2026-07-20 16:20:00,8695,2026-07-20 18:20:00,8707,2026-07-20 22:20:00
8685,2026-07-20 15:00:00,validation,8614,8685,72,24,0.15,8688,2026-07-20 16:00:00,8691,2026-07-20 17:00:00,8697,2026-07-20 19:00:00,8709,2026-07-20 23:00:00
8686,2026-07-20 15:20:00,validation,8615,8686,72,24,0.15,8689,2026-07-20 16:20:00,8692,2026-07-20 17:20:00,8698,2026-07-20 19:20:00,8710,2026-07-20 23:20:00
8687,2026-07-20 15:40:00,validation,8616,8687,72,24,0.15,8690,2026-07-20 16:40:00,8693,2026-07-20 17:40:00,8699,2026-07-20 19:40:00,8711,2026-07-20 23:40:00
8688,2026-07-20 16:00:00,validation,8617,8688,72,24,0.15,8691,2026-07-20 17:00:00,8694,2026-07-20 18:00:00,8700,2026-07-20 20:00:00,8712,2026-07-21 00:00:00
8689,2026-07-20 16:20:00,validation,8618,8689,72,24,0.15,8692,2026-07-20 17:20:00,8695,2026-07-20 18:20:00,8701,2026-07-20 20:20:00,8713,2026-07-21 00:20:00
8691,2026-07-20 17:00:00,validation,8620,8691,72,24,0.15,8694,2026-07-20 18:00:00,8697,2026-07-20 19:00:00,8703,2026-07-20 21:00:00,8715,2026-07-21 01:00:00
8694,2026-07-20 18:00:00,validation,8623,8694,72,24,0.15,8697,2026-07-20 19:00:00,8700,2026-07-20 20:00:00,8706,2026-07-20 22:00:00,8718,2026-07-21 02:00:00
8695,2026-07-20 18:20:00,validation,8624,8695,72,24,0.15,8698,2026-07-20 19:20:00,8701,2026-07-20 20:20:00,8707,2026-07-20 22:20:00,8719,2026-07-21 02:20:00
8701,2026-07-20 20:20:00,validation,8630,8701,72,24,0.15,8704,2026-07-20 21:20:00,8707,2026-07-20 22:20:00,8713,2026-07-21 00:20:00,8725,2026-07-21 04:20:00
8708,2026-07-20 22:40:00,validation,8637,8708,72,24,0.15,8711,2026-07-20 23:40:00,8714,2026-07-21 00:40:00,8720,2026-07-21 02:40:00,8732,2026-07-21 06:40:00
8716,2026-07-21 01:20:00,validation,8645,8716,72,24,0.15,8719,2026-07-21 02:20:00,8722,2026-07-21 03:20:00,8728,2026-07-21 05:20:00,8740,2026-07-21 09:20:00
8719,2026-07-21 02:20:00,validation,8648,8719,72,24,0.15,8722,2026-07-21 03:20:00,8725,2026-07-21 04:20:00,8731,2026-07-21 06:20:00,8743,2026-07-21 10:20:00
8750,2026-07-21 12:40:00,validation,8679,8750,72,24,0.15,8753,2026-07-21 13:40:00,8756,2026-07-21 14:40:00,8762,2026-07-21 16:40:00,8774,2026-07-21 20:40:00
8751,2026-07-21 13:00:00,validation,8680,8751,72,24,0.15,8754,2026-07-21 14:00:00,8757,2026-07-21 15:00:00,8763,2026-07-21 17:00:00,8775,2026-07-21 21:00:00
8752,2026-07-21 13:20:00,validation,8681,8752,72,24,0.15,8755,2026-07-21 14:20:00,8758,2026-07-21 15:20:00,8764,2026-07-21 17:20:00,8776,2026-07-21 21:20:00
8753,2026-07-21 13:40:00,validation,8682,8753,72,24,0.15,8756,2026-07-21 14:40:00,8759,2026-07-21 15:40:00,8765,2026-07-21 17:40:00,8777,2026-07-21 21:40:00
8754,2026-07-21 14:00:00,validation,8683,8754,72,24,0.15,8757,2026-07-21 15:00:00,8760,2026-07-21 16:00:00,8766,2026-07-21 18:00:00,8778,2026-07-21 22:00:00
8756,2026-07-21 14:40:00,validation,8685,8756,72,24,0.15,8759,2026-07-21 15:40:00,8762,2026-07-21 16:40:00,8768,2026-07-21 18:40:00,8780,2026-07-21 22:40:00
8757,2026-07-21 15:00:00,validation,8686,8757,72,24,0.15,8760,2026-07-21 16:00:00,8763,2026-07-21 17:00:00,8769,2026-07-21 19:00:00,8781,2026-07-21 23:00:00
8762,2026-07-21 16:40:00,validation,8691,8762,72,24,0.15,8765,2026-07-21 17:40:00,8768,2026-07-21 18:40:00,8774,2026-07-21 20:40:00,8786,2026-07-22 00:40:00
8763,2026-07-21 17:00:00,validation,8692,8763,72,24,0.15,8766,2026-07-21 18:00:00,8769,2026-07-21 19:00:00,8775,2026-07-21 21:00:00,8787,2026-07-22 01:00:00
8765,2026-07-21 17:40:00,validation,8694,8765,72,24,0.15,8768,2026-07-21 18:40:00,8771,2026-07-21 19:40:00,8777,2026-07-21 21:40:00,8789,2026-07-22 01:40:00
8766,2026-07-21 18:00:00,validation,8695,8766,72,24,0.15,8769,2026-07-21 19:00:00,8772,2026-07-21 20:00:00,8778,2026-07-21 22:00:00,8790,2026-07-22 02:00:00
8768,2026-07-21 18:40:00,validation,8697,8768,72,24,0.15,8771,2026-07-21 19:40:00,8774,2026-07-21 20:40:00,8780,2026-07-21 22:40:00,8792,2026-07-22 02:40:00
8769,2026-07-21 19:00:00,validation,8698,8769,72,24,0.15,8772,2026-07-21 20:00:00,8775,2026-07-21 21:00:00,8781,2026-07-21 23:00:00,8793,2026-07-22 03:00:00
8775,2026-07-21 21:00:00,validation,8704,8775,72,24,0.15,8778,2026-07-21 22:00:00,8781,2026-07-21 23:00:00,8787,2026-07-22 01:00:00,8799,2026-07-22 05:00:00
8779,2026-07-21 22:20:00,validation,8708,8779,72,24,0.15,8782,2026-07-21 23:20:00,8785,2026-07-22 00:20:00,8791,2026-07-22 02:20:00,8803,2026-07-22 06:20:00
8783,2026-07-21 23:40:00,validation,8712,8783,72,24,0.15,8786,2026-07-22 00:40:00,8789,2026-07-22 01:40:00,8795,2026-07-22 03:40:00,8807,2026-07-22 07:40:00
8793,2026-07-22 03:00:00,validation,8722,8793,72,24,0.15,8796,2026-07-22 04:00:00,8799,2026-07-22 05:00:00,8805,2026-07-22 07:00:00,8817,2026-07-22 11:00:00
8797,2026-07-22 04:20:00,validation,8726,8797,72,24,0.15,8800,2026-07-22 05:20:00,8803,2026-07-22 06:20:00,8809,2026-07-22 08:20:00,8821,2026-07-22 12:20:00
8799,2026-07-22 05:00:00,validation,8728,8799,72,24,0.15,8802,2026-07-22 06:00:00,8805,2026-07-22 07:00:00,8811,2026-07-22 09:00:00,8823,2026-07-22 13:00:00
8806,2026-07-22 07:20:00,validation,8735,8806,72,24,0.15,8809,2026-07-22 08:20:00,8812,2026-07-22 09:20:00,8818,2026-07-22 11:20:00,8830,2026-07-22 15:20:00
8871,2026-07-23 05:00:00,validation,8800,8871,72,24,0.15,8874,2026-07-23 06:00:00,8877,2026-07-23 07:00:00,8883,2026-07-23 09:00:00,8895,2026-07-23 13:00:00
8872,2026-07-23 05:20:00,validation,8801,8872,72,24,0.15,8875,2026-07-23 06:20:00,8878,2026-07-23 07:20:00,8884,2026-07-23 09:20:00,8896,2026-07-23 13:20:00
8873,2026-07-23 05:40:00,validation,8802,8873,72,24,0.15,8876,2026-07-23 06:40:00,8879,2026-07-23 07:40:00,8885,2026-07-23 09:40:00,8897,2026-07-23 13:40:00
8874,2026-07-23 06:00:00,validation,8803,8874,72,24,0.15,8877,2026-07-23 07:00:00,8880,2026-07-23 08:00:00,8886,2026-07-23 10:00:00,8898,2026-07-23 14:00:00
8875,2026-07-23 06:20:00,validation,8804,8875,72,24,0.15,8878,2026-07-23 07:20:00,8881,2026-07-23 08:20:00,8887,2026-07-23 10:20:00,8899,2026-07-23 14:20:00
8877,2026-07-23 07:00:00,validation,8806,8877,72,24,0.15,8880,2026-07-23 08:00:00,8883,2026-07-23 09:00:00,8889,2026-07-23 11:00:00,8901,2026-07-23 15:00:00
8878,2026-07-23 07:20:00,validation,8807,8878,72,24,0.15,8881,2026-07-23 08:20:00,8884,2026-07-23 09:20:00,8890,2026-07-23 11:20:00,8902,2026-07-23 15:20:00
8879,2026-07-23 07:40:00,validation,8808,8879,72,24,0.15,8882,2026-07-23 08:40:00,8885,2026-07-23 09:40:00,8891,2026-07-23 11:40:00,8903,2026-07-23 15:40:00
8880,2026-07-23 08:00:00,validation,8809,8880,72,24,0.15,8883,2026-07-23 09:00:00,8886,2026-07-23 10:00:00,8892,2026-07-23 12:00:00,8904,2026-07-23 16:00:00
8883,2026-07-23 09:00:00,validation,8812,8883,72,24,0.15,8886,2026-07-23 10:00:00,8889,2026-07-23 11:00:00,8895,2026-07-23 13:00:00,8907,2026-07-23 17:00:00
8884,2026-07-23 09:20:00,validation,8813,8884,72,24,0.15,8887,2026-07-23 10:20:00,8890,2026-07-23 11:20:00,8896,2026-07-23 13:20:00,8908,2026-07-23 17:20:00
8885,2026-07-23 09:40:00,validation,8814,8885,72,24,0.15,8888,2026-07-23 10:40:00,8891,2026-07-23 11:40:00,8897,2026-07-23 13:40:00,8909,2026-07-23 17:40:00
8886,2026-07-23 10:00:00,validation,8815,8886,72,24,0.15,8889,2026-07-23 11:00:00,8892,2026-07-23 12:00:00,8898,2026-07-23 14:00:00,8910,2026-07-23 18:00:00
8887,2026-07-23 10:20:00,validation,8816,8887,72,24,0.15,8890,2026-07-23 11:20:00,8893,2026-07-23 12:20:00,8899,2026-07-23 14:20:00,8911,2026-07-23 18:20:00
8889,2026-07-23 11:00:00,validation,8818,8889,72,24,0.15,8892,2026-07-23 12:00:00,8895,2026-07-23 13:00:00,8901,2026-07-23 15:00:00,8913,2026-07-23 19:00:00
8896,2026-07-23 13:20:00,validation,8825,8896,72,24,0.15,8899,2026-07-23 14:20:00,8902,2026-07-23 15:20:00,8908,2026-07-23 17:20:00,8920,2026-07-23 21:20:00
8901,2026-07-23 15:00:00,validation,8830,8901,72,24,0.15,8904,2026-07-23 16:00:00,8907,2026-07-23 17:00:00,8913,2026-07-23 19:00:00,8925,2026-07-23 23:00:00
8914,2026-07-23 19:20:00,validation,8843,8914,72,24,0.15,8917,2026-07-23 20:20:00,8920,2026-07-23 21:20:00,8926,2026-07-23 23:20:00,8938,2026-07-24 03:20:00
8922,2026-07-23 22:00:00,validation,8851,8922,72,24,0.15,8925,2026-07-23 23:00:00,8928,2026-07-24 00:00:00,8934,2026-07-24 02:00:00,8946,2026-07-24 06:00:00
8928,2026-07-24 00:00:00,validation,8857,8928,72,24,0.15,8931,2026-07-24 01:00:00,8934,2026-07-24 02:00:00,8940,2026-07-24 04:00:00,8952,2026-07-24 08:00:00
9082,2026-07-26 03:20:00,validation,9011,9082,72,24,0.15,9085,2026-07-26 04:20:00,9088,2026-07-26 05:20:00,9094,2026-07-26 07:20:00,9106,2026-07-26 11:20:00
9085,2026-07-26 04:20:00,validation,9014,9085,72,24,0.15,9088,2026-07-26 05:20:00,9091,2026-07-26 06:20:00,9097,2026-07-26 08:20:00,9109,2026-07-26 12:20:00
9088,2026-07-26 05:20:00,validation,9017,9088,72,24,0.15,9091,2026-07-26 06:20:00,9094,2026-07-26 07:20:00,9100,2026-07-26 09:20:00,9112,2026-07-26 13:20:00
9089,2026-07-26 05:40:00,validation,9018,9089,72,24,0.15,9092,2026-07-26 06:40:00,9095,2026-07-26 07:40:00,9101,2026-07-26 09:40:00,9113,2026-07-26 13:40:00
9090,2026-07-26 06:00:00,validation,9019,9090,72,24,0.15,9093,2026-07-26 07:00:00,9096,2026-07-26 08:00:00,9102,2026-07-26 10:00:00,9114,2026-07-26 14:00:00
9092,2026-07-26 06:40:00,validation,9021,9092,72,24,0.15,9095,2026-07-26 07:40:00,9098,2026-07-26 08:40:00,9104,2026-07-26 10:40:00,9116,2026-07-26 14:40:00
9094,2026-07-26 07:20:00,validation,9023,9094,72,24,0.15,9097,2026-07-26 08:20:00,9100,2026-07-26 09:20:00,9106,2026-07-26 11:20:00,9118,2026-07-26 15:20:00
9095,2026-07-26 07:40:00,validation,9024,9095,72,24,0.15,9098,2026-07-26 08:40:00,9101,2026-07-26 09:40:00,9107,2026-07-26 11:40:00,9119,2026-07-26 15:40:00
9098,2026-07-26 08:40:00,validation,9027,9098,72,24,0.15,9101,2026-07-26 09:40:00,9104,2026-07-26 10:40:00,9110,2026-07-26 12:40:00,9122,2026-07-26 16:40:00
9101,2026-07-26 09:40:00,validation,9030,9101,72,24,0.15,9104,2026-07-26 10:40:00,9107,2026-07-26 11:40:00,9113,2026-07-26 13:40:00,9125,2026-07-26 17:40:00
9104,2026-07-26 10:40:00,validation,9033,9104,72,24,0.15,9107,2026-07-26 11:40:00,9110,2026-07-26 12:40:00,9116,2026-07-26 14:40:00,9128,2026-07-26 18:40:00
9106,2026-07-26 11:20:00,validation,9035,9106,72,24,0.15,9109,2026-07-26 12:20:00,9112,2026-07-26 13:20:00,9118,2026-07-26 15:20:00,9130,2026-07-26 19:20:00
9107,2026-07-26 11:40:00,validation,9036,9107,72,24,0.15,9110,2026-07-26 12:40:00,9113,2026-07-26 13:40:00,9119,2026-07-26 15:40:00,9131,2026-07-26 19:40:00
9110,2026-07-26 12:40:00,validation,9039,9110,72,24,0.15,9113,2026-07-26 13:40:00,9116,2026-07-26 14:40:00,9122,2026-07-26 16:40:00,9134,2026-07-26 20:40:00
9112,2026-07-26 13:20:00,validation,9041,9112,72,24,0.15,9115,2026-07-26 14:20:00,9118,2026-07-26 15:20:00,9124,2026-07-26 17:20:00,9136,2026-07-26 21:20:00
9113,2026-07-26 13:40:00,validation,9042,9113,72,24,0.15,9116,2026-07-26 14:40:00,9119,2026-07-26 15:40:00,9125,2026-07-26 17:40:00,9137,2026-07-26 21:40:00
9116,2026-07-26 14:40:00,validation,9045,9116,72,24,0.15,9119,2026-07-26 15:40:00,9122,2026-07-26 16:40:00,9128,2026-07-26 18:40:00,9140,2026-07-26 22:40:00
9118,2026-07-26 15:20:00,validation,9047,9118,72,24,0.15,9121,2026-07-26 16:20:00,9124,2026-07-26 17:20:00,9130,2026-07-26 19:20:00,9142,2026-07-26 23:20:00
9119,2026-07-26 15:40:00,validation,9048,9119,72,24,0.15,9122,2026-07-26 16:40:00,9125,2026-07-26 17:40:00,9131,2026-07-26 19:40:00,9143,2026-07-26 23:40:00
9144,2026-07-27 00:00:00,test,9073,9144,72,24,0.15,9147,2026-07-27 01:00:00,9150,2026-07-27 02:00:00,9156,2026-07-27 04:00:00,9168,2026-07-27 08:00:00
9145,2026-07-27 00:20:00,test,9074,9145,72,24,0.15,9148,2026-07-27 01:20:00,9151,2026-07-27 02:20:00,9157,2026-07-27 04:20:00,9169,2026-07-27 08:20:00
9148,2026-07-27 01:20:00,test,9077,9148,72,24,0.15,9151,2026-07-27 02:20:00,9154,2026-07-27 03:20:00,9160,2026-07-27 05:20:00,9172,2026-07-27 09:20:00
9151,2026-07-27 02:20:00,test,9080,9151,72,24,0.15,9154,2026-07-27 03:20:00,9157,2026-07-27 04:20:00,9163,2026-07-27 06:20:00,9175,2026-07-27 10:20:00
9152,2026-07-27 02:40:00,test,9081,9152,72,24,0.15,9155,2026-07-27 03:40:00,9158,2026-07-27 04:40:00,9164,2026-07-27 06:40:00,9176,2026-07-27 10:40:00
9153,2026-07-27 03:00:00,test,9082,9153,72,24,0.15,9156,2026-07-27 04:00:00,9159,2026-07-27 05:00:00,9165,2026-07-27 07:00:00,9177,2026-07-27 11:00:00
9154,2026-07-27 03:20:00,test,9083,9154,72,24,0.15,9157,2026-07-27 04:20:00,9160,2026-07-27 05:20:00,9166,2026-07-27 07:20:00,9178,2026-07-27 11:20:00
9156,2026-07-27 04:00:00,test,9085,9156,72,24,0.15,9159,2026-07-27 05:00:00,9162,2026-07-27 06:00:00,9168,2026-07-27 08:00:00,9180,2026-07-27 12:00:00
9157,2026-07-27 04:20:00,test,9086,9157,72,24,0.15,9160,2026-07-27 05:20:00,9163,2026-07-27 06:20:00,9169,2026-07-27 08:20:00,9181,2026-07-27 12:20:00
9159,2026-07-27 05:00:00,test,9088,9159,72,24,0.15,9162,2026-07-27 06:00:00,9165,2026-07-27 07:00:00,9171,2026-07-27 09:00:00,9183,2026-07-27 13:00:00
9160,2026-07-27 05:20:00,test,9089,9160,72,24,0.15,9163,2026-07-27 06:20:00,9166,2026-07-27 07:20:00,9172,2026-07-27 09:20:00,9184,2026-07-27 13:20:00
9161,2026-07-27 05:40:00,test,9090,9161,72,24,0.15,9164,2026-07-27 06:40:00,9167,2026-07-27 07:40:00,9173,2026-07-27 09:40:00,9185,2026-07-27 13:40:00
9163,2026-07-27 06:20:00,test,9092,9163,72,24,0.15,9166,2026-07-27 07:20:00,9169,2026-07-27 08:20:00,9175,2026-07-27 10:20:00,9187,2026-07-27 14:20:00
9165,2026-07-27 07:00:00,test,9094,9165,72,24,0.15,9168,2026-07-27 08:00:00,9171,2026-07-27 09:00:00,9177,2026-07-27 11:00:00,9189,2026-07-27 15:00:00
9166,2026-07-27 07:20:00,test,9095,9166,72,24,0.15,9169,2026-07-27 08:20:00,9172,2026-07-27 09:20:00,9178,2026-07-27 11:20:00,9190,2026-07-27 15:20:00
9167,2026-07-27 07:40:00,test,9096,9167,72,24,0.15,9170,2026-07-27 08:40:00,9173,2026-07-27 09:40:00,9179,2026-07-27 11:40:00,9191,2026-07-27 15:40:00
9169,2026-07-27 08:20:00,test,9098,9169,72,24,0.15,9172,2026-07-27 09:20:00,9175,2026-07-27 10:20:00,9181,2026-07-27 12:20:00,9193,2026-07-27 16:20:00
9172,2026-07-27 09:20:00,test,9101,9172,72,24,0.15,9175,2026-07-27 10:20:00,9178,2026-07-27 11:20:00,9184,2026-07-27 13:20:00,9196,2026-07-27 17:20:00
9173,2026-07-27 09:40:00,test,9102,9173,72,24,0.15,9176,2026-07-27 10:40:00,9179,2026-07-27 11:40:00,9185,2026-07-27 13:40:00,9197,2026-07-27 17:40:00
9174,2026-07-27 10:00:00,test,9103,9174,72,24,0.15,9177,2026-07-27 11:00:00,9180,2026-07-27 12:00:00,9186,2026-07-27 14:00:00,9198,2026-07-27 18:00:00
9175,2026-07-27 10:20:00,test,9104,9175,72,24,0.15,9178,2026-07-27 11:20:00,9181,2026-07-27 12:20:00,9187,2026-07-27 14:20:00,9199,2026-07-27 18:20:00
9177,2026-07-27 11:00:00,test,9106,9177,72,24,0.15,9180,2026-07-27 12:00:00,9183,2026-07-27 13:00:00,9189,2026-07-27 15:00:00,9201,2026-07-27 19:00:00
9178,2026-07-27 11:20:00,test,9107,9178,72,24,0.15,9181,2026-07-27 12:20:00,9184,2026-07-27 13:20:00,9190,2026-07-27 15:20:00,9202,2026-07-27 19:20:00
9179,2026-07-27 11:40:00,test,9108,9179,72,24,0.15,9182,2026-07-27 12:40:00,9185,2026-07-27 13:40:00,9191,2026-07-27 15:40:00,9203,2026-07-27 19:40:00
9181,2026-07-27 12:20:00,test,9110,9181,72,24,0.15,9184,2026-07-27 13:20:00,9187,2026-07-27 14:20:00,9193,2026-07-27 16:20:00,9205,2026-07-27 20:20:00
9184,2026-07-27 13:20:00,test,9113,9184,72,24,0.15,9187,2026-07-27 14:20:00,9190,2026-07-27 15:20:00,9196,2026-07-27 17:20:00,9208,2026-07-27 21:20:00
9186,2026-07-27 14:00:00,test,9115,9186,72,24,0.15,9189,2026-07-27 15:00:00,9192,2026-07-27 16:00:00,9198,2026-07-27 18:00:00,9210,2026-07-27 22:00:00
9187,2026-07-27 14:20:00,test,9116,9187,72,24,0.15,9190,2026-07-27 15:20:00,9193,2026-07-27 16:20:00,9199,2026-07-27 18:20:00,9211,2026-07-27 22:20:00
9189,2026-07-27 15:00:00,test,9118,9189,72,24,0.15,9192,2026-07-27 16:00:00,9195,2026-07-27 17:00:00,9201,2026-07-27 19:00:00,9213,2026-07-27 23:00:00
9190,2026-07-27 15:20:00,test,9119,9190,72,24,0.15,9193,2026-07-27 16:20:00,9196,2026-07-27 17:20:00,9202,2026-07-27 19:20:00,9214,2026-07-27 23:20:00
9193,2026-07-27 16:20:00,test,9122,9193,72,24,0.15,9196,2026-07-27 17:20:00,9199,2026-07-27 18:20:00,9205,2026-07-27 20:20:00,9217,2026-07-28 00:20:00
9196,2026-07-27 17:20:00,test,9125,9196,72,24,0.15,9199,2026-07-27 18:20:00,9202,2026-07-27 19:20:00,9208,2026-07-27 21:20:00,9220,2026-07-28 01:20:00
9197,2026-07-27 17:40:00,test,9126,9197,72,24,0.15,9200,2026-07-27 18:40:00,9203,2026-07-27 19:40:00,9209,2026-07-27 21:40:00,9221,2026-07-28 01:40:00
9199,2026-07-27 18:20:00,test,9128,9199,72,24,0.15,9202,2026-07-27 19:20:00,9205,2026-07-27 20:20:00,9211,2026-07-27 22:20:00,9223,2026-07-28 02:20:00
9202,2026-07-27 19:20:00,test,9131,9202,72,24,0.15,9205,2026-07-27 20:20:00,9208,2026-07-27 21:20:00,9214,2026-07-27 23:20:00,9226,2026-07-28 03:20:00
9205,2026-07-27 20:20:00,test,9134,9205,72,24,0.15,9208,2026-07-27 21:20:00,9211,2026-07-27 22:20:00,9217,2026-07-28 00:20:00,9229,2026-07-28 04:20:00
9207,2026-07-27 21:00:00,test,9136,9207,72,24,0.15,9210,2026-07-27 22:00:00,9213,2026-07-27 23:00:00,9219,2026-07-28 01:00:00,9231,2026-07-28 05:00:00
9208,2026-07-27 21:20:00,test,9137,9208,72,24,0.15,9211,2026-07-27 22:20:00,9214,2026-07-27 23:20:00,9220,2026-07-28 01:20:00,9232,2026-07-28 05:20:00
9209,2026-07-27 21:40:00,test,9138,9209,72,24,0.15,9212,2026-07-27 22:40:00,9215,2026-07-27 23:40:00,9221,2026-07-28 01:40:00,9233,2026-07-28 05:40:00
9211,2026-07-27 22:20:00,test,9140,9211,72,24,0.15,9214,2026-07-27 23:20:00,9217,2026-07-28 00:20:00,9223,2026-07-28 02:20:00,9235,2026-07-28 06:20:00
9213,2026-07-27 23:00:00,test,9142,9213,72,24,0.15,9216,2026-07-28 00:00:00,9219,2026-07-28 01:00:00,9225,2026-07-28 03:00:00,9237,2026-07-28 07:00:00
9216,2026-07-28 00:00:00,test,9145,9216,72,24,0.15,9219,2026-07-28 01:00:00,9222,2026-07-28 02:00:00,9228,2026-07-28 04:00:00,9240,2026-07-28 08:00:00
9217,2026-07-28 00:20:00,test,9146,9217,72,24,0.15,9220,2026-07-28 01:20:00,9223,2026-07-28 02:20:00,9229,2026-07-28 04:20:00,9241,2026-07-28 08:20:00
9219,2026-07-28 01:00:00,test,9148,9219,72,24,0.15,9222,2026-07-28 02:00:00,9225,2026-07-28 03:00:00,9231,2026-07-28 05:00:00,9243,2026-07-28 09:00:00
9220,2026-07-28 01:20:00,test,9149,9220,72,24,0.15,9223,2026-07-28 02:20:00,9226,2026-07-28 03:20:00,9232,2026-07-28 05:20:00,9244,2026-07-28 09:20:00
9221,2026-07-28 01:40:00,test,9150,9221,72,24,0.15,9224,2026-07-28 02:40:00,9227,2026-07-28 03:40:00,9233,2026-07-28 05:40:00,9245,2026-07-28 09:40:00
9223,2026-07-28 02:20:00,test,9152,9223,72,24,0.15,9226,2026-07-28 03:20:00,9229,2026-07-28 04:20:00,9235,2026-07-28 06:20:00,9247,2026-07-28 10:20:00
9224,2026-07-28 02:40:00,test,9153,9224,72,24,0.15,9227,2026-07-28 03:40:00,9230,2026-07-28 04:40:00,9236,2026-07-28 06:40:00,9248,2026-07-28 10:40:00
9227,2026-07-28 03:40:00,test,9156,9227,72,24,0.15,9230,2026-07-28 04:40:00,9233,2026-07-28 05:40:00,9239,2026-07-28 07:40:00,9251,2026-07-28 11:40:00
9229,2026-07-28 04:20:00,test,9158,9229,72,24,0.15,9232,2026-07-28 05:20:00,9235,2026-07-28 06:20:00,9241,2026-07-28 08:20:00,9253,2026-07-28 12:20:00
9233,2026-07-28 05:40:00,test,9162,9233,72,24,0.15,9236,2026-07-28 06:40:00,9239,2026-07-28 07:40:00,9245,2026-07-28 09:40:00,9257,2026-07-28 13:40:00
9234,2026-07-28 06:00:00,test,9163,9234,72,24,0.15,9237,2026-07-28 07:00:00,9240,2026-07-28 08:00:00,9246,2026-07-28 10:00:00,9258,2026-07-28 14:00:00
9238,2026-07-28 07:20:00,test,9167,9238,72,24,0.15,9241,2026-07-28 08:20:00,9244,2026-07-28 09:20:00,9250,2026-07-28 11:20:00,9262,2026-07-28 15:20:00
9240,2026-07-28 08:00:00,test,9169,9240,72,24,0.15,9243,2026-07-28 09:00:00,9246,2026-07-28 10:00:00,9252,2026-07-28 12:00:00,9264,2026-07-28 16:00:00
9241,2026-07-28 08:20:00,test,9170,9241,72,24,0.15,9244,2026-07-28 09:20:00,9247,2026-07-28 10:20:00,9253,2026-07-28 12:20:00,9265,2026-07-28 16:20:00
9242,2026-07-28 08:40:00,test,9171,9242,72,24,0.15,9245,2026-07-28 09:40:00,9248,2026-07-28 10:40:00,9254,2026-07-28 12:40:00,9266,2026-07-28 16:40:00
9244,2026-07-28 09:20:00,test,9173,9244,72,24,0.15,9247,2026-07-28 10:20:00,9250,2026-07-28 11:20:00,9256,2026-07-28 13:20:00,9268,2026-07-28 17:20:00
9245,2026-07-28 09:40:00,test,9174,9245,72,24,0.15,9248,2026-07-28 10:40:00,9251,2026-07-28 11:40:00,9257,2026-07-28 13:40:00,9269,2026-07-28 17:40:00
9247,2026-07-28 10:20:00,test,9176,9247,72,24,0.15,9250,2026-07-28 11:20:00,9253,2026-07-28 12:20:00,9259,2026-07-28 14:20:00,9271,2026-07-28 18:20:00
9248,2026-07-28 10:40:00,test,9177,9248,72,24,0.15,9251,2026-07-28 11:40:00,9254,2026-07-28 12:40:00,9260,2026-07-28 14:40:00,9272,2026-07-28 18:40:00
9249,2026-07-28 11:00:00,test,9178,9249,72,24,0.15,9252,2026-07-28 12:00:00,9255,2026-07-28 13:00:00,9261,2026-07-28 15:00:00,9273,2026-07-28 19:00:00
9250,2026-07-28 11:20:00,test,9179,9250,72,24,0.15,9253,2026-07-28 12:20:00,9256,2026-07-28 13:20:00,9262,2026-07-28 15:20:00,9274,2026-07-28 19:20:00
9251,2026-07-28 11:40:00,test,9180,9251,72,24,0.15,9254,2026-07-28 12:40:00,9257,2026-07-28 13:40:00,9263,2026-07-28 15:40:00,9275,2026-07-28 19:40:00
9252,2026-07-28 12:00:00,test,9181,9252,72,24,0.15,9255,2026-07-28 13:00:00,9258,2026-07-28 14:00:00,9264,2026-07-28 16:00:00,9276,2026-07-28 20:00:00
9253,2026-07-28 12:20:00,test,9182,9253,72,24,0.15,9256,2026-07-28 13:20:00,9259,2026-07-28 14:20:00,9265,2026-07-28 16:20:00,9277,2026-07-28 20:20:00
9254,2026-07-28 12:40:00,test,9183,9254,72,24,0.15,9257,2026-07-28 13:40:00,9260,2026-07-28 14:40:00,9266,2026-07-28 16:40:00,9278,2026-07-28 20:40:00
9255,2026-07-28 13:00:00,test,9184,9255,72,24,0.15,9258,2026-07-28 14:00:00,9261,2026-07-28 15:00:00,9267,2026-07-28 17:00:00,9279,2026-07-28 21:00:00
9256,2026-07-28 13:20:00,test,9185,9256,72,24,0.15,9259,2026-07-28 14:20:00,9262,2026-07-28 15:20:00,9268,2026-07-28 17:20:00,9280,2026-07-28 21:20:00
9257,2026-07-28 13:40:00,test,9186,9257,72,24,0.15,9260,2026-07-28 14:40:00,9263,2026-07-28 15:40:00,9269,2026-07-28 17:40:00,9281,2026-07-28 21:40:00
9258,2026-07-28 14:00:00,test,9187,9258,72,24,0.15,9261,2026-07-28 15:00:00,9264,2026-07-28 16:00:00,9270,2026-07-28 18:00:00,9282,2026-07-28 22:00:00
9259,2026-07-28 14:20:00,test,9188,9259,72,24,0.15,9262,2026-07-28 15:20:00,9265,2026-07-28 16:20:00,9271,2026-07-28 18:20:00,9283,2026-07-28 22:20:00
9260,2026-07-28 14:40:00,test,9189,9260,72,24,0.15,9263,2026-07-28 15:40:00,9266,2026-07-28 16:40:00,9272,2026-07-28 18:40:00,9284,2026-07-28 22:40:00
9261,2026-07-28 15:00:00,test,9190,9261,72,24,0.15,9264,2026-07-28 16:00:00,9267,2026-07-28 17:00:00,9273,2026-07-28 19:00:00,9285,2026-07-28 23:00:00
9262,2026-07-28 15:20:00,test,9191,9262,72,24,0.15,9265,2026-07-28 16:20:00,9268,2026-07-28 17:20:00,9274,2026-07-28 19:20:00,9286,2026-07-28 23:20:00
9263,2026-07-28 15:40:00,test,9192,9263,72,24,0.15,9266,2026-07-28 16:40:00,9269,2026-07-28 17:40:00,9275,2026-07-28 19:40:00,9287,2026-07-28 23:40:00
9264,2026-07-28 16:00:00,test,9193,9264,72,24,0.15,9267,2026-07-28 17:00:00,9270,2026-07-28 18:00:00,9276,2026-07-28 20:00:00,9288,2026-07-29 00:00:00
9265,2026-07-28 16:20:00,test,9194,9265,72,24,0.15,9268,2026-07-28 17:20:00,9271,2026-07-28 18:20:00,9277,2026-07-28 20:20:00,9289,2026-07-29 00:20:00
9266,2026-07-28 16:40:00,test,9195,9266,72,24,0.15,9269,2026-07-28 17:40:00,9272,2026-07-28 18:40:00,9278,2026-07-28 20:40:00,9290,2026-07-29 00:40:00
9267,2026-07-28 17:00:00,test,9196,9267,72,24,0.15,9270,2026-07-28 18:00:00,9273,2026-07-28 19:00:00,9279,2026-07-28 21:00:00,9291,2026-07-29 01:00:00
9268,2026-07-28 17:20:00,test,9197,9268,72,24,0.15,9271,2026-07-28 18:20:00,9274,2026-07-28 19:20:00,9280,2026-07-28 21:20:00,9292,2026-07-29 01:20:00
9269,2026-07-28 17:40:00,test,9198,9269,72,24,0.15,9272,2026-07-28 18:40:00,9275,2026-07-28 19:40:00,9281,2026-07-28 21:40:00,9293,2026-07-29 01:40:00
9270,2026-07-28 18:00:00,test,9199,9270,72,24,0.15,9273,2026-07-28 19:00:00,9276,2026-07-28 20:00:00,9282,2026-07-28 22:00:00,9294,2026-07-29 02:00:00
9271,2026-07-28 18:20:00,test,9200,9271,72,24,0.15,9274,2026-07-28 19:20:00,9277,2026-07-28 20:20:00,9283,2026-07-28 22:20:00,9295,2026-07-29 02:20:00
9272,2026-07-28 18:40:00,test,9201,9272,72,24,0.15,9275,2026-07-28 19:40:00,9278,2026-07-28 20:40:00,9284,2026-07-28 22:40:00,9296,2026-07-29 02:40:00
9273,2026-07-28 19:00:00,test,9202,9273,72,24,0.15,9276,2026-07-28 20:00:00,9279,2026-07-28 21:00:00,9285,2026-07-28 23:00:00,9297,2026-07-29 03:00:00
9274,2026-07-28 19:20:00,test,9203,9274,72,24,0.15,9277,2026-07-28 20:20:00,9280,2026-07-28 21:20:00,9286,2026-07-28 23:20:00,9298,2026-07-29 03:20:00
9275,2026-07-28 19:40:00,test,9204,9275,72,24,0.15,9278,2026-07-28 20:40:00,9281,2026-07-28 21:40:00,9287,2026-07-28 23:40:00,9299,2026-07-29 03:40:00
9276,2026-07-28 20:00:00,test,9205,9276,72,24,0.15,9279,2026-07-28 21:00:00,9282,2026-07-28 22:00:00,9288,2026-07-29 00:00:00,9300,2026-07-29 04:00:00
9277,2026-07-28 20:20:00,test,9206,9277,72,24,0.15,9280,2026-07-28 21:20:00,9283,2026-07-28 22:20:00,9289,2026-07-29 00:20:00,9301,2026-07-29 04:20:00
9278,2026-07-28 20:40:00,test,9207,9278,72,24,0.15,9281,2026-07-28 21:40:00,9284,2026-07-28 22:40:00,9290,2026-07-29 00:40:00,9302,2026-07-29 04:40:00
9279,2026-07-28 21:00:00,test,9208,9279,72,24,0.15,9282,2026-07-28 22:00:00,9285,2026-07-28 23:00:00,9291,2026-07-29 01:00:00,9303,2026-07-29 05:00:00
9280,2026-07-28 21:20:00,test,9209,9280,72,24,0.15,9283,2026-07-28 22:20:00,9286,2026-07-28 23:20:00,9292,2026-07-29 01:20:00,9304,2026-07-29 05:20:00
9281,2026-07-28 21:40:00,test,9210,9281,72,24,0.15,9284,2026-07-28 22:40:00,9287,2026-07-28 23:40:00,9293,2026-07-29 01:40:00,9305,2026-07-29 05:40:00
9283,2026-07-28 22:20:00,test,9212,9283,72,24,0.15,9286,2026-07-28 23:20:00,9289,2026-07-29 00:20:00,9295,2026-07-29 02:20:00,9307,2026-07-29 06:20:00
9284,2026-07-28 22:40:00,test,9213,9284,72,24,0.15,9287,2026-07-28 23:40:00,9290,2026-07-29 00:40:00,9296,2026-07-29 02:40:00,9308,2026-07-29 06:40:00
9285,2026-07-28 23:00:00,test,9214,9285,72,24,0.15,9288,2026-07-29 00:00:00,9291,2026-07-29 01:00:00,9297,2026-07-29 03:00:00,9309,2026-07-29 07:00:00
9286,2026-07-28 23:20:00,test,9215,9286,72,24,0.15,9289,2026-07-29 00:20:00,9292,2026-07-29 01:20:00,9298,2026-07-29 03:20:00,9310,2026-07-29 07:20:00
9287,2026-07-28 23:40:00,test,9216,9287,72,24,0.15,9290,2026-07-29 00:40:00,9293,2026-07-29 01:40:00,9299,2026-07-29 03:40:00,9311,2026-07-29 07:40:00
9288,2026-07-29 00:00:00,test,9217,9288,72,24,0.15,9291,2026-07-29 01:00:00,9294,2026-07-29 02:00:00,9300,2026-07-29 04:00:00,9312,2026-07-29 08:00:00
9289,2026-07-29 00:20:00,test,9218,9289,72,24,0.15,9292,2026-07-29 01:20:00,9295,2026-07-29 02:20:00,9301,2026-07-29 04:20:00,9313,2026-07-29 08:20:00
9290,2026-07-29 00:40:00,test,9219,9290,72,24,0.15,9293,2026-07-29 01:40:00,9296,2026-07-29 02:40:00,9302,2026-07-29 04:40:00,9314,2026-07-29 08:40:00
9291,2026-07-29 01:00:00,test,9220,9291,72,24,0.15,9294,2026-07-29 02:00:00,9297,2026-07-29 03:00:00,9303,2026-07-29 05:00:00,9315,2026-07-29 09:00:00
9292,2026-07-29 01:20:00,test,9221,9292,72,24,0.15,9295,2026-07-29 02:20:00,9298,2026-07-29 03:20:00,9304,2026-07-29 05:20:00,9316,2026-07-29 09:20:00
9293,2026-07-29 01:40:00,test,9222,9293,72,24,0.15,9296,2026-07-29 02:40:00,9299,2026-07-29 03:40:00,9305,2026-07-29 05:40:00,9317,2026-07-29 09:40:00
9295,2026-07-29 02:20:00,test,9224,9295,72,24,0.15,9298,2026-07-29 03:20:00,9301,2026-07-29 04:20:00,9307,2026-07-29 06:20:00,9319,2026-07-29 10:20:00
9296,2026-07-29 02:40:00,test,9225,9296,72,24,0.15,9299,2026-07-29 03:40:00,9302,2026-07-29 04:40:00,9308,2026-07-29 06:40:00,9320,2026-07-29 10:40:00
9297,2026-07-29 03:00:00,test,9226,9297,72,24,0.15,9300,2026-07-29 04:00:00,9303,2026-07-29 05:00:00,9309,2026-07-29 07:00:00,9321,2026-07-29 11:00:00
9298,2026-07-29 03:20:00,test,9227,9298,72,24,0.15,9301,2026-07-29 04:20:00,9304,2026-07-29 05:20:00,9310,2026-07-29 07:20:00,9322,2026-07-29 11:20:00
9301,2026-07-29 04:20:00,test,9230,9301,72,24,0.15,9304,2026-07-29 05:20:00,9307,2026-07-29 06:20:00,9313,2026-07-29 08:20:00,9325,2026-07-29 12:20:00
9302,2026-07-29 04:40:00,test,9231,9302,72,24,0.15,9305,2026-07-29 05:40:00,9308,2026-07-29 06:40:00,9314,2026-07-29 08:40:00,9326,2026-07-29 12:40:00
9305,2026-07-29 05:40:00,test,9234,9305,72,24,0.15,9308,2026-07-29 06:40:00,9311,2026-07-29 07:40:00,9317,2026-07-29 09:40:00,9329,2026-07-29 13:40:00
9306,2026-07-29 06:00:00,test,9235,9306,72,24,0.15,9309,2026-07-29 07:00:00,9312,2026-07-29 08:00:00,9318,2026-07-29 10:00:00,9330,2026-07-29 14:00:00
9307,2026-07-29 06:20:00,test,9236,9307,72,24,0.15,9310,2026-07-29 07:20:00,9313,2026-07-29 08:20:00,9319,2026-07-29 10:20:00,9331,2026-07-29 14:20:00
9308,2026-07-29 06:40:00,test,9237,9308,72,24,0.15,9311,2026-07-29 07:40:00,9314,2026-07-29 08:40:00,9320,2026-07-29 10:40:00,9332,2026-07-29 14:40:00
9309,2026-07-29 07:00:00,test,9238,9309,72,24,0.15,9312,2026-07-29 08:00:00,9315,2026-07-29 09:00:00,9321,2026-07-29 11:00:00,9333,2026-07-29 15:00:00
9310,2026-07-29 07:20:00,test,9239,9310,72,24,0.15,9313,2026-07-29 08:20:00,9316,2026-07-29 09:20:00,9322,2026-07-29 11:20:00,9334,2026-07-29 15:20:00
9312,2026-07-29 08:00:00,test,9241,9312,72,24,0.15,9315,2026-07-29 09:00:00,9318,2026-07-29 10:00:00,9324,2026-07-29 12:00:00,9336,2026-07-29 16:00:00
9313,2026-07-29 08:20:00,test,9242,9313,72,24,0.15,9316,2026-07-29 09:20:00,9319,2026-07-29 10:20:00,9325,2026-07-29 12:20:00,9337,2026-07-29 16:20:00
9314,2026-07-29 08:40:00,test,9243,9314,72,24,0.15,9317,2026-07-29 09:40:00,9320,2026-07-29 10:40:00,9326,2026-07-29 12:40:00,9338,2026-07-29 16:40:00
9315,2026-07-29 09:00:00,test,9244,9315,72,24,0.15,9318,2026-07-29 10:00:00,9321,2026-07-29 11:00:00,9327,2026-07-29 13:00:00,9339,2026-07-29 17:00:00
9318,2026-07-29 10:00:00,test,9247,9318,72,24,0.15,9321,2026-07-29 11:00:00,9324,2026-07-29 12:00:00,9330,2026-07-29 14:00:00,9342,2026-07-29 18:00:00
9319,2026-07-29 10:20:00,test,9248,9319,72,24,0.15,9322,2026-07-29 11:20:00,9325,2026-07-29 12:20:00,9331,2026-07-29 14:20:00,9343,2026-07-29 18:20:00
9321,2026-07-29 11:00:00,test,9250,9321,72,24,0.15,9324,2026-07-29 12:00:00,9327,2026-07-29 13:00:00,9333,2026-07-29 15:00:00,9345,2026-07-29 19:00:00
9323,2026-07-29 11:40:00,test,9252,9323,72,24,0.15,9326,2026-07-29 12:40:00,9329,2026-07-29 13:40:00,9335,2026-07-29 15:40:00,9347,2026-07-29 19:40:00
9324,2026-07-29 12:00:00,test,9253,9324,72,24,0.15,9327,2026-07-29 13:00:00,9330,2026-07-29 14:00:00,9336,2026-07-29 16:00:00,9348,2026-07-29 20:00:00
9326,2026-07-29 12:40:00,test,9255,9326,72,24,0.15,9329,2026-07-29 13:40:00,9332,2026-07-29 14:40:00,9338,2026-07-29 16:40:00,9350,2026-07-29 20:40:00
9327,2026-07-29 13:00:00,test,9256,9327,72,24,0.15,9330,2026-07-29 14:00:00,9333,2026-07-29 15:00:00,9339,2026-07-29 17:00:00,9351,2026-07-29 21:00:00
9328,2026-07-29 13:20:00,test,9257,9328,72,24,0.15,9331,2026-07-29 14:20:00,9334,2026-07-29 15:20:00,9340,2026-07-29 17:20:00,9352,2026-07-29 21:20:00
9329,2026-07-29 13:40:00,test,9258,9329,72,24,0.15,9332,2026-07-29 14:40:00,9335,2026-07-29 15:40:00,9341,2026-07-29 17:40:00,9353,2026-07-29 21:40:00
9330,2026-07-29 14:00:00,test,9259,9330,72,24,0.15,9333,2026-07-29 15:00:00,9336,2026-07-29 16:00:00,9342,2026-07-29 18:00:00,9354,2026-07-29 22:00:00
9331,2026-07-29 14:20:00,test,9260,9331,72,24,0.15,9334,2026-07-29 15:20:00,9337,2026-07-29 16:20:00,9343,2026-07-29 18:20:00,9355,2026-07-29 22:20:00
9332,2026-07-29 14:40:00,test,9261,9332,72,24,0.15,9335,2026-07-29 15:40:00,9338,2026-07-29 16:40:00,9344,2026-07-29 18:40:00,9356,2026-07-29 22:40:00
9333,2026-07-29 15:00:00,test,9262,9333,72,24,0.15,9336,2026-07-29 16:00:00,9339,2026-07-29 17:00:00,9345,2026-07-29 19:00:00,9357,2026-07-29 23:00:00
9334,2026-07-29 15:20:00,test,9263,9334,72,24,0.15,9337,2026-07-29 16:20:00,9340,2026-07-29 17:20:00,9346,2026-07-29 19:20:00,9358,2026-07-29 23:20:00
9335,2026-07-29 15:40:00,test,9264,9335,72,24,0.15,9338,2026-07-29 16:40:00,9341,2026-07-29 17:40:00,9347,2026-07-29 19:40:00,9359,2026-07-29 23:40:00
9336,2026-07-29 16:00:00,test,9265,9336,72,24,0.15,9339,2026-07-29 17:00:00,9342,2026-07-29 18:00:00,9348,2026-07-29 20:00:00,9360,2026-07-30 00:00:00
9337,2026-07-29 16:20:00,test,9266,9337,72,24,0.15,9340,2026-07-29 17:20:00,9343,2026-07-29 18:20:00,9349,2026-07-29 20:20:00,9361,2026-07-30 00:20:00
9338,2026-07-29 16:40:00,test,9267,9338,72,24,0.15,9341,2026-07-29 17:40:00,9344,2026-07-29 18:40:00,9350,2026-07-29 20:40:00,9362,2026-07-30 00:40:00
9339,2026-07-29 17:00:00,test,9268,9339,72,24,0.15,9342,2026-07-29 18:00:00,9345,2026-07-29 19:00:00,9351,2026-07-29 21:00:00,9363,2026-07-30 01:00:00
9340,2026-07-29 17:20:00,test,9269,9340,72,24,0.15,9343,2026-07-29 18:20:00,9346,2026-07-29 19:20:00,9352,2026-07-29 21:20:00,9364,2026-07-30 01:20:00
9341,2026-07-29 17:40:00,test,9270,9341,72,24,0.15,9344,2026-07-29 18:40:00,9347,2026-07-29 19:40:00,9353,2026-07-29 21:40:00,9365,2026-07-30 01:40:00
9342,2026-07-29 18:00:00,test,9271,9342,72,24,0.15,9345,2026-07-29 19:00:00,9348,2026-07-29 20:00:00,9354,2026-07-29 22:00:00,9366,2026-07-30 02:00:00
9343,2026-07-29 18:20:00,test,9272,9343,72,24,0.15,9346,2026-07-29 19:20:00,9349,2026-07-29 20:20:00,9355,2026-07-29 22:20:00,9367,2026-07-30 02:20:00
9344,2026-07-29 18:40:00,test,9273,9344,72,24,0.15,9347,2026-07-29 19:40:00,9350,2026-07-29 20:40:00,9356,2026-07-29 22:40:00,9368,2026-07-30 02:40:00
9345,2026-07-29 19:00:00,test,9274,9345,72,24,0.15,9348,2026-07-29 20:00:00,9351,2026-07-29 21:00:00,9357,2026-07-29 23:00:00,9369,2026-07-30 03:00:00
9346,2026-07-29 19:20:00,test,9275,9346,72,24,0.15,9349,2026-07-29 20:20:00,9352,2026-07-29 21:20:00,9358,2026-07-29 23:20:00,9370,2026-07-30 03:20:00
9347,2026-07-29 19:40:00,test,9276,9347,72,24,0.15,9350,2026-07-29 20:40:00,9353,2026-07-29 21:40:00,9359,2026-07-29 23:40:00,9371,2026-07-30 03:40:00
9348,2026-07-29 20:00:00,test,9277,9348,72,24,0.15,9351,2026-07-29 21:00:00,9354,2026-07-29 22:00:00,9360,2026-07-30 00:00:00,9372,2026-07-30 04:00:00
9349,2026-07-29 20:20:00,test,9278,9349,72,24,0.15,9352,2026-07-29 21:20:00,9355,2026-07-29 22:20:00,9361,2026-07-30 00:20:00,9373,2026-07-30 04:20:00
9350,2026-07-29 20:40:00,test,9279,9350,72,24,0.15,9353,2026-07-29 21:40:00,9356,2026-07-29 22:40:00,9362,2026-07-30 00:40:00,9374,2026-07-30 04:40:00
9351,2026-07-29 21:00:00,test,9280,9351,72,24,0.15,9354,2026-07-29 22:00:00,9357,2026-07-29 23:00:00,9363,2026-07-30 01:00:00,9375,2026-07-30 05:00:00
9352,2026-07-29 21:20:00,test,9281,9352,72,24,0.15,9355,2026-07-29 22:20:00,9358,2026-07-29 23:20:00,9364,2026-07-30 01:20:00,9376,2026-07-30 05:20:00
9353,2026-07-29 21:40:00,test,9282,9353,72,24,0.15,9356,2026-07-29 22:40:00,9359,2026-07-29 23:40:00,9365,2026-07-30 01:40:00,9377,2026-07-30 05:40:00
9354,2026-07-29 22:00:00,test,9283,9354,72,24,0.15,9357,2026-07-29 23:00:00,9360,2026-07-30 00:00:00,9366,2026-07-30 02:00:00,9378,2026-07-30 06:00:00
9355,2026-07-29 22:20:00,test,9284,9355,72,24,0.15,9358,2026-07-29 23:20:00,9361,2026-07-30 00:20:00,9367,2026-07-30 02:20:00,9379,2026-07-30 06:20:00
9356,2026-07-29 22:40:00,test,9285,9356,72,24,0.15,9359,2026-07-29 23:40:00,9362,2026-07-30 00:40:00,9368,2026-07-30 02:40:00,9380,2026-07-30 06:40:00
9357,2026-07-29 23:00:00,test,9286,9357,72,24,0.15,9360,2026-07-30 00:00:00,9363,2026-07-30 01:00:00,9369,2026-07-30 03:00:00,9381,2026-07-30 07:00:00
9358,2026-07-29 23:20:00,test,9287,9358,72,24,0.15,9361,2026-07-30 00:20:00,9364,2026-07-30 01:20:00,9370,2026-07-30 03:20:00,9382,2026-07-30 07:20:00
9359,2026-07-29 23:40:00,test,9288,9359,72,24,0.15,9362,2026-07-30 00:40:00,9365,2026-07-30 01:40:00,9371,2026-07-30 03:40:00,9383,2026-07-30 07:40:00
9360,2026-07-30 00:00:00,test,9289,9360,72,24,0.15,9363,2026-07-30 01:00:00,9366,2026-07-30 02:00:00,9372,2026-07-30 04:00:00,9384,2026-07-30 08:00:00
9361,2026-07-30 00:20:00,test,9290,9361,72,24,0.15,9364,2026-07-30 01:20:00,9367,2026-07-30 02:20:00,9373,2026-07-30 04:20:00,9385,2026-07-30 08:20:00
9362,2026-07-30 00:40:00,test,9291,9362,72,24,0.15,9365,2026-07-30 01:40:00,9368,2026-07-30 02:40:00,9374,2026-07-30 04:40:00,9386,2026-07-30 08:40:00
9363,2026-07-30 01:00:00,test,9292,9363,72,24,0.15,9366,2026-07-30 02:00:00,9369,2026-07-30 03:00:00,9375,2026-07-30 05:00:00,9387,2026-07-30 09:00:00
9364,2026-07-30 01:20:00,test,9293,9364,72,24,0.15,9367,2026-07-30 02:20:00,9370,2026-07-30 03:20:00,9376,2026-07-30 05:20:00,9388,2026-07-30 09:20:00
9365,2026-07-30 01:40:00,test,9294,9365,72,24,0.15,9368,2026-07-30 02:40:00,9371,2026-07-30 03:40:00,9377,2026-07-30 05:40:00,9389,2026-07-30 09:40:00
9366,2026-07-30 02:00:00,test,9295,9366,72,24,0.15,9369,2026-07-30 03:00:00,9372,2026-07-30 04:00:00,9378,2026-07-30 06:00:00,9390,2026-07-30 10:00:00
9367,2026-07-30 02:20:00,test,9296,9367,72,24,0.15,9370,2026-07-30 03:20:00,9373,2026-07-30 04:20:00,9379,2026-07-30 06:20:00,9391,2026-07-30 10:20:00
9368,2026-07-30 02:40:00,test,9297,9368,72,24,0.15,9371,2026-07-30 03:40:00,9374,2026-07-30 04:40:00,9380,2026-07-30 06:40:00,9392,2026-07-30 10:40:00
9369,2026-07-30 03:00:00,test,9298,9369,72,24,0.15,9372,2026-07-30 04:00:00,9375,2026-07-30 05:00:00,9381,2026-07-30 07:00:00,9393,2026-07-30 11:00:00
9370,2026-07-30 03:20:00,test,9299,9370,72,24,0.15,9373,2026-07-30 04:20:00,9376,2026-07-30 05:20:00,9382,2026-07-30 07:20:00,9394,2026-07-30 11:20:00
9372,2026-07-30 04:00:00,test,9301,9372,72,24,0.15,9375,2026-07-30 05:00:00,9378,2026-07-30 06:00:00,9384,2026-07-30 08:00:00,9396,2026-07-30 12:00:00
9373,2026-07-30 04:20:00,test,9302,9373,72,24,0.15,9376,2026-07-30 05:20:00,9379,2026-07-30 06:20:00,9385,2026-07-30 08:20:00,9397,2026-07-30 12:20:00
9374,2026-07-30 04:40:00,test,9303,9374,72,24,0.15,9377,2026-07-30 05:40:00,9380,2026-07-30 06:40:00,9386,2026-07-30 08:40:00,9398,2026-07-30 12:40:00
9375,2026-07-30 05:00:00,test,9304,9375,72,24,0.15,9378,2026-07-30 06:00:00,9381,2026-07-30 07:00:00,9387,2026-07-30 09:00:00,9399,2026-07-30 13:00:00
9376,2026-07-30 05:20:00,test,9305,9376,72,24,0.15,9379,2026-07-30 06:20:00,9382,2026-07-30 07:20:00,9388,2026-07-30 09:20:00,9400,2026-07-30 13:20:00
9377,2026-07-30 05:40:00,test,9306,9377,72,24,0.15,9380,2026-07-30 06:40:00,9383,2026-07-30 07:40:00,9389,2026-07-30 09:40:00,9401,2026-07-30 13:40:00
9378,2026-07-30 06:00:00,test,9307,9378,72,24,0.15,9381,2026-07-30 07:00:00,9384,2026-07-30 08:00:00,9390,2026-07-30 10:00:00,9402,2026-07-30 14:00:00
9379,2026-07-30 06:20:00,test,9308,9379,72,24,0.15,9382,2026-07-30 07:20:00,9385,2026-07-30 08:20:00,9391,2026-07-30 10:20:00,9403,2026-07-30 14:20:00
9380,2026-07-30 06:40:00,test,9309,9380,72,24,0.15,9383,2026-07-30 07:40:00,9386,2026-07-30 08:40:00,9392,2026-07-30 10:40:00,9404,2026-07-30 14:40:00
9381,2026-07-30 07:00:00,test,9310,9381,72,24,0.15,9384,2026-07-30 08:00:00,9387,2026-07-30 09:00:00,9393,2026-07-30 11:00:00,9405,2026-07-30 15:00:00
9382,2026-07-30 07:20:00,test,9311,9382,72,24,0.15,9385,2026-07-30 08:20:00,9388,2026-07-30 09:20:00,9394,2026-07-30 11:20:00,9406,2026-07-30 15:20:00
9386,2026-07-30 08:40:00,test,9315,9386,72,24,0.15,9389,2026-07-30 09:40:00,9392,2026-07-30 10:40:00,9398,2026-07-30 12:40:00,9410,2026-07-30 16:40:00
9387,2026-07-30 09:00:00,test,9316,9387,72,24,0.15,9390,2026-07-30 10:00:00,9393,2026-07-30 11:00:00,9399,2026-07-30 13:00:00,9411,2026-07-30 17:00:00
9390,2026-07-30 10:00:00,test,9319,9390,72,24,0.15,9393,2026-07-30 11:00:00,9396,2026-07-30 12:00:00,9402,2026-07-30 14:00:00,9414,2026-07-30 18:00:00
9391,2026-07-30 10:20:00,test,9320,9391,72,24,0.15,9394,2026-07-30 11:20:00,9397,2026-07-30 12:20:00,9403,2026-07-30 14:20:00,9415,2026-07-30 18:20:00
9393,2026-07-30 11:00:00,test,9322,9393,72,24,0.15,9396,2026-07-30 12:00:00,9399,2026-07-30 13:00:00,9405,2026-07-30 15:00:00,9417,2026-07-30 19:00:00
9394,2026-07-30 11:20:00,test,9323,9394,72,24,0.15,9397,2026-07-30 12:20:00,9400,2026-07-30 13:20:00,9406,2026-07-30 15:20:00,9418,2026-07-30 19:20:00
9398,2026-07-30 12:40:00,test,9327,9398,72,24,0.15,9401,2026-07-30 13:40:00,9404,2026-07-30 14:40:00,9410,2026-07-30 16:40:00,9422,2026-07-30 20:40:00
9408,2026-07-30 16:00:00,test,9337,9408,72,24,0.15,9411,2026-07-30 17:00:00,9414,2026-07-30 18:00:00,9420,2026-07-30 20:00:00,9432,2026-07-31 00:00:00
9414,2026-07-30 18:00:00,test,9343,9414,72,24,0.15,9417,2026-07-30 19:00:00,9420,2026-07-30 20:00:00,9426,2026-07-30 22:00:00,9438,2026-07-31 02:00:00
9415,2026-07-30 18:20:00,test,9344,9415,72,24,0.15,9418,2026-07-30 19:20:00,9421,2026-07-30 20:20:00,9427,2026-07-30 22:20:00,9439,2026-07-31 02:20:00
9418,2026-07-30 19:20:00,test,9347,9418,72,24,0.15,9421,2026-07-30 20:20:00,9424,2026-07-30 21:20:00,9430,2026-07-30 23:20:00,9442,2026-07-31 03:20:00
9421,2026-07-30 20:20:00,test,9350,9421,72,24,0.15,9424,2026-07-30 21:20:00,9427,2026-07-30 22:20:00,9433,2026-07-31 00:20:00,9445,2026-07-31 04:20:00
9422,2026-07-30 20:40:00,test,9351,9422,72,24,0.15,9425,2026-07-30 21:40:00,9428,2026-07-30 22:40:00,9434,2026-07-31 00:40:00,9446,2026-07-31 04:40:00
9425,2026-07-30 21:40:00,test,9354,9425,72,24,0.15,9428,2026-07-30 22:40:00,9431,2026-07-30 23:40:00,9437,2026-07-31 01:40:00,9449,2026-07-31 05:40:00
9426,2026-07-30 22:00:00,test,9355,9426,72,24,0.15,9429,2026-07-30 23:00:00,9432,2026-07-31 00:00:00,9438,2026-07-31 02:00:00,9450,2026-07-31 06:00:00
9427,2026-07-30 22:20:00,test,9356,9427,72,24,0.15,9430,2026-07-30 23:20:00,9433,2026-07-31 00:20:00,9439,2026-07-31 02:20:00,9451,2026-07-31 06:20:00
9438,2026-07-31 02:00:00,test,9367,9438,72,24,0.15,9441,2026-07-31 03:00:00,9444,2026-07-31 04:00:00,9450,2026-07-31 06:00:00,9462,2026-07-31 10:00:00
9439,2026-07-31 02:20:00,test,9368,9439,72,24,0.15,9442,2026-07-31 03:20:00,9445,2026-07-31 04:20:00,9451,2026-07-31 06:20:00,9463,2026-07-31 10:20:00
9443,2026-07-31 03:40:00,test,9372,9443,72,24,0.15,9446,2026-07-31 04:40:00,9449,2026-07-31 05:40:00,9455,2026-07-31 07:40:00,9467,2026-07-31 11:40:00
9446,2026-07-31 04:40:00,test,9375,9446,72,24,0.15,9449,2026-07-31 05:40:00,9452,2026-07-31 06:40:00,9458,2026-07-31 08:40:00,9470,2026-07-31 12:40:00
9593,2026-08-02 05:40:00,test,9522,9593,72,24,0.15,9596,2026-08-02 06:40:00,9599,2026-08-02 07:40:00,9605,2026-08-02 09:40:00,9617,2026-08-02 13:40:00
9594,2026-08-02 06:00:00,test,9523,9594,72,24,0.15,9597,2026-08-02 07:00:00,9600,2026-08-02 08:00:00,9606,2026-08-02 10:00:00,9618,2026-08-02 14:00:00
9605,2026-08-02 09:40:00,test,9534,9605,72,24,0.15,9608,2026-08-02 10:40:00,9611,2026-08-02 11:40:00,9617,2026-08-02 13:40:00,9629,2026-08-02 17:40:00
9783,2026-08-04 21:00:00,test,9712,9783,72,24,0.15,9786,2026-08-04 22:00:00,9789,2026-08-04 23:00:00,9795,2026-08-05 01:00:00,9807,2026-08-05 05:00:00
9784,2026-08-04 21:20:00,test,9713,9784,72,24,0.15,9787,2026-08-04 22:20:00,9790,2026-08-04 23:20:00,9796,2026-08-05 01:20:00,9808,2026-08-05 05:20:00
9785,2026-08-04 21:40:00,test,9714,9785,72,24,0.15,9788,2026-08-04 22:40:00,9791,2026-08-04 23:40:00,9797,2026-08-05 01:40:00,9809,2026-08-05 05:40:00
9786,2026-08-04 22:00:00,test,9715,9786,72,24,0.15,9789,2026-08-04 23:00:00,9792,2026-08-05 00:00:00,9798,2026-08-05 02:00:00,9810,2026-08-05 06:00:00
9787,2026-08-04 22:20:00,test,9716,9787,72,24,0.15,9790,2026-08-04 23:20:00,9793,2026-08-05 00:20:00,9799,2026-08-05 02:20:00,9811,2026-08-05 06:20:00
9788,2026-08-04 22:40:00,test,9717,9788,72,24,0.15,9791,2026-08-04 23:40:00,9794,2026-08-05 00:40:00,9800,2026-08-05 02:40:00,9812,2026-08-05 06:40:00
9789,2026-08-04 23:00:00,test,9718,9789,72,24,0.15,9792,2026-08-05 00:00:00,9795,2026-08-05 01:00:00,9801,2026-08-05 03:00:00,9813,2026-08-05 07:00:00
9790,2026-08-04 23:20:00,test,9719,9790,72,24,0.15,9793,2026-08-05 00:20:00,9796,2026-08-05 01:20:00,9802,2026-08-05 03:20:00,9814,2026-08-05 07:20:00
9791,2026-08-04 23:40:00,test,9720,9791,72,24,0.15,9794,2026-08-05 00:40:00,9797,2026-08-05 01:40:00,9803,2026-08-05 03:40:00,9815,2026-08-05 07:40:00
9792,2026-08-05 00:00:00,test,9721,9792,72,24,0.15,9795,2026-08-05 01:00:00,9798,2026-08-05 02:00:00,9804,2026-08-05 04:00:00,9816,2026-08-05 08:00:00
9793,2026-08-05 00:20:00,test,9722,9793,72,24,0.15,9796,2026-08-05 01:20:00,9799,2026-08-05 02:20:00,9805,2026-08-05 04:20:00,9817,2026-08-05 08:20:00
9795,2026-08-05 01:00:00,test,9724,9795,72,24,0.15,9798,2026-08-05 02:00:00,9801,2026-08-05 03:00:00,9807,2026-08-05 05:00:00,9819,2026-08-05 09:00:00
9796,2026-08-05 01:20:00,test,9725,9796,72,24,0.15,9799,2026-08-05 02:20:00,9802,2026-08-05 03:20:00,9808,2026-08-05 05:20:00,9820,2026-08-05 09:20:00
9797,2026-08-05 01:40:00,test,9726,9797,72,24,0.15,9800,2026-08-05 02:40:00,9803,2026-08-05 03:40:00,9809,2026-08-05 05:40:00,9821,2026-08-05 09:40:00
9798,2026-08-05 02:00:00,test,9727,9798,72,24,0.15,9801,2026-08-05 03:00:00,9804,2026-08-05 04:00:00,9810,2026-08-05 06:00:00,9822,2026-08-05 10:00:00
9800,2026-08-05 02:40:00,test,9729,9800,72,24,0.15,9803,2026-08-05 03:40:00,9806,2026-08-05 04:40:00,9812,2026-08-05 06:40:00,9824,2026-08-05 10:40:00
9801,2026-08-05 03:00:00,test,9730,9801,72,24,0.15,9804,2026-08-05 04:00:00,9807,2026-08-05 05:00:00,9813,2026-08-05 07:00:00,9825,2026-08-05 11:00:00
9802,2026-08-05 03:20:00,test,9731,9802,72,24,0.15,9805,2026-08-05 04:20:00,9808,2026-08-05 05:20:00,9814,2026-08-05 07:20:00,9826,2026-08-05 11:20:00
9803,2026-08-05 03:40:00,test,9732,9803,72,24,0.15,9806,2026-08-05 04:40:00,9809,2026-08-05 05:40:00,9815,2026-08-05 07:40:00,9827,2026-08-05 11:40:00
9804,2026-08-05 04:00:00,test,9733,9804,72,24,0.15,9807,2026-08-05 05:00:00,9810,2026-08-05 06:00:00,9816,2026-08-05 08:00:00,9828,2026-08-05 12:00:00
9805,2026-08-05 04:20:00,test,9734,9805,72,24,0.15,9808,2026-08-05 05:20:00,9811,2026-08-05 06:20:00,9817,2026-08-05 08:20:00,9829,2026-08-05 12:20:00
9807,2026-08-05 05:00:00,test,9736,9807,72,24,0.15,9810,2026-08-05 06:00:00,9813,2026-08-05 07:00:00,9819,2026-08-05 09:00:00,9831,2026-08-05 13:00:00
9808,2026-08-05 05:20:00,test,9737,9808,72,24,0.15,9811,2026-08-05 06:20:00,9814,2026-08-05 07:20:00,9820,2026-08-05 09:20:00,9832,2026-08-05 13:20:00
9809,2026-08-05 05:40:00,test,9738,9809,72,24,0.15,9812,2026-08-05 06:40:00,9815,2026-08-05 07:40:00,9821,2026-08-05 09:40:00,9833,2026-08-05 13:40:00
9814,2026-08-05 07:20:00,test,9743,9814,72,24,0.15,9817,2026-08-05 08:20:00,9820,2026-08-05 09:20:00,9826,2026-08-05 11:20:00,9838,2026-08-05 15:20:00
9816,2026-08-05 08:00:00,test,9745,9816,72,24,0.15,9819,2026-08-05 09:00:00,9822,2026-08-05 10:00:00,9828,2026-08-05 12:00:00,9840,2026-08-05 16:00:00
9818,2026-08-05 08:40:00,test,9747,9818,72,24,0.15,9821,2026-08-05 09:40:00,9824,2026-08-05 10:40:00,9830,2026-08-05 12:40:00,9842,2026-08-05 16:40:00
9819,2026-08-05 09:00:00,test,9748,9819,72,24,0.15,9822,2026-08-05 10:00:00,9825,2026-08-05 11:00:00,9831,2026-08-05 13:00:00,9843,2026-08-05 17:00:00
9821,2026-08-05 09:40:00,test,9750,9821,72,24,0.15,9824,2026-08-05 10:40:00,9827,2026-08-05 11:40:00,9833,2026-08-05 13:40:00,9845,2026-08-05 17:40:00
9823,2026-08-05 10:20:00,test,9752,9823,72,24,0.15,9826,2026-08-05 11:20:00,9829,2026-08-05 12:20:00,9835,2026-08-05 14:20:00,9847,2026-08-05 18:20:00
9824,2026-08-05 10:40:00,test,9753,9824,72,24,0.15,9827,2026-08-05 11:40:00,9830,2026-08-05 12:40:00,9836,2026-08-05 14:40:00,9848,2026-08-05 18:40:00
9826,2026-08-05 11:20:00,test,9755,9826,72,24,0.15,9829,2026-08-05 12:20:00,9832,2026-08-05 13:20:00,9838,2026-08-05 15:20:00,9850,2026-08-05 19:20:00
9829,2026-08-05 12:20:00,test,9758,9829,72,24,0.15,9832,2026-08-05 13:20:00,9835,2026-08-05 14:20:00,9841,2026-08-05 16:20:00,9853,2026-08-05 20:20:00
9830,2026-08-05 12:40:00,test,9759,9830,72,24,0.15,9833,2026-08-05 13:40:00,9836,2026-08-05 14:40:00,9842,2026-08-05 16:40:00,9854,2026-08-05 20:40:00
9832,2026-08-05 13:20:00,test,9761,9832,72,24,0.15,9835,2026-08-05 14:20:00,9838,2026-08-05 15:20:00,9844,2026-08-05 17:20:00,9856,2026-08-05 21:20:00
9835,2026-08-05 14:20:00,test,9764,9835,72,24,0.15,9838,2026-08-05 15:20:00,9841,2026-08-05 16:20:00,9847,2026-08-05 18:20:00,9859,2026-08-05 22:20:00
9837,2026-08-05 15:00:00,test,9766,9837,72,24,0.15,9840,2026-08-05 16:00:00,9843,2026-08-05 17:00:00,9849,2026-08-05 19:00:00,9861,2026-08-05 23:00:00
9838,2026-08-05 15:20:00,test,9767,9838,72,24,0.15,9841,2026-08-05 16:20:00,9844,2026-08-05 17:20:00,9850,2026-08-05 19:20:00,9862,2026-08-05 23:20:00
9839,2026-08-05 15:40:00,test,9768,9839,72,24,0.15,9842,2026-08-05 16:40:00,9845,2026-08-05 17:40:00,9851,2026-08-05 19:40:00,9863,2026-08-05 23:40:00
9841,2026-08-05 16:20:00,test,9770,9841,72,24,0.15,9844,2026-08-05 17:20:00,9847,2026-08-05 18:20:00,9853,2026-08-05 20:20:00,9865,2026-08-06 00:20:00
9842,2026-08-05 16:40:00,test,9771,9842,72,24,0.15,9845,2026-08-05 17:40:00,9848,2026-08-05 18:40:00,9854,2026-08-05 20:40:00,9866,2026-08-06 00:40:00
9843,2026-08-05 17:00:00,test,9772,9843,72,24,0.15,9846,2026-08-05 18:00:00,9849,2026-08-05 19:00:00,9855,2026-08-05 21:00:00,9867,2026-08-06 01:00:00
9844,2026-08-05 17:20:00,test,9773,9844,72,24,0.15,9847,2026-08-05 18:20:00,9850,2026-08-05 19:20:00,9856,2026-08-05 21:20:00,9868,2026-08-06 01:20:00
9845,2026-08-05 17:40:00,test,9774,9845,72,24,0.15,9848,2026-08-05 18:40:00,9851,2026-08-05 19:40:00,9857,2026-08-05 21:40:00,9869,2026-08-06 01:40:00
9847,2026-08-05 18:20:00,test,9776,9847,72,24,0.15,9850,2026-08-05 19:20:00,9853,2026-08-05 20:20:00,9859,2026-08-05 22:20:00,9871,2026-08-06 02:20:00
9848,2026-08-05 18:40:00,test,9777,9848,72,24,0.15,9851,2026-08-05 19:40:00,9854,2026-08-05 20:40:00,9860,2026-08-05 22:40:00,9872,2026-08-06 02:40:00
9850,2026-08-05 19:20:00,test,9779,9850,72,24,0.15,9853,2026-08-05 20:20:00,9856,2026-08-05 21:20:00,9862,2026-08-05 23:20:00,9874,2026-08-06 03:20:00
9851,2026-08-05 19:40:00,test,9780,9851,72,24,0.15,9854,2026-08-05 20:40:00,9857,2026-08-05 21:40:00,9863,2026-08-05 23:40:00,9875,2026-08-06 03:40:00
9852,2026-08-05 20:00:00,test,9781,9852,72,24,0.15,9855,2026-08-05 21:00:00,9858,2026-08-05 22:00:00,9864,2026-08-06 00:00:00,9876,2026-08-06 04:00:00
9853,2026-08-05 20:20:00,test,9782,9853,72,24,0.15,9856,2026-08-05 21:20:00,9859,2026-08-05 22:20:00,9865,2026-08-06 00:20:00,9877,2026-08-06 04:20:00
9854,2026-08-05 20:40:00,test,9783,9854,72,24,0.15,9857,2026-08-05 21:40:00,9860,2026-08-05 22:40:00,9866,2026-08-06 00:40:00,9878,2026-08-06 04:40:00
9856,2026-08-05 21:20:00,test,9785,9856,72,24,0.15,9859,2026-08-05 22:20:00,9862,2026-08-05 23:20:00,9868,2026-08-06 01:20:00,9880,2026-08-06 05:20:00
9857,2026-08-05 21:40:00,test,9786,9857,72,24,0.15,9860,2026-08-05 22:40:00,9863,2026-08-05 23:40:00,9869,2026-08-06 01:40:00,9881,2026-08-06 05:40:00
9858,2026-08-05 22:00:00,test,9787,9858,72,24,0.15,9861,2026-08-05 23:00:00,9864,2026-08-06 00:00:00,9870,2026-08-06 02:00:00,9882,2026-08-06 06:00:00
9859,2026-08-05 22:20:00,test,9788,9859,72,24,0.15,9862,2026-08-05 23:20:00,9865,2026-08-06 00:20:00,9871,2026-08-06 02:20:00,9883,2026-08-06 06:20:00
9861,2026-08-05 23:00:00,test,9790,9861,72,24,0.15,9864,2026-08-06 00:00:00,9867,2026-08-06 01:00:00,9873,2026-08-06 03:00:00,9885,2026-08-06 07:00:00
9862,2026-08-05 23:20:00,test,9791,9862,72,24,0.15,9865,2026-08-06 00:20:00,9868,2026-08-06 01:20:00,9874,2026-08-06 03:20:00,9886,2026-08-06 07:20:00
9863,2026-08-05 23:40:00,test,9792,9863,72,24,0.15,9866,2026-08-06 00:40:00,9869,2026-08-06 01:40:00,9875,2026-08-06 03:40:00,9887,2026-08-06 07:40:00
9864,2026-08-06 00:00:00,test,9793,9864,72,24,0.15,9867,2026-08-06 01:00:00,9870,2026-08-06 02:00:00,9876,2026-08-06 04:00:00,9888,2026-08-06 08:00:00
9865,2026-08-06 00:20:00,test,9794,9865,72,24,0.15,9868,2026-08-06 01:20:00,9871,2026-08-06 02:20:00,9877,2026-08-06 04:20:00,9889,2026-08-06 08:20:00
9866,2026-08-06 00:40:00,test,9795,9866,72,24,0.15,9869,2026-08-06 01:40:00,9872,2026-08-06 02:40:00,9878,2026-08-06 04:40:00,9890,2026-08-06 08:40:00
9869,2026-08-06 01:40:00,test,9798,9869,72,24,0.15,9872,2026-08-06 02:40:00,9875,2026-08-06 03:40:00,9881,2026-08-06 05:40:00,9893,2026-08-06 09:40:00
9870,2026-08-06 02:00:00,test,9799,9870,72,24,0.15,9873,2026-08-06 03:00:00,9876,2026-08-06 04:00:00,9882,2026-08-06 06:00:00,9894,2026-08-06 10:00:00
9871,2026-08-06 02:20:00,test,9800,9871,72,24,0.15,9874,2026-08-06 03:20:00,9877,2026-08-06 04:20:00,9883,2026-08-06 06:20:00,9895,2026-08-06 10:20:00
9874,2026-08-06 03:20:00,test,9803,9874,72,24,0.15,9877,2026-08-06 04:20:00,9880,2026-08-06 05:20:00,9886,2026-08-06 07:20:00,9898,2026-08-06 11:20:00
9875,2026-08-06 03:40:00,test,9804,9875,72,24,0.15,9878,2026-08-06 04:40:00,9881,2026-08-06 05:40:00,9887,2026-08-06 07:40:00,9899,2026-08-06 11:40:00
9877,2026-08-06 04:20:00,test,9806,9877,72,24,0.15,9880,2026-08-06 05:20:00,9883,2026-08-06 06:20:00,9889,2026-08-06 08:20:00,9901,2026-08-06 12:20:00
9879,2026-08-06 05:00:00,test,9808,9879,72,24,0.15,9882,2026-08-06 06:00:00,9885,2026-08-06 07:00:00,9891,2026-08-06 09:00:00,9903,2026-08-06 13:00:00
9882,2026-08-06 06:00:00,test,9811,9882,72,24,0.15,9885,2026-08-06 07:00:00,9888,2026-08-06 08:00:00,9894,2026-08-06 10:00:00,9906,2026-08-06 14:00:00
9883,2026-08-06 06:20:00,test,9812,9883,72,24,0.15,9886,2026-08-06 07:20:00,9889,2026-08-06 08:20:00,9895,2026-08-06 10:20:00,9907,2026-08-06 14:20:00
9884,2026-08-06 06:40:00,test,9813,9884,72,24,0.15,9887,2026-08-06 07:40:00,9890,2026-08-06 08:40:00,9896,2026-08-06 10:40:00,9908,2026-08-06 14:40:00
9885,2026-08-06 07:00:00,test,9814,9885,72,24,0.15,9888,2026-08-06 08:00:00,9891,2026-08-06 09:00:00,9897,2026-08-06 11:00:00,9909,2026-08-06 15:00:00
9887,2026-08-06 07:40:00,test,9816,9887,72,24,0.15,9890,2026-08-06 08:40:00,9893,2026-08-06 09:40:00,9899,2026-08-06 11:40:00,9911,2026-08-06 15:40:00
9888,2026-08-06 08:00:00,test,9817,9888,72,24,0.15,9891,2026-08-06 09:00:00,9894,2026-08-06 10:00:00,9900,2026-08-06 12:00:00,9912,2026-08-06 16:00:00
9890,2026-08-06 08:40:00,test,9819,9890,72,24,0.15,9893,2026-08-06 09:40:00,9896,2026-08-06 10:40:00,9902,2026-08-06 12:40:00,9914,2026-08-06 16:40:00
9891,2026-08-06 09:00:00,test,9820,9891,72,24,0.15,9894,2026-08-06 10:00:00,9897,2026-08-06 11:00:00,9903,2026-08-06 13:00:00,9915,2026-08-06 17:00:00
9893,2026-08-06 09:40:00,test,9822,9893,72,24,0.15,9896,2026-08-06 10:40:00,9899,2026-08-06 11:40:00,9905,2026-08-06 13:40:00,9917,2026-08-06 17:40:00
9894,2026-08-06 10:00:00,test,9823,9894,72,24,0.15,9897,2026-08-06 11:00:00,9900,2026-08-06 12:00:00,9906,2026-08-06 14:00:00,9918,2026-08-06 18:00:00
9895,2026-08-06 10:20:00,test,9824,9895,72,24,0.15,9898,2026-08-06 11:20:00,9901,2026-08-06 12:20:00,9907,2026-08-06 14:20:00,9919,2026-08-06 18:20:00
9896,2026-08-06 10:40:00,test,9825,9896,72,24,0.15,9899,2026-08-06 11:40:00,9902,2026-08-06 12:40:00,9908,2026-08-06 14:40:00,9920,2026-08-06 18:40:00
9897,2026-08-06 11:00:00,test,9826,9897,72,24,0.15,9900,2026-08-06 12:00:00,9903,2026-08-06 13:00:00,9909,2026-08-06 15:00:00,9921,2026-08-06 19:00:00
9898,2026-08-06 11:20:00,test,9827,9898,72,24,0.15,9901,2026-08-06 12:20:00,9904,2026-08-06 13:20:00,9910,2026-08-06 15:20:00,9922,2026-08-06 19:20:00
9899,2026-08-06 11:40:00,test,9828,9899,72,24,0.15,9902,2026-08-06 12:40:00,9905,2026-08-06 13:40:00,9911,2026-08-06 15:40:00,9923,2026-08-06 19:40:00
9900,2026-08-06 12:00:00,test,9829,9900,72,24,0.15,9903,2026-08-06 13:00:00,9906,2026-08-06 14:00:00,9912,2026-08-06 16:00:00,9924,2026-08-06 20:00:00
9901,2026-08-06 12:20:00,test,9830,9901,72,24,0.15,9904,2026-08-06 13:20:00,9907,2026-08-06 14:20:00,9913,2026-08-06 16:20:00,9925,2026-08-06 20:20:00
9902,2026-08-06 12:40:00,test,9831,9902,72,24,0.15,9905,2026-08-06 13:40:00,9908,2026-08-06 14:40:00,9914,2026-08-06 16:40:00,9926,2026-08-06 20:40:00
9903,2026-08-06 13:00:00,test,9832,9903,72,24,0.15,9906,2026-08-06 14:00:00,9909,2026-08-06 15:00:00,9915,2026-08-06 17:00:00,9927,2026-08-06 21:00:00
9905,2026-08-06 13:40:00,test,9834,9905,72,24,0.15,9908,2026-08-06 14:40:00,9911,2026-08-06 15:40:00,9917,2026-08-06 17:40:00,9929,2026-08-06 21:40:00
9906,2026-08-06 14:00:00,test,9835,9906,72,24,0.15,9909,2026-08-06 15:00:00,9912,2026-08-06 16:00:00,9918,2026-08-06 18:00:00,9930,2026-08-06 22:00:00
9907,2026-08-06 14:20:00,test,9836,9907,72,24,0.15,9910,2026-08-06 15:20:00,9913,2026-08-06 16:20:00,9919,2026-08-06 18:20:00,9931,2026-08-06 22:20:00
9908,2026-08-06 14:40:00,test,9837,9908,72,24,0.15,9911,2026-08-06 15:40:00,9914,2026-08-06 16:40:00,9920,2026-08-06 18:40:00,9932,2026-08-06 22:40:00
9909,2026-08-06 15:00:00,test,9838,9909,72,24,0.15,9912,2026-08-06 16:00:00,9915,2026-08-06 17:00:00,9921,2026-08-06 19:00:00,9933,2026-08-06 23:00:00
9911,2026-08-06 15:40:00,test,9840,9911,72,24,0.15,9914,2026-08-06 16:40:00,9917,2026-08-06 17:40:00,9923,2026-08-06 19:40:00,9935,2026-08-06 23:40:00
9912,2026-08-06 16:00:00,test,9841,9912,72,24,0.15,9915,2026-08-06 17:00:00,9918,2026-08-06 18:00:00,9924,2026-08-06 20:00:00,9936,2026-08-07 00:00:00
9914,2026-08-06 16:40:00,test,9843,9914,72,24,0.15,9917,2026-08-06 17:40:00,9920,2026-08-06 18:40:00,9926,2026-08-06 20:40:00,9938,2026-08-07 00:40:00
9915,2026-08-06 17:00:00,test,9844,9915,72,24,0.15,9918,2026-08-06 18:00:00,9921,2026-08-06 19:00:00,9927,2026-08-06 21:00:00,9939,2026-08-07 01:00:00
9916,2026-08-06 17:20:00,test,9845,9916,72,24,0.15,9919,2026-08-06 18:20:00,9922,2026-08-06 19:20:00,9928,2026-08-06 21:20:00,9940,2026-08-07 01:20:00
9917,2026-08-06 17:40:00,test,9846,9917,72,24,0.15,9920,2026-08-06 18:40:00,9923,2026-08-06 19:40:00,9929,2026-08-06 21:40:00,9941,2026-08-07 01:40:00
9918,2026-08-06 18:00:00,test,9847,9918,72,24,0.15,9921,2026-08-06 19:00:00,9924,2026-08-06 20:00:00,9930,2026-08-06 22:00:00,9942,2026-08-07 02:00:00
9919,2026-08-06 18:20:00,test,9848,9919,72,24,0.15,9922,2026-08-06 19:20:00,9925,2026-08-06 20:20:00,9931,2026-08-06 22:20:00,9943,2026-08-07 02:20:00
9921,2026-08-06 19:00:00,test,9850,9921,72,24,0.15,9924,2026-08-06 20:00:00,9927,2026-08-06 21:00:00,9933,2026-08-06 23:00:00,9945,2026-08-07 03:00:00
9922,2026-08-06 19:20:00,test,9851,9922,72,24,0.15,9925,2026-08-06 20:20:00,9928,2026-08-06 21:20:00,9934,2026-08-06 23:20:00,9946,2026-08-07 03:20:00
9923,2026-08-06 19:40:00,test,9852,9923,72,24,0.15,9926,2026-08-06 20:40:00,9929,2026-08-06 21:40:00,9935,2026-08-06 23:40:00,9947,2026-08-07 03:40:00
9924,2026-08-06 20:00:00,test,9853,9924,72,24,0.15,9927,2026-08-06 21:00:00,9930,2026-08-06 22:00:00,9936,2026-08-07 00:00:00,9948,2026-08-07 04:00:00
9925,2026-08-06 20:20:00,test,9854,9925,72,24,0.15,9928,2026-08-06 21:20:00,9931,2026-08-06 22:20:00,9937,2026-08-07 00:20:00,9949,2026-08-07 04:20:00
9926,2026-08-06 20:40:00,test,9855,9926,72,24,0.15,9929,2026-08-06 21:40:00,9932,2026-08-06 22:40:00,9938,2026-08-07 00:40:00,9950,2026-08-07 04:40:00
9927,2026-08-06 21:00:00,test,9856,9927,72,24,0.15,9930,2026-08-06 22:00:00,9933,2026-08-06 23:00:00,9939,2026-08-07 01:00:00,9951,2026-08-07 05:00:00
9928,2026-08-06 21:20:00,test,9857,9928,72,24,0.15,9931,2026-08-06 22:20:00,9934,2026-08-06 23:20:00,9940,2026-08-07 01:20:00,9952,2026-08-07 05:20:00
9929,2026-08-06 21:40:00,test,9858,9929,72,24,0.15,9932,2026-08-06 22:40:00,9935,2026-08-06 23:40:00,9941,2026-08-07 01:40:00,9953,2026-08-07 05:40:00
9930,2026-08-06 22:00:00,test,9859,9930,72,24,0.15,9933,2026-08-06 23:00:00,9936,2026-08-07 00:00:00,9942,2026-08-07 02:00:00,9954,2026-08-07 06:00:00
9931,2026-08-06 22:20:00,test,9860,9931,72,24,0.15,9934,2026-08-06 23:20:00,9937,2026-08-07 00:20:00,9943,2026-08-07 02:20:00,9955,2026-08-07 06:20:00
9933,2026-08-06 23:00:00,test,9862,9933,72,24,0.15,9936,2026-08-07 00:00:00,9939,2026-08-07 01:00:00,9945,2026-08-07 03:00:00,9957,2026-08-07 07:00:00
9934,2026-08-06 23:20:00,test,9863,9934,72,24,0.15,9937,2026-08-07 00:20:00,9940,2026-08-07 01:20:00,9946,2026-08-07 03:20:00,9958,2026-08-07 07:20:00
9935,2026-08-06 23:40:00,test,9864,9935,72,24,0.15,9938,2026-08-07 00:40:00,9941,2026-08-07 01:40:00,9947,2026-08-07 03:40:00,9959,2026-08-07 07:40:00
9937,2026-08-07 00:20:00,test,9866,9937,72,24,0.15,9940,2026-08-07 01:20:00,9943,2026-08-07 02:20:00,9949,2026-08-07 04:20:00,9961,2026-08-07 08:20:00
9939,2026-08-07 01:00:00,test,9868,9939,72,24,0.15,9942,2026-08-07 02:00:00,9945,2026-08-07 03:00:00,9951,2026-08-07 05:00:00,9963,2026-08-07 09:00:00
9940,2026-08-07 01:20:00,test,9869,9940,72,24,0.15,9943,2026-08-07 02:20:00,9946,2026-08-07 03:20:00,9952,2026-08-07 05:20:00,9964,2026-08-07 09:20:00
9942,2026-08-07 02:00:00,test,9871,9942,72,24,0.15,9945,2026-08-07 03:00:00,9948,2026-08-07 04:00:00,9954,2026-08-07 06:00:00,9966,2026-08-07 10:00:00
9943,2026-08-07 02:20:00,test,9872,9943,72,24,0.15,9946,2026-08-07 03:20:00,9949,2026-08-07 04:20:00,9955,2026-08-07 06:20:00,9967,2026-08-07 10:20:00
9944,2026-08-07 02:40:00,test,9873,9944,72,24,0.15,9947,2026-08-07 03:40:00,9950,2026-08-07 04:40:00,9956,2026-08-07 06:40:00,9968,2026-08-07 10:40:00
9945,2026-08-07 03:00:00,test,9874,9945,72,24,0.15,9948,2026-08-07 04:00:00,9951,2026-08-07 05:00:00,9957,2026-08-07 07:00:00,9969,2026-08-07 11:00:00
9946,2026-08-07 03:20:00,test,9875,9946,72,24,0.15,9949,2026-08-07 04:20:00,9952,2026-08-07 05:20:00,9958,2026-08-07 07:20:00,9970,2026-08-07 11:20:00
9947,2026-08-07 03:40:00,test,9876,9947,72,24,0.15,9950,2026-08-07 04:40:00,9953,2026-08-07 05:40:00,9959,2026-08-07 07:40:00,9971,2026-08-07 11:40:00
9949,2026-08-07 04:20:00,test,9878,9949,72,24,0.15,9952,2026-08-07 05:20:00,9955,2026-08-07 06:20:00,9961,2026-08-07 08:20:00,9973,2026-08-07 12:20:00
9951,2026-08-07 05:00:00,test,9880,9951,72,24,0.15,9954,2026-08-07 06:00:00,9957,2026-08-07 07:00:00,9963,2026-08-07 09:00:00,9975,2026-08-07 13:00:00
9952,2026-08-07 05:20:00,test,9881,9952,72,24,0.15,9955,2026-08-07 06:20:00,9958,2026-08-07 07:20:00,9964,2026-08-07 09:20:00,9976,2026-08-07 13:20:00
9953,2026-08-07 05:40:00,test,9882,9953,72,24,0.15,9956,2026-08-07 06:40:00,9959,2026-08-07 07:40:00,9965,2026-08-07 09:40:00,9977,2026-08-07 13:40:00
9955,2026-08-07 06:20:00,test,9884,9955,72,24,0.15,9958,2026-08-07 07:20:00,9961,2026-08-07 08:20:00,9967,2026-08-07 10:20:00,9979,2026-08-07 14:20:00
9956,2026-08-07 06:40:00,test,9885,9956,72,24,0.15,9959,2026-08-07 07:40:00,9962,2026-08-07 08:40:00,9968,2026-08-07 10:40:00,9980,2026-08-07 14:40:00
9958,2026-08-07 07:20:00,test,9887,9958,72,24,0.15,9961,2026-08-07 08:20:00,9964,2026-08-07 09:20:00,9970,2026-08-07 11:20:00,9982,2026-08-07 15:20:00
9959,2026-08-07 07:40:00,test,9888,9959,72,24,0.15,9962,2026-08-07 08:40:00,9965,2026-08-07 09:40:00,9971,2026-08-07 11:40:00,9983,2026-08-07 15:40:00
9961,2026-08-07 08:20:00,test,9890,9961,72,24,0.15,9964,2026-08-07 09:20:00,9967,2026-08-07 10:20:00,9973,2026-08-07 12:20:00,9985,2026-08-07 16:20:00
9963,2026-08-07 09:00:00,test,9892,9963,72,24,0.15,9966,2026-08-07 10:00:00,9969,2026-08-07 11:00:00,9975,2026-08-07 13:00:00,9987,2026-08-07 17:00:00
9964,2026-08-07 09:20:00,test,9893,9964,72,24,0.15,9967,2026-08-07 10:20:00,9970,2026-08-07 11:20:00,9976,2026-08-07 13:20:00,9988,2026-08-07 17:20:00
9965,2026-08-07 09:40:00,test,9894,9965,72,24,0.15,9968,2026-08-07 10:40:00,9971,2026-08-07 11:40:00,9977,2026-08-07 13:40:00,9989,2026-08-07 17:40:00
9967,2026-08-07 10:20:00,test,9896,9967,72,24,0.15,9970,2026-08-07 11:20:00,9973,2026-08-07 12:20:00,9979,2026-08-07 14:20:00,9991,2026-08-07 18:20:00
9970,2026-08-07 11:20:00,test,9899,9970,72,24,0.15,9973,2026-08-07 12:20:00,9976,2026-08-07 13:20:00,9982,2026-08-07 15:20:00,9994,2026-08-07 19:20:00
9972,2026-08-07 12:00:00,test,9901,9972,72,24,0.15,9975,2026-08-07 13:00:00,9978,2026-08-07 14:00:00,9984,2026-08-07 16:00:00,9996,2026-08-07 20:00:00
9973,2026-08-07 12:20:00,test,9902,9973,72,24,0.15,9976,2026-08-07 13:20:00,9979,2026-08-07 14:20:00,9985,2026-08-07 16:20:00,9997,2026-08-07 20:20:00
9974,2026-08-07 12:40:00,test,9903,9974,72,24,0.15,9977,2026-08-07 13:40:00,9980,2026-08-07 14:40:00,9986,2026-08-07 16:40:00,9998,2026-08-07 20:40:00
9975,2026-08-07 13:00:00,test,9904,9975,72,24,0.15,9978,2026-08-07 14:00:00,9981,2026-08-07 15:00:00,9987,2026-08-07 17:00:00,9999,2026-08-07 21:00:00
9976,2026-08-07 13:20:00,test,9905,9976,72,24,0.15,9979,2026-08-07 14:20:00,9982,2026-08-07 15:20:00,9988,2026-08-07 17:20:00,10000,2026-08-07 21:20:00
9977,2026-08-07 13:40:00,test,9906,9977,72,24,0.15,9980,2026-08-07 14:40:00,9983,2026-08-07 15:40:00,9989,2026-08-07 17:40:00,10001,2026-08-07 21:40:00
9979,2026-08-07 14:20:00,test,9908,9979,72,24,0.15,9982,2026-08-07 15:20:00,9985,2026-08-07 16:20:00,9991,2026-08-07 18:20:00,10003,2026-08-07 22:20:00
9980,2026-08-07 14:40:00,test,9909,9980,72,24,0.15,9983,2026-08-07 15:40:00,9986,2026-08-07 16:40:00,9992,2026-08-07 18:40:00,10004,2026-08-07 22:40:00
9981,2026-08-07 15:00:00,test,9910,9981,72,24,0.15,9984,2026-08-07 16:00:00,9987,2026-08-07 17:00:00,9993,2026-08-07 19:00:00,10005,2026-08-07 23:00:00
9982,2026-08-07 15:20:00,test,9911,9982,72,24,0.15,9985,2026-08-07 16:20:00,9988,2026-08-07 17:20:00,9994,2026-08-07 19:20:00,10006,2026-08-07 23:20:00
9983,2026-08-07 15:40:00,test,9912,9983,72,24,0.15,9986,2026-08-07 16:40:00,9989,2026-08-07 17:40:00,9995,2026-08-07 19:40:00,10007,2026-08-07 23:40:00
9985,2026-08-07 16:20:00,test,9914,9985,72,24,0.15,9988,2026-08-07 17:20:00,9991,2026-08-07 18:20:00,9997,2026-08-07 20:20:00,10009,2026-08-08 00:20:00
9986,2026-08-07 16:40:00,test,9915,9986,72,24,0.15,9989,2026-08-07 17:40:00,9992,2026-08-07 18:40:00,9998,2026-08-07 20:40:00,10010,2026-08-08 00:40:00
9988,2026-08-07 17:20:00,test,9917,9988,72,24,0.15,9991,2026-08-07 18:20:00,9994,2026-08-07 19:20:00,10000,2026-08-07 21:20:00,10012,2026-08-08 01:20:00
9989,2026-08-07 17:40:00,test,9918,9989,72,24,0.15,9992,2026-08-07 18:40:00,9995,2026-08-07 19:40:00,10001,2026-08-07 21:40:00,10013,2026-08-08 01:40:00
9990,2026-08-07 18:00:00,test,9919,9990,72,24,0.15,9993,2026-08-07 19:00:00,9996,2026-08-07 20:00:00,10002,2026-08-07 22:00:00,10014,2026-08-08 02:00:00
9991,2026-08-07 18:20:00,test,9920,9991,72,24,0.15,9994,2026-08-07 19:20:00,9997,2026-08-07 20:20:00,10003,2026-08-07 22:20:00,10015,2026-08-08 02:20:00
9992,2026-08-07 18:40:00,test,9921,9992,72,24,0.15,9995,2026-08-07 19:40:00,9998,2026-08-07 20:40:00,10004,2026-08-07 22:40:00,10016,2026-08-08 02:40:00
9993,2026-08-07 19:00:00,test,9922,9993,72,24,0.15,9996,2026-08-07 20:00:00,9999,2026-08-07 21:00:00,10005,2026-08-07 23:00:00,10017,2026-08-08 03:00:00
9994,2026-08-07 19:20:00,test,9923,9994,72,24,0.15,9997,2026-08-07 20:20:00,10000,2026-08-07 21:20:00,10006,2026-08-07 23:20:00,10018,2026-08-08 03:20:00
9995,2026-08-07 19:40:00,test,9924,9995,72,24,0.15,9998,2026-08-07 20:40:00,10001,2026-08-07 21:40:00,10007,2026-08-07 23:40:00,10019,2026-08-08 03:40:00
9997,2026-08-07 20:20:00,test,9926,9997,72,24,0.15,10000,2026-08-07 21:20:00,10003,2026-08-07 22:20:00,10009,2026-08-08 00:20:00,10021,2026-08-08 04:20:00
9998,2026-08-07 20:40:00,test,9927,9998,72,24,0.15,10001,2026-08-07 21:40:00,10004,2026-08-07 22:40:00,10010,2026-08-08 00:40:00,10022,2026-08-08 04:40:00
9999,2026-08-07 21:00:00,test,9928,9999,72,24,0.15,10002,2026-08-07 22:00:00,10005,2026-08-07 23:00:00,10011,2026-08-08 01:00:00,10023,2026-08-08 05:00:00
10000,2026-08-07 21:20:00,test,9929,10000,72,24,0.15,10003,2026-08-07 22:20:00,10006,2026-08-07 23:20:00,10012,2026-08-08 01:20:00,10024,2026-08-08 05:20:00
10001,2026-08-07 21:40:00,test,9930,10001,72,24,0.15,10004,2026-08-07 22:40:00,10007,2026-08-07 23:40:00,10013,2026-08-08 01:40:00,10025,2026-08-08 05:40:00
10003,2026-08-07 22:20:00,test,9932,10003,72,24,0.15,10006,2026-08-07 23:20:00,10009,2026-08-08 00:20:00,10015,2026-08-08 02:20:00,10027,2026-08-08 06:20:00
10004,2026-08-07 22:40:00,test,9933,10004,72,24,0.15,10007,2026-08-07 23:40:00,10010,2026-08-08 00:40:00,10016,2026-08-08 02:40:00,10028,2026-08-08 06:40:00
10006,2026-08-07 23:20:00,test,9935,10006,72,24,0.15,10009,2026-08-08 00:20:00,10012,2026-08-08 01:20:00,10018,2026-08-08 03:20:00,10030,2026-08-08 07:20:00
10007,2026-08-07 23:40:00,test,9936,10007,72,24,0.15,10010,2026-08-08 00:40:00,10013,2026-08-08 01:40:00,10019,2026-08-08 03:40:00,10031,2026-08-08 07:40:00
10009,2026-08-08 00:20:00,test,9938,10009,72,24,0.15,10012,2026-08-08 01:20:00,10015,2026-08-08 02:20:00,10021,2026-08-08 04:20:00,10033,2026-08-08 08:20:00
10010,2026-08-08 00:40:00,test,9939,10010,72,24,0.15,10013,2026-08-08 01:40:00,10016,2026-08-08 02:40:00,10022,2026-08-08 04:40:00,10034,2026-08-08 08:40:00
10011,2026-08-08 01:00:00,test,9940,10011,72,24,0.15,10014,2026-08-08 02:00:00,10017,2026-08-08 03:00:00,10023,2026-08-08 05:00:00,10035,2026-08-08 09:00:00
10012,2026-08-08 01:20:00,test,9941,10012,72,24,0.15,10015,2026-08-08 02:20:00,10018,2026-08-08 03:20:00,10024,2026-08-08 05:20:00,10036,2026-08-08 09:20:00
10015,2026-08-08 02:20:00,test,9944,10015,72,24,0.15,10018,2026-08-08 03:20:00,10021,2026-08-08 04:20:00,10027,2026-08-08 06:20:00,10039,2026-08-08 10:20:00
10016,2026-08-08 02:40:00,test,9945,10016,72,24,0.15,10019,2026-08-08 03:40:00,10022,2026-08-08 04:40:00,10028,2026-08-08 06:40:00,10040,2026-08-08 10:40:00
10018,2026-08-08 03:20:00,test,9947,10018,72,24,0.15,10021,2026-08-08 04:20:00,10024,2026-08-08 05:20:00,10030,2026-08-08 07:20:00,10042,2026-08-08 11:20:00
10021,2026-08-08 04:20:00,test,9950,10021,72,24,0.15,10024,2026-08-08 05:20:00,10027,2026-08-08 06:20:00,10033,2026-08-08 08:20:00,10045,2026-08-08 12:20:00
10022,2026-08-08 04:40:00,test,9951,10022,72,24,0.15,10025,2026-08-08 05:40:00,10028,2026-08-08 06:40:00,10034,2026-08-08 08:40:00,10046,2026-08-08 12:40:00
10024,2026-08-08 05:20:00,test,9953,10024,72,24,0.15,10027,2026-08-08 06:20:00,10030,2026-08-08 07:20:00,10036,2026-08-08 09:20:00,10048,2026-08-08 13:20:00
10027,2026-08-08 06:20:00,test,9956,10027,72,24,0.15,10030,2026-08-08 07:20:00,10033,2026-08-08 08:20:00,10039,2026-08-08 10:20:00,10051,2026-08-08 14:20:00
10028,2026-08-08 06:40:00,test,9957,10028,72,24,0.15,10031,2026-08-08 07:40:00,10034,2026-08-08 08:40:00,10040,2026-08-08 10:40:00,10052,2026-08-08 14:40:00
10030,2026-08-08 07:20:00,test,9959,10030,72,24,0.15,10033,2026-08-08 08:20:00,10036,2026-08-08 09:20:00,10042,2026-08-08 11:20:00,10054,2026-08-08 15:20:00
10032,2026-08-08 08:00:00,test,9961,10032,72,24,0.15,10035,2026-08-08 09:00:00,10038,2026-08-08 10:00:00,10044,2026-08-08 12:00:00,10056,2026-08-08 16:00:00
10035,2026-08-08 09:00:00,test,9964,10035,72,24,0.15,10038,2026-08-08 10:00:00,10041,2026-08-08 11:00:00,10047,2026-08-08 13:00:00,10059,2026-08-08 17:00:00
10036,2026-08-08 09:20:00,test,9965,10036,72,24,0.15,10039,2026-08-08 10:20:00,10042,2026-08-08 11:20:00,10048,2026-08-08 13:20:00,10060,2026-08-08 17:20:00
10039,2026-08-08 10:20:00,test,9968,10039,72,24,0.15,10042,2026-08-08 11:20:00,10045,2026-08-08 12:20:00,10051,2026-08-08 14:20:00,10063,2026-08-08 18:20:00
10041,2026-08-08 11:00:00,test,9970,10041,72,24,0.15,10044,2026-08-08 12:00:00,10047,2026-08-08 13:00:00,10053,2026-08-08 15:00:00,10065,2026-08-08 19:00:00
10042,2026-08-08 11:20:00,test,9971,10042,72,24,0.15,10045,2026-08-08 12:20:00,10048,2026-08-08 13:20:00,10054,2026-08-08 15:20:00,10066,2026-08-08 19:20:00
10046,2026-08-08 12:40:00,test,9975,10046,72,24,0.15,10049,2026-08-08 13:40:00,10052,2026-08-08 14:40:00,10058,2026-08-08 16:40:00,10070,2026-08-08 20:40:00
10048,2026-08-08 13:20:00,test,9977,10048,72,24,0.15,10051,2026-08-08 14:20:00,10054,2026-08-08 15:20:00,10060,2026-08-08 17:20:00,10072,2026-08-08 21:20:00
10049,2026-08-08 13:40:00,test,9978,10049,72,24,0.15,10052,2026-08-08 14:40:00,10055,2026-08-08 15:40:00,10061,2026-08-08 17:40:00,10073,2026-08-08 21:40:00
10053,2026-08-08 15:00:00,test,9982,10053,72,24,0.15,10056,2026-08-08 16:00:00,10059,2026-08-08 17:00:00,10065,2026-08-08 19:00:00,10077,2026-08-08 23:00:00
10055,2026-08-08 15:40:00,test,9984,10055,72,24,0.15,10058,2026-08-08 16:40:00,10061,2026-08-08 17:40:00,10067,2026-08-08 19:40:00,10079,2026-08-08 23:40:00
10063,2026-08-08 18:20:00,test,9992,10063,72,24,0.15,10066,2026-08-08 19:20:00,10069,2026-08-08 20:20:00,10075,2026-08-08 22:20:00,10087,2026-08-09 02:20:00
10067,2026-08-08 19:40:00,test,9996,10067,72,24,0.15,10070,2026-08-08 20:40:00,10073,2026-08-08 21:40:00,10079,2026-08-08 23:40:00,10091,2026-08-09 03:40:00
10068,2026-08-08 20:00:00,test,9997,10068,72,24,0.15,10071,2026-08-08 21:00:00,10074,2026-08-08 22:00:00,10080,2026-08-09 00:00:00,10092,2026-08-09 04:00:00
10070,2026-08-08 20:40:00,test,9999,10070,72,24,0.15,10073,2026-08-08 21:40:00,10076,2026-08-08 22:40:00,10082,2026-08-09 00:40:00,10094,2026-08-09 04:40:00
10072,2026-08-08 21:20:00,test,10001,10072,72,24,0.15,10075,2026-08-08 22:20:00,10078,2026-08-08 23:20:00,10084,2026-08-09 01:20:00,10096,2026-08-09 05:20:00
10073,2026-08-08 21:40:00,test,10002,10073,72,24,0.15,10076,2026-08-08 22:40:00,10079,2026-08-08 23:40:00,10085,2026-08-09 01:40:00,10097,2026-08-09 05:40:00
10084,2026-08-09 01:20:00,test,10013,10084,72,24,0.15,10087,2026-08-09 02:20:00,10090,2026-08-09 03:20:00,10096,2026-08-09 05:20:00,10108,2026-08-09 09:20:00
10087,2026-08-09 02:20:00,test,10016,10087,72,24,0.15,10090,2026-08-09 03:20:00,10093,2026-08-09 04:20:00,10099,2026-08-09 06:20:00,10111,2026-08-09 10:20:00
10136,2026-08-09 18:40:00,test,10065,10136,72,24,0.15,10139,2026-08-09 19:40:00,10142,2026-08-09 20:40:00,10148,2026-08-09 22:40:00,10160,2026-08-10 02:40:00
10140,2026-08-09 20:00:00,test,10069,10140,72,24,0.15,10143,2026-08-09 21:00:00,10146,2026-08-09 22:00:00,10152,2026-08-10 00:00:00,10164,2026-08-10 04:00:00
10142,2026-08-09 20:40:00,test,10071,10142,72,24,0.15,10145,2026-08-09 21:40:00,10148,2026-08-09 22:40:00,10154,2026-08-10 00:40:00,10166,2026-08-10 04:40:00
10154,2026-08-10 00:40:00,test,10083,10154,72,24,0.15,10157,2026-08-10 01:40:00,10160,2026-08-10 02:40:00,10166,2026-08-10 04:40:00,10178,2026-08-10 08:40:00
10155,2026-08-10 01:00:00,test,10084,10155,72,24,0.15,10158,2026-08-10 02:00:00,10161,2026-08-10 03:00:00,10167,2026-08-10 05:00:00,10179,2026-08-10 09:00:00
10156,2026-08-10 01:20:00,test,10085,10156,72,24,0.15,10159,2026-08-10 02:20:00,10162,2026-08-10 03:20:00,10168,2026-08-10 05:20:00,10180,2026-08-10 09:20:00
10157,2026-08-10 01:40:00,test,10086,10157,72,24,0.15,10160,2026-08-10 02:40:00,10163,2026-08-10 03:40:00,10169,2026-08-10 05:40:00,10181,2026-08-10 09:40:00
10158,2026-08-10 02:00:00,test,10087,10158,72,24,0.15,10161,2026-08-10 03:00:00,10164,2026-08-10 04:00:00,10170,2026-08-10 06:00:00,10182,2026-08-10 10:00:00
10159,2026-08-10 02:20:00,test,10088,10159,72,24,0.15,10162,2026-08-10 03:20:00,10165,2026-08-10 04:20:00,10171,2026-08-10 06:20:00,10183,2026-08-10 10:20:00
10160,2026-08-10 02:40:00,test,10089,10160,72,24,0.15,10163,2026-08-10 03:40:00,10166,2026-08-10 04:40:00,10172,2026-08-10 06:40:00,10184,2026-08-10 10:40:00
10161,2026-08-10 03:00:00,test,10090,10161,72,24,0.15,10164,2026-08-10 04:00:00,10167,2026-08-10 05:00:00,10173,2026-08-10 07:00:00,10185,2026-08-10 11:00:00
10163,2026-08-10 03:40:00,test,10092,10163,72,24,0.15,10166,2026-08-10 04:40:00,10169,2026-08-10 05:40:00,10175,2026-08-10 07:40:00,10187,2026-08-10 11:40:00
10166,2026-08-10 04:40:00,test,10095,10166,72,24,0.15,10169,2026-08-10 05:40:00,10172,2026-08-10 06:40:00,10178,2026-08-10 08:40:00,10190,2026-08-10 12:40:00
10167,2026-08-10 05:00:00,test,10096,10167,72,24,0.15,10170,2026-08-10 06:00:00,10173,2026-08-10 07:00:00,10179,2026-08-10 09:00:00,10191,2026-08-10 13:00:00
10168,2026-08-10 05:20:00,test,10097,10168,72,24,0.15,10171,2026-08-10 06:20:00,10174,2026-08-10 07:20:00,10180,2026-08-10 09:20:00,10192,2026-08-10 13:20:00
10172,2026-08-10 06:40:00,test,10101,10172,72,24,0.15,10175,2026-08-10 07:40:00,10178,2026-08-10 08:40:00,10184,2026-08-10 10:40:00,10196,2026-08-10 14:40:00
10173,2026-08-10 07:00:00,test,10102,10173,72,24,0.15,10176,2026-08-10 08:00:00,10179,2026-08-10 09:00:00,10185,2026-08-10 11:00:00,10197,2026-08-10 15:00:00
10175,2026-08-10 07:40:00,test,10104,10175,72,24,0.15,10178,2026-08-10 08:40:00,10181,2026-08-10 09:40:00,10187,2026-08-10 11:40:00,10199,2026-08-10 15:40:00
10179,2026-08-10 09:00:00,test,10108,10179,72,24,0.15,10182,2026-08-10 10:00:00,10185,2026-08-10 11:00:00,10191,2026-08-10 13:00:00,10203,2026-08-10 17:00:00
10184,2026-08-10 10:40:00,test,10113,10184,72,24,0.15,10187,2026-08-10 11:40:00,10190,2026-08-10 12:40:00,10196,2026-08-10 14:40:00,10208,2026-08-10 18:40:00
10189,2026-08-10 12:20:00,test,10118,10189,72,24,0.15,10192,2026-08-10 13:20:00,10195,2026-08-10 14:20:00,10201,2026-08-10 16:20:00,10213,2026-08-10 20:20:00
10192,2026-08-10 13:20:00,test,10121,10192,72,24,0.15,10195,2026-08-10 14:20:00,10198,2026-08-10 15:20:00,10204,2026-08-10 17:20:00,10216,2026-08-10 21:20:00
10193,2026-08-10 13:40:00,test,10122,10193,72,24,0.15,10196,2026-08-10 14:40:00,10199,2026-08-10 15:40:00,10205,2026-08-10 17:40:00,10217,2026-08-10 21:40:00
10198,2026-08-10 15:20:00,test,10127,10198,72,24,0.15,10201,2026-08-10 16:20:00,10204,2026-08-10 17:20:00,10210,2026-08-10 19:20:00,10222,2026-08-10 23:20:00
10200,2026-08-10 16:00:00,test,10129,10200,72,24,0.15,10203,2026-08-10 17:00:00,10206,2026-08-10 18:00:00,10212,2026-08-10 20:00:00,10224,2026-08-11 00:00:00
10202,2026-08-10 16:40:00,test,10131,10202,72,24,0.15,10205,2026-08-10 17:40:00,10208,2026-08-10 18:40:00,10214,2026-08-10 20:40:00,10226,2026-08-11 00:40:00
10205,2026-08-10 17:40:00,test,10134,10205,72,24,0.15,10208,2026-08-10 18:40:00,10211,2026-08-10 19:40:00,10217,2026-08-10 21:40:00,10229,2026-08-11 01:40:00
10207,2026-08-10 18:20:00,test,10136,10207,72,24,0.15,10210,2026-08-10 19:20:00,10213,2026-08-10 20:20:00,10219,2026-08-10 22:20:00,10231,2026-08-11 02:20:00
10208,2026-08-10 18:40:00,test,10137,10208,72,24,0.15,10211,2026-08-10 19:40:00,10214,2026-08-10 20:40:00,10220,2026-08-10 22:40:00,10232,2026-08-11 02:40:00
10209,2026-08-10 19:00:00,test,10138,10209,72,24,0.15,10212,2026-08-10 20:00:00,10215,2026-08-10 21:00:00,10221,2026-08-10 23:00:00,10233,2026-08-11 03:00:00
10210,2026-08-10 19:20:00,test,10139,10210,72,24,0.15,10213,2026-08-10 20:20:00,10216,2026-08-10 21:20:00,10222,2026-08-10 23:20:00,10234,2026-08-11 03:20:00
10211,2026-08-10 19:40:00,test,10140,10211,72,24,0.15,10214,2026-08-10 20:40:00,10217,2026-08-10 21:40:00,10223,2026-08-10 23:40:00,10235,2026-08-11 03:40:00
10213,2026-08-10 20:20:00,test,10142,10213,72,24,0.15,10216,2026-08-10 21:20:00,10219,2026-08-10 22:20:00,10225,2026-08-11 00:20:00,10237,2026-08-11 04:20:00
10214,2026-08-10 20:40:00,test,10143,10214,72,24,0.15,10217,2026-08-10 21:40:00,10220,2026-08-10 22:40:00,10226,2026-08-11 00:40:00,10238,2026-08-11 04:40:00
10216,2026-08-10 21:20:00,test,10145,10216,72,24,0.15,10219,2026-08-10 22:20:00,10222,2026-08-10 23:20:00,10228,2026-08-11 01:20:00,10240,2026-08-11 05:20:00
10217,2026-08-10 21:40:00,test,10146,10217,72,24,0.15,10220,2026-08-10 22:40:00,10223,2026-08-10 23:40:00,10229,2026-08-11 01:40:00,10241,2026-08-11 05:40:00
10290,2026-08-11 22:00:00,test,10219,10290,72,24,0.15,10293,2026-08-11 23:00:00,10296,2026-08-12 00:00:00,10302,2026-08-12 02:00:00,10314,2026-08-12 06:00:00
10291,2026-08-11 22:20:00,test,10220,10291,72,24,0.15,10294,2026-08-11 23:20:00,10297,2026-08-12 00:20:00,10303,2026-08-12 02:20:00,10315,2026-08-12 06:20:00
10293,2026-08-11 23:00:00,test,10222,10293,72,24,0.15,10296,2026-08-12 00:00:00,10299,2026-08-12 01:00:00,10305,2026-08-12 03:00:00,10317,2026-08-12 07:00:00
10295,2026-08-11 23:40:00,test,10224,10295,72,24,0.15,10298,2026-08-12 00:40:00,10301,2026-08-12 01:40:00,10307,2026-08-12 03:40:00,10319,2026-08-12 07:40:00
10296,2026-08-12 00:00:00,test,10225,10296,72,24,0.15,10299,2026-08-12 01:00:00,10302,2026-08-12 02:00:00,10308,2026-08-12 04:00:00,10320,2026-08-12 08:00:00
10297,2026-08-12 00:20:00,test,10226,10297,72,24,0.15,10300,2026-08-12 01:20:00,10303,2026-08-12 02:20:00,10309,2026-08-12 04:20:00,10321,2026-08-12 08:20:00
10302,2026-08-12 02:00:00,test,10231,10302,72,24,0.15,10305,2026-08-12 03:00:00,10308,2026-08-12 04:00:00,10314,2026-08-12 06:00:00,10326,2026-08-12 10:00:00
10304,2026-08-12 02:40:00,test,10233,10304,72,24,0.15,10307,2026-08-12 03:40:00,10310,2026-08-12 04:40:00,10316,2026-08-12 06:40:00,10328,2026-08-12 10:40:00
10305,2026-08-12 03:00:00,test,10234,10305,72,24,0.15,10308,2026-08-12 04:00:00,10311,2026-08-12 05:00:00,10317,2026-08-12 07:00:00,10329,2026-08-12 11:00:00
10306,2026-08-12 03:20:00,test,10235,10306,72,24,0.15,10309,2026-08-12 04:20:00,10312,2026-08-12 05:20:00,10318,2026-08-12 07:20:00,10330,2026-08-12 11:20:00
10308,2026-08-12 04:00:00,test,10237,10308,72,24,0.15,10311,2026-08-12 05:00:00,10314,2026-08-12 06:00:00,10320,2026-08-12 08:00:00,10332,2026-08-12 12:00:00
10309,2026-08-12 04:20:00,test,10238,10309,72,24,0.15,10312,2026-08-12 05:20:00,10315,2026-08-12 06:20:00,10321,2026-08-12 08:20:00,10333,2026-08-12 12:20:00
10310,2026-08-12 04:40:00,test,10239,10310,72,24,0.15,10313,2026-08-12 05:40:00,10316,2026-08-12 06:40:00,10322,2026-08-12 08:40:00,10334,2026-08-12 12:40:00
10312,2026-08-12 05:20:00,test,10241,10312,72,24,0.15,10315,2026-08-12 06:20:00,10318,2026-08-12 07:20:00,10324,2026-08-12 09:20:00,10336,2026-08-12 13:20:00
10313,2026-08-12 05:40:00,test,10242,10313,72,24,0.15,10316,2026-08-12 06:40:00,10319,2026-08-12 07:40:00,10325,2026-08-12 09:40:00,10337,2026-08-12 13:40:00
10314,2026-08-12 06:00:00,test,10243,10314,72,24,0.15,10317,2026-08-12 07:00:00,10320,2026-08-12 08:00:00,10326,2026-08-12 10:00:00,10338,2026-08-12 14:00:00
10315,2026-08-12 06:20:00,test,10244,10315,72,24,0.15,10318,2026-08-12 07:20:00,10321,2026-08-12 08:20:00,10327,2026-08-12 10:20:00,10339,2026-08-12 14:20:00
10316,2026-08-12 06:40:00,test,10245,10316,72,24,0.15,10319,2026-08-12 07:40:00,10322,2026-08-12 08:40:00,10328,2026-08-12 10:40:00,10340,2026-08-12 14:40:00
10318,2026-08-12 07:20:00,test,10247,10318,72,24,0.15,10321,2026-08-12 08:20:00,10324,2026-08-12 09:20:00,10330,2026-08-12 11:20:00,10342,2026-08-12 15:20:00
10322,2026-08-12 08:40:00,test,10251,10322,72,24,0.15,10325,2026-08-12 09:40:00,10328,2026-08-12 10:40:00,10334,2026-08-12 12:40:00,10346,2026-08-12 16:40:00
10323,2026-08-12 09:00:00,test,10252,10323,72,24,0.15,10326,2026-08-12 10:00:00,10329,2026-08-12 11:00:00,10335,2026-08-12 13:00:00,10347,2026-08-12 17:00:00
10324,2026-08-12 09:20:00,test,10253,10324,72,24,0.15,10327,2026-08-12 10:20:00,10330,2026-08-12 11:20:00,10336,2026-08-12 13:20:00,10348,2026-08-12 17:20:00
10326,2026-08-12 10:00:00,test,10255,10326,72,24,0.15,10329,2026-08-12 11:00:00,10332,2026-08-12 12:00:00,10338,2026-08-12 14:00:00,10350,2026-08-12 18:00:00
10327,2026-08-12 10:20:00,test,10256,10327,72,24,0.15,10330,2026-08-12 11:20:00,10333,2026-08-12 12:20:00,10339,2026-08-12 14:20:00,10351,2026-08-12 18:20:00
10329,2026-08-12 11:00:00,test,10258,10329,72,24,0.15,10332,2026-08-12 12:00:00,10335,2026-08-12 13:00:00,10341,2026-08-12 15:00:00,10353,2026-08-12 19:00:00
10331,2026-08-12 11:40:00,test,10260,10331,72,24,0.15,10334,2026-08-12 12:40:00,10337,2026-08-12 13:40:00,10343,2026-08-12 15:40:00,10355,2026-08-12 19:40:00
10334,2026-08-12 12:40:00,test,10263,10334,72,24,0.15,10337,2026-08-12 13:40:00,10340,2026-08-12 14:40:00,10346,2026-08-12 16:40:00,10358,2026-08-12 20:40:00
10335,2026-08-12 13:00:00,test,10264,10335,72,24,0.15,10338,2026-08-12 14:00:00,10341,2026-08-12 15:00:00,10347,2026-08-12 17:00:00,10359,2026-08-12 21:00:00
10336,2026-08-12 13:20:00,test,10265,10336,72,24,0.15,10339,2026-08-12 14:20:00,10342,2026-08-12 15:20:00,10348,2026-08-12 17:20:00,10360,2026-08-12 21:20:00
10337,2026-08-12 13:40:00,test,10266,10337,72,24,0.15,10340,2026-08-12 14:40:00,10343,2026-08-12 15:40:00,10349,2026-08-12 17:40:00,10361,2026-08-12 21:40:00
10340,2026-08-12 14:40:00,test,10269,10340,72,24,0.15,10343,2026-08-12 15:40:00,10346,2026-08-12 16:40:00,10352,2026-08-12 18:40:00,10364,2026-08-12 22:40:00
10343,2026-08-12 15:40:00,test,10272,10343,72,24,0.15,10346,2026-08-12 16:40:00,10349,2026-08-12 17:40:00,10355,2026-08-12 19:40:00,10367,2026-08-12 23:40:00
10344,2026-08-12 16:00:00,test,10273,10344,72,24,0.15,10347,2026-08-12 17:00:00,10350,2026-08-12 18:00:00,10356,2026-08-12 20:00:00,10368,2026-08-13 00:00:00
10346,2026-08-12 16:40:00,test,10275,10346,72,24,0.15,10349,2026-08-12 17:40:00,10352,2026-08-12 18:40:00,10358,2026-08-12 20:40:00,10370,2026-08-13 00:40:00
10347,2026-08-12 17:00:00,test,10276,10347,72,24,0.15,10350,2026-08-12 18:00:00,10353,2026-08-12 19:00:00,10359,2026-08-12 21:00:00,10371,2026-08-13 01:00:00
10349,2026-08-12 17:40:00,test,10278,10349,72,24,0.15,10352,2026-08-12 18:40:00,10355,2026-08-12 19:40:00,10361,2026-08-12 21:40:00,10373,2026-08-13 01:40:00
10350,2026-08-12 18:00:00,test,10279,10350,72,24,0.15,10353,2026-08-12 19:00:00,10356,2026-08-12 20:00:00,10362,2026-08-12 22:00:00,10374,2026-08-13 02:00:00
10352,2026-08-12 18:40:00,test,10281,10352,72,24,0.15,10355,2026-08-12 19:40:00,10358,2026-08-12 20:40:00,10364,2026-08-12 22:40:00,10376,2026-08-13 02:40:00
10353,2026-08-12 19:00:00,test,10282,10353,72,24,0.15,10356,2026-08-12 20:00:00,10359,2026-08-12 21:00:00,10365,2026-08-12 23:00:00,10377,2026-08-13 03:00:00
10355,2026-08-12 19:40:00,test,10284,10355,72,24,0.15,10358,2026-08-12 20:40:00,10361,2026-08-12 21:40:00,10367,2026-08-12 23:40:00,10379,2026-08-13 03:40:00
10356,2026-08-12 20:00:00,test,10285,10356,72,24,0.15,10359,2026-08-12 21:00:00,10362,2026-08-12 22:00:00,10368,2026-08-13 00:00:00,10380,2026-08-13 04:00:00
10358,2026-08-12 20:40:00,test,10287,10358,72,24,0.15,10361,2026-08-12 21:40:00,10364,2026-08-12 22:40:00,10370,2026-08-13 00:40:00,10382,2026-08-13 04:40:00
10359,2026-08-12 21:00:00,test,10288,10359,72,24,0.15,10362,2026-08-12 22:00:00,10365,2026-08-12 23:00:00,10371,2026-08-13 01:00:00,10383,2026-08-13 05:00:00
10361,2026-08-12 21:40:00,test,10290,10361,72,24,0.15,10364,2026-08-12 22:40:00,10367,2026-08-12 23:40:00,10373,2026-08-13 01:40:00,10385,2026-08-13 05:40:00
10362,2026-08-12 22:00:00,test,10291,10362,72,24,0.15,10365,2026-08-12 23:00:00,10368,2026-08-13 00:00:00,10374,2026-08-13 02:00:00,10386,2026-08-13 06:00:00
10364,2026-08-12 22:40:00,test,10293,10364,72,24,0.15,10367,2026-08-12 23:40:00,10370,2026-08-13 00:40:00,10376,2026-08-13 02:40:00,10388,2026-08-13 06:40:00
10365,2026-08-12 23:00:00,test,10294,10365,72,24,0.15,10368,2026-08-13 00:00:00,10371,2026-08-13 01:00:00,10377,2026-08-13 03:00:00,10389,2026-08-13 07:00:00
10367,2026-08-12 23:40:00,test,10296,10367,72,24,0.15,10370,2026-08-13 00:40:00,10373,2026-08-13 01:40:00,10379,2026-08-13 03:40:00,10391,2026-08-13 07:40:00
10368,2026-08-13 00:00:00,test,10297,10368,72,24,0.15,10371,2026-08-13 01:00:00,10374,2026-08-13 02:00:00,10380,2026-08-13 04:00:00,10392,2026-08-13 08:00:00
10370,2026-08-13 00:40:00,test,10299,10370,72,24,0.15,10373,2026-08-13 01:40:00,10376,2026-08-13 02:40:00,10382,2026-08-13 04:40:00,10394,2026-08-13 08:40:00
10371,2026-08-13 01:00:00,test,10300,10371,72,24,0.15,10374,2026-08-13 02:00:00,10377,2026-08-13 03:00:00,10383,2026-08-13 05:00:00,10395,2026-08-13 09:00:00
10373,2026-08-13 01:40:00,test,10302,10373,72,24,0.15,10376,2026-08-13 02:40:00,10379,2026-08-13 03:40:00,10385,2026-08-13 05:40:00,10397,2026-08-13 09:40:00
10376,2026-08-13 02:40:00,test,10305,10376,72,24,0.15,10379,2026-08-13 03:40:00,10382,2026-08-13 04:40:00,10388,2026-08-13 06:40:00,10400,2026-08-13 10:40:00
10377,2026-08-13 03:00:00,test,10306,10377,72,24,0.15,10380,2026-08-13 04:00:00,10383,2026-08-13 05:00:00,10389,2026-08-13 07:00:00,10401,2026-08-13 11:00:00
10378,2026-08-13 03:20:00,test,10307,10378,72,24,0.15,10381,2026-08-13 04:20:00,10384,2026-08-13 05:20:00,10390,2026-08-13 07:20:00,10402,2026-08-13 11:20:00
10379,2026-08-13 03:40:00,test,10308,10379,72,24,0.15,10382,2026-08-13 04:40:00,10385,2026-08-13 05:40:00,10391,2026-08-13 07:40:00,10403,2026-08-13 11:40:00
10380,2026-08-13 04:00:00,test,10309,10380,72,24,0.15,10383,2026-08-13 05:00:00,10386,2026-08-13 06:00:00,10392,2026-08-13 08:00:00,10404,2026-08-13 12:00:00
10381,2026-08-13 04:20:00,test,10310,10381,72,24,0.15,10384,2026-08-13 05:20:00,10387,2026-08-13 06:20:00,10393,2026-08-13 08:20:00,10405,2026-08-13 12:20:00
10382,2026-08-13 04:40:00,test,10311,10382,72,24,0.15,10385,2026-08-13 05:40:00,10388,2026-08-13 06:40:00,10394,2026-08-13 08:40:00,10406,2026-08-13 12:40:00
10384,2026-08-13 05:20:00,test,10313,10384,72,24,0.15,10387,2026-08-13 06:20:00,10390,2026-08-13 07:20:00,10396,2026-08-13 09:20:00,10408,2026-08-13 13:20:00
10385,2026-08-13 05:40:00,test,10314,10385,72,24,0.15,10388,2026-08-13 06:40:00,10391,2026-08-13 07:40:00,10397,2026-08-13 09:40:00,10409,2026-08-13 13:40:00
10388,2026-08-13 06:40:00,test,10317,10388,72,24,0.15,10391,2026-08-13 07:40:00,10394,2026-08-13 08:40:00,10400,2026-08-13 10:40:00,10412,2026-08-13 14:40:00
10389,2026-08-13 07:00:00,test,10318,10389,72,24,0.15,10392,2026-08-13 08:00:00,10395,2026-08-13 09:00:00,10401,2026-08-13 11:00:00,10413,2026-08-13 15:00:00
10390,2026-08-13 07:20:00,test,10319,10390,72,24,0.15,10393,2026-08-13 08:20:00,10396,2026-08-13 09:20:00,10402,2026-08-13 11:20:00,10414,2026-08-13 15:20:00
10394,2026-08-13 08:40:00,test,10323,10394,72,24,0.15,10397,2026-08-13 09:40:00,10400,2026-08-13 10:40:00,10406,2026-08-13 12:40:00,10418,2026-08-13 16:40:00
10397,2026-08-13 09:40:00,test,10326,10397,72,24,0.15,10400,2026-08-13 10:40:00,10403,2026-08-13 11:40:00,10409,2026-08-13 13:40:00,10421,2026-08-13 17:40:00
10400,2026-08-13 10:40:00,test,10329,10400,72,24,0.15,10403,2026-08-13 11:40:00,10406,2026-08-13 12:40:00,10412,2026-08-13 14:40:00,10424,2026-08-13 18:40:00
10402,2026-08-13 11:20:00,test,10331,10402,72,24,0.15,10405,2026-08-13 12:20:00,10408,2026-08-13 13:20:00,10414,2026-08-13 15:20:00,10426,2026-08-13 19:20:00
10405,2026-08-13 12:20:00,test,10334,10405,72,24,0.15,10408,2026-08-13 13:20:00,10411,2026-08-13 14:20:00,10417,2026-08-13 16:20:00,10429,2026-08-13 20:20:00
10406,2026-08-13 12:40:00,test,10335,10406,72,24,0.15,10409,2026-08-13 13:40:00,10412,2026-08-13 14:40:00,10418,2026-08-13 16:40:00,10430,2026-08-13 20:40:00
10408,2026-08-13 13:20:00,test,10337,10408,72,24,0.15,10411,2026-08-13 14:20:00,10414,2026-08-13 15:20:00,10420,2026-08-13 17:20:00,10432,2026-08-13 21:20:00
10413,2026-08-13 15:00:00,test,10342,10413,72,24,0.15,10416,2026-08-13 16:00:00,10419,2026-08-13 17:00:00,10425,2026-08-13 19:00:00,10437,2026-08-13 23:00:00
10414,2026-08-13 15:20:00,test,10343,10414,72,24,0.15,10417,2026-08-13 16:20:00,10420,2026-08-13 17:20:00,10426,2026-08-13 19:20:00,10438,2026-08-13 23:20:00
10415,2026-08-13 15:40:00,test,10344,10415,72,24,0.15,10418,2026-08-13 16:40:00,10421,2026-08-13 17:40:00,10427,2026-08-13 19:40:00,10439,2026-08-13 23:40:00
10416,2026-08-13 16:00:00,test,10345,10416,72,24,0.15,10419,2026-08-13 17:00:00,10422,2026-08-13 18:00:00,10428,2026-08-13 20:00:00,10440,2026-08-14 00:00:00
10418,2026-08-13 16:40:00,test,10347,10418,72,24,0.15,10421,2026-08-13 17:40:00,10424,2026-08-13 18:40:00,10430,2026-08-13 20:40:00,10442,2026-08-14 00:40:00
10419,2026-08-13 17:00:00,test,10348,10419,72,24,0.15,10422,2026-08-13 18:00:00,10425,2026-08-13 19:00:00,10431,2026-08-13 21:00:00,10443,2026-08-14 01:00:00
10421,2026-08-13 17:40:00,test,10350,10421,72,24,0.15,10424,2026-08-13 18:40:00,10427,2026-08-13 19:40:00,10433,2026-08-13 21:40:00,10445,2026-08-14 01:40:00
10423,2026-08-13 18:20:00,test,10352,10423,72,24,0.15,10426,2026-08-13 19:20:00,10429,2026-08-13 20:20:00,10435,2026-08-13 22:20:00,10447,2026-08-14 02:20:00
10424,2026-08-13 18:40:00,test,10353,10424,72,24,0.15,10427,2026-08-13 19:40:00,10430,2026-08-13 20:40:00,10436,2026-08-13 22:40:00,10448,2026-08-14 02:40:00
10425,2026-08-13 19:00:00,test,10354,10425,72,24,0.15,10428,2026-08-13 20:00:00,10431,2026-08-13 21:00:00,10437,2026-08-13 23:00:00,10449,2026-08-14 03:00:00
10426,2026-08-13 19:20:00,test,10355,10426,72,24,0.15,10429,2026-08-13 20:20:00,10432,2026-08-13 21:20:00,10438,2026-08-13 23:20:00,10450,2026-08-14 03:20:00
10427,2026-08-13 19:40:00,test,10356,10427,72,24,0.15,10430,2026-08-13 20:40:00,10433,2026-08-13 21:40:00,10439,2026-08-13 23:40:00,10451,2026-08-14 03:40:00
10429,2026-08-13 20:20:00,test,10358,10429,72,24,0.15,10432,2026-08-13 21:20:00,10435,2026-08-13 22:20:00,10441,2026-08-14 00:20:00,10453,2026-08-14 04:20:00
10430,2026-08-13 20:40:00,test,10359,10430,72,24,0.15,10433,2026-08-13 21:40:00,10436,2026-08-13 22:40:00,10442,2026-08-14 00:40:00,10454,2026-08-14 04:40:00
10432,2026-08-13 21:20:00,test,10361,10432,72,24,0.15,10435,2026-08-13 22:20:00,10438,2026-08-13 23:20:00,10444,2026-08-14 01:20:00,10456,2026-08-14 05:20:00
10433,2026-08-13 21:40:00,test,10362,10433,72,24,0.15,10436,2026-08-13 22:40:00,10439,2026-08-13 23:40:00,10445,2026-08-14 01:40:00,10457,2026-08-14 05:40:00
10435,2026-08-13 22:20:00,test,10364,10435,72,24,0.15,10438,2026-08-13 23:20:00,10441,2026-08-14 00:20:00,10447,2026-08-14 02:20:00,10459,2026-08-14 06:20:00
10436,2026-08-13 22:40:00,test,10365,10436,72,24,0.15,10439,2026-08-13 23:40:00,10442,2026-08-14 00:40:00,10448,2026-08-14 02:40:00,10460,2026-08-14 06:40:00
10437,2026-08-13 23:00:00,test,10366,10437,72,24,0.15,10440,2026-08-14 00:00:00,10443,2026-08-14 01:00:00,10449,2026-08-14 03:00:00,10461,2026-08-14 07:00:00
10438,2026-08-13 23:20:00,test,10367,10438,72,24,0.15,10441,2026-08-14 00:20:00,10444,2026-08-14 01:20:00,10450,2026-08-14 03:20:00,10462,2026-08-14 07:20:00
10439,2026-08-13 23:40:00,test,10368,10439,72,24,0.15,10442,2026-08-14 00:40:00,10445,2026-08-14 01:40:00,10451,2026-08-14 03:40:00,10463,2026-08-14 07:40:00
10440,2026-08-14 00:00:00,test,10369,10440,72,24,0.15,10443,2026-08-14 01:00:00,10446,2026-08-14 02:00:00,10452,2026-08-14 04:00:00,10464,2026-08-14 08:00:00
10441,2026-08-14 00:20:00,test,10370,10441,72,24,0.15,10444,2026-08-14 01:20:00,10447,2026-08-14 02:20:00,10453,2026-08-14 04:20:00,10465,2026-08-14 08:20:00
10442,2026-08-14 00:40:00,test,10371,10442,72,24,0.15,10445,2026-08-14 01:40:00,10448,2026-08-14 02:40:00,10454,2026-08-14 04:40:00,10466,2026-08-14 08:40:00
10443,2026-08-14 01:00:00,test,10372,10443,72,24,0.15,10446,2026-08-14 02:00:00,10449,2026-08-14 03:00:00,10455,2026-08-14 05:00:00,10467,2026-08-14 09:00:00
10444,2026-08-14 01:20:00,test,10373,10444,72,24,0.15,10447,2026-08-14 02:20:00,10450,2026-08-14 03:20:00,10456,2026-08-14 05:20:00,10468,2026-08-14 09:20:00
10445,2026-08-14 01:40:00,test,10374,10445,72,24,0.15,10448,2026-08-14 02:40:00,10451,2026-08-14 03:40:00,10457,2026-08-14 05:40:00,10469,2026-08-14 09:40:00
10447,2026-08-14 02:20:00,test,10376,10447,72,24,0.15,10450,2026-08-14 03:20:00,10453,2026-08-14 04:20:00,10459,2026-08-14 06:20:00,10471,2026-08-14 10:20:00
10448,2026-08-14 02:40:00,test,10377,10448,72,24,0.15,10451,2026-08-14 03:40:00,10454,2026-08-14 04:40:00,10460,2026-08-14 06:40:00,10472,2026-08-14 10:40:00
10449,2026-08-14 03:00:00,test,10378,10449,72,24,0.15,10452,2026-08-14 04:00:00,10455,2026-08-14 05:00:00,10461,2026-08-14 07:00:00,10473,2026-08-14 11:00:00
10450,2026-08-14 03:20:00,test,10379,10450,72,24,0.15,10453,2026-08-14 04:20:00,10456,2026-08-14 05:20:00,10462,2026-08-14 07:20:00,10474,2026-08-14 11:20:00
10451,2026-08-14 03:40:00,test,10380,10451,72,24,0.15,10454,2026-08-14 04:40:00,10457,2026-08-14 05:40:00,10463,2026-08-14 07:40:00,10475,2026-08-14 11:40:00
10453,2026-08-14 04:20:00,test,10382,10453,72,24,0.15,10456,2026-08-14 05:20:00,10459,2026-08-14 06:20:00,10465,2026-08-14 08:20:00,10477,2026-08-14 12:20:00
10457,2026-08-14 05:40:00,test,10386,10457,72,24,0.15,10460,2026-08-14 06:40:00,10463,2026-08-14 07:40:00,10469,2026-08-14 09:40:00,10481,2026-08-14 13:40:00
10459,2026-08-14 06:20:00,test,10388,10459,72,24,0.15,10462,2026-08-14 07:20:00,10465,2026-08-14 08:20:00,10471,2026-08-14 10:20:00,10483,2026-08-14 14:20:00
10462,2026-08-14 07:20:00,test,10391,10462,72,24,0.15,10465,2026-08-14 08:20:00,10468,2026-08-14 09:20:00,10474,2026-08-14 11:20:00,10486,2026-08-14 15:20:00
10463,2026-08-14 07:40:00,test,10392,10463,72,24,0.15,10466,2026-08-14 08:40:00,10469,2026-08-14 09:40:00,10475,2026-08-14 11:40:00,10487,2026-08-14 15:40:00
10470,2026-08-14 10:00:00,test,10399,10470,72,24,0.15,10473,2026-08-14 11:00:00,10476,2026-08-14 12:00:00,10482,2026-08-14 14:00:00,10494,2026-08-14 18:00:00
10471,2026-08-14 10:20:00,test,10400,10471,72,24,0.15,10474,2026-08-14 11:20:00,10477,2026-08-14 12:20:00,10483,2026-08-14 14:20:00,10495,2026-08-14 18:20:00
10476,2026-08-14 12:00:00,test,10405,10476,72,24,0.15,10479,2026-08-14 13:00:00,10482,2026-08-14 14:00:00,10488,2026-08-14 16:00:00,10500,2026-08-14 20:00:00
10480,2026-08-14 13:20:00,test,10409,10480,72,24,0.15,10483,2026-08-14 14:20:00,10486,2026-08-14 15:20:00,10492,2026-08-14 17:20:00,10504,2026-08-14 21:20:00
10484,2026-08-14 14:40:00,test,10413,10484,72,24,0.15,10487,2026-08-14 15:40:00,10490,2026-08-14 16:40:00,10496,2026-08-14 18:40:00,10508,2026-08-14 22:40:00
10491,2026-08-14 17:00:00,test,10420,10491,72,24,0.15,10494,2026-08-14 18:00:00,10497,2026-08-14 19:00:00,10503,2026-08-14 21:00:00,10515,2026-08-15 01:00:00
10492,2026-08-14 17:20:00,test,10421,10492,72,24,0.15,10495,2026-08-14 18:20:00,10498,2026-08-14 19:20:00,10504,2026-08-14 21:20:00,10516,2026-08-15 01:20:00
10493,2026-08-14 17:40:00,test,10422,10493,72,24,0.15,10496,2026-08-14 18:40:00,10499,2026-08-14 19:40:00,10505,2026-08-14 21:40:00,10517,2026-08-15 01:40:00
10496,2026-08-14 18:40:00,test,10425,10496,72,24,0.15,10499,2026-08-14 19:40:00,10502,2026-08-14 20:40:00,10508,2026-08-14 22:40:00,10520,2026-08-15 02:40:00
