resolution,resolution_minutes,target,horizon_minutes,corrector,alpha,window_id,n,base_rmse,hybrid_rmse,gain_pct
4min,4,temperature,60,HIST_GRADIENT_BOOSTING,0.25,1,75,0.5743036240036905,0.5138437558135702,10.527509432838224
4min,4,temperature,60,HIST_GRADIENT_BOOSTING,0.25,2,75,0.9614633651699894,0.9556360855387428,0.6060844169779
4min,4,temperature,60,HIST_GRADIENT_BOOSTING,0.25,3,75,0.6393511511289145,0.631314335230693,1.2570268910958733
4min,4,temperature,60,HIST_GRADIENT_BOOSTING,0.25,4,75,0.8913555432225028,0.8188181585176626,8.137873293814607
4min,4,temperature,60,HIST_GRADIENT_BOOSTING,0.5,1,75,0.5743036240036905,0.4920212348341298,14.327332395351899
4min,4,temperature,60,HIST_GRADIENT_BOOSTING,0.5,2,75,0.9614633651699894,0.9673992262877839,-0.6173777735925435
4min,4,temperature,60,HIST_GRADIENT_BOOSTING,0.5,3,75,0.6393511511289145,0.6402915014852747,-0.14707885560224662
4min,4,temperature,60,HIST_GRADIENT_BOOSTING,0.5,4,75,0.8913555432225028,0.7806045231297719,12.425010528608432
4min,4,temperature,60,HIST_GRADIENT_BOOSTING,0.75,1,75,0.5743036240036905,0.5137831477978727,10.538062738296231
4min,4,temperature,60,HIST_GRADIENT_BOOSTING,0.75,2,75,0.9614633651699894,0.9961298146723522,-3.6055923458127417
4min,4,temperature,60,HIST_GRADIENT_BOOSTING,0.75,3,75,0.6393511511289145,0.6655945804086412,-4.104697275259166
4min,4,temperature,60,HIST_GRADIENT_BOOSTING,0.75,4,75,0.8913555432225028,0.7817643115867412,12.29489539489015
4min,4,temperature,60,HIST_GRADIENT_BOOSTING,1.0,1,75,0.5743036240036905,0.5741951651562051,0.01888528000734881
4min,4,temperature,60,HIST_GRADIENT_BOOSTING,1.0,2,75,0.9614633651699894,1.0404231648491529,-8.212460561635973
4min,4,temperature,60,HIST_GRADIENT_BOOSTING,1.0,3,75,0.6393511511289145,0.7054690678215694,-10.341408876156587
4min,4,temperature,60,HIST_GRADIENT_BOOSTING,1.0,4,75,0.8913555432225028,0.8221309073002625,7.766220387430766
4min,4,temperature,120,HIST_GRADIENT_BOOSTING,0.25,1,75,0.8169659567644346,0.8119410454958788,0.6150698480089491
4min,4,temperature,120,HIST_GRADIENT_BOOSTING,0.25,2,75,1.392868233346371,1.3719224537696972,1.5037875855888794
4min,4,temperature,120,HIST_GRADIENT_BOOSTING,0.25,3,75,0.9767945359905243,0.9674939434764661,0.9521544369233101
4min,4,temperature,120,HIST_GRADIENT_BOOSTING,0.25,4,75,1.2524630736055375,1.1541375570672159,7.850572093536166
4min,4,temperature,120,HIST_GRADIENT_BOOSTING,0.5,1,75,0.8169659567644346,0.8499892926677888,-4.0421924108247955
4min,4,temperature,120,HIST_GRADIENT_BOOSTING,0.5,2,75,1.392868233346371,1.3715310139437278,1.5318907339411838
4min,4,temperature,120,HIST_GRADIENT_BOOSTING,0.5,3,75,0.9767945359905243,0.9988556784770706,-2.2585243542722107
4min,4,temperature,120,HIST_GRADIENT_BOOSTING,0.5,4,75,1.2524630736055375,1.09038583265379,12.94068019787333
4min,4,temperature,120,HIST_GRADIENT_BOOSTING,0.75,1,75,0.8169659567644346,0.9258153073798623,-13.3236091068619
4min,4,temperature,120,HIST_GRADIENT_BOOSTING,0.75,2,75,1.392868233346371,1.3917112576326933,0.08306426164219063
4min,4,temperature,120,HIST_GRADIENT_BOOSTING,0.75,3,75,0.9767945359905243,1.0673012568284919,-9.265686641683414
4min,4,temperature,120,HIST_GRADIENT_BOOSTING,0.75,4,75,1.2524630736055375,1.067420742257938,14.774274407540615
4min,4,temperature,120,HIST_GRADIENT_BOOSTING,1.0,1,75,0.8169659567644346,1.0311182369388514,-26.213121660853467
4min,4,temperature,120,HIST_GRADIENT_BOOSTING,1.0,2,75,1.392868233346371,1.431593492019873,-2.7802528441950516
4min,4,temperature,120,HIST_GRADIENT_BOOSTING,1.0,3,75,0.9767945359905243,1.166320046071838,-19.402802032376655
4min,4,temperature,120,HIST_GRADIENT_BOOSTING,1.0,4,75,1.2524630736055375,1.087828493598253,13.14486498458925
4min,4,temperature,240,HIST_GRADIENT_BOOSTING,0.25,1,75,0.8283338663672821,0.9522449480429807,-14.959074680734656
4min,4,temperature,240,HIST_GRADIENT_BOOSTING,0.25,2,75,1.886228090129692,1.8924479746632135,-0.32975251328665406
4min,4,temperature,240,HIST_GRADIENT_BOOSTING,0.25,3,75,1.3328313674605219,1.3525876476652556,-1.4822790554799063
4min,4,temperature,240,HIST_GRADIENT_BOOSTING,0.25,4,75,1.4521463008440603,1.4585173918403318,-0.4387361653965813
4min,4,temperature,240,HIST_GRADIENT_BOOSTING,0.5,1,75,0.8283338663672821,1.1473730989513733,-38.515777941479165
4min,4,temperature,240,HIST_GRADIENT_BOOSTING,0.5,2,75,1.886228090129692,1.9223234085593786,-1.913624265197153
4min,4,temperature,240,HIST_GRADIENT_BOOSTING,0.5,3,75,1.3328313674605219,1.3889097718407666,-4.2074643311473325
4min,4,temperature,240,HIST_GRADIENT_BOOSTING,0.5,4,75,1.4521463008440603,1.5013806175798017,-3.3904515479689588
4min,4,temperature,240,HIST_GRADIENT_BOOSTING,0.75,1,75,0.8283338663672821,1.3839150102309994,-67.07212712432711
4min,4,temperature,240,HIST_GRADIENT_BOOSTING,0.75,2,75,1.886228090129692,1.9747810660576146,-4.694711969952372
4min,4,temperature,240,HIST_GRADIENT_BOOSTING,0.75,3,75,1.3328313674605219,1.4405452034494108,-8.081580207263498
4min,4,temperature,240,HIST_GRADIENT_BOOSTING,0.75,4,75,1.4521463008440603,1.577764623980978,-8.650528053812621
4min,4,temperature,240,HIST_GRADIENT_BOOSTING,1.0,1,75,0.8283338663672821,1.6440917319631372,-98.48177150759513
4min,4,temperature,240,HIST_GRADIENT_BOOSTING,1.0,2,75,1.886228090129692,2.048086485502945,-8.581061655280731
4min,4,temperature,240,HIST_GRADIENT_BOOSTING,1.0,3,75,1.3328313674605219,1.5059195633285445,-12.986503776378854
4min,4,temperature,240,HIST_GRADIENT_BOOSTING,1.0,4,75,1.4521463008440603,1.6831118001562804,-15.905112258866161
4min,4,temperature,480,HIST_GRADIENT_BOOSTING,0.25,1,75,0.9305894653087298,0.9346134807767227,-0.4324157556047465
4min,4,temperature,480,HIST_GRADIENT_BOOSTING,0.25,2,75,1.9895037474786488,1.9572540580058255,1.6209916424482307
4min,4,temperature,480,HIST_GRADIENT_BOOSTING,0.25,3,75,1.737351105430837,1.6963082498404836,2.36238118259783
4min,4,temperature,480,HIST_GRADIENT_BOOSTING,0.25,4,75,1.3578523255168973,1.4007121699566591,-3.156443718829756
4min,4,temperature,480,HIST_GRADIENT_BOOSTING,0.5,1,75,0.9305894653087298,0.9496301490041694,-2.046088463845093
4min,4,temperature,480,HIST_GRADIENT_BOOSTING,0.5,2,75,1.9895037474786488,1.9609992562231533,1.4327437830474048
4min,4,temperature,480,HIST_GRADIENT_BOOSTING,0.5,3,75,1.737351105430837,1.725176124916163,0.7007783560050641
4min,4,temperature,480,HIST_GRADIENT_BOOSTING,0.5,4,75,1.3578523255168973,1.4997521461755543,-10.450313188854292
4min,4,temperature,480,HIST_GRADIENT_BOOSTING,0.75,1,75,0.9305894653087298,0.975131753809651,-4.786459567984042
4min,4,temperature,480,HIST_GRADIENT_BOOSTING,0.75,2,75,1.9895037474786488,2.000537194658988,-0.5545828799931769
4min,4,temperature,480,HIST_GRADIENT_BOOSTING,0.75,3,75,1.737351105430837,1.8206322566771536,-4.793570567629393
4min,4,temperature,480,HIST_GRADIENT_BOOSTING,0.75,4,75,1.3578523255168973,1.6448552181247176,-21.13653209663769
4min,4,temperature,480,HIST_GRADIENT_BOOSTING,1.0,1,75,0.9305894653087298,1.0103246560488348,-8.568245581165302
4min,4,temperature,480,HIST_GRADIENT_BOOSTING,1.0,2,75,1.9895037474786488,2.073821689658769,-4.238139399685902
4min,4,temperature,480,HIST_GRADIENT_BOOSTING,1.0,3,75,1.737351105430837,1.9730355127809216,-13.565732718812663
4min,4,temperature,480,HIST_GRADIENT_BOOSTING,1.0,4,75,1.3578523255168973,1.825067436827057,-34.40838908106621
4min,4,temperature,60,EXTRA_TREES,0.25,1,75,0.5743036240036905,0.5508857388026022,4.077614039387963
4min,4,temperature,60,EXTRA_TREES,0.25,2,75,0.9614633651699894,0.9712526257349959,-1.0181626174883678
4min,4,temperature,60,EXTRA_TREES,0.25,3,75,0.6393511511289145,0.66560582193606,-4.106455546500093
4min,4,temperature,60,EXTRA_TREES,0.25,4,75,0.8913555432225028,0.8214389472706398,7.843850468365817
4min,4,temperature,60,EXTRA_TREES,0.5,1,75,0.5743036240036905,0.5362094454810544,6.633107807515992
4min,4,temperature,60,EXTRA_TREES,0.5,2,75,0.9614633651699894,0.9942018695104162,-3.405070388161752
4min,4,temperature,60,EXTRA_TREES,0.5,3,75,0.6393511511289145,0.7018226047645475,-9.771070799720304
4min,4,temperature,60,EXTRA_TREES,0.5,4,75,0.8913555432225028,0.776781392943269,12.853922449959281
4min,4,temperature,60,EXTRA_TREES,0.75,1,75,0.5743036240036905,0.5310000651269329,7.540185551132681
4min,4,temperature,60,EXTRA_TREES,0.75,2,75,0.9614633651699894,1.0294313408803168,-7.069221581657508
4min,4,temperature,60,EXTRA_TREES,0.75,3,75,0.6393511511289145,0.7465530587572572,-16.767297194828576
4min,4,temperature,60,EXTRA_TREES,0.75,4,75,0.8913555432225028,0.7618378235706379,14.530421742105473
4min,4,temperature,60,EXTRA_TREES,1.0,1,75,0.5743036240036905,0.5355339358446006,6.750730195434174
4min,4,temperature,60,EXTRA_TREES,1.0,2,75,0.9614633651699894,1.0757352126536743,-11.885200375105434
4min,4,temperature,60,EXTRA_TREES,1.0,3,75,0.6393511511289145,0.798367467485459,-24.87151482808255
4min,4,temperature,60,EXTRA_TREES,1.0,4,75,0.8913555432225028,0.7783216270238039,12.681125624691717
4min,4,temperature,120,EXTRA_TREES,0.25,1,75,0.8169659567644346,0.7971364104629571,2.427218189116682
4min,4,temperature,120,EXTRA_TREES,0.25,2,75,1.392868233346371,1.419051153216207,-1.8797844076701515
4min,4,temperature,120,EXTRA_TREES,0.25,3,75,0.9767945359905243,1.0076141869614008,-3.1551825727222784
4min,4,temperature,120,EXTRA_TREES,0.25,4,75,1.2524630736055375,1.165131423378608,6.9727924173862315
4min,4,temperature,120,EXTRA_TREES,0.5,1,75,0.8169659567644346,0.7813080595152497,4.364673577147174
4min,4,temperature,120,EXTRA_TREES,0.5,2,75,1.392868233346371,1.451867623434238,-4.235819920030818
4min,4,temperature,120,EXTRA_TREES,0.5,3,75,0.9767945359905243,1.0642670516461974,-8.955057837928118
4min,4,temperature,120,EXTRA_TREES,0.5,4,75,1.2524630736055375,1.1211042151279775,10.488042421834418
4min,4,temperature,120,EXTRA_TREES,0.75,1,75,0.8169659567644346,0.7697277800918828,5.782147503383982
4min,4,temperature,120,EXTRA_TREES,0.75,2,75,1.392868233346371,1.4908796655204748,-7.036662178634863
4min,4,temperature,120,EXTRA_TREES,0.75,3,75,0.9767945359905243,1.1429180145147597,-17.007003254351424
4min,4,temperature,120,EXTRA_TREES,0.75,4,75,1.2524630736055375,1.1254750255095847,10.139065236501152
4min,4,temperature,120,EXTRA_TREES,1.0,1,75,0.8169659567644346,0.7625891237297107,6.655948462048715
4min,4,temperature,120,EXTRA_TREES,1.0,2,75,1.392868233346371,1.5356151597004484,-10.24841567469216
4min,4,temperature,120,EXTRA_TREES,1.0,3,75,0.9767945359905243,1.2393861552453678,-26.882994281756584
4min,4,temperature,120,EXTRA_TREES,1.0,4,75,1.2524630736055375,1.1777051198617199,5.968874876974028
4min,4,temperature,240,EXTRA_TREES,0.25,1,75,0.8283338663672821,0.848113239660554,-2.3878503700465257
4min,4,temperature,240,EXTRA_TREES,0.25,2,75,1.886228090129692,1.882099622483985,0.21887425318870607
4min,4,temperature,240,EXTRA_TREES,0.25,3,75,1.3328313674605219,1.3373045842934943,-0.33561761391430567
4min,4,temperature,240,EXTRA_TREES,0.25,4,75,1.4521463008440603,1.4137993394240453,2.6407092314132363
4min,4,temperature,240,EXTRA_TREES,0.5,1,75,0.8283338663672821,0.8818866941969358,-6.465125959960255
4min,4,temperature,240,EXTRA_TREES,0.5,2,75,1.886228090129692,1.8822509781065364,0.2108500050427137
4min,4,temperature,240,EXTRA_TREES,0.5,3,75,1.3328313674605219,1.3651868676129344,-2.4275764318227506
4min,4,temperature,240,EXTRA_TREES,0.5,4,75,1.4521463008440603,1.4188899672601043,2.2901503494947937
4min,4,temperature,240,EXTRA_TREES,0.75,1,75,0.8283338663672821,0.9281278018210694,-12.047549847435398
4min,4,temperature,240,EXTRA_TREES,0.75,2,75,1.886228090129692,1.8866811269741024,-0.024018136872264405
4min,4,temperature,240,EXTRA_TREES,0.75,3,75,1.3328313674605219,1.4150951738586157,-6.1721091209635315
4min,4,temperature,240,EXTRA_TREES,0.75,4,75,1.4521463008440603,1.4669660460152525,-1.020540779023315
4min,4,temperature,240,EXTRA_TREES,1.0,1,75,0.8283338663672821,0.9850823785970138,-18.923349460183672
4min,4,temperature,240,EXTRA_TREES,1.0,2,75,1.886228090129692,1.8953600660154597,-0.4841395340019489
4min,4,temperature,240,EXTRA_TREES,1.0,3,75,1.3328313674605219,1.4848101070163098,-11.402698290734028
4min,4,temperature,240,EXTRA_TREES,1.0,4,75,1.4521463008440603,1.554043273228452,-7.016990803554988
4min,4,temperature,480,EXTRA_TREES,0.25,1,75,0.9305894653087298,0.8928799530973598,4.052217827209077
4min,4,temperature,480,EXTRA_TREES,0.25,2,75,1.9895037474786488,1.9570702502543922,1.6302305167989972
4min,4,temperature,480,EXTRA_TREES,0.25,3,75,1.737351105430837,1.7247354610409376,0.7261424792296657
4min,4,temperature,480,EXTRA_TREES,0.25,4,75,1.3578523255168973,1.4166046347109793,-4.326855585839692
4min,4,temperature,480,EXTRA_TREES,0.5,1,75,0.9305894653087298,0.8985530248790302,3.442596507265557
4min,4,temperature,480,EXTRA_TREES,0.5,2,75,1.9895037474786488,1.937251053524983,2.6264184734453035
4min,4,temperature,480,EXTRA_TREES,0.5,3,75,1.737351105430837,1.7331123640276107,0.24397724731496845
4min,4,temperature,480,EXTRA_TREES,0.5,4,75,1.3578523255168973,1.5079114545872934,-11.051211258431412
4min,4,temperature,480,EXTRA_TREES,0.75,1,75,0.9305894653087298,0.9468292013726249,-1.7451020744692745
4min,4,temperature,480,EXTRA_TREES,0.75,2,75,1.9895037474786488,1.930434718163291,2.969033327542986
4min,4,temperature,480,EXTRA_TREES,0.75,3,75,1.737351105430837,1.7621824624202758,-1.4292653287995531
4min,4,temperature,480,EXTRA_TREES,0.75,4,75,1.3578523255168973,1.6262987822920056,-19.769930185369617
4min,4,temperature,480,EXTRA_TREES,1.0,1,75,0.9305894653087298,1.0317454166610798,-10.870094184742442
4min,4,temperature,480,EXTRA_TREES,1.0,2,75,1.9895037474786488,1.9367585380089014,2.6511741702719975
4min,4,temperature,480,EXTRA_TREES,1.0,3,75,1.737351105430837,1.8109495034706888,-4.2362420474358
4min,4,temperature,480,EXTRA_TREES,1.0,4,75,1.3578523255168973,1.7663298147037292,-30.08261513499531
4min,4,temperature,60,XGBOOST,0.25,1,75,0.5743036240036905,0.5586555810373262,2.7246986284495036
4min,4,temperature,60,XGBOOST,0.25,2,75,0.9614633651699894,1.0008703487118944,-4.098646393556317
4min,4,temperature,60,XGBOOST,0.25,3,75,0.6393511511289145,0.6436662635616693,-0.6749205698833208
4min,4,temperature,60,XGBOOST,0.25,4,75,0.8913555432225028,0.7801087343259928,12.480632419059317
4min,4,temperature,60,XGBOOST,0.5,1,75,0.5743036240036905,0.5515764407308965,3.957346310015266
4min,4,temperature,60,XGBOOST,0.5,2,75,0.9614633651699894,1.07120698013513,-11.414227410083132
4min,4,temperature,60,XGBOOST,0.5,3,75,0.6393511511289145,0.6698451845438195,-4.76952819449235
4min,4,temperature,60,XGBOOST,0.5,4,75,0.8913555432225028,0.7228508650876894,18.904317072581527
4min,4,temperature,60,XGBOOST,0.75,1,75,0.5743036240036905,0.5533951461473146,3.6406661881419002
4min,4,temperature,60,XGBOOST,0.75,2,75,0.9614633651699894,1.1668935772565843,-21.36641077845688
4min,4,temperature,60,XGBOOST,0.75,3,75,0.6393511511289145,0.715492020694275,-11.909084613504973
4min,4,temperature,60,XGBOOST,0.75,4,75,0.8913555432225028,0.7323564103579883,17.837902515273267
4min,4,temperature,60,XGBOOST,1.0,1,75,0.5743036240036905,0.5640256303168173,1.7896445812445654
4min,4,temperature,60,XGBOOST,1.0,2,75,0.9614633651699894,1.282267575035725,-33.36624373712009
4min,4,temperature,60,XGBOOST,1.0,3,75,0.6393511511289145,0.7771840451973655,-21.558246016305254
4min,4,temperature,60,XGBOOST,1.0,4,75,0.8913555432225028,0.8062674824615927,9.545917048240097
4min,4,temperature,120,XGBOOST,0.25,1,75,0.8169659567644346,0.827319620339586,-1.2673310912680689
4min,4,temperature,120,XGBOOST,0.25,2,75,1.392868233346371,1.3743227739029498,1.33145828151065
4min,4,temperature,120,XGBOOST,0.25,3,75,0.9767945359905243,0.9679911743659618,0.9012500889591301
4min,4,temperature,120,XGBOOST,0.25,4,75,1.2524630736055375,1.141842555505571,8.832237886384705
4min,4,temperature,120,XGBOOST,0.5,1,75,0.8169659567644346,0.8687926807173074,-6.34380460088334
4min,4,temperature,120,XGBOOST,0.5,2,75,1.392868233346371,1.368052134551925,1.7816544451462835
4min,4,temperature,120,XGBOOST,0.5,3,75,0.9767945359905243,0.9763463143775182,0.04588699020021139
4min,4,temperature,120,XGBOOST,0.5,4,75,1.2524630736055375,1.0917337446647322,12.833059299553208
4min,4,temperature,120,XGBOOST,0.75,1,75,0.8169659567644346,0.9372631850869929,-14.724876517375495
4min,4,temperature,120,XGBOOST,0.75,2,75,1.392868233346371,1.3742243570162704,1.3385240530117262
4min,4,temperature,120,XGBOOST,0.75,3,75,0.9767945359905243,1.0014305774168533,-2.5221313713990616
4min,4,temperature,120,XGBOOST,0.75,4,75,1.2524630736055375,1.1103594885324246,11.345930117047777
4min,4,temperature,120,XGBOOST,1.0,1,75,0.8169659567644346,1.0273472744662266,-25.751540313258577
4min,4,temperature,120,XGBOOST,1.0,2,75,1.392868233346371,1.3926740137456466,0.013943860307439696
4min,4,temperature,120,XGBOOST,1.0,3,75,0.9767945359905243,1.0420365353532761,-6.679193725893719
4min,4,temperature,120,XGBOOST,1.0,4,75,1.2524630736055375,1.194508809162335,4.6272234019935
4min,4,temperature,240,XGBOOST,0.25,1,75,0.8283338663672821,0.9552760364538672,-15.325000611564883
4min,4,temperature,240,XGBOOST,0.25,2,75,1.886228090129692,1.8971100410315251,-0.5769159604173311
4min,4,temperature,240,XGBOOST,0.25,3,75,1.3328313674605219,1.344365572400994,-0.8653911681601928
4min,4,temperature,240,XGBOOST,0.25,4,75,1.4521463008440603,1.4488268396379103,0.22858999841962013
4min,4,temperature,240,XGBOOST,0.5,1,75,0.8283338663672821,1.1424456635266513,-37.92091690478975
4min,4,temperature,240,XGBOOST,0.5,2,75,1.886228090129692,1.9155098188148818,-1.5523959609347417
4min,4,temperature,240,XGBOOST,0.5,3,75,1.3328313674605219,1.3680125240912506,-2.6395804817949555
4min,4,temperature,240,XGBOOST,0.5,4,75,1.4521463008440603,1.4793898135766321,-1.8760859506192018
4min,4,temperature,240,XGBOOST,0.75,1,75,0.8283338663672821,1.3652935065525256,-64.82405971641829
4min,4,temperature,240,XGBOOST,0.75,2,75,1.886228090129692,1.9412136622677747,-2.9151072675575564
4min,4,temperature,240,XGBOOST,0.75,3,75,1.3328313674605219,1.4031599607767713,-5.2766310152385065
4min,4,temperature,240,XGBOOST,0.75,4,75,1.4521463008440603,1.5418216196539956,-6.175363925646576
4min,4,temperature,240,XGBOOST,1.0,1,75,0.8283338663672821,1.6090634234218155,-94.25300458599854
4min,4,temperature,240,XGBOOST,1.0,2,75,1.886228090129692,1.973936259755914,-4.649923839284543
4min,4,temperature,240,XGBOOST,1.0,3,75,1.3328313674605219,1.4489712283640144,-8.713770079164386
4min,4,temperature,240,XGBOOST,1.0,4,75,1.4521463008440603,1.6324699906000348,-12.417735709629353
4min,4,temperature,480,XGBOOST,0.25,1,75,0.9305894653087298,0.9417836678209093,-1.2029152413052246
4min,4,temperature,480,XGBOOST,0.25,2,75,1.9895037474786488,1.9671209184789231,1.1250458325646289
4min,4,temperature,480,XGBOOST,0.25,3,75,1.737351105430837,1.7069678619749147,1.7488257474811213
4min,4,temperature,480,XGBOOST,0.25,4,75,1.3578523255168973,1.3343333685486194,1.732070308847824
4min,4,temperature,480,XGBOOST,0.5,1,75,0.9305894653087298,0.962338529710019,-3.41171543251419
4min,4,temperature,480,XGBOOST,0.5,2,75,1.9895037474786488,1.9631616915118963,1.3240515882483972
4min,4,temperature,480,XGBOOST,0.5,3,75,1.737351105430837,1.707384169917989,1.7248635246596664
4min,4,temperature,480,XGBOOST,0.5,4,75,1.3578523255168973,1.3516087963757588,0.459809142998059
4min,4,temperature,480,XGBOOST,0.75,1,75,0.9305894653087298,0.99167215314049,-6.563870547523936
4min,4,temperature,480,XGBOOST,0.75,2,75,1.9895037474786488,1.9777367161831858,0.5914555984312995
4min,4,temperature,480,XGBOOST,0.75,3,75,1.737351105430837,1.7385779042527072,-0.0706131776147763
4min,4,temperature,480,XGBOOST,0.75,4,75,1.3578523255168973,1.4081780206940142,-3.7062716049007256
4min,4,temperature,480,XGBOOST,1.0,1,75,0.9305894653087298,1.0290340701958165,-10.578736226551525
4min,4,temperature,480,XGBOOST,1.0,2,75,1.9895037474786488,2.0104429319120114,-1.052482784206836
4min,4,temperature,480,XGBOOST,1.0,3,75,1.737351105430837,1.7989487369635633,-3.545491256210468
4min,4,temperature,480,XGBOOST,1.0,4,75,1.3578523255168973,1.499600792543955,-10.439166643036673
4min,4,temperature,60,RANDOM_FOREST,0.25,1,75,0.5743036240036905,0.5736126113769402,0.12032182940671618
4min,4,temperature,60,RANDOM_FOREST,0.25,2,75,0.9614633651699894,1.0018928836924692,-4.204998337646669
4min,4,temperature,60,RANDOM_FOREST,0.25,3,75,0.6393511511289145,0.6747649907784461,-5.539028057899123
4min,4,temperature,60,RANDOM_FOREST,0.25,4,75,0.8913555432225028,0.8102598500161611,9.098018610301988
4min,4,temperature,60,RANDOM_FOREST,0.5,1,75,0.5743036240036905,0.6326824487559927,-10.165149985528739
4min,4,temperature,60,RANDOM_FOREST,0.5,2,75,0.9614633651699894,1.0621505222086627,-10.472282219600899
4min,4,temperature,60,RANDOM_FOREST,0.5,3,75,0.6393511511289145,0.7358864902721931,-15.098954459192624
4min,4,temperature,60,RANDOM_FOREST,0.5,4,75,0.8913555432225028,0.783976083653472,12.046759610741137
4min,4,temperature,60,RANDOM_FOREST,0.75,1,75,0.5743036240036905,0.7372866550015615,-28.379244738463242
4min,4,temperature,60,RANDOM_FOREST,0.75,2,75,0.9614633651699894,1.13909391485846,-18.475020070792297
4min,4,temperature,60,RANDOM_FOREST,0.75,3,75,0.6393511511289145,0.8169659085938265,-27.78047042713448
4min,4,temperature,60,RANDOM_FOREST,0.75,4,75,0.8913555432225028,0.8178062912516347,8.251393344676655
4min,4,temperature,60,RANDOM_FOREST,1.0,1,75,0.5743036240036905,0.8711745060372292,-51.692322601751684
4min,4,temperature,60,RANDOM_FOREST,1.0,2,75,0.9614633651699894,1.2295946468295653,-27.887831338448297
4min,4,temperature,60,RANDOM_FOREST,1.0,3,75,0.6393511511289145,0.9126997866212464,-42.75406949837738
4min,4,temperature,60,RANDOM_FOREST,1.0,4,75,0.8913555432225028,0.905034206733959,-1.534591175817895
4min,4,temperature,120,RANDOM_FOREST,0.25,1,75,0.8169659567644346,0.8564090380110035,-4.827995697982555
4min,4,temperature,120,RANDOM_FOREST,0.25,2,75,1.392868233346371,1.5030577619418426,-7.9109800882414225
4min,4,temperature,120,RANDOM_FOREST,0.25,3,75,0.9767945359905243,1.065910086803348,-9.12326467126021
4min,4,temperature,120,RANDOM_FOREST,0.25,4,75,1.2524630736055375,1.1660193772472962,6.901895806747492
4min,4,temperature,120,RANDOM_FOREST,0.5,1,75,0.8169659567644346,1.0643358206524882,-30.27909080419377
4min,4,temperature,120,RANDOM_FOREST,0.5,2,75,1.392868233346371,1.6515368865117408,-18.5709349221008
4min,4,temperature,120,RANDOM_FOREST,0.5,3,75,0.9767945359905243,1.2417790151407349,-27.127964928827268
4min,4,temperature,120,RANDOM_FOREST,0.5,4,75,1.2524630736055375,1.1482641537599616,8.319520314927331
4min,4,temperature,120,RANDOM_FOREST,0.75,1,75,0.8169659567644346,1.365853678372338,-67.18611920890244
4min,4,temperature,120,RANDOM_FOREST,0.75,2,75,1.392868233346371,1.829004174623794,-31.31207466980596
4min,4,temperature,120,RANDOM_FOREST,0.75,3,75,0.9767945359905243,1.4736621028666175,-50.86715256573805
4min,4,temperature,120,RANDOM_FOREST,0.75,4,75,1.2524630736055375,1.2022445203980578,4.009583537094843
4min,4,temperature,120,RANDOM_FOREST,1.0,1,75,0.8169659567644346,1.7122129059158082,-109.58191608093048
4min,4,temperature,120,RANDOM_FOREST,1.0,2,75,1.392868233346371,2.027863206821588,-45.58901971291562
4min,4,temperature,120,RANDOM_FOREST,1.0,3,75,0.9767945359905243,1.7392984005320145,-78.06184785506284
4min,4,temperature,120,RANDOM_FOREST,1.0,4,75,1.2524630736055375,1.3191835157275873,-5.327138462452052
4min,4,temperature,240,RANDOM_FOREST,0.25,1,75,0.8283338663672821,0.8939627270794419,-7.922996194756577
4min,4,temperature,240,RANDOM_FOREST,0.25,2,75,1.886228090129692,1.9612367010761664,-3.9766458435743632
4min,4,temperature,240,RANDOM_FOREST,0.25,3,75,1.3328313674605219,1.353140784133023,-1.5237799145736746
4min,4,temperature,240,RANDOM_FOREST,0.25,4,75,1.4521463008440603,1.3934578142450507,4.041499576516285
4min,4,temperature,240,RANDOM_FOREST,0.5,1,75,0.8283338663672821,1.039206701615135,-25.457468758660184
4min,4,temperature,240,RANDOM_FOREST,0.5,2,75,1.886228090129692,2.054111697797333,-8.900493452841003
4min,4,temperature,240,RANDOM_FOREST,0.5,3,75,1.3328313674605219,1.4220844731066649,-6.69650398581174
4min,4,temperature,240,RANDOM_FOREST,0.5,4,75,1.4521463008440603,1.3898115090990442,4.292597220320294
4min,4,temperature,240,RANDOM_FOREST,0.75,1,75,0.8283338663672821,1.2363173654019657,-49.25350943622824
4min,4,temperature,240,RANDOM_FOREST,0.75,2,75,1.886228090129692,2.162552384598685,-14.649569472268535
4min,4,temperature,240,RANDOM_FOREST,0.75,3,75,1.3328313674605219,1.5331152125614937,-15.026945642986918
4min,4,temperature,240,RANDOM_FOREST,0.75,4,75,1.4521463008440603,1.441625100810121,0.7245275512407905
4min,4,temperature,240,RANDOM_FOREST,1.0,1,75,0.8283338663672821,1.4644997560072386,-76.8006616015723
4min,4,temperature,240,RANDOM_FOREST,1.0,2,75,1.886228090129692,2.2843430663901994,-21.10640692627656
4min,4,temperature,240,RANDOM_FOREST,1.0,3,75,1.3328313674605219,1.6778986860634253,-25.88979574065466
4min,4,temperature,240,RANDOM_FOREST,1.0,4,75,1.4521463008440603,1.543322837732107,-6.278743184144081
4min,4,temperature,480,RANDOM_FOREST,0.25,1,75,0.9305894653087298,0.9871071035227793,-6.073315927265456
4min,4,temperature,480,RANDOM_FOREST,0.25,2,75,1.9895037474786488,2.0555493457152334,-3.3197021277434624
4min,4,temperature,480,RANDOM_FOREST,0.25,3,75,1.737351105430837,1.8025919378115771,-3.755189850618095
4min,4,temperature,480,RANDOM_FOREST,0.25,4,75,1.3578523255168973,1.3879893230356424,-2.2194606108784893
4min,4,temperature,480,RANDOM_FOREST,0.5,1,75,0.9305894653087298,1.1224716792855578,-20.61942683965047
4min,4,temperature,480,RANDOM_FOREST,0.5,2,75,1.9895037474786488,2.146504575005153,-7.891456737665138
4min,4,temperature,480,RANDOM_FOREST,0.5,3,75,1.737351105430837,1.9110027322725927,-9.995194770874631
4min,4,temperature,480,RANDOM_FOREST,0.5,4,75,1.3578523255168973,1.4732944930885168,-8.501820514809948
4min,4,temperature,480,RANDOM_FOREST,0.75,1,75,0.9305894653087298,1.3125103671448142,-41.04075062889084
4min,4,temperature,480,RANDOM_FOREST,0.75,2,75,1.9895037474786488,2.2593630728094074,-13.564152652276153
4min,4,temperature,480,RANDOM_FOREST,0.75,3,75,1.737351105430837,2.05576509091185,-18.327555350537573
4min,4,temperature,480,RANDOM_FOREST,0.75,4,75,1.3578523255168973,1.6049952789412425,-18.201018533459788
4min,4,temperature,480,RANDOM_FOREST,1.0,1,75,0.9305894653087298,1.5370760596075117,-65.17230388994095
4min,4,temperature,480,RANDOM_FOREST,1.0,2,75,1.9895037474786488,2.3910252874949847,-20.181994656968847
4min,4,temperature,480,RANDOM_FOREST,1.0,3,75,1.737351105430837,2.229810237001968,-28.345400652276812
4min,4,temperature,480,RANDOM_FOREST,1.0,4,75,1.3578523255168973,1.7727814041886603,-30.5577470299512
4min,4,relative_humidity,60,HIST_GRADIENT_BOOSTING,0.25,1,75,1.74359334176175,1.6341527130644302,6.276728986974651
4min,4,relative_humidity,60,HIST_GRADIENT_BOOSTING,0.25,2,75,2.578292420355355,2.5818093901637944,-0.1364069405267249
4min,4,relative_humidity,60,HIST_GRADIENT_BOOSTING,0.25,3,75,1.9027054303656719,1.9272962443095838,-1.2924130846247674
4min,4,relative_humidity,60,HIST_GRADIENT_BOOSTING,0.25,4,75,2.877919958455031,2.7089555373147154,5.871060473517182
4min,4,relative_humidity,60,HIST_GRADIENT_BOOSTING,0.5,1,75,1.74359334176175,1.643271054177423,5.75376638470987
4min,4,relative_humidity,60,HIST_GRADIENT_BOOSTING,0.5,2,75,2.578292420355355,2.635806253068548,-2.230694713257772
4min,4,relative_humidity,60,HIST_GRADIENT_BOOSTING,0.5,3,75,1.9027054303656719,2.0043885584718337,-5.344134014828552
4min,4,relative_humidity,60,HIST_GRADIENT_BOOSTING,0.5,4,75,2.877919958455031,2.619484243838941,8.979947960568968
4min,4,relative_humidity,60,HIST_GRADIENT_BOOSTING,0.75,1,75,1.74359334176175,1.7691160914650395,-1.4638017416091396
4min,4,relative_humidity,60,HIST_GRADIENT_BOOSTING,0.75,2,75,2.578292420355355,2.7372972864842073,-6.167060992520668
4min,4,relative_humidity,60,HIST_GRADIENT_BOOSTING,0.75,3,75,1.9027054303656719,2.1282847541510823,-11.855714509736668
4min,4,relative_humidity,60,HIST_GRADIENT_BOOSTING,0.75,4,75,2.877919958455031,2.6176699732760498,9.042988996771557
4min,4,relative_humidity,60,HIST_GRADIENT_BOOSTING,1.0,1,75,1.74359334176175,1.9896610395656116,-14.112677073842892
4min,4,relative_humidity,60,HIST_GRADIENT_BOOSTING,1.0,2,75,2.578292420355355,2.8812679881908925,-11.751016503930124
4min,4,relative_humidity,60,HIST_GRADIENT_BOOSTING,1.0,3,75,1.9027054303656719,2.2914053149949756,-20.428799877582804
4min,4,relative_humidity,60,HIST_GRADIENT_BOOSTING,1.0,4,75,2.877919958455031,2.703689194223288,6.0540517716578925
4min,4,relative_humidity,120,HIST_GRADIENT_BOOSTING,0.25,1,75,2.2693274798508085,2.1743052010519714,4.187244002574898
4min,4,relative_humidity,120,HIST_GRADIENT_BOOSTING,0.25,2,75,3.693108440413314,3.568781145112297,3.3664674976915374
4min,4,relative_humidity,120,HIST_GRADIENT_BOOSTING,0.25,3,75,2.994705369035783,2.9930246874764737,0.056121766658149545
4min,4,relative_humidity,120,HIST_GRADIENT_BOOSTING,0.25,4,75,3.9411075780087,3.801013870476983,3.5546785962767684
4min,4,relative_humidity,120,HIST_GRADIENT_BOOSTING,0.5,1,75,2.2693274798508085,2.232089328969337,1.6409333254942904
4min,4,relative_humidity,120,HIST_GRADIENT_BOOSTING,0.5,2,75,3.693108440413314,3.5062715313763033,5.059069129746451
4min,4,relative_humidity,120,HIST_GRADIENT_BOOSTING,0.5,3,75,2.994705369035783,3.0932249802600484,-3.2897931209835907
4min,4,relative_humidity,120,HIST_GRADIENT_BOOSTING,0.5,4,75,3.9411075780087,3.7838028122700322,3.9913847218082883
4min,4,relative_humidity,120,HIST_GRADIENT_BOOSTING,0.75,1,75,2.2693274798508085,2.431811301548171,-7.159998860457312
4min,4,relative_humidity,120,HIST_GRADIENT_BOOSTING,0.75,2,75,3.693108440413314,3.5088849400834903,4.9883046572335745
4min,4,relative_humidity,120,HIST_GRADIENT_BOOSTING,0.75,3,75,2.994705369035783,3.2859994283802223,-9.726968881690969
4min,4,relative_humidity,120,HIST_GRADIENT_BOOSTING,0.75,4,75,3.9411075780087,3.8911053413124335,1.2687356461741401
4min,4,relative_humidity,120,HIST_GRADIENT_BOOSTING,1.0,1,75,2.2693274798508085,2.7426362151837638,-20.8567842030482
4min,4,relative_humidity,120,HIST_GRADIENT_BOOSTING,1.0,2,75,3.693108440413314,3.5764786137656985,3.15803958993857
4min,4,relative_humidity,120,HIST_GRADIENT_BOOSTING,1.0,3,75,2.994705369035783,3.556325515792213,-18.75376965505148
4min,4,relative_humidity,120,HIST_GRADIENT_BOOSTING,1.0,4,75,3.9411075780087,4.113188253496438,-4.366302418333989
4min,4,relative_humidity,240,HIST_GRADIENT_BOOSTING,0.25,1,75,2.1776850349549557,2.312377551137053,-6.185123836555334
4min,4,relative_humidity,240,HIST_GRADIENT_BOOSTING,0.25,2,75,4.547075509004325,4.404065280364779,3.145103448498961
4min,4,relative_humidity,240,HIST_GRADIENT_BOOSTING,0.25,3,75,4.432300422609593,4.362013608057785,1.585786337795802
4min,4,relative_humidity,240,HIST_GRADIENT_BOOSTING,0.25,4,75,4.780794010148766,4.558499005562984,4.649750734164432
4min,4,relative_humidity,240,HIST_GRADIENT_BOOSTING,0.5,1,75,2.1776850349549557,2.66993821613089,-22.604425032755785
4min,4,relative_humidity,240,HIST_GRADIENT_BOOSTING,0.5,2,75,4.547075509004325,4.307584862215352,5.266915984014851
4min,4,relative_humidity,240,HIST_GRADIENT_BOOSTING,0.5,3,75,4.432300422609593,4.3274678411118135,2.365195756204128
4min,4,relative_humidity,240,HIST_GRADIENT_BOOSTING,0.5,4,75,4.780794010148766,4.4062886682931275,7.833538551559231
4min,4,relative_humidity,240,HIST_GRADIENT_BOOSTING,0.75,1,75,2.1776850349549557,3.1759648184965115,-45.84133001410852
4min,4,relative_humidity,240,HIST_GRADIENT_BOOSTING,0.75,2,75,4.547075509004325,4.2607962564530135,6.295898363341639
4min,4,relative_humidity,240,HIST_GRADIENT_BOOSTING,0.75,3,75,4.432300422609593,4.329518753070843,2.318923803414831
4min,4,relative_humidity,240,HIST_GRADIENT_BOOSTING,0.75,4,75,4.780794010148766,4.33155760683192,9.396690222653342
4min,4,relative_humidity,240,HIST_GRADIENT_BOOSTING,1.0,1,75,2.1776850349549557,3.7711586137574122,-73.17282128613317
4min,4,relative_humidity,240,HIST_GRADIENT_BOOSTING,1.0,2,75,4.547075509004325,4.265335060129037,6.196080278793984
4min,4,relative_humidity,240,HIST_GRADIENT_BOOSTING,1.0,3,75,4.432300422609593,4.368114795754207,1.4481334913123067
4min,4,relative_humidity,240,HIST_GRADIENT_BOOSTING,1.0,4,75,4.780794010148766,4.338311607370294,9.255416607349353
4min,4,relative_humidity,480,HIST_GRADIENT_BOOSTING,0.25,1,75,2.4066413439138716,2.0695899198795855,14.00505417588091
4min,4,relative_humidity,480,HIST_GRADIENT_BOOSTING,0.25,2,75,4.77045993433936,4.592219901772786,3.736328048445453
4min,4,relative_humidity,480,HIST_GRADIENT_BOOSTING,0.25,3,75,6.414553147843935,6.245277141612941,2.6389368414211605
4min,4,relative_humidity,480,HIST_GRADIENT_BOOSTING,0.25,4,75,4.812863865772454,4.743440519281112,1.4424539822341216
4min,4,relative_humidity,480,HIST_GRADIENT_BOOSTING,0.5,1,75,2.4066413439138716,2.0806510231458533,13.545446711135899
4min,4,relative_humidity,480,HIST_GRADIENT_BOOSTING,0.5,2,75,4.77045993433936,4.432862046231053,7.076841494426258
4min,4,relative_humidity,480,HIST_GRADIENT_BOOSTING,0.5,3,75,6.414553147843935,6.106311827986641,4.805343610893622
4min,4,relative_humidity,480,HIST_GRADIENT_BOOSTING,0.5,4,75,4.812863865772454,4.715495479009511,2.02308624300379
4min,4,relative_humidity,480,HIST_GRADIENT_BOOSTING,0.75,1,75,2.4066413439138716,2.435085478825673,-1.1819016981376662
4min,4,relative_humidity,480,HIST_GRADIENT_BOOSTING,0.75,2,75,4.77045993433936,4.294488894987408,9.97746644774761
4min,4,relative_humidity,480,HIST_GRADIENT_BOOSTING,0.75,3,75,6.414553147843935,5.999763727154919,6.466380605614519
4min,4,relative_humidity,480,HIST_GRADIENT_BOOSTING,0.75,4,75,4.812863865772454,4.729764005556935,1.7266197950558848
4min,4,relative_humidity,480,HIST_GRADIENT_BOOSTING,1.0,1,75,2.4066413439138716,3.014100241146022,-25.24093998336504
4min,4,relative_humidity,480,HIST_GRADIENT_BOOSTING,1.0,2,75,4.77045993433936,4.17918538366047,12.394497780448779
4min,4,relative_humidity,480,HIST_GRADIENT_BOOSTING,1.0,3,75,6.414553147843935,5.927381251343303,7.5947908649627545
4min,4,relative_humidity,480,HIST_GRADIENT_BOOSTING,1.0,4,75,4.812863865772454,4.78586854887035,0.5608992411791666
4min,4,relative_humidity,60,EXTRA_TREES,0.25,1,75,1.74359334176175,1.6722078137462772,4.094161540175636
4min,4,relative_humidity,60,EXTRA_TREES,0.25,2,75,2.578292420355355,2.609191984766008,-1.198450733000794
4min,4,relative_humidity,60,EXTRA_TREES,0.25,3,75,1.9027054303656719,1.8992772734264876,0.18017276266066368
4min,4,relative_humidity,60,EXTRA_TREES,0.25,4,75,2.877919958455031,2.7526846382476604,4.35159149716593
4min,4,relative_humidity,60,EXTRA_TREES,0.5,1,75,1.74359334176175,1.6316394741378595,6.42087033383431
4min,4,relative_humidity,60,EXTRA_TREES,0.5,2,75,2.578292420355355,2.6562219938203255,-3.0225265702883153
4min,4,relative_humidity,60,EXTRA_TREES,0.5,3,75,1.9027054303656719,1.9079745975114948,-0.2769302626529148
4min,4,relative_humidity,60,EXTRA_TREES,0.5,4,75,2.877919958455031,2.6591063097184637,7.603187437291827
4min,4,relative_humidity,60,EXTRA_TREES,0.75,1,75,1.74359334176175,1.6241991703815777,6.847592756894495
4min,4,relative_humidity,60,EXTRA_TREES,0.75,2,75,2.578292420355355,2.7185454210155857,-5.439763137530382
4min,4,relative_humidity,60,EXTRA_TREES,0.75,3,75,1.9027054303656719,1.928633367161164,-1.3626879064779427
4min,4,relative_humidity,60,EXTRA_TREES,0.75,4,75,2.877919958455031,2.60060458999316,9.63596529664236
4min,4,relative_humidity,60,EXTRA_TREES,1.0,1,75,1.74359334176175,1.6503350226133198,5.348627854600588
4min,4,relative_humidity,60,EXTRA_TREES,1.0,2,75,2.578292420355355,2.795139458126757,-8.410490449392643
4min,4,relative_humidity,60,EXTRA_TREES,1.0,3,75,1.9027054303656719,1.9608755600213728,-3.057232545161836
4min,4,relative_humidity,60,EXTRA_TREES,1.0,4,75,2.877919958455031,2.5795670797580526,10.366962354892754
4min,4,relative_humidity,120,EXTRA_TREES,0.25,1,75,2.2693274798508085,2.2039356362250735,2.8815516582046614
4min,4,relative_humidity,120,EXTRA_TREES,0.25,2,75,3.693108440413314,3.7115440221981264,-0.4991887479683459
4min,4,relative_humidity,120,EXTRA_TREES,0.25,3,75,2.994705369035783,2.971286944128566,0.7819942872963502
4min,4,relative_humidity,120,EXTRA_TREES,0.25,4,75,3.9411075780087,3.7804893936467487,4.075458007241354
4min,4,relative_humidity,120,EXTRA_TREES,0.5,1,75,2.2693274798508085,2.1712663235252956,4.321154932295612
4min,4,relative_humidity,120,EXTRA_TREES,0.5,2,75,3.693108440413314,3.748292966494705,-1.4942568562978629
4min,4,relative_humidity,120,EXTRA_TREES,0.5,3,75,2.994705369035783,2.9676983323417137,0.9018261687213959
4min,4,relative_humidity,120,EXTRA_TREES,0.5,4,75,3.9411075780087,3.6611557405191446,7.103379746639779
4min,4,relative_humidity,120,EXTRA_TREES,0.75,1,75,2.2693274798508085,2.172796053006984,4.253745997478101
4min,4,relative_humidity,120,EXTRA_TREES,0.75,2,75,3.693108440413314,3.8028243917553106,-2.97082940055012
4min,4,relative_humidity,120,EXTRA_TREES,0.75,3,75,2.994705369035783,2.9840110773313957,0.35710663943647236
4min,4,relative_humidity,120,EXTRA_TREES,0.75,4,75,3.9411075780087,3.5872291317979377,8.979162309229949
4min,4,relative_humidity,120,EXTRA_TREES,1.0,1,75,2.2693274798508085,2.2084537598704297,2.682456389431323
4min,4,relative_humidity,120,EXTRA_TREES,1.0,2,75,3.693108440413314,3.874387513437585,-4.908577041512033
4min,4,relative_humidity,120,EXTRA_TREES,1.0,3,75,2.994705369035783,3.0199026901386996,-0.8413956632745309
4min,4,relative_humidity,120,EXTRA_TREES,1.0,4,75,3.9411075780087,3.56153822365085,9.631032567490404
4min,4,relative_humidity,240,EXTRA_TREES,0.25,1,75,2.1776850349549557,2.175088524141021,0.11923261501351397
4min,4,relative_humidity,240,EXTRA_TREES,0.25,2,75,4.547075509004325,4.392911144815477,3.3904069524151366
4min,4,relative_humidity,240,EXTRA_TREES,0.25,3,75,4.432300422609593,4.3390113988416426,2.1047540751541645
4min,4,relative_humidity,240,EXTRA_TREES,0.25,4,75,4.780794010148766,4.6502096098557795,2.7314374979507368
4min,4,relative_humidity,240,EXTRA_TREES,0.5,1,75,2.1776850349549557,2.2985942015057894,-5.55218797071518
4min,4,relative_humidity,240,EXTRA_TREES,0.5,2,75,4.547075509004325,4.250136270633597,6.5303344486520185
4min,4,relative_humidity,240,EXTRA_TREES,0.5,3,75,4.432300422609593,4.256592641188111,3.964257037388076
4min,4,relative_humidity,240,EXTRA_TREES,0.5,4,75,4.780794010148766,4.548593827740554,4.856937611520024
4min,4,relative_humidity,240,EXTRA_TREES,0.75,1,75,2.1776850349549557,2.5297999441665304,-16.169230332193475
4min,4,relative_humidity,240,EXTRA_TREES,0.75,2,75,4.547075509004325,4.119935152732463,9.393737918493319
4min,4,relative_humidity,240,EXTRA_TREES,0.75,3,75,4.432300422609593,4.185686325739473,5.564020336079154
4min,4,relative_humidity,240,EXTRA_TREES,0.75,4,75,4.780794010148766,4.477919221018571,6.335240307096384
4min,4,relative_humidity,240,EXTRA_TREES,1.0,1,75,2.1776850349549557,2.8425459452358544,-30.530627689906087
4min,4,relative_humidity,240,EXTRA_TREES,1.0,2,75,4.547075509004325,4.003534732900446,11.953634265090495
4min,4,relative_humidity,240,EXTRA_TREES,1.0,3,75,4.432300422609593,4.126885900127914,6.890654814906726
4min,4,relative_humidity,240,EXTRA_TREES,1.0,4,75,4.780794010148766,4.439663685035093,7.135432407033524
4min,4,relative_humidity,480,EXTRA_TREES,0.25,1,75,2.4066413439138716,2.2422556264877755,6.830503342004379
4min,4,relative_humidity,480,EXTRA_TREES,0.25,2,75,4.77045993433936,4.545728627815929,4.710893909950714
4min,4,relative_humidity,480,EXTRA_TREES,0.25,3,75,6.414553147843935,6.2845320710187815,2.0269701385022634
4min,4,relative_humidity,480,EXTRA_TREES,0.25,4,75,4.812863865772454,4.848469600342254,-0.7398034842210386
4min,4,relative_humidity,480,EXTRA_TREES,0.5,1,75,2.4066413439138716,2.375765571167882,1.2829403443961953
4min,4,relative_humidity,480,EXTRA_TREES,0.5,2,75,4.77045993433936,4.34252131247554,8.970594612552457
4min,4,relative_humidity,480,EXTRA_TREES,0.5,3,75,6.414553147843935,6.164687487970397,3.8952933137286867
4min,4,relative_humidity,480,EXTRA_TREES,0.5,4,75,4.812863865772454,4.910589701241393,-2.0305131870430375
4min,4,relative_humidity,480,EXTRA_TREES,0.75,1,75,2.4066413439138716,2.7643403954880923,-14.862997865419448
4min,4,relative_humidity,480,EXTRA_TREES,0.75,2,75,4.77045993433936,4.163990365000154,12.71302091803846
4min,4,relative_humidity,480,EXTRA_TREES,0.75,3,75,6.414553147843935,6.0556236263938965,5.595549887534757
4min,4,relative_humidity,480,EXTRA_TREES,0.75,4,75,4.812863865772454,4.998235672309113,-3.851590481396402
4min,4,relative_humidity,480,EXTRA_TREES,1.0,1,75,2.4066413439138716,3.319586964286058,-37.934427690313065
4min,4,relative_humidity,480,EXTRA_TREES,1.0,2,75,4.77045993433936,4.013430202367392,15.869114139762841
4min,4,relative_humidity,480,EXTRA_TREES,1.0,3,75,6.414553147843935,5.957932560231549,7.118509693319261
4min,4,relative_humidity,480,EXTRA_TREES,1.0,4,75,4.812863865772454,5.110094258568904,-6.175749015264232
4min,4,relative_humidity,60,XGBOOST,0.25,1,75,1.74359334176175,1.6581058593917881,4.902948429682815
4min,4,relative_humidity,60,XGBOOST,0.25,2,75,2.578292420355355,2.599992754532633,-0.8416552756373165
4min,4,relative_humidity,60,XGBOOST,0.25,3,75,1.9027054303656719,1.896939725627548,0.3030266612008247
4min,4,relative_humidity,60,XGBOOST,0.25,4,75,2.877919958455031,2.6610589985013524,7.535336739180787
4min,4,relative_humidity,60,XGBOOST,0.5,1,75,1.74359334176175,1.617804854168034,7.2143248417442045
4min,4,relative_humidity,60,XGBOOST,0.5,2,75,2.578292420355355,2.6690686461388835,-3.52078860670959
4min,4,relative_humidity,60,XGBOOST,0.5,3,75,1.9027054303656719,1.9342897571265802,-1.6599693392811912
4min,4,relative_humidity,60,XGBOOST,0.5,4,75,2.877919958455031,2.551767413765586,11.332926189668418
4min,4,relative_humidity,60,XGBOOST,0.75,1,75,1.74359334176175,1.6260535837101828,6.741236917824164
4min,4,relative_humidity,60,XGBOOST,0.75,2,75,2.578292420355355,2.78199337659173,-7.9006149429822905
4min,4,relative_humidity,60,XGBOOST,0.75,3,75,1.9027054303656719,2.0123562260011734,-5.762888668185924
4min,4,relative_humidity,60,XGBOOST,0.75,4,75,2.877919958455031,2.5638387446613073,10.913479816246639
4min,4,relative_humidity,60,XGBOOST,1.0,1,75,1.74359334176175,1.6821379770193061,3.524638645405042
4min,4,relative_humidity,60,XGBOOST,1.0,2,75,2.578292420355355,2.9337077994268626,-13.784913466972917
4min,4,relative_humidity,60,XGBOOST,1.0,3,75,1.9027054303656719,2.1266599328681006,-11.770319195409456
4min,4,relative_humidity,60,XGBOOST,1.0,4,75,2.877919958455031,2.6956430619643816,6.333633287998108
4min,4,relative_humidity,120,XGBOOST,0.25,1,75,2.2693274798508085,2.159944656177603,4.82005460403612
4min,4,relative_humidity,120,XGBOOST,0.25,2,75,3.693108440413314,3.712188161306446,-0.5166303995935906
4min,4,relative_humidity,120,XGBOOST,0.25,3,75,2.994705369035783,2.974279199826001,0.682076087383464
4min,4,relative_humidity,120,XGBOOST,0.25,4,75,3.9411075780087,3.6893985401998926,6.386758869850163
4min,4,relative_humidity,120,XGBOOST,0.5,1,75,2.2693274798508085,2.116299972357946,6.743297688481835
4min,4,relative_humidity,120,XGBOOST,0.5,2,75,3.693108440413314,3.769031726374872,-2.0558098194663628
4min,4,relative_humidity,120,XGBOOST,0.5,3,75,2.994705369035783,3.016455431530682,-0.7262838848785289
4min,4,relative_humidity,120,XGBOOST,0.5,4,75,3.9411075780087,3.5456489703037266,10.034199774490412
4min,4,relative_humidity,120,XGBOOST,0.75,1,75,2.2693274798508085,2.142414800304135,5.592523805996351
4min,4,relative_humidity,120,XGBOOST,0.75,2,75,3.693108440413314,3.861971980877372,-4.572395942025454
4min,4,relative_humidity,120,XGBOOST,0.75,3,75,2.994705369035783,3.118695253308956,-4.140303268401135
4min,4,relative_humidity,120,XGBOOST,0.75,4,75,3.9411075780087,3.523098641536727,10.606382297312933
4min,4,relative_humidity,120,XGBOOST,1.0,1,75,2.2693274798508085,2.235846087822253,1.4753882956882294
4min,4,relative_humidity,120,XGBOOST,1.0,2,75,3.693108440413314,3.988486332548776,-7.998083373430676
4min,4,relative_humidity,120,XGBOOST,1.0,3,75,2.994705369035783,3.275378893551121,-9.372325151495874
4min,4,relative_humidity,120,XGBOOST,1.0,4,75,3.9411075780087,3.624010739577805,8.04588132027375
4min,4,relative_humidity,240,XGBOOST,0.25,1,75,2.1776850349549557,2.235617092596207,-2.6602587936895894
4min,4,relative_humidity,240,XGBOOST,0.25,2,75,4.547075509004325,4.453610763560778,2.0554913869027387
4min,4,relative_humidity,240,XGBOOST,0.25,3,75,4.432300422609593,4.366156250200548,1.492321505817543
4min,4,relative_humidity,240,XGBOOST,0.25,4,75,4.780794010148766,4.56934423695005,4.422900730503048
4min,4,relative_humidity,240,XGBOOST,0.5,1,75,2.1776850349549557,2.4673029264462847,-13.299347097608152
4min,4,relative_humidity,240,XGBOOST,0.5,2,75,4.547075509004325,4.3809517984043085,3.653418780291885
4min,4,relative_humidity,240,XGBOOST,0.5,3,75,4.432300422609593,4.343985296917068,1.992534739793842
4min,4,relative_humidity,240,XGBOOST,0.5,4,75,4.780794010148766,4.41336463316501,7.68553039942255
4min,4,relative_humidity,240,XGBOOST,0.75,1,75,2.1776850349549557,2.830390776888063,-29.97245843435795
4min,4,relative_humidity,240,XGBOOST,0.75,2,75,4.547075509004325,4.330146090433852,4.770745903403194
4min,4,relative_humidity,240,XGBOOST,0.75,3,75,4.432300422609593,4.366457444229156,1.485526072297935
4min,4,relative_humidity,240,XGBOOST,0.75,4,75,4.780794010148766,4.318869441884486,9.662088918361617
4min,4,relative_humidity,240,XGBOOST,1.0,1,75,2.1776850349549557,3.2815497012594763,-50.68982192493018
4min,4,relative_humidity,240,XGBOOST,1.0,2,75,4.547075509004325,4.301967962104932,5.390443734968118
4min,4,relative_humidity,240,XGBOOST,1.0,3,75,4.432300422609593,4.432893801848065,-0.013387613245824674
4min,4,relative_humidity,240,XGBOOST,1.0,4,75,4.780794010148766,4.28992358534092,10.267550197013641
4min,4,relative_humidity,480,XGBOOST,0.25,1,75,2.4066413439138716,2.171329544915284,9.777601452483351
4min,4,relative_humidity,480,XGBOOST,0.25,2,75,4.77045993433936,4.5713641198000055,4.173514027571993
4min,4,relative_humidity,480,XGBOOST,0.25,3,75,6.414553147843935,6.198209102633769,3.3727064103114253
4min,4,relative_humidity,480,XGBOOST,0.25,4,75,4.812863865772454,4.7415076666001506,1.482614118378991
4min,4,relative_humidity,480,XGBOOST,0.5,1,75,2.4066413439138716,2.4032984358662155,0.13890345797100084
4min,4,relative_humidity,480,XGBOOST,0.5,2,75,4.77045993433936,4.384681190573348,8.086824940904515
4min,4,relative_humidity,480,XGBOOST,0.5,3,75,6.414553147843935,5.990317987442347,6.6136354415300564
4min,4,relative_humidity,480,XGBOOST,0.5,4,75,4.812863865772454,4.692982599528944,2.4908509691301974
4min,4,relative_humidity,480,XGBOOST,0.75,1,75,2.4066413439138716,2.9959033188473416,-24.484827222953182
4min,4,relative_humidity,480,XGBOOST,0.75,2,75,4.77045993433936,4.212061925785943,11.705328547754528
4min,4,relative_humidity,480,XGBOOST,0.75,3,75,6.414553147843935,5.79179010484877,9.708595885661783
4min,4,relative_humidity,480,XGBOOST,0.75,4,75,4.812863865772454,4.6680007253232585,3.0099156030449064
4min,4,relative_humidity,480,XGBOOST,1.0,1,75,2.4066413439138716,3.783312300716472,-57.20299621229596
4min,4,relative_humidity,480,XGBOOST,1.0,2,75,4.77045993433936,4.055302638134238,14.991369931800111
4min,4,relative_humidity,480,XGBOOST,1.0,3,75,6.414553147843935,5.603620719126032,12.64207202009815
4min,4,relative_humidity,480,XGBOOST,1.0,4,75,4.812863865772454,4.66694013555339,3.031952165878335
4min,4,relative_humidity,60,RANDOM_FOREST,0.25,1,75,1.74359334176175,1.6296085922402486,6.537347143476109
4min,4,relative_humidity,60,RANDOM_FOREST,0.25,2,75,2.578292420355355,2.6086061804945815,-1.1757301033778103
4min,4,relative_humidity,60,RANDOM_FOREST,0.25,3,75,1.9027054303656719,1.8999364329356272,0.1455294858496568
4min,4,relative_humidity,60,RANDOM_FOREST,0.25,4,75,2.877919958455031,2.780527235068019,3.384135931261119
4min,4,relative_humidity,60,RANDOM_FOREST,0.5,1,75,1.74359334176175,1.598497833588468,8.321636972224006
4min,4,relative_humidity,60,RANDOM_FOREST,0.5,2,75,2.578292420355355,2.6593636263195433,-3.1443759181130564
4min,4,relative_humidity,60,RANDOM_FOREST,0.5,3,75,1.9027054303656719,1.9148575916096655,-0.6386780134252409
4min,4,relative_humidity,60,RANDOM_FOREST,0.5,4,75,2.877919958455031,2.726875353295094,5.248394928989724
4min,4,relative_humidity,60,RANDOM_FOREST,0.75,1,75,1.74359334176175,1.6549414556676172,5.084435915805788
4min,4,relative_humidity,60,RANDOM_FOREST,0.75,2,75,2.578292420355355,2.729424459678738,-5.861710569763569
4min,4,relative_humidity,60,RANDOM_FOREST,0.75,3,75,1.9027054303656719,1.9470622474872383,-2.3312498305658247
4min,4,relative_humidity,60,RANDOM_FOREST,0.75,4,75,2.877919958455031,2.7195543292299833,5.502780880329408
4min,4,relative_humidity,60,RANDOM_FOREST,1.0,1,75,1.74359334176175,1.7906791608224857,-2.700504637919733
4min,4,relative_humidity,60,RANDOM_FOREST,1.0,2,75,2.578292420355355,2.8173489590780103,-9.27189394171616
4min,4,relative_humidity,60,RANDOM_FOREST,1.0,3,75,1.9027054303656719,1.9957138691532965,-4.8882205991155345
4min,4,relative_humidity,60,RANDOM_FOREST,1.0,4,75,2.877919958455031,2.758933014161614,4.134477192245932
4min,4,relative_humidity,120,RANDOM_FOREST,0.25,1,75,2.2693274798508085,2.158289514605054,4.892989937840722
4min,4,relative_humidity,120,RANDOM_FOREST,0.25,2,75,3.693108440413314,3.7370451945953547,-1.189695750637737
4min,4,relative_humidity,120,RANDOM_FOREST,0.25,3,75,2.994705369035783,2.9855790103452753,0.30474980226339116
4min,4,relative_humidity,120,RANDOM_FOREST,0.25,4,75,3.9411075780087,3.864252835349281,1.9500797970668744
4min,4,relative_humidity,120,RANDOM_FOREST,0.5,1,75,2.2693274798508085,2.1749723888939543,4.157843757440305
4min,4,relative_humidity,120,RANDOM_FOREST,0.5,2,75,3.693108440413314,3.8168539614062036,-3.35071452651525
4min,4,relative_humidity,120,RANDOM_FOREST,0.5,3,75,2.994705369035783,3.019735592572139,-0.8358158967877123
4min,4,relative_humidity,120,RANDOM_FOREST,0.5,4,75,3.9411075780087,3.8705124027106352,1.7912521772301917
4min,4,relative_humidity,120,RANDOM_FOREST,0.75,1,75,2.2693274798508085,2.3166184410897004,-2.083919648388557
4min,4,relative_humidity,120,RANDOM_FOREST,0.75,2,75,3.693108440413314,3.9303501219883783,-6.42390239557963
4min,4,relative_humidity,120,RANDOM_FOREST,0.75,3,75,2.994705369035783,3.0957427724909476,-3.3738679103412452
4min,4,relative_humidity,120,RANDOM_FOREST,0.75,4,75,3.9411075780087,3.9594921130788068,-0.4664814320901046
4min,4,relative_humidity,120,RANDOM_FOREST,1.0,1,75,2.2693274798508085,2.562588916758116,-12.922834606779062
4min,4,relative_humidity,120,RANDOM_FOREST,1.0,2,75,3.693108440413314,4.074719688835506,-10.333063720692808
4min,4,relative_humidity,120,RANDOM_FOREST,1.0,3,75,2.994705369035783,3.2106296610109184,-7.2102015179095025
4min,4,relative_humidity,120,RANDOM_FOREST,1.0,4,75,3.9411075780087,4.1258434989095525,-4.6874112732084505
4min,4,relative_humidity,240,RANDOM_FOREST,0.25,1,75,2.1776850349549557,2.167117086307131,0.4852836143975855
4min,4,relative_humidity,240,RANDOM_FOREST,0.25,2,75,4.547075509004325,4.463080432922766,1.847232928400434
4min,4,relative_humidity,240,RANDOM_FOREST,0.25,3,75,4.432300422609593,4.40394480367667,0.6397494806145876
4min,4,relative_humidity,240,RANDOM_FOREST,0.25,4,75,4.780794010148766,4.697517280968951,1.7419016381595476
4min,4,relative_humidity,240,RANDOM_FOREST,0.5,1,75,2.1776850349549557,2.281270531044922,-4.756679429176904
4min,4,relative_humidity,240,RANDOM_FOREST,0.5,2,75,4.547075509004325,4.394707261831997,3.350906464398963
4min,4,relative_humidity,240,RANDOM_FOREST,0.5,3,75,4.432300422609593,4.395826597178318,0.8229095944223184
4min,4,relative_humidity,240,RANDOM_FOREST,0.5,4,75,4.780794010148766,4.645449717789531,2.831000291414416
4min,4,relative_humidity,240,RANDOM_FOREST,0.75,1,75,2.1776850349549557,2.5031397127639057,-14.944983897346836
4min,4,relative_humidity,240,RANDOM_FOREST,0.75,2,75,4.547075509004325,4.342693931647663,4.4947918052369475
4min,4,relative_humidity,240,RANDOM_FOREST,0.75,3,75,4.432300422609593,4.408057616700791,0.5469576426980697
4min,4,relative_humidity,240,RANDOM_FOREST,0.75,4,75,4.780794010148766,4.62564533811241,3.245249046643784
4min,4,relative_humidity,240,RANDOM_FOREST,1.0,1,75,2.1776850349549557,2.8073004867968243,-28.912144857297598
4min,4,relative_humidity,240,RANDOM_FOREST,1.0,2,75,4.547075509004325,4.307633103114712,5.26585506256622
4min,4,relative_humidity,240,RANDOM_FOREST,1.0,3,75,4.432300422609593,4.44046971309471,-0.18431265271289277
4min,4,relative_humidity,240,RANDOM_FOREST,1.0,4,75,4.780794010148766,4.638517408124349,2.976003603635488
4min,4,relative_humidity,480,RANDOM_FOREST,0.25,1,75,2.4066413439138716,2.218133125648146,7.832833867931421
4min,4,relative_humidity,480,RANDOM_FOREST,0.25,2,75,4.77045993433936,4.603592330053167,3.4979353475966706
4min,4,relative_humidity,480,RANDOM_FOREST,0.25,3,75,6.414553147843935,6.330867134616236,1.304627326313879
4min,4,relative_humidity,480,RANDOM_FOREST,0.25,4,75,4.812863865772454,4.9275035188346585,-2.381942565994546
4min,4,relative_humidity,480,RANDOM_FOREST,0.5,1,75,2.4066413439138716,2.353211623554422,2.2200948427387255
4min,4,relative_humidity,480,RANDOM_FOREST,0.5,2,75,4.77045993433936,4.4625506596012166,6.454498706124963
4min,4,relative_humidity,480,RANDOM_FOREST,0.5,3,75,6.414553147843935,6.275066946172524,2.1745271799376256
4min,4,relative_humidity,480,RANDOM_FOREST,0.5,4,75,4.812863865772454,5.085082279100305,-5.656058864739178
4min,4,relative_humidity,480,RANDOM_FOREST,0.75,1,75,2.4066413439138716,2.7648496712547748,-14.884159131013526
4min,4,relative_humidity,480,RANDOM_FOREST,0.75,2,75,4.77045993433936,4.349847828336737,8.817013700815654
4min,4,relative_humidity,480,RANDOM_FOREST,0.75,3,75,6.414553147843935,6.247899774713373,2.5980511703543656
4min,4,relative_humidity,480,RANDOM_FOREST,0.75,4,75,4.812863865772454,5.281758339959734,-9.742525183849631
4min,4,relative_humidity,480,RANDOM_FOREST,1.0,1,75,2.4066413439138716,3.3526826335511704,-39.309608472809295
4min,4,relative_humidity,480,RANDOM_FOREST,1.0,2,75,4.77045993433936,4.267729555848175,10.538404795570441
4min,4,relative_humidity,480,RANDOM_FOREST,1.0,3,75,6.414553147843935,6.249739028464576,2.5693780311845433
4min,4,relative_humidity,480,RANDOM_FOREST,1.0,4,75,4.812863865772454,5.5133491688510645,-14.554438326424268
12min,12,temperature,60,HIST_GRADIENT_BOOSTING,0.25,1,34,0.7362801710928129,0.7565304228907137,-2.750345940709597
12min,12,temperature,60,HIST_GRADIENT_BOOSTING,0.25,2,34,0.652639166596397,0.6549656658049414,-0.35647557296897375
12min,12,temperature,60,HIST_GRADIENT_BOOSTING,0.25,3,34,0.8813800183630139,0.873237793122328,0.9238041561015327
12min,12,temperature,60,HIST_GRADIENT_BOOSTING,0.25,4,33,0.840362203821248,0.8445379136210329,-0.4968940512551996
12min,12,temperature,60,HIST_GRADIENT_BOOSTING,0.5,1,34,0.7362801710928129,0.7879794549519878,-7.021686294015104
12min,12,temperature,60,HIST_GRADIENT_BOOSTING,0.5,2,34,0.652639166596397,0.6687916186584419,-2.474943719097066
12min,12,temperature,60,HIST_GRADIENT_BOOSTING,0.5,3,34,0.8813800183630139,0.8727940252836495,0.9741533618281054
12min,12,temperature,60,HIST_GRADIENT_BOOSTING,0.5,4,33,0.840362203821248,0.8590719841689454,-2.226394792938242
12min,12,temperature,60,HIST_GRADIENT_BOOSTING,0.75,1,34,0.7362801710928129,0.8293542743280164,-12.641125876995947
12min,12,temperature,60,HIST_GRADIENT_BOOSTING,0.75,2,34,0.652639166596397,0.6934295199867448,-6.2500621289824165
12min,12,temperature,60,HIST_GRADIENT_BOOSTING,0.75,3,34,0.8813800183630139,0.8800603606972832,0.14972629719717506
12min,12,temperature,60,HIST_GRADIENT_BOOSTING,0.75,4,33,0.840362203821248,0.8834533337608224,-5.127685388946901
12min,12,temperature,60,HIST_GRADIENT_BOOSTING,1.0,1,34,0.7362801710928129,0.8792547716779018,-19.4185048298776
12min,12,temperature,60,HIST_GRADIENT_BOOSTING,1.0,2,34,0.652639166596397,0.7277821331876142,-11.513707794017042
12min,12,temperature,60,HIST_GRADIENT_BOOSTING,1.0,3,34,0.8813800183630139,0.8948489967790901,-1.5281692499782455
12min,12,temperature,60,HIST_GRADIENT_BOOSTING,1.0,4,33,0.840362203821248,0.9168967468536419,-9.107328088338603
12min,12,temperature,120,HIST_GRADIENT_BOOSTING,0.25,1,34,0.9928236248842272,1.0072841844864604,-1.4565084109395048
12min,12,temperature,120,HIST_GRADIENT_BOOSTING,0.25,2,34,0.8309064911780842,0.8470165795231764,-1.9388569611787279
12min,12,temperature,120,HIST_GRADIENT_BOOSTING,0.25,3,34,1.182282449764148,1.155262866703828,2.28537462141217
12min,12,temperature,120,HIST_GRADIENT_BOOSTING,0.25,4,33,1.3809002728179114,1.4139130056180258,-2.390667410959918
12min,12,temperature,120,HIST_GRADIENT_BOOSTING,0.5,1,34,0.9928236248842272,1.033072043286485,-4.0539343941328205
12min,12,temperature,120,HIST_GRADIENT_BOOSTING,0.5,2,34,0.8309064911780842,0.8759499702337293,-5.421004593643395
12min,12,temperature,120,HIST_GRADIENT_BOOSTING,0.5,3,34,1.182282449764148,1.1367623571625354,3.850187627389153
12min,12,temperature,120,HIST_GRADIENT_BOOSTING,0.5,4,33,1.3809002728179114,1.4548174471459214,-5.352824949275459
12min,12,temperature,120,HIST_GRADIENT_BOOSTING,0.75,1,34,0.9928236248842272,1.0693680400306218,-7.709769714164535
12min,12,temperature,120,HIST_GRADIENT_BOOSTING,0.75,2,34,0.8309064911780842,0.916492984249126,-10.30037603265015
12min,12,temperature,120,HIST_GRADIENT_BOOSTING,0.75,3,34,1.182282449764148,1.1272004646251899,4.658953124944581
12min,12,temperature,120,HIST_GRADIENT_BOOSTING,0.75,4,33,1.3809002728179114,1.5029693991102124,-8.839822012867206
12min,12,temperature,120,HIST_GRADIENT_BOOSTING,1.0,1,34,0.9928236248842272,1.1151465838951478,-12.320713966207709
12min,12,temperature,120,HIST_GRADIENT_BOOSTING,1.0,2,34,0.8309064911780842,0.9671867479775209,-16.401395132467243
12min,12,temperature,120,HIST_GRADIENT_BOOSTING,1.0,3,34,1.182282449764148,1.1268047672748407,4.692422060428492
12min,12,temperature,120,HIST_GRADIENT_BOOSTING,1.0,4,33,1.3809002728179114,1.5576968953812576,-12.802997149285012
12min,12,temperature,240,HIST_GRADIENT_BOOSTING,0.25,1,34,0.8221811161430995,0.8508317724841712,-3.484713499073489
12min,12,temperature,240,HIST_GRADIENT_BOOSTING,0.25,2,34,1.2548950632784166,1.202523230199497,4.173403387379501
12min,12,temperature,240,HIST_GRADIENT_BOOSTING,0.25,3,34,1.5593132231929732,1.5315331246489503,1.7815598643573438
12min,12,temperature,240,HIST_GRADIENT_BOOSTING,0.25,4,33,1.2562507252578228,1.3771085524159823,-9.62051800076419
12min,12,temperature,240,HIST_GRADIENT_BOOSTING,0.5,1,34,0.8221811161430995,0.925847062605603,-12.608650871088672
12min,12,temperature,240,HIST_GRADIENT_BOOSTING,0.5,2,34,1.2548950632784166,1.173349661836189,6.498184894375956
12min,12,temperature,240,HIST_GRADIENT_BOOSTING,0.5,3,34,1.5593132231929732,1.5161744807299233,2.76652194193002
12min,12,temperature,240,HIST_GRADIENT_BOOSTING,0.5,4,33,1.2562507252578228,1.5270006650025811,-21.55222156701178
12min,12,temperature,240,HIST_GRADIENT_BOOSTING,0.75,1,34,0.8221811161430995,1.0372155140292274,-26.154139722263025
12min,12,temperature,240,HIST_GRADIENT_BOOSTING,0.75,2,34,1.2548950632784166,1.1691122910676883,6.835852233462498
12min,12,temperature,240,HIST_GRADIENT_BOOSTING,0.75,3,34,1.5593132231929732,1.5136154598785931,2.930633989033048
12min,12,temperature,240,HIST_GRADIENT_BOOSTING,0.75,4,33,1.2562507252578228,1.6982564830007425,-35.18451761707091
12min,12,temperature,240,HIST_GRADIENT_BOOSTING,1.0,1,34,0.8221811161430995,1.1746422530673026,-42.86903822087513
12min,12,temperature,240,HIST_GRADIENT_BOOSTING,1.0,2,34,1.2548950632784166,1.1900775099768734,5.1651771688548305
12min,12,temperature,240,HIST_GRADIENT_BOOSTING,1.0,3,34,1.5593132231929732,1.5239205441877457,2.269760717654572
12min,12,temperature,240,HIST_GRADIENT_BOOSTING,1.0,4,33,1.2562507252578228,1.8850623646299929,-50.054628962949884
12min,12,temperature,480,HIST_GRADIENT_BOOSTING,0.25,1,34,0.8758615243337595,0.833624345339464,4.822358080682226
12min,12,temperature,480,HIST_GRADIENT_BOOSTING,0.25,2,34,1.8661474471670134,1.7707645972327446,5.111217234150973
12min,12,temperature,480,HIST_GRADIENT_BOOSTING,0.25,3,34,1.8044694913807064,1.7516083327602003,2.9294570439126075
12min,12,temperature,480,HIST_GRADIENT_BOOSTING,0.25,4,33,1.3109040115183792,1.475747738358355,-12.57481290709016
12min,12,temperature,480,HIST_GRADIENT_BOOSTING,0.5,1,34,0.8758615243337595,0.8836502108840053,-0.8892600409831215
12min,12,temperature,480,HIST_GRADIENT_BOOSTING,0.5,2,34,1.8661474471670134,1.7021610269805374,8.787431048678537
12min,12,temperature,480,HIST_GRADIENT_BOOSTING,0.5,3,34,1.8044694913807064,1.7216653899121515,4.588833552691249
12min,12,temperature,480,HIST_GRADIENT_BOOSTING,0.5,4,33,1.3109040115183792,1.6607205541349852,-26.685137854710234
12min,12,temperature,480,HIST_GRADIENT_BOOSTING,0.75,1,34,0.8758615243337595,1.0123526302461754,-15.583639892874663
12min,12,temperature,480,HIST_GRADIENT_BOOSTING,0.75,2,34,1.8661474471670134,1.6636529095468628,10.850939882995647
12min,12,temperature,480,HIST_GRADIENT_BOOSTING,0.75,3,34,1.8044694913807064,1.7158409120903138,4.911614173237017
12min,12,temperature,480,HIST_GRADIENT_BOOSTING,0.75,4,33,1.3109040115183792,1.8598261860681526,-41.87355975163841
12min,12,temperature,480,HIST_GRADIENT_BOOSTING,1.0,1,34,0.8758615243337595,1.1945668702319079,-36.38764085916179
12min,12,temperature,480,HIST_GRADIENT_BOOSTING,1.0,2,34,1.8661474471670134,1.6573393689373817,11.189259377474272
12min,12,temperature,480,HIST_GRADIENT_BOOSTING,1.0,3,34,1.8044694913807064,1.734377903958548,3.8843320852450187
12min,12,temperature,480,HIST_GRADIENT_BOOSTING,1.0,4,33,1.3109040115183792,2.0689885059238478,-57.82913834609469
12min,12,temperature,60,EXTRA_TREES,0.25,1,34,0.7362801710928129,0.7484788508126635,-1.656798620794712
12min,12,temperature,60,EXTRA_TREES,0.25,2,34,0.652639166596397,0.6631374217655528,-1.6085849128402234
12min,12,temperature,60,EXTRA_TREES,0.25,3,34,0.8813800183630139,0.8721226790990246,1.0503232511650253
12min,12,temperature,60,EXTRA_TREES,0.25,4,33,0.840362203821248,0.8382264349412524,0.2541486123821396
12min,12,temperature,60,EXTRA_TREES,0.5,1,34,0.7362801710928129,0.7638103412493606,-3.739088900857747
12min,12,temperature,60,EXTRA_TREES,0.5,2,34,0.652639166596397,0.6779518465190786,-3.878510702122079
12min,12,temperature,60,EXTRA_TREES,0.5,3,34,0.8813800183630139,0.8691248347783014,1.390453984590449
12min,12,temperature,60,EXTRA_TREES,0.5,4,33,0.840362203821248,0.838481242354747,0.22382747081533075
12min,12,temperature,60,EXTRA_TREES,0.75,1,34,0.7362801710928129,0.7820904245682327,-6.221850767409193
12min,12,temperature,60,EXTRA_TREES,0.75,2,34,0.652639166596397,0.6968072042781501,-6.767604511401843
12min,12,temperature,60,EXTRA_TREES,0.75,3,34,0.8813800183630139,0.8724510128701997,1.013071014407396
12min,12,temperature,60,EXTRA_TREES,0.75,4,33,0.840362203821248,0.8411244534851052,-0.09070489610207658
12min,12,temperature,60,EXTRA_TREES,1.0,1,34,0.7362801710928129,0.803117783715071,-9.077741768198845
12min,12,temperature,60,EXTRA_TREES,1.0,2,34,0.652639166596397,0.7193858223177421,-10.227191247107964
12min,12,temperature,60,EXTRA_TREES,1.0,3,34,0.8813800183630139,0.8820296716598256,-0.07370864817405992
12min,12,temperature,60,EXTRA_TREES,1.0,4,33,0.840362203821248,0.8461336854445016,-0.6867850073468111
12min,12,temperature,120,EXTRA_TREES,0.25,1,34,0.9928236248842272,1.0124672091264348,-1.9785572935473128
12min,12,temperature,120,EXTRA_TREES,0.25,2,34,0.8309064911780842,0.8402818912736468,-1.1283339575636082
12min,12,temperature,120,EXTRA_TREES,0.25,3,34,1.182282449764148,1.2052603644936977,-1.9435215953796423
12min,12,temperature,120,EXTRA_TREES,0.25,4,33,1.3809002728179114,1.3815177425370357,-0.0447150117411682
12min,12,temperature,120,EXTRA_TREES,0.5,1,34,0.9928236248842272,1.0346744654857305,-4.215334884520255
12min,12,temperature,120,EXTRA_TREES,0.5,2,34,0.8309064911780842,0.8518511951813695,-2.520705305068596
12min,12,temperature,120,EXTRA_TREES,0.5,3,34,1.182282449764148,1.2352123077076793,-4.476921564224373
12min,12,temperature,120,EXTRA_TREES,0.5,4,33,1.3809002728179114,1.3838084874394432,-0.21060279867981996
12min,12,temperature,120,EXTRA_TREES,0.75,1,34,0.9928236248842272,1.059284168693173,-6.694093708406253
12min,12,temperature,120,EXTRA_TREES,0.75,2,34,0.8309064911780842,0.8655264310640138,-4.166526589152578
12min,12,temperature,120,EXTRA_TREES,0.75,3,34,1.182282449764148,1.271645582581665,-7.558526546287141
12min,12,temperature,120,EXTRA_TREES,0.75,4,33,1.3809002728179114,1.387764221459473,-0.49706331272965765
12min,12,temperature,120,EXTRA_TREES,1.0,1,34,0.9928236248842272,1.08613302643078,-9.398386501674318
12min,12,temperature,120,EXTRA_TREES,1.0,2,34,0.8309064911780842,0.8812095603304931,-6.053998817735518
12min,12,temperature,120,EXTRA_TREES,1.0,3,34,1.182282449764148,1.3140211847532282,-11.142746389863147
12min,12,temperature,120,EXTRA_TREES,1.0,4,33,1.3809002728179114,1.3933707641203623,-0.90306965303173
12min,12,temperature,240,EXTRA_TREES,0.25,1,34,0.8221811161430995,0.8853946125657008,-7.6885123218518565
12min,12,temperature,240,EXTRA_TREES,0.25,2,34,1.2548950632784166,1.2343543467816622,1.63684734268471
12min,12,temperature,240,EXTRA_TREES,0.25,3,34,1.5593132231929732,1.559227296447761,0.005510550666420233
12min,12,temperature,240,EXTRA_TREES,0.25,4,33,1.2562507252578228,1.3489944202429678,-7.382578423277013
12min,12,temperature,240,EXTRA_TREES,0.5,1,34,0.8221811161430995,0.980023026515756,-19.19794887932993
12min,12,temperature,240,EXTRA_TREES,0.5,2,34,1.2548950632784166,1.2235484336344364,2.49794827960252
12min,12,temperature,240,EXTRA_TREES,0.5,3,34,1.5593132231929732,1.5685935984396289,-0.5951578623602302
12min,12,temperature,240,EXTRA_TREES,0.5,4,33,1.2562507252578228,1.4690635358095494,-16.940313448022142
12min,12,temperature,240,EXTRA_TREES,0.75,1,34,0.8221811161430995,1.0979737361906772,-33.54402267730707
12min,12,temperature,240,EXTRA_TREES,0.75,2,34,1.2548950632784166,1.222735444784373,2.5627336846816897
12min,12,temperature,240,EXTRA_TREES,0.75,3,34,1.5593132231929732,1.5872448057115904,-1.791274652402572
12min,12,temperature,240,EXTRA_TREES,0.75,4,33,1.2562507252578228,1.6103574335862787,-28.18758239966643
12min,12,temperature,240,EXTRA_TREES,1.0,1,34,0.8221811161430995,1.2325693483737976,-49.91457772173772
12min,12,temperature,240,EXTRA_TREES,1.0,2,34,1.2548950632784166,1.2319351642302654,1.8296270118529605
12min,12,temperature,240,EXTRA_TREES,1.0,3,34,1.5593132231929732,1.61485923552665,-3.5622100491097246
12min,12,temperature,240,EXTRA_TREES,1.0,4,33,1.2562507252578228,1.7677941398337806,-40.71985028872105
12min,12,temperature,480,EXTRA_TREES,0.25,1,34,0.8758615243337595,0.9249049132993966,-5.599445529125494
12min,12,temperature,480,EXTRA_TREES,0.25,2,34,1.8661474471670134,1.8057192427230833,3.2381259334928667
12min,12,temperature,480,EXTRA_TREES,0.25,3,34,1.8044694913807064,1.7482483699083735,3.1156592971441612
12min,12,temperature,480,EXTRA_TREES,0.25,4,33,1.3109040115183792,1.5789824163977975,-20.449888208741644
12min,12,temperature,480,EXTRA_TREES,0.5,1,34,0.8758615243337595,1.0429453188060511,-19.07650808150147
12min,12,temperature,480,EXTRA_TREES,0.5,2,34,1.8661474471670134,1.775960379544314,4.832794308917652
12min,12,temperature,480,EXTRA_TREES,0.5,3,34,1.8044694913807064,1.7113432720016395,5.160864166664883
12min,12,temperature,480,EXTRA_TREES,0.5,4,33,1.3109040115183792,1.873642994404191,-42.927550601817806
12min,12,temperature,480,EXTRA_TREES,0.75,1,34,0.8758615243337595,1.2099549280574586,-38.14454619157218
12min,12,temperature,480,EXTRA_TREES,0.75,2,34,1.8661474471670134,1.7784111316228979,4.70146749000501
12min,12,temperature,480,EXTRA_TREES,0.75,3,34,1.8044694913807064,1.6950163540620236,6.065668488245474
12min,12,temperature,480,EXTRA_TREES,0.75,4,33,1.3109040115183792,2.1841536404233115,-66.61430747270919
12min,12,temperature,480,EXTRA_TREES,1.0,1,34,0.8758615243337595,1.4086224009217607,-60.827067040449776
12min,12,temperature,480,EXTRA_TREES,1.0,2,34,1.8661474471670134,1.8129408797993336,2.851144878634985
12min,12,temperature,480,EXTRA_TREES,1.0,3,34,1.8044694913807064,1.699860670944712,5.797206377590353
12min,12,temperature,480,EXTRA_TREES,1.0,4,33,1.3109040115183792,2.504626246524005,-91.06099489488741
12min,12,temperature,60,XGBOOST,0.25,1,34,0.7362801710928129,0.7604883299875209,-3.287900427737646
12min,12,temperature,60,XGBOOST,0.25,2,34,0.652639166596397,0.6416235050420673,1.6878640017542677
12min,12,temperature,60,XGBOOST,0.25,3,34,0.8813800183630139,0.8638345040152373,1.9906866484633823
12min,12,temperature,60,XGBOOST,0.25,4,33,0.840362203821248,0.7938054075314647,5.540086890876685
12min,12,temperature,60,XGBOOST,0.5,1,34,0.7362801710928129,0.7901940806038587,-7.322472019180536
12min,12,temperature,60,XGBOOST,0.5,2,34,0.652639166596397,0.6345688990689005,2.768799123983847
12min,12,temperature,60,XGBOOST,0.5,3,34,0.8813800183630139,0.8504128911605964,3.513481875835213
12min,12,temperature,60,XGBOOST,0.5,4,33,0.840362203821248,0.7580648661717615,9.793079374020952
12min,12,temperature,60,XGBOOST,0.75,1,34,0.7362801710928129,0.8248036404302355,-12.023068502039512
12min,12,temperature,60,XGBOOST,0.75,2,34,0.652639166596397,0.631608089011521,3.2224663583333424
12min,12,temperature,60,XGBOOST,0.75,3,34,0.8813800183630139,0.8413125710128229,4.545989983368162
12min,12,temperature,60,XGBOOST,0.75,4,33,0.840362203821248,0.7347207513775237,12.570942858133964
12min,12,temperature,60,XGBOOST,1.0,1,34,0.7362801710928129,0.8637277237555728,-17.309654349864925
12min,12,temperature,60,XGBOOST,1.0,2,34,0.652639166596397,0.6327985410383584,3.040060507172769
12min,12,temperature,60,XGBOOST,1.0,3,34,0.8813800183630139,0.8366745606288605,5.0722113960768995
12min,12,temperature,60,XGBOOST,1.0,4,33,0.840362203821248,0.7249715501786406,13.731061810955982
12min,12,temperature,120,XGBOOST,0.25,1,34,0.9928236248842272,1.0091102773806255,-1.6404376455382557
12min,12,temperature,120,XGBOOST,0.25,2,34,0.8309064911780842,0.8545639205197324,-2.8471831178146108
12min,12,temperature,120,XGBOOST,0.25,3,34,1.182282449764148,1.1445776110649948,3.189156593390597
12min,12,temperature,120,XGBOOST,0.25,4,33,1.3809002728179114,1.3842086988102762,-0.23958471567345846
12min,12,temperature,120,XGBOOST,0.5,1,34,0.9928236248842272,1.0311013714923771,-3.8554427643292164
12min,12,temperature,120,XGBOOST,0.5,2,34,0.8309064911780842,0.882017175866008,-6.151195739902997
12min,12,temperature,120,XGBOOST,0.5,3,34,1.182282449764148,1.1126611871977208,5.888716573633979
12min,12,temperature,120,XGBOOST,0.5,4,33,1.3809002728179114,1.393116156145208,-0.8846318280731718
12min,12,temperature,120,XGBOOST,0.75,1,34,0.9928236248842272,1.0584414056824454,-6.609208237351312
12min,12,temperature,120,XGBOOST,0.75,2,34,0.8309064911780842,0.9129238795691866,-9.870832549979923
12min,12,temperature,120,XGBOOST,0.75,3,34,1.182282449764148,1.087043154734571,8.055545022137158
12min,12,temperature,120,XGBOOST,0.75,4,33,1.3809002728179114,1.4075163485447928,-1.9274437300651515
12min,12,temperature,120,XGBOOST,1.0,1,34,0.9928236248842272,1.0907282268392577,-9.861228067215585
12min,12,temperature,120,XGBOOST,1.0,2,34,0.8309064911780842,0.9469459479553595,-13.965405013595573
12min,12,temperature,120,XGBOOST,1.0,3,34,1.182282449764148,1.0681767719007895,9.65130438044828
12min,12,temperature,120,XGBOOST,1.0,4,33,1.3809002728179114,1.4272430285645958,-3.3559813593284233
12min,12,temperature,240,XGBOOST,0.25,1,34,0.8221811161430995,0.9853295336159867,-19.84336714496997
12min,12,temperature,240,XGBOOST,0.25,2,34,1.2548950632784166,1.2361452924030867,1.4941305790418917
12min,12,temperature,240,XGBOOST,0.25,3,34,1.5593132231929732,1.5681419859942576,-0.5661955962385764
12min,12,temperature,240,XGBOOST,0.25,4,33,1.2562507252578228,1.3754443740329607,-9.488046166156488
12min,12,temperature,240,XGBOOST,0.5,1,34,0.8221811161430995,1.2184425781276775,-48.19637111631366
12min,12,temperature,240,XGBOOST,0.5,2,34,1.2548950632784166,1.2316750816413558,1.850352457073071
12min,12,temperature,240,XGBOOST,0.5,3,34,1.5593132231929732,1.609217783601061,-3.2004192400741243
12min,12,temperature,240,XGBOOST,0.5,4,33,1.2562507252578228,1.558656487760777,-24.072086600458743
12min,12,temperature,240,XGBOOST,0.75,1,34,0.8221811161430995,1.489015066034553,-81.10548111584113
12min,12,temperature,240,XGBOOST,0.75,2,34,1.2548950632784166,1.241638670571404,1.0563746001502516
12min,12,temperature,240,XGBOOST,0.75,3,34,1.5593132231929732,1.680177219368287,-7.751104420689966
12min,12,temperature,240,XGBOOST,0.75,4,33,1.2562507252578228,1.7862962651952001,-42.19265543736065
12min,12,temperature,240,XGBOOST,1.0,1,34,0.8221811161430995,1.780046331381935,-116.50294520655476
12min,12,temperature,240,XGBOOST,1.0,2,34,1.2548950632784166,1.2656952352349917,-0.8606434332731889
12min,12,temperature,240,XGBOOST,1.0,3,34,1.5593132231929732,1.7774448313567224,-13.988953913767606
12min,12,temperature,240,XGBOOST,1.0,4,33,1.2562507252578228,2.0435704359511564,-62.67217959470236
12min,12,temperature,480,XGBOOST,0.25,1,34,0.8758615243337595,0.9020182834463537,-2.986403487981826
12min,12,temperature,480,XGBOOST,0.25,2,34,1.8661474471670134,1.8048334393401468,3.2855928892407182
12min,12,temperature,480,XGBOOST,0.25,3,34,1.8044694913807064,1.7184542567275911,4.766787970867825
12min,12,temperature,480,XGBOOST,0.25,4,33,1.3109040115183792,1.6538106153924657,-26.15802536731186
12min,12,temperature,480,XGBOOST,0.5,1,34,0.8758615243337595,1.0698749535963374,-22.151153335586677
12min,12,temperature,480,XGBOOST,0.5,2,34,1.8661474471670134,1.7866170033914983,4.261744906397925
12min,12,temperature,480,XGBOOST,0.5,3,34,1.8044694913807064,1.661488753215462,7.923699394653735
12min,12,temperature,480,XGBOOST,0.5,4,33,1.3109040115183792,2.0448512839597344,-55.98787294816856
12min,12,temperature,480,XGBOOST,0.75,1,34,0.8758615243337595,1.3266950319466915,-51.47314901814724
12min,12,temperature,480,XGBOOST,0.75,2,34,1.8661474471670134,1.8127978413793586,2.8588097831521564
12min,12,temperature,480,XGBOOST,0.75,3,34,1.8044694913807064,1.6366092017071832,9.302473135474486
12min,12,temperature,480,XGBOOST,0.75,4,33,1.3109040115183792,2.4611889389471684,-87.7474565125825
12min,12,temperature,480,XGBOOST,1.0,1,34,0.8758615243337595,1.630980949627956,-86.2144761831606
12min,12,temperature,480,XGBOOST,1.0,2,34,1.8661474471670134,1.8815235407686293,-0.8239484840792295
12min,12,temperature,480,XGBOOST,1.0,3,34,1.8044694913807064,1.6452718433798825,8.822407292628283
12min,12,temperature,480,XGBOOST,1.0,4,33,1.3109040115183792,2.891918430840874,-120.60489596726882
12min,12,temperature,60,RANDOM_FOREST,0.25,1,34,0.7362801710928129,0.7423423769999811,-0.8233558562592387
12min,12,temperature,60,RANDOM_FOREST,0.25,2,34,0.652639166596397,0.668863749533066,-2.485995902036112
12min,12,temperature,60,RANDOM_FOREST,0.25,3,34,0.8813800183630139,0.8603745297343574,2.3832499252331654
12min,12,temperature,60,RANDOM_FOREST,0.25,4,33,0.840362203821248,0.832299602604014,0.9594197812053186
12min,12,temperature,60,RANDOM_FOREST,0.5,1,34,0.7362801710928129,0.7528393731675977,-2.249035452116977
12min,12,temperature,60,RANDOM_FOREST,0.5,2,34,0.652639166596397,0.6884513080948531,-5.487280465440248
12min,12,temperature,60,RANDOM_FOREST,0.5,3,34,0.8813800183630139,0.8427313837236476,4.385013709653681
12min,12,temperature,60,RANDOM_FOREST,0.5,4,33,0.840362203821248,0.8278903319998543,1.4841067059753943
12min,12,temperature,60,RANDOM_FOREST,0.75,1,34,0.7362801710928129,0.7675892401855694,-4.252330881909604
12min,12,temperature,60,RANDOM_FOREST,0.75,2,34,0.652639166596397,0.7111240020628528,-8.961281893555705
12min,12,temperature,60,RANDOM_FOREST,0.75,3,34,0.8813800183630139,0.8286653714624841,5.980921487014955
12min,12,temperature,60,RANDOM_FOREST,0.75,4,33,0.840362203821248,0.8271928152392232,1.567108625559523
12min,12,temperature,60,RANDOM_FOREST,1.0,1,34,0.7362801710928129,0.7863526971161333,-6.800743519820868
12min,12,temperature,60,RANDOM_FOREST,1.0,2,34,0.652639166596397,0.7365970021093978,-12.864357490349914
12min,12,temperature,60,RANDOM_FOREST,1.0,3,34,0.8813800183630139,0.8183609653816993,7.150043303495786
12min,12,temperature,60,RANDOM_FOREST,1.0,4,33,0.840362203821248,0.8302164078049105,1.207312272042125
12min,12,temperature,120,RANDOM_FOREST,0.25,1,34,0.9928236248842272,1.0022359319721659,-0.9480341575308794
12min,12,temperature,120,RANDOM_FOREST,0.25,2,34,0.8309064911780842,0.850756324264166,-2.3889370581204754
12min,12,temperature,120,RANDOM_FOREST,0.25,3,34,1.182282449764148,1.185798381512666,-0.29738509179591066
12min,12,temperature,120,RANDOM_FOREST,0.25,4,33,1.3809002728179114,1.3844241937419344,-0.25519010991517527
12min,12,temperature,120,RANDOM_FOREST,0.5,1,34,0.9928236248842272,1.0156250853815159,-2.296627510243582
12min,12,temperature,120,RANDOM_FOREST,0.5,2,34,0.8309064911780842,0.8727903625220418,-5.040744270101119
12min,12,temperature,120,RANDOM_FOREST,0.5,3,34,1.182282449764148,1.1930912055533303,-0.9142278811073025
12min,12,temperature,120,RANDOM_FOREST,0.5,4,33,1.3809002728179114,1.3906730596654706,-0.7077112692299311
12min,12,temperature,120,RANDOM_FOREST,0.75,1,34,0.9928236248842272,1.0328364353994024,-4.0302033022069885
12min,12,temperature,120,RANDOM_FOREST,0.75,2,34,0.8309064911780842,0.8968476336532989,-7.936048541601994
12min,12,temperature,120,RANDOM_FOREST,0.75,3,34,1.182282449764148,1.2040922973477741,-1.8447239564434843
12min,12,temperature,120,RANDOM_FOREST,0.75,4,33,1.3809002728179114,1.399610372729687,-1.354920429814607
12min,12,temperature,120,RANDOM_FOREST,1.0,1,34,0.9928236248842272,1.0536826979850782,-6.129897755802073
12min,12,temperature,120,RANDOM_FOREST,1.0,2,34,0.8309064911780842,0.9227699098420853,-11.055807078093029
12min,12,temperature,120,RANDOM_FOREST,1.0,3,34,1.182282449764148,1.2187012385686162,-3.080379719053885
12min,12,temperature,120,RANDOM_FOREST,1.0,4,33,1.3809002728179114,1.4111850544622544,-2.1931186661686195
12min,12,temperature,240,RANDOM_FOREST,0.25,1,34,0.8221811161430995,0.8968741406324844,-9.08474094367118
12min,12,temperature,240,RANDOM_FOREST,0.25,2,34,1.2548950632784166,1.2688219857442804,-1.1098077340012542
12min,12,temperature,240,RANDOM_FOREST,0.25,3,34,1.5593132231929732,1.5562304987162365,0.1976975780673623
12min,12,temperature,240,RANDOM_FOREST,0.25,4,33,1.2562507252578228,1.3592487149066153,-8.198840213815917
12min,12,temperature,240,RANDOM_FOREST,0.5,1,34,0.8221811161430995,1.0012378537912368,-21.778259574739813
12min,12,temperature,240,RANDOM_FOREST,0.5,2,34,1.2548950632784166,1.2947797549772302,-3.178328839274794
12min,12,temperature,240,RANDOM_FOREST,0.5,3,34,1.5593132231929732,1.5630158404207406,-0.23745179433453806
12min,12,temperature,240,RANDOM_FOREST,0.5,4,33,1.2562507252578228,1.4980725337836744,-19.249486082980933
12min,12,temperature,240,RANDOM_FOREST,0.75,1,34,0.8221811161430995,1.1270598187008478,-37.081696060832975
12min,12,temperature,240,RANDOM_FOREST,0.75,2,34,1.2548950632784166,1.332065226260732,-6.149531163243892
12min,12,temperature,240,RANDOM_FOREST,0.75,3,34,1.5593132231929732,1.579542080743392,-1.2972927600137065
12min,12,temperature,240,RANDOM_FOREST,0.75,4,33,1.2562507252578228,1.6637784189056144,-32.43999668650173
12min,12,temperature,240,RANDOM_FOREST,1.0,1,34,0.8221811161430995,1.2679680632144386,-54.22004207084591
12min,12,temperature,240,RANDOM_FOREST,1.0,2,34,1.2548950632784166,1.3797603744312035,-9.950259173589856
12min,12,temperature,240,RANDOM_FOREST,1.0,3,34,1.5593132231929732,1.6055084451455286,-2.9625364080452314
12min,12,temperature,240,RANDOM_FOREST,1.0,4,33,1.2562507252578228,1.849153590481971,-47.19622073073555
12min,12,temperature,480,RANDOM_FOREST,0.25,1,34,0.8758615243337595,0.919707299331386,-5.0060167936910505
12min,12,temperature,480,RANDOM_FOREST,0.25,2,34,1.8661474471670134,1.8396698593218779,1.4188368601490198
12min,12,temperature,480,RANDOM_FOREST,0.25,3,34,1.8044694913807064,1.76675155319994,2.090250811162575
12min,12,temperature,480,RANDOM_FOREST,0.25,4,33,1.3109040115183792,1.625169489199598,-23.973187580470892
12min,12,temperature,480,RANDOM_FOREST,0.5,1,34,0.8758615243337595,1.0580681349869419,-20.803129900218096
12min,12,temperature,480,RANDOM_FOREST,0.5,2,34,1.8661474471670134,1.847525392345999,0.9978876454421828
12min,12,temperature,480,RANDOM_FOREST,0.5,3,34,1.8044694913807064,1.752787884499433,2.864088704637998
12min,12,temperature,480,RANDOM_FOREST,0.5,4,33,1.3109040115183792,1.9773251742661846,-50.836762790580714
12min,12,temperature,480,RANDOM_FOREST,0.75,1,34,0.8758615243337595,1.2601878412769245,-43.879803629404776
12min,12,temperature,480,RANDOM_FOREST,0.75,2,34,1.8661474471670134,1.8892858298218258,-1.2399010962364532
12min,12,temperature,480,RANDOM_FOREST,0.75,3,34,1.8044694913807064,1.7631429599622745,2.290231650678146
12min,12,temperature,480,RANDOM_FOREST,0.75,4,33,1.3109040115183792,2.350401296778813,-79.29621666626959
12min,12,temperature,480,RANDOM_FOREST,1.0,1,34,0.8758615243337595,1.500518966066669,-71.3192010812516
12min,12,temperature,480,RANDOM_FOREST,1.0,2,34,1.8661474471670134,1.9627882732236548,-5.178627562540742
12min,12,temperature,480,RANDOM_FOREST,1.0,3,34,1.8044694913807064,1.7973965167385864,0.3919697548728373
12min,12,temperature,480,RANDOM_FOREST,1.0,4,33,1.3109040115183792,2.73585271934793,-108.6996984759454
12min,12,relative_humidity,60,HIST_GRADIENT_BOOSTING,0.25,1,34,2.0845031668608405,2.1716335975153647,-4.17991356596202
12min,12,relative_humidity,60,HIST_GRADIENT_BOOSTING,0.25,2,34,1.871735209740588,1.8997444309680978,-1.4964307494857534
12min,12,relative_humidity,60,HIST_GRADIENT_BOOSTING,0.25,3,34,2.4058402688518887,2.4063736828091176,-0.02217162810577567
12min,12,relative_humidity,60,HIST_GRADIENT_BOOSTING,0.25,4,33,2.6995164434229966,2.7938380934626523,-3.4940202075618982
12min,12,relative_humidity,60,HIST_GRADIENT_BOOSTING,0.5,1,34,2.0845031668608405,2.2882734668893585,-9.775485269968964
12min,12,relative_humidity,60,HIST_GRADIENT_BOOSTING,0.5,2,34,1.871735209740588,1.970468637566663,-5.274967704420054
12min,12,relative_humidity,60,HIST_GRADIENT_BOOSTING,0.5,3,34,2.4058402688518887,2.4361205556518435,-1.2586158437860493
12min,12,relative_humidity,60,HIST_GRADIENT_BOOSTING,0.5,4,33,2.6995164434229966,2.920042501144374,-8.169094811726712
12min,12,relative_humidity,60,HIST_GRADIENT_BOOSTING,0.75,1,34,2.0845031668608405,2.4301774389722803,-16.58305334368997
12min,12,relative_humidity,60,HIST_GRADIENT_BOOSTING,0.75,2,34,1.871735209740588,2.079554265053258,-11.103015759449892
12min,12,relative_humidity,60,HIST_GRADIENT_BOOSTING,0.75,3,34,2.4058402688518887,2.494035801725531,-3.6658931191525395
12min,12,relative_humidity,60,HIST_GRADIENT_BOOSTING,0.75,4,33,2.6995164434229966,3.0742055520622777,-13.879860208007255
12min,12,relative_humidity,60,HIST_GRADIENT_BOOSTING,1.0,1,34,2.0845031668608405,2.5932013532924034,-24.403809719206972
12min,12,relative_humidity,60,HIST_GRADIENT_BOOSTING,1.0,2,34,1.871735209740588,2.221356966360074,-18.67901799357301
12min,12,relative_humidity,60,HIST_GRADIENT_BOOSTING,1.0,3,34,2.4058402688518887,2.5782218595718494,-7.165130326886759
12min,12,relative_humidity,60,HIST_GRADIENT_BOOSTING,1.0,4,33,2.6995164434229966,3.2523539161668973,-20.479129663789003
12min,12,relative_humidity,120,HIST_GRADIENT_BOOSTING,0.25,1,34,2.67567971012708,2.802571336560409,-4.74240717052424
12min,12,relative_humidity,120,HIST_GRADIENT_BOOSTING,0.25,2,34,2.1535010904626013,2.0788994953319815,3.464200480836273
12min,12,relative_humidity,120,HIST_GRADIENT_BOOSTING,0.25,3,34,3.5156850514861806,3.5223319826197392,-0.18906503387579565
12min,12,relative_humidity,120,HIST_GRADIENT_BOOSTING,0.25,4,33,4.140507488721236,4.345374316738011,-4.9478675880875125
12min,12,relative_humidity,120,HIST_GRADIENT_BOOSTING,0.5,1,34,2.67567971012708,2.986809056431861,-11.628048944991408
12min,12,relative_humidity,120,HIST_GRADIENT_BOOSTING,0.5,2,34,2.1535010904626013,2.0728107222862726,3.746938812043754
12min,12,relative_humidity,120,HIST_GRADIENT_BOOSTING,0.5,3,34,3.5156850514861806,3.57717981164456,-1.749154411097886
12min,12,relative_humidity,120,HIST_GRADIENT_BOOSTING,0.5,4,33,4.140507488721236,4.595315832037643,-10.984362292673218
12min,12,relative_humidity,120,HIST_GRADIENT_BOOSTING,0.75,1,34,2.67567971012708,3.2185600259131317,-20.28943575463552
12min,12,relative_humidity,120,HIST_GRADIENT_BOOSTING,0.75,2,34,2.1535010904626013,2.135820798387286,0.821002234622386
12min,12,relative_humidity,120,HIST_GRADIENT_BOOSTING,0.75,3,34,3.5156850514861806,3.678072838919581,-4.618951500355659
12min,12,relative_humidity,120,HIST_GRADIENT_BOOSTING,0.75,4,33,4.140507488721236,4.88341593507916,-17.942449044751406
12min,12,relative_humidity,120,HIST_GRADIENT_BOOSTING,1.0,1,34,2.67567971012708,3.4883673830285735,-30.373129856521405
12min,12,relative_humidity,120,HIST_GRADIENT_BOOSTING,1.0,2,34,2.1535010904626013,2.2621630553273278,-5.045828179329336
12min,12,relative_humidity,120,HIST_GRADIENT_BOOSTING,1.0,3,34,3.5156850514861806,3.821365699127406,-8.694767681536357
12min,12,relative_humidity,120,HIST_GRADIENT_BOOSTING,1.0,4,33,4.140507488721236,5.203340153112625,-25.669140009686007
12min,12,relative_humidity,240,HIST_GRADIENT_BOOSTING,0.25,1,34,2.3202044751339383,2.3346939605467667,-0.6244917449351923
12min,12,relative_humidity,240,HIST_GRADIENT_BOOSTING,0.25,2,34,3.1684060611331706,3.2336814641866445,-2.0601968874572965
12min,12,relative_humidity,240,HIST_GRADIENT_BOOSTING,0.25,3,34,5.242159134214634,5.210916100983286,0.5959955131356194
12min,12,relative_humidity,240,HIST_GRADIENT_BOOSTING,0.25,4,33,3.636446313751614,3.8128038045621877,-4.849720732674066
12min,12,relative_humidity,240,HIST_GRADIENT_BOOSTING,0.5,1,34,2.3202044751339383,2.5099911155696746,-8.179737711469608
12min,12,relative_humidity,240,HIST_GRADIENT_BOOSTING,0.5,2,34,3.1684060611331706,3.439725218239475,-8.563269728415683
12min,12,relative_humidity,240,HIST_GRADIENT_BOOSTING,0.5,3,34,5.242159134214634,5.200798402244564,0.7890018389582321
12min,12,relative_humidity,240,HIST_GRADIENT_BOOSTING,0.5,4,33,3.636446313751614,4.234154928139896,-16.436613188210213
12min,12,relative_humidity,240,HIST_GRADIENT_BOOSTING,0.75,1,34,2.3202044751339383,2.8162257258442587,-21.378342125716593
12min,12,relative_humidity,240,HIST_GRADIENT_BOOSTING,0.75,2,34,3.1684060611331706,3.7634875134282564,-18.78172938737078
12min,12,relative_humidity,240,HIST_GRADIENT_BOOSTING,0.75,3,34,5.242159134214634,5.211929068621157,0.5766720318765339
12min,12,relative_humidity,240,HIST_GRADIENT_BOOSTING,0.75,4,33,3.636446313751614,4.836892298058754,-33.01151400936471
12min,12,relative_humidity,240,HIST_GRADIENT_BOOSTING,1.0,1,34,2.3202044751339383,3.216210768189563,-38.61755731696452
12min,12,relative_humidity,240,HIST_GRADIENT_BOOSTING,1.0,2,34,3.1684060611331706,4.177688580068845,-31.854582381865153
12min,12,relative_humidity,240,HIST_GRADIENT_BOOSTING,1.0,3,34,5.242159134214634,5.244172803992318,-0.038412984538011063
12min,12,relative_humidity,240,HIST_GRADIENT_BOOSTING,1.0,4,33,3.636446313751614,5.562360137088401,-52.9614259958613
12min,12,relative_humidity,480,HIST_GRADIENT_BOOSTING,0.25,1,34,2.0905852401842564,2.050499774703192,1.9174279388642055
12min,12,relative_humidity,480,HIST_GRADIENT_BOOSTING,0.25,2,34,4.929808231295573,4.817836444032936,2.2713213579346525
12min,12,relative_humidity,480,HIST_GRADIENT_BOOSTING,0.25,3,34,6.6730426179969164,6.438551147630484,3.5140112807614714
12min,12,relative_humidity,480,HIST_GRADIENT_BOOSTING,0.25,4,33,4.695470806203665,4.937015596632167,-5.14420811879765
12min,12,relative_humidity,480,HIST_GRADIENT_BOOSTING,0.5,1,34,2.0905852401842564,2.2184044602376702,-6.114040106881665
12min,12,relative_humidity,480,HIST_GRADIENT_BOOSTING,0.5,2,34,4.929808231295573,4.751525201070241,3.6164293185594865
12min,12,relative_humidity,480,HIST_GRADIENT_BOOSTING,0.5,3,34,6.6730426179969164,6.226534739552053,6.691218743915257
12min,12,relative_humidity,480,HIST_GRADIENT_BOOSTING,0.5,4,33,4.695470806203665,5.227168296053969,-11.323624654375957
12min,12,relative_humidity,480,HIST_GRADIENT_BOOSTING,0.75,1,34,2.0905852401842564,2.5535962319657943,-22.147434262987996
12min,12,relative_humidity,480,HIST_GRADIENT_BOOSTING,0.75,2,34,4.929808231295573,4.732794143231943,3.9963844194372307
12min,12,relative_humidity,480,HIST_GRADIENT_BOOSTING,0.75,3,34,6.6730426179969164,6.03936087083619,9.49614416445825
12min,12,relative_humidity,480,HIST_GRADIENT_BOOSTING,0.75,4,33,4.695470806203665,5.558321893661639,-18.376242193178452
12min,12,relative_humidity,480,HIST_GRADIENT_BOOSTING,1.0,1,34,2.0905852401842564,3.0005258582755756,-43.525640600577496
12min,12,relative_humidity,480,HIST_GRADIENT_BOOSTING,1.0,2,34,4.929808231295573,4.7622047413847,3.399797356150434
12min,12,relative_humidity,480,HIST_GRADIENT_BOOSTING,1.0,3,34,6.6730426179969164,5.879402646244771,11.893224982734734
12min,12,relative_humidity,480,HIST_GRADIENT_BOOSTING,1.0,4,33,4.695470806203665,5.923604024261662,-26.155699156629517
12min,12,relative_humidity,60,EXTRA_TREES,0.25,1,34,2.0845031668608405,2.1320121175313016,-2.279149843749447
12min,12,relative_humidity,60,EXTRA_TREES,0.25,2,34,1.871735209740588,1.8872713230341363,-0.8300379889579325
12min,12,relative_humidity,60,EXTRA_TREES,0.25,3,34,2.4058402688518887,2.3866583558239536,0.7973061751555564
12min,12,relative_humidity,60,EXTRA_TREES,0.25,4,33,2.6995164434229966,2.704321907346321,-0.17801202637725094
12min,12,relative_humidity,60,EXTRA_TREES,0.5,1,34,2.0845031668608405,2.186641001630808,-4.899864696477401
12min,12,relative_humidity,60,EXTRA_TREES,0.5,2,34,1.871735209740588,1.9092616312127155,-2.004900120318223
12min,12,relative_humidity,60,EXTRA_TREES,0.5,3,34,2.4058402688518887,2.373084843864777,1.3614962477431256
12min,12,relative_humidity,60,EXTRA_TREES,0.5,4,33,2.6995164434229966,2.711939180020276,-0.4601837720805832
12min,12,relative_humidity,60,EXTRA_TREES,0.75,1,34,2.0845031668608405,2.247870782494159,-7.837244779979979
12min,12,relative_humidity,60,EXTRA_TREES,0.75,2,34,1.871735209740588,1.9374863830243296,-3.5128458844803396
12min,12,relative_humidity,60,EXTRA_TREES,0.75,3,34,2.4058402688518887,2.3652162914834167,1.688556713196031
12min,12,relative_humidity,60,EXTRA_TREES,0.75,4,33,2.6995164434229966,2.722344658752553,-0.8456409067325487
12min,12,relative_humidity,60,EXTRA_TREES,1.0,1,34,2.0845031668608405,2.31517779525333,-11.066168286991587
12min,12,relative_humidity,60,EXTRA_TREES,1.0,2,34,1.871735209740588,1.971677856724573,-5.339571883024871
12min,12,relative_humidity,60,EXTRA_TREES,1.0,3,34,2.4058402688518887,2.3631096875468725,1.7761187996661183
12min,12,relative_humidity,60,EXTRA_TREES,1.0,4,33,2.6995164434229966,2.7355065259073603,-1.3332047882889795
12min,12,relative_humidity,120,EXTRA_TREES,0.25,1,34,2.67567971012708,2.7405452693853563,-2.4242647209518045
12min,12,relative_humidity,120,EXTRA_TREES,0.25,2,34,2.1535010904626013,2.1747381298918302,-0.9861633933357767
12min,12,relative_humidity,120,EXTRA_TREES,0.25,3,34,3.5156850514861806,3.5271444613229326,-0.32595097879736856
12min,12,relative_humidity,120,EXTRA_TREES,0.25,4,33,4.140507488721236,4.168194235688165,-0.6686800360184652
12min,12,relative_humidity,120,EXTRA_TREES,0.5,1,34,2.67567971012708,2.8265990326719264,-5.640410620659772
12min,12,relative_humidity,120,EXTRA_TREES,0.5,2,34,2.1535010904626013,2.2064171501525784,-2.4572107218487664
12min,12,relative_humidity,120,EXTRA_TREES,0.5,3,34,3.5156850514861806,3.550547592309061,-0.9916286673103102
12min,12,relative_humidity,120,EXTRA_TREES,0.5,4,33,4.140507488721236,4.203230432605555,-1.514861259282267
12min,12,relative_humidity,120,EXTRA_TREES,0.75,1,34,2.67567971012708,2.9319759659724305,-9.57873451277836
12min,12,relative_humidity,120,EXTRA_TREES,0.75,2,34,2.1535010904626013,2.248096765548503,-4.392645794555015
12min,12,relative_humidity,120,EXTRA_TREES,0.75,3,34,3.5156850514861806,3.58566058682013,-1.9903812289547624
12min,12,relative_humidity,120,EXTRA_TREES,0.75,4,33,4.140507488721236,4.245434125461014,-2.5341491840214947
12min,12,relative_humidity,120,EXTRA_TREES,1.0,1,34,2.67567971012708,3.0546769541417547,-14.164522105550311
12min,12,relative_humidity,120,EXTRA_TREES,1.0,2,34,2.1535010904626013,2.2992331795518393,-6.767216869991588
12min,12,relative_humidity,120,EXTRA_TREES,1.0,3,34,3.5156850514861806,3.6321438527282854,-3.3125493193104534
12min,12,relative_humidity,120,EXTRA_TREES,1.0,4,33,4.140507488721236,4.294594010912604,-3.721440490352942
12min,12,relative_humidity,240,EXTRA_TREES,0.25,1,34,2.3202044751339383,2.280324272491839,1.7188227619376983
12min,12,relative_humidity,240,EXTRA_TREES,0.25,2,34,3.1684060611331706,3.0819326822056494,2.7292391587142157
12min,12,relative_humidity,240,EXTRA_TREES,0.25,3,34,5.242159134214634,5.220323804153398,0.4165331402994064
12min,12,relative_humidity,240,EXTRA_TREES,0.25,4,33,3.636446313751614,3.681479292326928,-1.2383787546929268
12min,12,relative_humidity,240,EXTRA_TREES,0.5,1,34,2.3202044751339383,2.379935339559024,-2.5743793301509648
12min,12,relative_humidity,240,EXTRA_TREES,0.5,2,34,3.1684060611331706,3.0454006168143213,3.882250000331611
12min,12,relative_humidity,240,EXTRA_TREES,0.5,3,34,5.242159134214634,5.224142678459168,0.343683877085614
12min,12,relative_humidity,240,EXTRA_TREES,0.5,4,33,3.636446313751614,3.8436189002348238,-5.6971165970404805
12min,12,relative_humidity,240,EXTRA_TREES,0.75,1,34,2.3202044751339383,2.603073011794141,-12.191534827717005
12min,12,relative_humidity,240,EXTRA_TREES,0.75,2,34,3.1684060611331706,3.06059872344655,3.402573268909342
12min,12,relative_humidity,240,EXTRA_TREES,0.75,3,34,5.242159134214634,5.253559812402795,-0.2174805818799096
12min,12,relative_humidity,240,EXTRA_TREES,0.75,4,33,3.636446313751614,4.109025578410143,-12.995634305707183
12min,12,relative_humidity,240,EXTRA_TREES,1.0,1,34,2.3202044751339383,2.9215696877642228,-25.91862997745358
12min,12,relative_humidity,240,EXTRA_TREES,1.0,2,34,3.1684060611331706,3.1267727683437605,1.314013797035853
12min,12,relative_humidity,240,EXTRA_TREES,1.0,3,34,5.242159134214634,5.308149635512932,-1.2588420078205946
12min,12,relative_humidity,240,EXTRA_TREES,1.0,4,33,3.636446313751614,4.459298671449509,-22.627925361806938
12min,12,relative_humidity,480,EXTRA_TREES,0.25,1,34,2.0905852401842564,2.166791655156659,-3.6452192193649138
12min,12,relative_humidity,480,EXTRA_TREES,0.25,2,34,4.929808231295573,4.876036131769024,1.0907543864524245
12min,12,relative_humidity,480,EXTRA_TREES,0.25,3,34,6.6730426179969164,6.457609863477185,3.228403696069897
12min,12,relative_humidity,480,EXTRA_TREES,0.25,4,33,4.695470806203665,4.993321222877742,-6.3433557350746685
12min,12,relative_humidity,480,EXTRA_TREES,0.5,1,34,2.0905852401842564,2.4286049603718007,-16.16866481644884
12min,12,relative_humidity,480,EXTRA_TREES,0.5,2,34,4.929808231295573,4.872946265998643,1.1534315865667344
12min,12,relative_humidity,480,EXTRA_TREES,0.5,3,34,6.6730426179969164,6.267646267129137,6.075135048207886
12min,12,relative_humidity,480,EXTRA_TREES,0.5,4,33,4.695470806203665,5.333561490739608,-13.58949317058677
12min,12,relative_humidity,480,EXTRA_TREES,0.75,1,34,2.0905852401842564,2.8248813384873754,-35.12394922669601
12min,12,relative_humidity,480,EXTRA_TREES,0.75,2,34,4.929808231295573,4.92063411120242,0.18609486744156775
12min,12,relative_humidity,480,EXTRA_TREES,0.75,3,34,6.6730426179969164,6.105529585919892,8.50456178035587
12min,12,relative_humidity,480,EXTRA_TREES,0.75,4,33,4.695470806203665,5.708617180534061,-21.57709878617124
12min,12,relative_humidity,480,EXTRA_TREES,1.0,1,34,2.0905852401842564,3.307640192921783,-58.21599279205951
12min,12,relative_humidity,480,EXTRA_TREES,1.0,2,34,4.929808231295573,5.017652099675026,-1.7818922006296078
12min,12,relative_humidity,480,EXTRA_TREES,1.0,3,34,6.6730426179969164,5.97352747821032,10.482701517596087
12min,12,relative_humidity,480,EXTRA_TREES,1.0,4,33,4.695470806203665,6.112082513350556,-30.169747946792913
12min,12,relative_humidity,60,XGBOOST,0.25,1,34,2.0845031668608405,2.11894312816817,-1.6521904046418177
12min,12,relative_humidity,60,XGBOOST,0.25,2,34,1.871735209740588,1.8599207842545213,0.6312017546383608
12min,12,relative_humidity,60,XGBOOST,0.25,3,34,2.4058402688518887,2.422155480168652,-0.6781502300046377
12min,12,relative_humidity,60,XGBOOST,0.25,4,33,2.6995164434229966,2.6120630911807097,3.239593241054525
12min,12,relative_humidity,60,XGBOOST,0.5,1,34,2.0845031668608405,2.1654199048949643,-3.881823703630081
12min,12,relative_humidity,60,XGBOOST,0.5,2,34,1.871735209740588,1.9083801049365998,-1.9578033797361039
12min,12,relative_humidity,60,XGBOOST,0.5,3,34,2.4058402688518887,2.4673763844033534,-2.5577805953356503
12min,12,relative_humidity,60,XGBOOST,0.5,4,33,2.6995164434229966,2.5556240625882984,5.3303020689232055
12min,12,relative_humidity,60,XGBOOST,0.75,1,34,2.0845031668608405,2.223178716380104,-6.652690757390506
12min,12,relative_humidity,60,XGBOOST,0.75,2,34,1.871735209740588,2.0127644171711365,-7.534677271476581
12min,12,relative_humidity,60,XGBOOST,0.75,3,34,2.4058402688518887,2.539959557912354,-5.574737890827209
12min,12,relative_humidity,60,XGBOOST,0.75,4,33,2.6995164434229966,2.532273938425013,6.195276394979824
12min,12,relative_humidity,60,XGBOOST,1.0,1,34,2.0845031668608405,2.2913665577034203,-9.923870307863623
12min,12,relative_humidity,60,XGBOOST,1.0,2,34,1.871735209740588,2.1649995949281986,-15.668048752913906
12min,12,relative_humidity,60,XGBOOST,1.0,3,34,2.4058402688518887,2.637647089863977,-9.63517088034738
12min,12,relative_humidity,60,XGBOOST,1.0,4,33,2.6995164434229966,2.5429243878155607,5.800744647766492
12min,12,relative_humidity,120,XGBOOST,0.25,1,34,2.67567971012708,2.771892199868478,-3.595814901807829
12min,12,relative_humidity,120,XGBOOST,0.25,2,34,2.1535010904626013,2.207924872438967,-2.5272233302967497
12min,12,relative_humidity,120,XGBOOST,0.25,3,34,3.5156850514861806,3.5552699996598554,-1.1259526264146176
12min,12,relative_humidity,120,XGBOOST,0.25,4,33,4.140507488721236,4.1484632377497315,-0.19214429753277018
12min,12,relative_humidity,120,XGBOOST,0.5,1,34,2.67567971012708,2.8919884610759072,-8.084254259959755
12min,12,relative_humidity,120,XGBOOST,0.5,2,34,2.1535010904626013,2.2960050137975907,-6.617313730005013
12min,12,relative_humidity,120,XGBOOST,0.5,3,34,3.5156850514861806,3.611010071216203,-2.7114209132506275
12min,12,relative_humidity,120,XGBOOST,0.5,4,33,4.140507488721236,4.1719913752091635,-0.7603871403128598
12min,12,relative_humidity,120,XGBOOST,0.75,1,34,2.67567971012708,3.03313280043904,-13.359337777202905
12min,12,relative_humidity,120,XGBOOST,0.75,2,34,2.1535010904626013,2.4140603326699903,-12.099331797942918
12min,12,relative_humidity,120,XGBOOST,0.75,3,34,3.5156850514861806,3.682171678924513,-4.735538735699708
12min,12,relative_humidity,120,XGBOOST,0.75,4,33,4.140507488721236,4.210830875698121,-1.6984243397324053
12min,12,relative_humidity,120,XGBOOST,1.0,1,34,2.67567971012708,3.1925347838356686,-19.316776658744438
12min,12,relative_humidity,120,XGBOOST,1.0,2,34,2.1535010904626013,2.557943908981555,-18.78071110853601
12min,12,relative_humidity,120,XGBOOST,1.0,3,34,3.5156850514861806,3.7678811534373207,-7.173455479026188
12min,12,relative_humidity,120,XGBOOST,1.0,4,33,4.140507488721236,4.264563415134059,-2.9961526878227183
12min,12,relative_humidity,240,XGBOOST,0.25,1,34,2.3202044751339383,2.1457724514182437,7.5179591102902785
12min,12,relative_humidity,240,XGBOOST,0.25,2,34,3.1684060611331706,3.0965139285369396,2.2690315322310344
12min,12,relative_humidity,240,XGBOOST,0.25,3,34,5.242159134214634,5.139754592352102,1.9534802214254727
12min,12,relative_humidity,240,XGBOOST,0.25,4,33,3.636446313751614,3.7174239548037415,-2.2268344989970563
12min,12,relative_humidity,240,XGBOOST,0.5,1,34,2.3202044751339383,2.206271183888426,4.910484936416451
12min,12,relative_humidity,240,XGBOOST,0.5,2,34,3.1684060611331706,3.1719098003879345,-0.11058365585599154
12min,12,relative_humidity,240,XGBOOST,0.5,3,34,5.242159134214634,5.06595926499543,3.3612079432915096
12min,12,relative_humidity,240,XGBOOST,0.5,4,33,3.636446313751614,4.137040517312034,-13.766027609630013
12min,12,relative_humidity,240,XGBOOST,0.75,1,34,2.3202044751339383,2.48459819230484,-7.085311615107192
12min,12,relative_humidity,240,XGBOOST,0.75,2,34,3.1684060611331706,3.3847653958209105,-6.828649185526418
12min,12,relative_humidity,240,XGBOOST,0.75,3,34,5.242159134214634,5.022034488471329,4.199121776113035
12min,12,relative_humidity,240,XGBOOST,0.75,4,33,3.636446313751614,4.807424668072905,-32.201172608904194
12min,12,relative_humidity,240,XGBOOST,1.0,1,34,2.3202044751339383,2.9190968353772697,-25.81205090593402
12min,12,relative_humidity,240,XGBOOST,1.0,2,34,3.1684060611331706,3.711505559536756,-17.141095172925766
12min,12,relative_humidity,240,XGBOOST,1.0,3,34,5.242159134214634,5.008766181008237,4.4522294579552675
12min,12,relative_humidity,240,XGBOOST,1.0,4,33,3.636446313751614,5.639851412199799,-55.092387611281175
12min,12,relative_humidity,480,XGBOOST,0.25,1,34,2.0905852401842564,2.1261211689704824,-1.6998076951454042
12min,12,relative_humidity,480,XGBOOST,0.25,2,34,4.929808231295573,4.9315689732294095,-0.03571623582959128
12min,12,relative_humidity,480,XGBOOST,0.25,3,34,6.6730426179969164,6.414286745561364,3.877629549940208
12min,12,relative_humidity,480,XGBOOST,0.25,4,33,4.695470806203665,5.306768396553763,-13.018877458304088
12min,12,relative_humidity,480,XGBOOST,0.5,1,34,2.0905852401842564,2.6657130287647925,-27.51037257537734
12min,12,relative_humidity,480,XGBOOST,0.5,2,34,4.929808231295573,5.009324335744167,-1.612965468794646
12min,12,relative_humidity,480,XGBOOST,0.5,3,34,6.6730426179969164,6.228904983986879,6.655699048170578
12min,12,relative_humidity,480,XGBOOST,0.5,4,33,4.695470806203665,6.0133392636218606,-28.06680121782517
12min,12,relative_humidity,480,XGBOOST,0.75,1,34,2.0905852401842564,3.482448969650829,-66.57770765395335
12min,12,relative_humidity,480,XGBOOST,0.75,2,34,4.929808231295573,5.1596397632227085,-4.662078546344073
12min,12,relative_humidity,480,XGBOOST,0.75,3,34,6.6730426179969164,6.123564837360689,8.234291493273378
12min,12,relative_humidity,480,XGBOOST,0.75,4,33,4.695470806203665,6.785486050842222,-44.51130314509089
12min,12,relative_humidity,480,XGBOOST,1.0,1,34,2.0905852401842564,4.425456569511409,-111.68505758327107
12min,12,relative_humidity,480,XGBOOST,1.0,2,34,4.929808231295573,5.376432748056039,-9.059673232828587
12min,12,relative_humidity,480,XGBOOST,1.0,3,34,6.6730426179969164,6.102412761175308,8.551269480621086
12min,12,relative_humidity,480,XGBOOST,1.0,4,33,4.695470806203665,7.6032562994375015,-61.92745335339035
12min,12,relative_humidity,60,RANDOM_FOREST,0.25,1,34,2.0845031668608405,2.1225960185735455,-1.8274307431286378
12min,12,relative_humidity,60,RANDOM_FOREST,0.25,2,34,1.871735209740588,1.8899997912687347,-0.9758101163613936
12min,12,relative_humidity,60,RANDOM_FOREST,0.25,3,34,2.4058402688518887,2.3754967536287284,1.261243966027755
12min,12,relative_humidity,60,RANDOM_FOREST,0.25,4,33,2.6995164434229966,2.705285907724582,-0.2137221395943725
12min,12,relative_humidity,60,RANDOM_FOREST,0.5,1,34,2.0845031668608405,2.1654219832967336,-3.8819234109273593
12min,12,relative_humidity,60,RANDOM_FOREST,0.5,2,34,1.871735209740588,1.9140369185858837,-2.2600263448139386
12min,12,relative_humidity,60,RANDOM_FOREST,0.5,3,34,2.4058402688518887,2.3491204703608615,2.3575878758607276
12min,12,relative_humidity,60,RANDOM_FOREST,0.5,4,33,2.6995164434229966,2.714434477960284,-0.5526187689514993
12min,12,relative_humidity,60,RANDOM_FOREST,0.75,1,34,2.0845031668608405,2.2127062560797297,-6.150294768415094
12min,12,relative_humidity,60,RANDOM_FOREST,0.75,2,34,1.871735209740588,1.9436324342643316,-3.841207033430132
12min,12,relative_humidity,60,RANDOM_FOREST,0.75,3,34,2.4058402688518887,2.3268463362527316,3.283423825840876
12min,12,relative_humidity,60,RANDOM_FOREST,0.75,4,33,2.6995164434229966,2.7269281446583924,-1.0154300523777395
12min,12,relative_humidity,60,RANDOM_FOREST,1.0,1,34,2.0845031668608405,2.2641695360359146,-8.619145896796256
12min,12,relative_humidity,60,RANDOM_FOREST,1.0,2,34,1.871735209740588,1.978536922182526,-5.706026786595534
12min,12,relative_humidity,60,RANDOM_FOREST,1.0,3,34,2.4058402688518887,2.3087930810909842,4.033816750736207
12min,12,relative_humidity,60,RANDOM_FOREST,1.0,4,33,2.6995164434229966,2.7427211953650774,-1.6004626327557043
12min,12,relative_humidity,120,RANDOM_FOREST,0.25,1,34,2.67567971012708,2.709103444767746,-1.2491679969826663
12min,12,relative_humidity,120,RANDOM_FOREST,0.25,2,34,2.1535010904626013,2.16794304026399,-0.6706265376576369
12min,12,relative_humidity,120,RANDOM_FOREST,0.25,3,34,3.5156850514861806,3.5075040156502664,0.23270104449361503
12min,12,relative_humidity,120,RANDOM_FOREST,0.25,4,33,4.140507488721236,4.143775373394882,-0.0789247376691702
12min,12,relative_humidity,120,RANDOM_FOREST,0.5,1,34,2.67567971012708,2.752391337671367,-2.8669958984232755
12min,12,relative_humidity,120,RANDOM_FOREST,0.5,2,34,2.1535010904626013,2.190475107354835,-1.7169258495379334
12min,12,relative_humidity,120,RANDOM_FOREST,0.5,3,34,3.5156850514861806,3.5072472385794473,0.2400048008613964
12min,12,relative_humidity,120,RANDOM_FOREST,0.5,4,33,4.140507488721236,4.152222880814932,-0.28294580134460967
12min,12,relative_humidity,120,RANDOM_FOREST,0.75,1,34,2.67567971012708,2.805086757106357,-4.836417695641563
12min,12,relative_humidity,120,RANDOM_FOREST,0.75,2,34,2.1535010904626013,2.220851065911433,-3.1274641906201173
12min,12,relative_humidity,120,RANDOM_FOREST,0.75,3,34,3.5156850514861806,3.5149164569594786,0.021861870885648994
12min,12,relative_humidity,120,RANDOM_FOREST,0.75,4,33,4.140507488721236,4.165818501157258,-0.6113021774497145
12min,12,relative_humidity,120,RANDOM_FOREST,1.0,1,34,2.67567971012708,2.8666709598535562,-7.1380460450329934
12min,12,relative_humidity,120,RANDOM_FOREST,1.0,2,34,2.1535010904626013,2.2587544817632037,-4.887547620326143
12min,12,relative_humidity,120,RANDOM_FOREST,1.0,3,34,3.5156850514861806,3.530460018247911,-0.42025854265542045
12min,12,relative_humidity,120,RANDOM_FOREST,1.0,4,33,4.140507488721236,4.184512055546866,-1.062781964420978
12min,12,relative_humidity,240,RANDOM_FOREST,0.25,1,34,2.3202044751339383,2.234273544592084,3.7035930006511166
12min,12,relative_humidity,240,RANDOM_FOREST,0.25,2,34,3.1684060611331706,3.083776220511806,2.6710541195940327
12min,12,relative_humidity,240,RANDOM_FOREST,0.25,3,34,5.242159134214634,5.2316480972267705,0.20050968920916462
12min,12,relative_humidity,240,RANDOM_FOREST,0.25,4,33,3.636446313751614,3.7291597876771094,-2.5495625653784453
12min,12,relative_humidity,240,RANDOM_FOREST,0.5,1,34,2.3202044751339383,2.24953351431625,3.0458936518346595
12min,12,relative_humidity,240,RANDOM_FOREST,0.5,2,34,3.1684060611331706,3.0741135042114722,2.9760250139142492
12min,12,relative_humidity,240,RANDOM_FOREST,0.5,3,34,5.242159134214634,5.246239353679127,-0.0778347119960938
12min,12,relative_humidity,240,RANDOM_FOREST,0.5,4,33,3.636446313751614,3.957346478349117,-8.824553888888296
12min,12,relative_humidity,240,RANDOM_FOREST,0.75,1,34,2.3202044751339383,2.3640256103383024,-1.8886755746747008
12min,12,relative_humidity,240,RANDOM_FOREST,0.75,2,34,3.1684060611331706,3.140110052843564,0.8930676101372705
12min,12,relative_humidity,240,RANDOM_FOREST,0.75,3,34,5.242159134214634,5.285725022837947,-0.831067648041549
12min,12,relative_humidity,240,RANDOM_FOREST,0.75,4,33,3.636446313751614,4.299490327448153,-18.23329581930486
12min,12,relative_humidity,240,RANDOM_FOREST,1.0,1,34,2.3202044751339383,2.564493407083391,-10.528767380958987
12min,12,relative_humidity,240,RANDOM_FOREST,1.0,2,34,3.1684060611331706,3.2771981477743557,-3.433653532472917
12min,12,relative_humidity,240,RANDOM_FOREST,1.0,3,34,5.242159134214634,5.349553887578606,-2.0486740408742263
12min,12,relative_humidity,240,RANDOM_FOREST,1.0,4,33,3.636446313751614,4.730931250861948,-30.097651461852234
12min,12,relative_humidity,480,RANDOM_FOREST,0.25,1,34,2.0905852401842564,2.1497224892496005,-2.8287413461376962
12min,12,relative_humidity,480,RANDOM_FOREST,0.25,2,34,4.929808231295573,4.938598453877612,-0.17830759675875518
12min,12,relative_humidity,480,RANDOM_FOREST,0.25,3,34,6.6730426179969164,6.476544925757404,2.9446491426499617
12min,12,relative_humidity,480,RANDOM_FOREST,0.25,4,33,4.695470806203665,5.05042295196399,-7.559458048197451
12min,12,relative_humidity,480,RANDOM_FOREST,0.5,1,34,2.0905852401842564,2.3862207391983583,-14.141279357164393
12min,12,relative_humidity,480,RANDOM_FOREST,0.5,2,34,4.929808231295573,5.001854447805883,-1.4614405496129306
12min,12,relative_humidity,480,RANDOM_FOREST,0.5,3,34,6.6730426179969164,6.31230522045296,5.4058908086554505
12min,12,relative_humidity,480,RANDOM_FOREST,0.5,4,33,4.695470806203665,5.4654941925768465,-16.399279606974133
12min,12,relative_humidity,480,RANDOM_FOREST,0.75,1,34,2.0905852401842564,2.7547730492112867,-31.77042467632132
12min,12,relative_humidity,480,RANDOM_FOREST,0.75,2,34,4.929808231295573,5.117556925186962,-3.8084380787779186
12min,12,relative_humidity,480,RANDOM_FOREST,0.75,3,34,6.6730426179969164,6.182894697794414,7.345193913202258
12min,12,relative_humidity,480,RANDOM_FOREST,0.75,4,33,4.695470806203665,5.928069704213224,-26.250805273478594
12min,12,relative_humidity,480,RANDOM_FOREST,1.0,1,34,2.0905852401842564,3.2102152872084697,-53.5558189880616
12min,12,relative_humidity,480,RANDOM_FOREST,1.0,2,34,4.929808231295573,5.282260651001896,-7.149414402549623
12min,12,relative_humidity,480,RANDOM_FOREST,1.0,3,34,6.6730426179969164,6.090533894407267,8.72928223204581
12min,12,relative_humidity,480,RANDOM_FOREST,1.0,4,33,4.695470806203665,6.427901908125459,-36.89579114479643
20min,20,temperature,60,HIST_GRADIENT_BOOSTING,0.25,1,60,0.545702098293018,0.5389557181180483,1.2362752857415509
20min,20,temperature,60,HIST_GRADIENT_BOOSTING,0.25,2,60,0.6416450413431398,0.6458599599592784,-0.6568925721479209
20min,20,temperature,60,HIST_GRADIENT_BOOSTING,0.25,3,60,0.6829221173357286,0.6975735948714857,-2.1454097273810175
20min,20,temperature,60,HIST_GRADIENT_BOOSTING,0.25,4,59,0.7910470975771265,0.7424650606802005,6.141484754286627
20min,20,temperature,60,HIST_GRADIENT_BOOSTING,0.5,1,60,0.545702098293018,0.5616752718691145,-2.9270867064761807
20min,20,temperature,60,HIST_GRADIENT_BOOSTING,0.5,2,60,0.6416450413431398,0.6657249173224034,-3.752834422106297
20min,20,temperature,60,HIST_GRADIENT_BOOSTING,0.5,3,60,0.6829221173357286,0.7277739884355607,-6.567640725242859
20min,20,temperature,60,HIST_GRADIENT_BOOSTING,0.5,4,59,0.7910470975771265,0.7080261348045196,10.495072041461155
20min,20,temperature,60,HIST_GRADIENT_BOOSTING,0.75,1,60,0.545702098293018,0.6105803099451447,-11.888943043295752
20min,20,temperature,60,HIST_GRADIENT_BOOSTING,0.75,2,60,0.6416450413431398,0.6999086312342503,-9.080346007061587
20min,20,temperature,60,HIST_GRADIENT_BOOSTING,0.75,3,60,0.6829221173357286,0.7716999366921986,-12.999698955836614
20min,20,temperature,60,HIST_GRADIENT_BOOSTING,0.75,4,59,0.7910470975771265,0.6898517480526648,12.792582114820952
20min,20,temperature,60,HIST_GRADIENT_BOOSTING,1.0,1,60,0.545702098293018,0.6800447615286349,-24.618315314499828
20min,20,temperature,60,HIST_GRADIENT_BOOSTING,1.0,2,60,0.6416450413431398,0.746446493377417,-16.333244283303248
20min,20,temperature,60,HIST_GRADIENT_BOOSTING,1.0,3,60,0.6829221173357286,0.8271676749027039,-21.121816661864436
20min,20,temperature,60,HIST_GRADIENT_BOOSTING,1.0,4,59,0.7910470975771265,0.6892297487094726,12.871211989716807
20min,20,temperature,120,HIST_GRADIENT_BOOSTING,0.25,1,60,0.7946678725335828,0.8264259873126737,-3.9964009967885983
20min,20,temperature,120,HIST_GRADIENT_BOOSTING,0.25,2,60,1.0872088313132668,1.1090432742497645,-2.0083025733081326
20min,20,temperature,120,HIST_GRADIENT_BOOSTING,0.25,3,60,1.0191885736488249,1.0229795838608484,-0.3719635708288261
20min,20,temperature,120,HIST_GRADIENT_BOOSTING,0.25,4,59,1.3209145511629024,1.3007738935414634,1.5247509843621256
20min,20,temperature,120,HIST_GRADIENT_BOOSTING,0.5,1,60,0.7946678725335828,0.8708098986555713,-9.581616264318113
20min,20,temperature,120,HIST_GRADIENT_BOOSTING,0.5,2,60,1.0872088313132668,1.1437621959139812,-5.201702099163611
20min,20,temperature,120,HIST_GRADIENT_BOOSTING,0.5,3,60,1.0191885736488249,1.0459788703156843,-2.628590759308331
20min,20,temperature,120,HIST_GRADIENT_BOOSTING,0.5,4,59,1.3209145511629024,1.2931698541673935,2.100415728714857
20min,20,temperature,120,HIST_GRADIENT_BOOSTING,0.75,1,60,0.7946678725335828,0.926005901120208,-16.52741140369617
20min,20,temperature,120,HIST_GRADIENT_BOOSTING,0.75,2,60,1.0872088313132668,1.1902386201159676,-9.476540829625941
20min,20,temperature,120,HIST_GRADIENT_BOOSTING,0.75,3,60,1.0191885736488249,1.0869678252407513,-6.650315098144016
20min,20,temperature,120,HIST_GRADIENT_BOOSTING,0.75,4,59,1.3209145511629024,1.2983227257884646,1.7103169432533238
20min,20,temperature,120,HIST_GRADIENT_BOOSTING,1.0,1,60,0.7946678725335828,0.9902075845217974,-24.60647004197983
20min,20,temperature,120,HIST_GRADIENT_BOOSTING,1.0,2,60,1.0872088313132668,1.2471587790652032,-14.711980177601099
20min,20,temperature,120,HIST_GRADIENT_BOOSTING,1.0,3,60,1.0191885736488249,1.1440144216229586,-12.247571372120209
20min,20,temperature,120,HIST_GRADIENT_BOOSTING,1.0,4,59,1.3209145511629024,1.316082675151312,0.36579777301541094
20min,20,temperature,240,HIST_GRADIENT_BOOSTING,0.25,1,60,0.8908505739697534,0.9637708398716879,-8.185465445343057
20min,20,temperature,240,HIST_GRADIENT_BOOSTING,0.25,2,60,1.614289222668145,1.535550049026087,4.877637323993003
20min,20,temperature,240,HIST_GRADIENT_BOOSTING,0.25,3,60,1.2619601212952856,1.1777608320777762,6.67210380079892
20min,20,temperature,240,HIST_GRADIENT_BOOSTING,0.25,4,59,1.6141215329840937,1.6809244303993258,-4.138653505955705
20min,20,temperature,240,HIST_GRADIENT_BOOSTING,0.5,1,60,0.8908505739697534,1.060097486426312,-18.998350273533628
20min,20,temperature,240,HIST_GRADIENT_BOOSTING,0.5,2,60,1.614289222668145,1.4766698281939066,8.52507670507624
20min,20,temperature,240,HIST_GRADIENT_BOOSTING,0.5,3,60,1.2619601212952856,1.1114173085014303,11.929284472106534
20min,20,temperature,240,HIST_GRADIENT_BOOSTING,0.5,4,59,1.6141215329840937,1.7628889829945646,-9.216620122490927
20min,20,temperature,240,HIST_GRADIENT_BOOSTING,0.75,1,60,0.8908505739697534,1.174083511494587,-31.79354044334375
20min,20,temperature,240,HIST_GRADIENT_BOOSTING,0.75,2,60,1.614289222668145,1.4400865181388005,10.791294526603913
20min,20,temperature,240,HIST_GRADIENT_BOOSTING,0.75,3,60,1.2619601212952856,1.066267750576606,15.507017013962326
20min,20,temperature,240,HIST_GRADIENT_BOOSTING,0.75,4,59,1.6141215329840937,1.8580097416843269,-15.10965585406366
20min,20,temperature,240,HIST_GRADIENT_BOOSTING,1.0,1,60,0.8908505739697534,1.3010958709853788,-46.0509662341593
20min,20,temperature,240,HIST_GRADIENT_BOOSTING,1.0,2,60,1.614289222668145,1.4275153756596657,11.570036173553452
20min,20,temperature,240,HIST_GRADIENT_BOOSTING,1.0,3,60,1.2619601212952856,1.0450626892325323,17.18734438613861
20min,20,temperature,240,HIST_GRADIENT_BOOSTING,1.0,4,59,1.6141215329840937,1.964376451244527,-21.69941426981043
20min,20,temperature,480,HIST_GRADIENT_BOOSTING,0.25,1,60,0.8150671352941602,0.7491061004583064,8.092711873611279
20min,20,temperature,480,HIST_GRADIENT_BOOSTING,0.25,2,60,1.9895631490380759,1.8801290627497955,5.5004077825421165
20min,20,temperature,480,HIST_GRADIENT_BOOSTING,0.25,3,60,1.5685176946721597,1.5510274069879588,1.1150838618914405
20min,20,temperature,480,HIST_GRADIENT_BOOSTING,0.25,4,59,1.3905109347165832,1.6261468278496254,-16.94599353733741
20min,20,temperature,480,HIST_GRADIENT_BOOSTING,0.5,1,60,0.8150671352941602,0.8484206780002054,-4.092122140835404
20min,20,temperature,480,HIST_GRADIENT_BOOSTING,0.5,2,60,1.9895631490380759,1.8131865410234136,8.865092223885314
20min,20,temperature,480,HIST_GRADIENT_BOOSTING,0.5,3,60,1.5685176946721597,1.561420588560307,0.45247217394867545
20min,20,temperature,480,HIST_GRADIENT_BOOSTING,0.5,4,59,1.3905109347165832,1.8875457004369085,-35.744757794488834
20min,20,temperature,480,HIST_GRADIENT_BOOSTING,0.75,1,60,0.8150671352941602,1.0678518279143716,-31.013971938517756
20min,20,temperature,480,HIST_GRADIENT_BOOSTING,0.75,2,60,1.9895631490380759,1.7934999146546904,9.854587147845953
20min,20,temperature,480,HIST_GRADIENT_BOOSTING,0.75,3,60,1.5685176946721597,1.5991536730271871,-1.9531802834669785
20min,20,temperature,480,HIST_GRADIENT_BOOSTING,0.75,4,59,1.3905109347165832,2.1653975284237688,-55.72675297696416
20min,20,temperature,480,HIST_GRADIENT_BOOSTING,1.0,1,60,0.8150671352941602,1.3500479948168724,-65.63641648115723
20min,20,temperature,480,HIST_GRADIENT_BOOSTING,1.0,2,60,1.9895631490380759,1.8226011155900832,8.391894146648037
20min,20,temperature,480,HIST_GRADIENT_BOOSTING,1.0,3,60,1.5685176946721597,1.6623659837583222,-5.983247074925603
20min,20,temperature,480,HIST_GRADIENT_BOOSTING,1.0,4,59,1.3905109347165832,2.454120323114398,-76.49054472301593
20min,20,temperature,60,EXTRA_TREES,0.25,1,60,0.545702098293018,0.5454537863580323,0.04550320326096913
20min,20,temperature,60,EXTRA_TREES,0.25,2,60,0.6416450413431398,0.6378445823448056,0.592299285969521
20min,20,temperature,60,EXTRA_TREES,0.25,3,60,0.6829221173357286,0.6927540767252631,-1.439689701058703
20min,20,temperature,60,EXTRA_TREES,0.25,4,59,0.7910470975771265,0.7895815372834624,0.1852683990817993
20min,20,temperature,60,EXTRA_TREES,0.5,1,60,0.545702098293018,0.5484356614230961,-0.5009258968636596
20min,20,temperature,60,EXTRA_TREES,0.5,2,60,0.6416450413431398,0.639222521533894,0.37754827874533126
20min,20,temperature,60,EXTRA_TREES,0.5,3,60,0.6829221173357286,0.711248026797495,-4.147751074789279
20min,20,temperature,60,EXTRA_TREES,0.5,4,59,0.7910470975771265,0.7898779331663899,0.14779959553832692
20min,20,temperature,60,EXTRA_TREES,0.75,1,60,0.545702098293018,0.5545956230319773,-1.6297398831301348
20min,20,temperature,60,EXTRA_TREES,0.75,2,60,0.6416450413431398,0.6457457096325386,-0.6390867263331427
20min,20,temperature,60,EXTRA_TREES,0.75,3,60,0.6829221173357286,0.7377528398846658,-8.02883976914487
20min,20,temperature,60,EXTRA_TREES,0.75,4,59,0.7910470975771265,0.7919343068955105,-0.11215632054037439
20min,20,temperature,60,EXTRA_TREES,1.0,1,60,0.545702098293018,0.563829516919103,-3.3218524691014473
20min,20,temperature,60,EXTRA_TREES,1.0,2,60,0.6416450413431398,0.6572609676868562,-2.433732879946816
20min,20,temperature,60,EXTRA_TREES,1.0,3,60,0.6829221173357286,0.771443259237613,-12.962113783520486
20min,20,temperature,60,EXTRA_TREES,1.0,4,59,0.7910470975771265,0.7957370139835833,-0.5928744850744503
20min,20,temperature,120,EXTRA_TREES,0.25,1,60,0.7946678725335828,0.791000144253519,0.4615422878957256
20min,20,temperature,120,EXTRA_TREES,0.25,2,60,1.0872088313132668,1.0866765981886974,0.048954084003025033
20min,20,temperature,120,EXTRA_TREES,0.25,3,60,1.0191885736488249,1.0457309722736523,-2.604267680298089
20min,20,temperature,120,EXTRA_TREES,0.25,4,59,1.3209145511629024,1.3402971288847856,-1.4673604515007623
20min,20,temperature,120,EXTRA_TREES,0.5,1,60,0.7946678725335828,0.7906970817481543,0.49967929026358054
20min,20,temperature,120,EXTRA_TREES,0.5,2,60,1.0872088313132668,1.091042987476985,-0.35266050580978986
20min,20,temperature,120,EXTRA_TREES,0.5,3,60,1.0191885736488249,1.0803778584109138,-6.0037255463945725
20min,20,temperature,120,EXTRA_TREES,0.5,4,59,1.3209145511629024,1.36226295249295,-3.1302858533616282
20min,20,temperature,120,EXTRA_TREES,0.75,1,60,0.7946678725335828,0.7937625389654827,0.11392603116239942
20min,20,temperature,120,EXTRA_TREES,0.75,2,60,1.0872088313132668,1.1002496795276933,-1.199479606753566
20min,20,temperature,120,EXTRA_TREES,0.75,3,60,1.0191885736488249,1.1223789468681193,-10.124757663820718
20min,20,temperature,120,EXTRA_TREES,0.75,4,59,1.3209145511629024,1.3866892678563276,-4.979483088858302
20min,20,temperature,120,EXTRA_TREES,1.0,1,60,0.7946678725335828,0.8001578017795827,-0.6908457527667178
20min,20,temperature,120,EXTRA_TREES,1.0,2,60,1.0872088313132668,1.1141766912771163,-2.4804673386688987
20min,20,temperature,120,EXTRA_TREES,1.0,3,60,1.0191885736488249,1.1709431312651808,-14.889742834641021
20min,20,temperature,120,EXTRA_TREES,1.0,4,59,1.3209145511629024,1.4134485187852188,-7.005295500821891
20min,20,temperature,240,EXTRA_TREES,0.25,1,60,0.8908505739697534,0.9083581645591366,-1.9652668024186122
20min,20,temperature,240,EXTRA_TREES,0.25,2,60,1.614289222668145,1.6136116200459147,0.04197529245163355
20min,20,temperature,240,EXTRA_TREES,0.25,3,60,1.2619601212952856,1.2660228931929873,-0.3219413854006501
20min,20,temperature,240,EXTRA_TREES,0.25,4,59,1.6141215329840937,1.686305382597501,-4.472020733157435
20min,20,temperature,240,EXTRA_TREES,0.5,1,60,0.8908505739697534,0.9359060595332407,-5.057580572992594
20min,20,temperature,240,EXTRA_TREES,0.5,2,60,1.614289222668145,1.6155408782688039,-0.07753601913975562
20min,20,temperature,240,EXTRA_TREES,0.5,3,60,1.2619601212952856,1.2763703991938284,-1.1418964557891147
20min,20,temperature,240,EXTRA_TREES,0.5,4,59,1.6141215329840937,1.7654644171827012,-9.376176521157836
20min,20,temperature,240,EXTRA_TREES,0.75,1,60,0.8908505739697534,0.9726415252247974,-9.181220021060568
20min,20,temperature,240,EXTRA_TREES,0.75,2,60,1.614289222668145,1.6200676842198714,-0.35795701727944657
20min,20,temperature,240,EXTRA_TREES,0.75,3,60,1.2619601212952856,1.2928517460590851,-2.4479081583094864
20min,20,temperature,240,EXTRA_TREES,0.75,4,59,1.6141215329840937,1.8507038169641763,-14.657030412245545
20min,20,temperature,240,EXTRA_TREES,1.0,1,60,0.8908505739697534,1.0175700015640161,-14.22454352019816
20min,20,temperature,240,EXTRA_TREES,1.0,2,60,1.614289222668145,1.6271703588239301,-0.7979447533258576
20min,20,temperature,240,EXTRA_TREES,1.0,3,60,1.2619601212952856,1.3152363628406032,-4.221705634456537
20min,20,temperature,240,EXTRA_TREES,1.0,4,59,1.6141215329840937,1.941222777720232,-20.264970019414378
20min,20,temperature,480,EXTRA_TREES,0.25,1,60,0.8150671352941602,0.7363835167730752,9.653636505990123
20min,20,temperature,480,EXTRA_TREES,0.25,2,60,1.9895631490380759,1.9863657249157756,0.1607098585358395
20min,20,temperature,480,EXTRA_TREES,0.25,3,60,1.5685176946721597,1.5589834965750897,0.6078476595740784
20min,20,temperature,480,EXTRA_TREES,0.25,4,59,1.3905109347165832,1.5765566982746857,-13.379669221804628
20min,20,temperature,480,EXTRA_TREES,0.5,1,60,0.8150671352941602,0.7040758169573477,13.617444935594834
20min,20,temperature,480,EXTRA_TREES,0.5,2,60,1.9895631490380759,1.9951768688974216,-0.28215841563309657
20min,20,temperature,480,EXTRA_TREES,0.5,3,60,1.5685176946721597,1.5715848432226938,-0.1955444022692457
20min,20,temperature,480,EXTRA_TREES,0.5,4,59,1.3905109347165832,1.776390291919212,-27.750904186976395
20min,20,temperature,480,EXTRA_TREES,0.75,1,60,0.8150671352941602,0.7243760430769743,11.126824808665015
20min,20,temperature,480,EXTRA_TREES,0.75,2,60,1.9895631490380759,2.0158391203664396,-1.3206904913306134
20min,20,temperature,480,EXTRA_TREES,0.75,3,60,1.5685176946721597,1.6058007002928738,-2.376957923226151
20min,20,temperature,480,EXTRA_TREES,0.75,4,59,1.3905109347165832,1.9858537203471263,-42.814678458597456
20min,20,temperature,480,EXTRA_TREES,1.0,1,60,0.8150671352941602,0.7932555521735569,2.6760474292380105
20min,20,temperature,480,EXTRA_TREES,1.0,2,60,1.9895631490380759,2.0479938125320194,-2.936858954298279
20min,20,temperature,480,EXTRA_TREES,1.0,3,60,1.5685176946721597,1.6602952904332553,-5.851231138344171
20min,20,temperature,480,EXTRA_TREES,1.0,4,59,1.3905109347165832,2.202200856200423,-58.37350151074361
20min,20,temperature,60,XGBOOST,0.25,1,60,0.545702098293018,0.5283217521459377,3.1849513134449783
20min,20,temperature,60,XGBOOST,0.25,2,60,0.6416450413431398,0.6438147240868176,-0.3381437716928426
20min,20,temperature,60,XGBOOST,0.25,3,60,0.6829221173357286,0.6986370486517872,-2.3011308196265454
20min,20,temperature,60,XGBOOST,0.25,4,59,0.7910470975771265,0.7155684660872319,9.541610318914737
20min,20,temperature,60,XGBOOST,0.5,1,60,0.545702098293018,0.5263948360178516,3.538059013436151
20min,20,temperature,60,XGBOOST,0.5,2,60,0.6416450413431398,0.6518066063353966,-1.5836738909391053
20min,20,temperature,60,XGBOOST,0.5,3,60,0.6829221173357286,0.7378945621310928,-8.049592098411926
20min,20,temperature,60,XGBOOST,0.5,4,59,0.7910470975771265,0.6929206973179102,12.404621742468263
20min,20,temperature,60,XGBOOST,0.75,1,60,0.545702098293018,0.5400867790165991,1.02900818853068
20min,20,temperature,60,XGBOOST,0.75,2,60,0.6416450413431398,0.6654109395063206,-3.7039011652661076
20min,20,temperature,60,XGBOOST,0.75,3,60,0.6829221173357286,0.7972243069347467,-16.737221814537662
20min,20,temperature,60,XGBOOST,0.75,4,59,0.7910470975771265,0.7280508910265207,7.963648023430591
20min,20,temperature,60,XGBOOST,1.0,1,60,0.545702098293018,0.5682697336981308,-4.1355229301308345
20min,20,temperature,60,XGBOOST,1.0,2,60,0.6416450413431398,0.6842930644158522,-6.646669158922879
20min,20,temperature,60,XGBOOST,1.0,3,60,0.6829221173357286,0.8725413216482816,-27.765860776674046
20min,20,temperature,60,XGBOOST,1.0,4,59,0.7910470975771265,0.8135079908134581,-2.839387604748993
20min,20,temperature,120,XGBOOST,0.25,1,60,0.7946678725335828,0.7726617748193396,2.7692195034993365
20min,20,temperature,120,XGBOOST,0.25,2,60,1.0872088313132668,1.1081661882107636,-1.927629383968659
20min,20,temperature,120,XGBOOST,0.25,3,60,1.0191885736488249,1.041089157291741,-2.1488254685302395
20min,20,temperature,120,XGBOOST,0.25,4,59,1.3209145511629024,1.2352447155591284,6.485645534629945
20min,20,temperature,120,XGBOOST,0.5,1,60,0.7946678725335828,0.7557796637602672,4.893643007025208
20min,20,temperature,120,XGBOOST,0.5,2,60,1.0872088313132668,1.13931859708478,-4.792985880051062
20min,20,temperature,120,XGBOOST,0.5,3,60,1.0191885736488249,1.0766134843748085,-5.63437544441802
20min,20,temperature,120,XGBOOST,0.5,4,59,1.3209145511629024,1.1633769081176881,11.926406814621108
20min,20,temperature,120,XGBOOST,0.75,1,60,0.7946678725335828,0.7443702528291161,6.329388848212332
20min,20,temperature,120,XGBOOST,0.75,2,60,1.0872088313132668,1.179858778750462,-8.521817039076193
20min,20,temperature,120,XGBOOST,0.75,3,60,1.0191885736488249,1.1244710901477388,-10.330033049918244
20min,20,temperature,120,XGBOOST,0.75,4,59,1.3209145511629024,1.108000099525289,16.11871498047837
20min,20,temperature,120,XGBOOST,1.0,1,60,0.7946678725335828,0.7386871717424577,7.044540584313027
20min,20,temperature,120,XGBOOST,1.0,2,60,1.0872088313132668,1.2288579727077802,-13.028696724566869
20min,20,temperature,120,XGBOOST,1.0,3,60,1.0191885736488249,1.1831663226070797,-16.089048994259578
20min,20,temperature,120,XGBOOST,1.0,4,59,1.3209145511629024,1.0716737740266336,18.86880395986576
20min,20,temperature,240,XGBOOST,0.25,1,60,0.8908505739697534,0.9759737924660312,-9.555274586281845
20min,20,temperature,240,XGBOOST,0.25,2,60,1.614289222668145,1.4982541096013884,7.188000231765796
20min,20,temperature,240,XGBOOST,0.25,3,60,1.2619601212952856,1.1478323324467292,9.043692183506932
20min,20,temperature,240,XGBOOST,0.25,4,59,1.6141215329840937,1.6921393488064973,-4.833453629614175
20min,20,temperature,240,XGBOOST,0.5,1,60,0.8908505739697534,1.0913367797503217,-22.505031891844
20min,20,temperature,240,XGBOOST,0.5,2,60,1.614289222668145,1.3933830793750657,13.684421613616363
20min,20,temperature,240,XGBOOST,0.5,3,60,1.2619601212952856,1.06696067495197,15.452108434549153
20min,20,temperature,240,XGBOOST,0.5,4,59,1.6141215329840937,1.7851752961026972,-10.597328616412751
20min,20,temperature,240,XGBOOST,0.75,1,60,0.8908505739697534,1.228449475928116,-37.89624341307601
20min,20,temperature,240,XGBOOST,0.75,2,60,1.614289222668145,1.302375821825789,19.322027085506782
20min,20,temperature,240,XGBOOST,0.75,3,60,1.2619601212952856,1.0272299660695294,18.600441588029526
20min,20,temperature,240,XGBOOST,0.75,4,59,1.6141215329840937,1.8910140426107753,-17.1543780296877
20min,20,temperature,240,XGBOOST,1.0,1,60,0.8908505739697534,1.3808480321155214,-55.00332743372118
20min,20,temperature,240,XGBOOST,1.0,2,60,1.614289222668145,1.2283177533115877,23.90968507604927
20min,20,temperature,240,XGBOOST,1.0,3,60,1.2619601212952856,1.0333963553747558,18.11180575864237
20min,20,temperature,240,XGBOOST,1.0,4,59,1.6141215329840937,2.0076317865551596,-24.379220865950977
20min,20,temperature,480,XGBOOST,0.25,1,60,0.8150671352941602,0.7679515677756223,5.780575056744706
20min,20,temperature,480,XGBOOST,0.25,2,60,1.9895631490380759,1.9255225209750089,3.21882862044513
20min,20,temperature,480,XGBOOST,0.25,3,60,1.5685176946721597,1.54553983228495,1.4649412286045225
20min,20,temperature,480,XGBOOST,0.25,4,59,1.3905109347165832,1.6482431747474022,-18.53507466903528
20min,20,temperature,480,XGBOOST,0.5,1,60,0.8150671352941602,0.8188200306030277,-0.46044002344825674
20min,20,temperature,480,XGBOOST,0.5,2,60,1.9895631490380759,1.89042331149178,4.98299526678651
20min,20,temperature,480,XGBOOST,0.5,3,60,1.5685176946721597,1.5739104731032243,-0.3438136815021216
20min,20,temperature,480,XGBOOST,0.5,4,59,1.3905109347165832,1.9277408601412795,-38.635433351280746
20min,20,temperature,480,XGBOOST,0.75,1,60,0.8150671352941602,0.9520947070747473,-16.811814125119085
20min,20,temperature,480,XGBOOST,0.75,2,60,1.9895631490380759,1.885882148374888,5.211244524372904
20min,20,temperature,480,XGBOOST,0.75,3,60,1.5685176946721597,1.650984606528341,-5.257633505589351
20min,20,temperature,480,XGBOOST,0.75,4,59,1.3905109347165832,2.2208013062489225,-59.711171685361165
20min,20,temperature,480,XGBOOST,1.0,1,60,0.8150671352941602,1.1392119542113548,-39.76909445627565
20min,20,temperature,480,XGBOOST,1.0,2,60,1.9895631490380759,1.9121167646261992,3.8926326339186996
20min,20,temperature,480,XGBOOST,1.0,3,60,1.5685176946721597,1.770412763772326,-12.871711284223977
20min,20,temperature,480,XGBOOST,1.0,4,59,1.3905109347165832,2.5227022053816492,-81.42268013849397
20min,20,temperature,60,RANDOM_FOREST,0.25,1,60,0.545702098293018,0.5203990050761577,4.636796027724574
20min,20,temperature,60,RANDOM_FOREST,0.25,2,60,0.6416450413431398,0.6430203791957183,-0.21434559046845017
20min,20,temperature,60,RANDOM_FOREST,0.25,3,60,0.6829221173357286,0.6942826815218022,-1.6635226620561538
20min,20,temperature,60,RANDOM_FOREST,0.25,4,59,0.7910470975771265,0.7756196002748321,1.9502628035102871
20min,20,temperature,60,RANDOM_FOREST,0.5,1,60,0.545702098293018,0.5069305448723513,7.104893593399381
20min,20,temperature,60,RANDOM_FOREST,0.5,2,60,0.6416450413431398,0.6479637516805756,-0.984767266993758
20min,20,temperature,60,RANDOM_FOREST,0.5,3,60,0.6829221173357286,0.7148078432124048,-4.669013503482849
20min,20,temperature,60,RANDOM_FOREST,0.5,4,59,0.7910470975771265,0.7655040301728951,3.2290197995121233
20min,20,temperature,60,RANDOM_FOREST,0.75,1,60,0.545702098293018,0.5062421738677814,7.231037694131857
20min,20,temperature,60,RANDOM_FOREST,0.75,2,60,0.6416450413431398,0.6563945500787791,-2.29870220843046
20min,20,temperature,60,RANDOM_FOREST,0.75,3,60,0.6829221173357286,0.7437392358326351,-8.905425223914436
20min,20,temperature,60,RANDOM_FOREST,0.75,4,59,0.7910470975771265,0.7609122671021661,3.809486257804307
20min,20,temperature,60,RANDOM_FOREST,1.0,1,60,0.545702098293018,0.5183848071825089,5.005898125728094
20min,20,temperature,60,RANDOM_FOREST,1.0,2,60,0.6416450413431398,0.6681807792090958,-4.135579043891521
20min,20,temperature,60,RANDOM_FOREST,1.0,3,60,0.6829221173357286,0.7801421898974119,-14.235894561588688
20min,20,temperature,60,RANDOM_FOREST,1.0,4,59,0.7910470975771265,0.7619441832426642,3.679036864378965
20min,20,temperature,120,RANDOM_FOREST,0.25,1,60,0.7946678725335828,0.7670566964991634,3.474555470122214
20min,20,temperature,120,RANDOM_FOREST,0.25,2,60,1.0872088313132668,1.0905618074221546,-0.30840221421284775
20min,20,temperature,120,RANDOM_FOREST,0.25,3,60,1.0191885736488249,1.0324889712255811,-1.3049986941218499
20min,20,temperature,120,RANDOM_FOREST,0.25,4,59,1.3209145511629024,1.3281196528999475,-0.5454631210400351
20min,20,temperature,120,RANDOM_FOREST,0.5,1,60,0.7946678725335828,0.7442979800752794,6.338483560146046
20min,20,temperature,120,RANDOM_FOREST,0.5,2,60,1.0872088313132668,1.0950430289730415,-0.7205789204555616
20min,20,temperature,120,RANDOM_FOREST,0.5,3,60,1.0191885736488249,1.0510259994233122,-3.123801286400347
20min,20,temperature,120,RANDOM_FOREST,0.5,4,59,1.3209145511629024,1.3378223398306757,-1.2800062390779248
20min,20,temperature,120,RANDOM_FOREST,0.75,1,60,0.7946678725335828,0.726847680148218,8.534407232186016
20min,20,temperature,120,RANDOM_FOREST,0.75,2,60,1.0872088313132668,1.1006387151873638,-1.2352625813271443
20min,20,temperature,120,RANDOM_FOREST,0.75,3,60,1.0191885736488249,1.074528676183313,-5.42981975713911
20min,20,temperature,120,RANDOM_FOREST,0.75,4,59,1.3209145511629024,1.3499687600336285,-2.1995524877175088
20min,20,temperature,120,RANDOM_FOREST,1.0,1,60,0.7946678725335828,0.7150945228585682,10.013409680363267
20min,20,temperature,120,RANDOM_FOREST,1.0,2,60,1.0872088313132668,1.1073319710043548,-1.8508992119555059
20min,20,temperature,120,RANDOM_FOREST,1.0,3,60,1.0191885736488249,1.1026795314740974,-8.19190481368568
20min,20,temperature,120,RANDOM_FOREST,1.0,4,59,1.3209145511629024,1.3644936543528539,-3.2991614144598134
20min,20,temperature,240,RANDOM_FOREST,0.25,1,60,0.8908505739697534,0.905179280438438,-1.6084298408019049
20min,20,temperature,240,RANDOM_FOREST,0.25,2,60,1.614289222668145,1.5762588734261804,2.3558572223573906
20min,20,temperature,240,RANDOM_FOREST,0.25,3,60,1.2619601212952856,1.2299257381316866,2.5384623985359087
20min,20,temperature,240,RANDOM_FOREST,0.25,4,59,1.6141215329840937,1.6915470685750946,-4.796759971838127
20min,20,temperature,240,RANDOM_FOREST,0.5,1,60,0.8908505739697534,0.9356633399641999,-5.030334750165183
20min,20,temperature,240,RANDOM_FOREST,0.5,2,60,1.614289222668145,1.5431753912369444,4.405272018954664
20min,20,temperature,240,RANDOM_FOREST,0.5,3,60,1.2619601212952856,1.205728944177769,4.455860067891881
20min,20,temperature,240,RANDOM_FOREST,0.5,4,59,1.6141215329840937,1.7751483890691055,-9.976129603284262
20min,20,temperature,240,RANDOM_FOREST,0.75,1,60,0.8908505739697534,0.9807975393504911,-10.096751128522207
20min,20,temperature,240,RANDOM_FOREST,0.75,2,60,1.614289222668145,1.5153628115458349,6.12817144122424
20min,20,temperature,240,RANDOM_FOREST,0.75,3,60,1.2619601212952856,1.1898479920844522,5.714295403948017
20min,20,temperature,240,RANDOM_FOREST,0.75,4,59,1.6141215329840937,1.8640947608080056,-15.486642282863052
20min,20,temperature,240,RANDOM_FOREST,1.0,1,60,0.8908505739697534,1.0386738237118038,-16.59349548188868
20min,20,temperature,240,RANDOM_FOREST,1.0,2,60,1.614289222668145,1.4931157100322716,7.506307477887644
20min,20,temperature,240,RANDOM_FOREST,1.0,3,60,1.2619601212952856,1.1826179406878914,6.287217739175209
20min,20,temperature,240,RANDOM_FOREST,1.0,4,59,1.6141215329840937,1.9576577605333982,-21.283169856125692
20min,20,temperature,480,RANDOM_FOREST,0.25,1,60,0.8150671352941602,0.7689127651026045,5.662646448736816
20min,20,temperature,480,RANDOM_FOREST,0.25,2,60,1.9895631490380759,1.8789809834844933,5.558112875534883
20min,20,temperature,480,RANDOM_FOREST,0.25,3,60,1.5685176946721597,1.4692540073644973,6.328502868972085
20min,20,temperature,480,RANDOM_FOREST,0.25,4,59,1.3905109347165832,1.5860450244425681,-14.062031793071741
20min,20,temperature,480,RANDOM_FOREST,0.5,1,60,0.8150671352941602,0.8031739458429208,1.4591668509548135
20min,20,temperature,480,RANDOM_FOREST,0.5,2,60,1.9895631490380759,1.7929989767451489,9.87976543433481
20min,20,temperature,480,RANDOM_FOREST,0.5,3,60,1.5685176946721597,1.3925118993433727,11.221154592430306
20min,20,temperature,480,RANDOM_FOREST,0.5,4,59,1.3905109347165832,1.7968835555755018,-29.22469796627284
20min,20,temperature,480,RANDOM_FOREST,0.75,1,60,0.8150671352941602,0.9088009000139079,-11.500128107351415
20min,20,temperature,480,RANDOM_FOREST,0.75,2,60,1.9895631490380759,1.7352777607486058,12.780965932768368
20min,20,temperature,480,RANDOM_FOREST,0.75,3,60,1.5685176946721597,1.3421601668461276,14.431302152019633
20min,20,temperature,480,RANDOM_FOREST,0.75,4,59,1.3905109347165832,2.018235798360112,-45.14346834471122
20min,20,temperature,480,RANDOM_FOREST,1.0,1,60,0.8150671352941602,1.0647623707162743,-30.634928659219998
20min,20,temperature,480,RANDOM_FOREST,1.0,2,60,1.9895631490380759,1.7086837815450204,14.117640228150407
20min,20,temperature,480,RANDOM_FOREST,1.0,3,60,1.5685176946721597,1.3212194780290094,15.766364477949917
20min,20,temperature,480,RANDOM_FOREST,1.0,4,59,1.3905109347165832,2.246996772586221,-61.59504513671506
20min,20,relative_humidity,60,HIST_GRADIENT_BOOSTING,0.25,1,60,1.6136854859017187,1.6722395340195064,-3.6285911120448646
20min,20,relative_humidity,60,HIST_GRADIENT_BOOSTING,0.25,2,60,1.8232069841908192,1.8115623447368956,0.6386899323497126
20min,20,relative_humidity,60,HIST_GRADIENT_BOOSTING,0.25,3,60,1.9500687414193891,2.0605334940452833,-5.664659418390072
20min,20,relative_humidity,60,HIST_GRADIENT_BOOSTING,0.25,4,59,2.521271729310834,2.476364080553116,1.7811506881883417
20min,20,relative_humidity,60,HIST_GRADIENT_BOOSTING,0.5,1,60,1.6136854859017187,1.837434988625283,-13.865744265434369
20min,20,relative_humidity,60,HIST_GRADIENT_BOOSTING,0.5,2,60,1.8232069841908192,1.8676349861800983,-2.4368051666386776
20min,20,relative_humidity,60,HIST_GRADIENT_BOOSTING,0.5,3,60,1.9500687414193891,2.259355651968033,-15.86030809988393
20min,20,relative_humidity,60,HIST_GRADIENT_BOOSTING,0.5,4,59,2.521271729310834,2.516316541695806,0.19653524677335088
20min,20,relative_humidity,60,HIST_GRADIENT_BOOSTING,0.75,1,60,1.6136854859017187,2.084065181866853,-29.149403652365915
20min,20,relative_humidity,60,HIST_GRADIENT_BOOSTING,0.75,2,60,1.8232069841908192,1.9856965139235339,-8.912291974618078
20min,20,relative_humidity,60,HIST_GRADIENT_BOOSTING,0.75,3,60,1.9500687414193891,2.5257547668475864,-29.52131959251728
20min,20,relative_humidity,60,HIST_GRADIENT_BOOSTING,0.75,4,59,2.521271729310834,2.6372752546324856,-4.600992585331533
20min,20,relative_humidity,60,HIST_GRADIENT_BOOSTING,1.0,1,60,1.6136854859017187,2.3870203379262915,-47.923517859023036
20min,20,relative_humidity,60,HIST_GRADIENT_BOOSTING,1.0,2,60,1.8232069841908192,2.155585475058007,-18.23043097954701
20min,20,relative_humidity,60,HIST_GRADIENT_BOOSTING,1.0,3,60,1.9500687414193891,2.840782607064942,-45.67602396401843
20min,20,relative_humidity,60,HIST_GRADIENT_BOOSTING,1.0,4,59,2.521271729310834,2.828868068947077,-12.200047145268291
20min,20,relative_humidity,120,HIST_GRADIENT_BOOSTING,0.25,1,60,2.1822063877192632,2.198015921264755,-0.7244747167116081
20min,20,relative_humidity,120,HIST_GRADIENT_BOOSTING,0.25,2,60,3.151949195688829,3.1604660893667287,-0.27021037298282297
20min,20,relative_humidity,120,HIST_GRADIENT_BOOSTING,0.25,3,60,2.967959196492342,3.146162500474499,-6.004236991962868
20min,20,relative_humidity,120,HIST_GRADIENT_BOOSTING,0.25,4,59,4.158128773884387,4.1822054337149,-0.579026315436144
20min,20,relative_humidity,120,HIST_GRADIENT_BOOSTING,0.5,1,60,2.1822063877192632,2.293851778685225,-5.116170110868751
20min,20,relative_humidity,120,HIST_GRADIENT_BOOSTING,0.5,2,60,3.151949195688829,3.200173208865432,-1.529974316926269
20min,20,relative_humidity,120,HIST_GRADIENT_BOOSTING,0.5,3,60,2.967959196492342,3.3867816784870777,-14.111463610743625
20min,20,relative_humidity,120,HIST_GRADIENT_BOOSTING,0.5,4,59,4.158128773884387,4.273760625112904,-2.7808626792598616
20min,20,relative_humidity,120,HIST_GRADIENT_BOOSTING,0.75,1,60,2.1822063877192632,2.4603801933715053,-12.747364649728475
20min,20,relative_humidity,120,HIST_GRADIENT_BOOSTING,0.75,2,60,3.151949195688829,3.269934514070982,-3.7432493691056625
20min,20,relative_humidity,120,HIST_GRADIENT_BOOSTING,0.75,3,60,2.967959196492342,3.67758572531965,-23.909578327962663
20min,20,relative_humidity,120,HIST_GRADIENT_BOOSTING,0.75,4,59,4.158128773884387,4.428611257845766,-6.50490878637948
20min,20,relative_humidity,120,HIST_GRADIENT_BOOSTING,1.0,1,60,2.1822063877192632,2.684477254551743,-23.0166527629602
20min,20,relative_humidity,120,HIST_GRADIENT_BOOSTING,1.0,2,60,3.151949195688829,3.367882922661457,-6.8507997295127
20min,20,relative_humidity,120,HIST_GRADIENT_BOOSTING,1.0,3,60,2.967959196492342,4.007664951990031,-35.03099896812788
20min,20,relative_humidity,120,HIST_GRADIENT_BOOSTING,1.0,4,59,4.158128773884387,4.6404251601391975,-11.59888046959798
20min,20,relative_humidity,240,HIST_GRADIENT_BOOSTING,0.25,1,60,2.3204735583011487,2.363045358726081,-1.8346169156997274
20min,20,relative_humidity,240,HIST_GRADIENT_BOOSTING,0.25,2,60,4.1347001586142875,3.9846250337258016,3.6296495303490754
20min,20,relative_humidity,240,HIST_GRADIENT_BOOSTING,0.25,3,60,3.984980643107655,3.828777587769183,3.9197945819043674
20min,20,relative_humidity,240,HIST_GRADIENT_BOOSTING,0.25,4,59,5.342562205740349,5.691015886118295,-6.522220368413267
20min,20,relative_humidity,240,HIST_GRADIENT_BOOSTING,0.5,1,60,2.3204735583011487,2.5019956195687842,-7.822630023870233
20min,20,relative_humidity,240,HIST_GRADIENT_BOOSTING,0.5,2,60,4.1347001586142875,3.891360860558011,5.885294911876513
20min,20,relative_humidity,240,HIST_GRADIENT_BOOSTING,0.5,3,60,3.984980643107655,3.731964271036484,6.349249713641222
20min,20,relative_humidity,240,HIST_GRADIENT_BOOSTING,0.5,4,59,5.342562205740349,6.085782432269368,-13.91130693303788
20min,20,relative_humidity,240,HIST_GRADIENT_BOOSTING,0.75,1,60,2.3204735583011487,2.722607880986225,-17.329838611885943
20min,20,relative_humidity,240,HIST_GRADIENT_BOOSTING,0.75,2,60,4.1347001586142875,3.85902882403207,6.667263018042076
20min,20,relative_humidity,240,HIST_GRADIENT_BOOSTING,0.75,3,60,3.984980643107655,3.699206568577987,7.1712788623938994
20min,20,relative_humidity,240,HIST_GRADIENT_BOOSTING,0.75,4,59,5.342562205740349,6.518452953946065,-22.00986535902704
20min,20,relative_humidity,240,HIST_GRADIENT_BOOSTING,1.0,1,60,2.3204735583011487,3.006961613855031,-29.58396371715046
20min,20,relative_humidity,240,HIST_GRADIENT_BOOSTING,1.0,2,60,4.1347001586142875,3.889148880189212,5.938792875064738
20min,20,relative_humidity,240,HIST_GRADIENT_BOOSTING,1.0,3,60,3.984980643107655,3.7321915233219944,6.343546993706973
20min,20,relative_humidity,240,HIST_GRADIENT_BOOSTING,1.0,4,59,5.342562205740349,6.981984325084091,-30.686065153949063
20min,20,relative_humidity,480,HIST_GRADIENT_BOOSTING,0.25,1,60,2.2711707576820714,1.9944009454221283,12.18621767314453
20min,20,relative_humidity,480,HIST_GRADIENT_BOOSTING,0.25,2,60,4.7960019672531455,4.608462643281951,3.910326251984543
20min,20,relative_humidity,480,HIST_GRADIENT_BOOSTING,0.25,3,60,6.184199631419958,6.212238131144728,-0.453389304936337
20min,20,relative_humidity,480,HIST_GRADIENT_BOOSTING,0.25,4,59,5.0046710022847005,5.595054958145281,-11.79665867328865
20min,20,relative_humidity,480,HIST_GRADIENT_BOOSTING,0.5,1,60,2.2711707576820714,2.156370847194145,5.054657827890045
20min,20,relative_humidity,480,HIST_GRADIENT_BOOSTING,0.5,2,60,4.7960019672531455,4.480012696289429,6.5885976094520995
20min,20,relative_humidity,480,HIST_GRADIENT_BOOSTING,0.5,3,60,6.184199631419958,6.294854915546874,-1.7893226403092124
20min,20,relative_humidity,480,HIST_GRADIENT_BOOSTING,0.5,4,59,5.0046710022847005,6.252790839986949,-24.939098636702894
20min,20,relative_humidity,480,HIST_GRADIENT_BOOSTING,0.75,1,60,2.2711707576820714,2.6786408697573694,-17.94097210423565
20min,20,relative_humidity,480,HIST_GRADIENT_BOOSTING,0.75,2,60,4.7960019672531455,4.415811629028538,7.927234826435171
20min,20,relative_humidity,480,HIST_GRADIENT_BOOSTING,0.75,3,60,6.184199631419958,6.4299465402492295,-3.9737868030765005
20min,20,relative_humidity,480,HIST_GRADIENT_BOOSTING,0.75,4,59,5.0046710022847005,6.9588067765231925,-39.04623847094849
20min,20,relative_humidity,480,HIST_GRADIENT_BOOSTING,1.0,1,60,2.2711707576820714,3.3989969353645857,-49.6583611719957
20min,20,relative_humidity,480,HIST_GRADIENT_BOOSTING,1.0,2,60,4.7960019672531455,4.418660847697283,7.867826621680478
20min,20,relative_humidity,480,HIST_GRADIENT_BOOSTING,1.0,3,60,6.184199631419958,6.614298519577392,-6.954802784377106
20min,20,relative_humidity,480,HIST_GRADIENT_BOOSTING,1.0,4,59,5.0046710022847005,7.699833464286572,-53.85293979906957
20min,20,relative_humidity,60,EXTRA_TREES,0.25,1,60,1.6136854859017187,1.6203105483336355,-0.4105547512075937
20min,20,relative_humidity,60,EXTRA_TREES,0.25,2,60,1.8232069841908192,1.7820771680767256,2.25590492306873
20min,20,relative_humidity,60,EXTRA_TREES,0.25,3,60,1.9500687414193891,2.078694811084895,-6.595976179377305
20min,20,relative_humidity,60,EXTRA_TREES,0.25,4,59,2.521271729310834,2.441059210133863,3.181430951867155
20min,20,relative_humidity,60,EXTRA_TREES,0.5,1,60,1.6136854859017187,1.6862496861978309,-4.496799464956688
20min,20,relative_humidity,60,EXTRA_TREES,0.5,2,60,1.8232069841908192,1.771046673850332,2.860909967588623
20min,20,relative_humidity,60,EXTRA_TREES,0.5,3,60,1.9500687414193891,2.251062647590623,-15.435040815645843
20min,20,relative_humidity,60,EXTRA_TREES,0.5,4,59,2.521271729310834,2.439990413267898,3.2238221330135435
20min,20,relative_humidity,60,EXTRA_TREES,0.75,1,60,1.6136854859017187,1.8050141386961447,-11.856625994718705
20min,20,relative_humidity,60,EXTRA_TREES,0.75,2,60,1.8232069841908192,1.7906718211693797,1.784501886157445
20min,20,relative_humidity,60,EXTRA_TREES,0.75,3,60,1.9500687414193891,2.457987158937231,-26.046180154046535
20min,20,relative_humidity,60,EXTRA_TREES,0.75,4,59,2.521271729310834,2.518166114735426,0.12317651204762939
20min,20,relative_humidity,60,EXTRA_TREES,1.0,1,60,1.6136854859017187,1.9670588153670812,-21.898525614357833
20min,20,relative_humidity,60,EXTRA_TREES,1.0,2,60,1.8232069841908192,1.839971951824697,-0.9195317799486485
20min,20,relative_humidity,60,EXTRA_TREES,1.0,3,60,1.9500687414193891,2.6915099122981356,-38.02128382095272
20min,20,relative_humidity,60,EXTRA_TREES,1.0,4,59,2.521271729310834,2.668631139941741,-5.844646133052313
20min,20,relative_humidity,120,EXTRA_TREES,0.25,1,60,2.1822063877192632,2.215109793979467,-1.5078045067310466
20min,20,relative_humidity,120,EXTRA_TREES,0.25,2,60,3.151949195688829,3.155511825752224,-0.11302942535584622
20min,20,relative_humidity,120,EXTRA_TREES,0.25,3,60,2.967959196492342,3.0263021360791345,-1.9657594907552842
20min,20,relative_humidity,120,EXTRA_TREES,0.25,4,59,4.158128773884387,4.065126024422888,2.2366490919091766
20min,20,relative_humidity,120,EXTRA_TREES,0.5,1,60,2.1822063877192632,2.304048719086515,-5.583446737803549
20min,20,relative_humidity,120,EXTRA_TREES,0.5,2,60,3.151949195688829,3.177782094848297,-0.8195848840077048
20min,20,relative_humidity,120,EXTRA_TREES,0.5,3,60,2.967959196492342,3.0975576755512124,-4.366585605760192
20min,20,relative_humidity,120,EXTRA_TREES,0.5,4,59,4.158128773884387,3.9918817799142463,3.9981203808375203
20min,20,relative_humidity,120,EXTRA_TREES,0.75,1,60,2.1822063877192632,2.4429105632879997,-11.946815710736322
20min,20,relative_humidity,120,EXTRA_TREES,0.75,2,60,3.151949195688829,3.2183716708659302,-2.1073459961839713
20min,20,relative_humidity,120,EXTRA_TREES,0.75,3,60,2.967959196492342,3.180858153962659,-7.173244083743797
20min,20,relative_humidity,120,EXTRA_TREES,0.75,4,59,4.158128773884387,3.93949826136763,5.2579062459511015
20min,20,relative_humidity,120,EXTRA_TREES,1.0,1,60,2.1822063877192632,2.6237808521832418,-20.23522921337843
20min,20,relative_humidity,120,EXTRA_TREES,1.0,2,60,3.151949195688829,3.2765998216053047,-3.9547155800280813
20min,20,relative_humidity,120,EXTRA_TREES,1.0,3,60,2.967959196492342,3.2752846816163426,-10.354774603613508
20min,20,relative_humidity,120,EXTRA_TREES,1.0,4,59,4.158128773884387,3.9088142465410125,5.995834686727927
20min,20,relative_humidity,240,EXTRA_TREES,0.25,1,60,2.3204735583011487,2.4809155357081267,-6.914191150035767
20min,20,relative_humidity,240,EXTRA_TREES,0.25,2,60,4.1347001586142875,3.9851874565945584,3.616047023584828
20min,20,relative_humidity,240,EXTRA_TREES,0.25,3,60,3.984980643107655,3.811204850216546,4.360768808040962
20min,20,relative_humidity,240,EXTRA_TREES,0.25,4,59,5.342562205740349,5.5509145753773526,-3.8998585624915667
20min,20,relative_humidity,240,EXTRA_TREES,0.5,1,60,2.3204735583011487,2.767253616901437,-19.25383105538949
20min,20,relative_humidity,240,EXTRA_TREES,0.5,2,60,4.1347001586142875,3.8734373586081365,6.3187846756392405
20min,20,relative_humidity,240,EXTRA_TREES,0.5,3,60,3.984980643107655,3.665024607153648,8.029048685779605
20min,20,relative_humidity,240,EXTRA_TREES,0.5,4,59,5.342562205740349,5.781571469690034,-8.217204536766808
20min,20,relative_humidity,240,EXTRA_TREES,0.75,1,60,2.3204735583011487,3.1452900644587967,-35.54518012958992
20min,20,relative_humidity,240,EXTRA_TREES,0.75,2,60,4.1347001586142875,3.8027804462304604,8.027661006864097
20min,20,relative_humidity,240,EXTRA_TREES,0.75,3,60,3.984980643107655,3.5498506458899914,10.91924995847234
20min,20,relative_humidity,240,EXTRA_TREES,0.75,4,59,5.342562205740349,6.031974720619799,-12.904155128763994
20min,20,relative_humidity,240,EXTRA_TREES,1.0,1,60,2.3204735583011487,3.5861417879533652,-54.543531647860284
20min,20,relative_humidity,240,EXTRA_TREES,1.0,2,60,4.1347001586142875,3.7755245354405087,8.686860217069617
20min,20,relative_humidity,240,EXTRA_TREES,1.0,3,60,3.984980643107655,3.4687728552855144,12.953834260524287
20min,20,relative_humidity,240,EXTRA_TREES,1.0,4,59,5.342562205740349,6.299770133609981,-17.91664544104239
20min,20,relative_humidity,480,EXTRA_TREES,0.25,1,60,2.2711707576820714,1.991871020704913,12.297610650033562
20min,20,relative_humidity,480,EXTRA_TREES,0.25,2,60,4.7960019672531455,4.468680018872997,6.824891870668227
20min,20,relative_humidity,480,EXTRA_TREES,0.25,3,60,6.184199631419958,5.8114294845132,6.02778320759296
20min,20,relative_humidity,480,EXTRA_TREES,0.25,4,59,5.0046710022847005,5.086078349107966,-1.6266273404605838
20min,20,relative_humidity,480,EXTRA_TREES,0.5,1,60,2.2711707576820714,1.9847266966506094,12.61217634396646
20min,20,relative_humidity,480,EXTRA_TREES,0.5,2,60,4.7960019672531455,4.175028739580078,12.94772670889296
20min,20,relative_humidity,480,EXTRA_TREES,0.5,3,60,6.184199631419958,5.47299005129642,11.500430492413399
20min,20,relative_humidity,480,EXTRA_TREES,0.5,4,59,5.0046710022847005,5.186990205822121,-3.6429807964237644
20min,20,relative_humidity,480,EXTRA_TREES,0.75,1,60,2.2711707576820714,2.252329083942,0.8296018111513981
20min,20,relative_humidity,480,EXTRA_TREES,0.75,2,60,4.7960019672531455,3.922617297880409,18.210682050094267
20min,20,relative_humidity,480,EXTRA_TREES,0.75,3,60,6.184199631419958,5.175620487015584,16.308968088289113
20min,20,relative_humidity,480,EXTRA_TREES,0.75,4,59,5.0046710022847005,5.306293914513097,-6.026827979115948
20min,20,relative_humidity,480,EXTRA_TREES,1.0,1,60,2.2711707576820714,2.7146065808960445,-19.52454793256224
20min,20,relative_humidity,480,EXTRA_TREES,1.0,2,60,4.7960019672531455,3.719850209216456,22.438517861014205
20min,20,relative_humidity,480,EXTRA_TREES,1.0,3,60,6.184199631419958,4.926763098175806,20.333052103549747
20min,20,relative_humidity,480,EXTRA_TREES,1.0,4,59,5.0046710022847005,5.44278018194536,-8.754005597184246
20min,20,relative_humidity,60,XGBOOST,0.25,1,60,1.6136854859017187,1.6208201659012078,-0.44213572358570946
20min,20,relative_humidity,60,XGBOOST,0.25,2,60,1.8232069841908192,1.828339678520154,-0.28152011120190157
20min,20,relative_humidity,60,XGBOOST,0.25,3,60,1.9500687414193891,2.206568740599392,-13.153382428626854
20min,20,relative_humidity,60,XGBOOST,0.25,4,59,2.521271729310834,2.395876735279354,4.97348193666358
20min,20,relative_humidity,60,XGBOOST,0.5,1,60,1.6136854859017187,1.6943324914368596,-4.997690457014666
20min,20,relative_humidity,60,XGBOOST,0.5,2,60,1.8232069841908192,1.906847407384649,-4.587544031976789
20min,20,relative_humidity,60,XGBOOST,0.5,3,60,1.9500687414193891,2.568406549657155,-31.708513402850535
20min,20,relative_humidity,60,XGBOOST,0.5,4,59,2.521271729310834,2.411104135560947,4.369524810401949
20min,20,relative_humidity,60,XGBOOST,0.75,1,60,1.6136854859017187,1.8262241350529005,-13.171008291768603
20min,20,relative_humidity,60,XGBOOST,0.75,2,60,1.8232069841908192,2.0503187245395074,-12.45671732929904
20min,20,relative_humidity,60,XGBOOST,0.75,3,60,1.9500687414193891,2.9976770820512257,-53.72161085302654
20min,20,relative_humidity,60,XGBOOST,0.75,4,59,2.521271729310834,2.564450155222514,-1.7125653458813137
20min,20,relative_humidity,60,XGBOOST,1.0,1,60,1.6136854859017187,2.005007234382274,-24.2501870345501
20min,20,relative_humidity,60,XGBOOST,1.0,2,60,1.8232069841908192,2.2463404665131343,-23.208197752166438
20min,20,relative_humidity,60,XGBOOST,1.0,3,60,1.9500687414193891,3.4694398191625306,-77.91371891009558
20min,20,relative_humidity,60,XGBOOST,1.0,4,59,2.521271729310834,2.8335789505425604,-12.386892598724083
20min,20,relative_humidity,120,XGBOOST,0.25,1,60,2.1822063877192632,2.1558017520145736,1.2099971777777858
20min,20,relative_humidity,120,XGBOOST,0.25,2,60,3.151949195688829,3.1887100690352046,-1.1662901609155552
20min,20,relative_humidity,120,XGBOOST,0.25,3,60,2.967959196492342,3.0757913696318715,-3.6332094210382033
20min,20,relative_humidity,120,XGBOOST,0.25,4,59,4.158128773884387,4.155222436277116,0.06989532468366343
20min,20,relative_humidity,120,XGBOOST,0.5,1,60,2.1822063877192632,2.172644058586888,0.43819545145633587
20min,20,relative_humidity,120,XGBOOST,0.5,2,60,3.151949195688829,3.2450747411661984,-2.9545382776075457
20min,20,relative_humidity,120,XGBOOST,0.5,3,60,2.967959196492342,3.215978372688354,-8.356556130863646
20min,20,relative_humidity,120,XGBOOST,0.5,4,59,4.158128773884387,4.198131224858507,-0.9620301137703997
20min,20,relative_humidity,120,XGBOOST,0.75,1,60,2.1822063877192632,2.231754411348648,-2.2705470897814584
20min,20,relative_humidity,120,XGBOOST,0.75,2,60,3.151949195688829,3.320044916317936,-5.333072019657711
20min,20,relative_humidity,120,XGBOOST,0.75,3,60,2.967959196492342,3.384502153099545,-14.034659138828149
20min,20,relative_humidity,120,XGBOOST,0.75,4,59,4.158128773884387,4.285479174932372,-3.0626853561588554
20min,20,relative_humidity,120,XGBOOST,1.0,1,60,2.1822063877192632,2.329917989065891,-6.768910684979196
20min,20,relative_humidity,120,XGBOOST,1.0,2,60,3.151949195688829,3.4123945282173347,-8.262992718433965
20min,20,relative_humidity,120,XGBOOST,1.0,3,60,2.967959196492342,3.5773602476841178,-20.53266271018791
20min,20,relative_humidity,120,XGBOOST,1.0,4,59,4.158128773884387,4.414629251464036,-6.168651610566508
20min,20,relative_humidity,240,XGBOOST,0.25,1,60,2.3204735583011487,2.4733043784845017,-6.586190979708583
20min,20,relative_humidity,240,XGBOOST,0.25,2,60,4.1347001586142875,3.963434946043013,4.142143468721867
20min,20,relative_humidity,240,XGBOOST,0.25,3,60,3.984980643107655,3.722166407645412,6.5951194999353655
20min,20,relative_humidity,240,XGBOOST,0.25,4,59,5.342562205740349,5.63552035326509,-5.483476583762933
20min,20,relative_humidity,240,XGBOOST,0.5,1,60,2.3204735583011487,2.771585561091922,-19.440514681884096
20min,20,relative_humidity,240,XGBOOST,0.5,2,60,4.1347001586142875,3.853503813903956,6.800888430192049
20min,20,relative_humidity,240,XGBOOST,0.5,3,60,3.984980643107655,3.502891695734818,12.097648409074418
20min,20,relative_humidity,240,XGBOOST,0.5,4,59,5.342562205740349,5.96831019601571,-11.712507335956182
20min,20,relative_humidity,240,XGBOOST,0.75,1,60,2.3204735583011487,3.174579256569702,-36.80738766503576
20min,20,relative_humidity,240,XGBOOST,0.75,2,60,4.1347001586142875,3.8102192349544772,7.847749805600354
20min,20,relative_humidity,240,XGBOOST,0.75,3,60,3.984980643107655,3.335753756420683,16.291845427401565
20min,20,relative_humidity,240,XGBOOST,0.75,4,59,5.342562205740349,6.33465719306145,-18.569647841538252
20min,20,relative_humidity,240,XGBOOST,1.0,1,60,2.3204735583011487,3.647743871216682,-57.19825197608572
20min,20,relative_humidity,240,XGBOOST,1.0,2,60,4.1347001586142875,3.8358380434331707,7.228144816219953
20min,20,relative_humidity,240,XGBOOST,1.0,3,60,3.984980643107655,3.2288591546371586,18.974282592269788
20min,20,relative_humidity,240,XGBOOST,1.0,4,59,5.342562205740349,6.72908278484411,-25.952352554997017
20min,20,relative_humidity,480,XGBOOST,0.25,1,60,2.2711707576820714,1.9612378303726967,13.646394761866713
20min,20,relative_humidity,480,XGBOOST,0.25,2,60,4.7960019672531455,4.4670866115312515,6.858115529720611
20min,20,relative_humidity,480,XGBOOST,0.25,3,60,6.184199631419958,5.876277785712762,4.979170532314998
20min,20,relative_humidity,480,XGBOOST,0.25,4,59,5.0046710022847005,5.288875583929866,-5.6787865079527196
20min,20,relative_humidity,480,XGBOOST,0.5,1,60,2.2711707576820714,2.123379231635743,6.507283767476942
20min,20,relative_humidity,480,XGBOOST,0.5,2,60,4.7960019672531455,4.19115666987374,12.611448066728459
20min,20,relative_humidity,480,XGBOOST,0.5,3,60,6.184199631419958,5.644589580384309,8.72562470807153
20min,20,relative_humidity,480,XGBOOST,0.5,4,59,5.0046710022847005,5.6163974732755415,-12.223110584323717
20min,20,relative_humidity,480,XGBOOST,0.75,1,60,2.2711707576820714,2.6730269756815286,-17.693791479139445
20min,20,relative_humidity,480,XGBOOST,0.75,2,60,4.7960019672531455,3.9792498262124987,17.02985417056516
20min,20,relative_humidity,480,XGBOOST,0.75,3,60,6.184199631419958,5.498779667309846,11.083406179640608
20min,20,relative_humidity,480,XGBOOST,0.75,4,59,5.0046710022847005,5.980123639832922,-19.490844395224258
20min,20,relative_humidity,480,XGBOOST,1.0,1,60,2.2711707576820714,3.4286229570226046,-50.96279949121106
20min,20,relative_humidity,480,XGBOOST,1.0,2,60,4.7960019672531455,3.8419744453701075,19.892142004884253
20min,20,relative_humidity,480,XGBOOST,1.0,3,60,6.184199631419958,5.4457505920462905,11.94089912010346
20min,20,relative_humidity,480,XGBOOST,1.0,4,59,5.0046710022847005,6.373859070602947,-27.358203320322023
20min,20,relative_humidity,60,RANDOM_FOREST,0.25,1,60,1.6136854859017187,1.6239704417293441,-0.6373581418115237
20min,20,relative_humidity,60,RANDOM_FOREST,0.25,2,60,1.8232069841908192,1.8201610575824112,0.16706422445830083
20min,20,relative_humidity,60,RANDOM_FOREST,0.25,3,60,1.9500687414193891,2.0184434788829115,-3.5062731898237978
20min,20,relative_humidity,60,RANDOM_FOREST,0.25,4,59,2.521271729310834,2.5011185610988846,0.7993255140911776
20min,20,relative_humidity,60,RANDOM_FOREST,0.5,1,60,1.6136854859017187,1.6807544912003922,-4.156262535954815
20min,20,relative_humidity,60,RANDOM_FOREST,0.5,2,60,1.8232069841908192,1.8366811929340887,-0.7390388946568075
20min,20,relative_humidity,60,RANDOM_FOREST,0.5,3,60,1.9500687414193891,2.1058405756546,-7.988017597873497
20min,20,relative_humidity,60,RANDOM_FOREST,0.5,4,59,2.521271729310834,2.5095224781640164,0.46600495338236003
20min,20,relative_humidity,60,RANDOM_FOREST,0.75,1,60,1.6136854859017187,1.7795920430393393,-10.281220137820904
20min,20,relative_humidity,60,RANDOM_FOREST,0.75,2,60,1.8232069841908192,1.872249527711781,-2.6899054219413285
20min,20,relative_humidity,60,RANDOM_FOREST,0.75,3,60,1.9500687414193891,2.2100044013861253,-13.329563950527087
20min,20,relative_humidity,60,RANDOM_FOREST,0.75,4,59,2.521271729310834,2.546200732117041,-0.9887471674075025
20min,20,relative_humidity,60,RANDOM_FOREST,1.0,1,60,1.6136854859017187,1.9139792411326007,-18.60918734502216
20min,20,relative_humidity,60,RANDOM_FOREST,1.0,2,60,1.8232069841908192,1.9258109315706768,-5.627663138060852
20min,20,relative_humidity,60,RANDOM_FOREST,1.0,3,60,1.9500687414193891,2.328686077955376,-19.41558922996757
20min,20,relative_humidity,60,RANDOM_FOREST,1.0,4,59,2.521271729310834,2.6099615621962804,-3.5176626086902956
20min,20,relative_humidity,120,RANDOM_FOREST,0.25,1,60,2.1822063877192632,2.2033656253262013,-0.9696258670130953
20min,20,relative_humidity,120,RANDOM_FOREST,0.25,2,60,3.151949195688829,3.198678275841022,-1.4825454742769464
20min,20,relative_humidity,120,RANDOM_FOREST,0.25,3,60,2.967959196492342,2.940049892977772,0.9403533427128811
20min,20,relative_humidity,120,RANDOM_FOREST,0.25,4,59,4.158128773884387,4.193683822696502,-0.8550732972827207
20min,20,relative_humidity,120,RANDOM_FOREST,0.5,1,60,2.1822063877192632,2.26421386207942,-3.758007254568947
20min,20,relative_humidity,120,RANDOM_FOREST,0.5,2,60,3.151949195688829,3.2643886469610393,-3.5672989725216007
20min,20,relative_humidity,120,RANDOM_FOREST,0.5,3,60,2.967959196492342,2.926343446837355,1.402167176158297
20min,20,relative_humidity,120,RANDOM_FOREST,0.5,4,59,4.158128773884387,4.2553176166468365,-2.337321618629396
20min,20,relative_humidity,120,RANDOM_FOREST,0.75,1,60,2.1822063877192632,2.3616853562007782,-8.224655994573354
20min,20,relative_humidity,120,RANDOM_FOREST,0.75,2,60,3.151949195688829,3.3479628597724855,-6.218807852352448
20min,20,relative_humidity,120,RANDOM_FOREST,0.75,3,60,2.967959196492342,2.9270393880150345,1.378718700906273
20min,20,relative_humidity,120,RANDOM_FOREST,0.75,4,59,4.158128773884387,4.341919729981313,-4.420040025004657
20min,20,relative_humidity,120,RANDOM_FOREST,1.0,1,60,2.1822063877192632,2.491485501513284,-14.172770986948882
20min,20,relative_humidity,120,RANDOM_FOREST,1.0,2,60,3.151949195688829,3.448102221274883,-9.395869260555534
20min,20,relative_humidity,120,RANDOM_FOREST,1.0,3,60,2.967959196492342,2.9421274961546295,0.8703522733143167
20min,20,relative_humidity,120,RANDOM_FOREST,1.0,4,59,4.158128773884387,4.452033330278938,-7.068192746709824
20min,20,relative_humidity,240,RANDOM_FOREST,0.25,1,60,2.3204735583011487,2.424525208733804,-4.4840696443373
20min,20,relative_humidity,240,RANDOM_FOREST,0.25,2,60,4.1347001586142875,4.022118679306349,2.7228450670935596
20min,20,relative_humidity,240,RANDOM_FOREST,0.25,3,60,3.984980643107655,3.7625118941610936,5.582680792473583
20min,20,relative_humidity,240,RANDOM_FOREST,0.25,4,59,5.342562205740349,5.655651992586808,-5.860292773195183
20min,20,relative_humidity,240,RANDOM_FOREST,0.5,1,60,2.3204735583011487,2.6155361925818195,-12.715621482741234
20min,20,relative_humidity,240,RANDOM_FOREST,0.5,2,60,4.1347001586142875,3.940699143577825,4.69202137021419
20min,20,relative_humidity,240,RANDOM_FOREST,0.5,3,60,3.984980643107655,3.5708952682545716,10.391151474456402
20min,20,relative_humidity,240,RANDOM_FOREST,0.5,4,59,5.342562205740349,5.997308344857449,-12.255283399669235
20min,20,relative_humidity,240,RANDOM_FOREST,0.75,1,60,2.3204735583011487,2.8762334389847233,-23.950278541008423
20min,20,relative_humidity,240,RANDOM_FOREST,0.75,2,60,4.1347001586142875,3.8923975401999873,5.860222243914926
20min,20,relative_humidity,240,RANDOM_FOREST,0.75,3,60,3.984980643107655,3.4153275853657545,14.295001877290451
20min,20,relative_humidity,240,RANDOM_FOREST,0.75,4,59,5.342562205740349,6.362931296842848,-19.098871511615844
20min,20,relative_humidity,240,RANDOM_FOREST,1.0,1,60,2.3204735583011487,3.1895752303827494,-37.45363393487157
20min,20,relative_humidity,240,RANDOM_FOREST,1.0,2,60,4.1347001586142875,3.878451402648321,6.197517259675882
20min,20,relative_humidity,240,RANDOM_FOREST,1.0,3,60,3.984980643107655,3.3009096093737327,17.16623228564681
20min,20,relative_humidity,240,RANDOM_FOREST,1.0,4,59,5.342562205740349,6.7486266289066075,-26.318166621541693
20min,20,relative_humidity,480,RANDOM_FOREST,0.25,1,60,2.2711707576820714,2.02492924755347,10.842051805030836
20min,20,relative_humidity,480,RANDOM_FOREST,0.25,2,60,4.7960019672531455,4.49248990615138,6.328439045149076
20min,20,relative_humidity,480,RANDOM_FOREST,0.25,3,60,6.184199631419958,5.80189708170265,6.181924460765291
20min,20,relative_humidity,480,RANDOM_FOREST,0.25,4,59,5.0046710022847005,5.300202591711473,-5.905115227191928
20min,20,relative_humidity,480,RANDOM_FOREST,0.5,1,60,2.2711707576820714,2.0630015772495796,9.165721235551075
20min,20,relative_humidity,480,RANDOM_FOREST,0.5,2,60,4.7960019672531455,4.2324703924850215,11.750028015332115
20min,20,relative_humidity,480,RANDOM_FOREST,0.5,3,60,6.184199631419958,5.471475167813603,11.524926523801525
20min,20,relative_humidity,480,RANDOM_FOREST,0.5,4,59,5.0046710022847005,5.614419895433676,-12.18359594208325
20min,20,relative_humidity,480,RANDOM_FOREST,0.75,1,60,2.2711707576820714,2.371735179348767,-4.427867051675606
20min,20,relative_humidity,480,RANDOM_FOREST,0.75,2,60,4.7960019672531455,4.02438256991888,16.088804854602706
20min,20,relative_humidity,480,RANDOM_FOREST,0.75,3,60,6.184199631419958,5.202827825062848,15.86901886819873
20min,20,relative_humidity,480,RANDOM_FOREST,0.75,4,59,5.0046710022847005,5.944360486063983,-18.77624889528806
20min,20,relative_humidity,480,RANDOM_FOREST,1.0,1,60,2.2711707576820714,2.8649249933072056,-26.143090897802523
20min,20,relative_humidity,480,RANDOM_FOREST,1.0,2,60,4.7960019672531455,3.876598237409412,19.170211691349895
20min,20,relative_humidity,480,RANDOM_FOREST,1.0,3,60,6.184199631419958,5.005910540791922,19.053218861847892
20min,20,relative_humidity,480,RANDOM_FOREST,1.0,4,59,5.0046710022847005,6.287549601497947,-25.63362504003949
30min,30,temperature,60,HIST_GRADIENT_BOOSTING,0.25,1,36,0.5003911196736892,0.5167511036812525,-3.269439317434703
30min,30,temperature,60,HIST_GRADIENT_BOOSTING,0.25,2,36,0.6286854776207361,0.5990712898181018,4.710493379727718
30min,30,temperature,60,HIST_GRADIENT_BOOSTING,0.25,3,35,0.7723972847227658,0.7658797491196316,0.8438061256874423
30min,30,temperature,60,HIST_GRADIENT_BOOSTING,0.25,4,35,0.7440820910922467,0.7511824492326202,-0.9542439235368342
30min,30,temperature,60,HIST_GRADIENT_BOOSTING,0.5,1,36,0.5003911196736892,0.5389498424343491,-7.70571683722214
30min,30,temperature,60,HIST_GRADIENT_BOOSTING,0.5,2,36,0.6286854776207361,0.5737551647658887,8.737328093330785
30min,30,temperature,60,HIST_GRADIENT_BOOSTING,0.5,3,35,0.7723972847227658,0.7622224295002148,1.3173085177536643
30min,30,temperature,60,HIST_GRADIENT_BOOSTING,0.5,4,35,0.7440820910922467,0.7663908475050808,-2.9981579559436593
30min,30,temperature,60,HIST_GRADIENT_BOOSTING,0.75,1,36,0.5003911196736892,0.5663011223377007,-13.171697113048717
30min,30,temperature,60,HIST_GRADIENT_BOOSTING,0.75,2,36,0.6286854776207361,0.553327358988183,11.986616728884274
30min,30,temperature,60,HIST_GRADIENT_BOOSTING,0.75,3,35,0.7723972847227658,0.7614665397849593,1.4151713313867857
30min,30,temperature,60,HIST_GRADIENT_BOOSTING,0.75,4,35,0.7440820910922467,0.7892387063477838,-6.068767921729072
30min,30,temperature,60,HIST_GRADIENT_BOOSTING,1.0,1,36,0.5003911196736892,0.5980984773919612,-19.52619738375615
30min,30,temperature,60,HIST_GRADIENT_BOOSTING,1.0,2,36,0.6286854776207361,0.5383446308938532,14.3698001532942
30min,30,temperature,60,HIST_GRADIENT_BOOSTING,1.0,3,35,0.7723972847227658,0.7636206961889908,1.1362790506086784
30min,30,temperature,60,HIST_GRADIENT_BOOSTING,1.0,4,35,0.7440820910922467,0.8190869828101423,-10.080190427348555
30min,30,temperature,120,HIST_GRADIENT_BOOSTING,0.25,1,36,0.7613012500491594,0.7763696168280697,-1.979290954525205
30min,30,temperature,120,HIST_GRADIENT_BOOSTING,0.25,2,36,1.266935370743524,1.2807803120850003,-1.0927898660964164
30min,30,temperature,120,HIST_GRADIENT_BOOSTING,0.25,3,35,0.9843184319911328,0.9987542957321,-1.4665847221580033
30min,30,temperature,120,HIST_GRADIENT_BOOSTING,0.25,4,35,1.2131929587977555,1.187142733896045,2.1472449796877844
30min,30,temperature,120,HIST_GRADIENT_BOOSTING,0.5,1,36,0.7613012500491594,0.822546744661859,-8.044843563404733
30min,30,temperature,120,HIST_GRADIENT_BOOSTING,0.5,2,36,1.266935370743524,1.3024777586172829,-2.805382870706353
30min,30,temperature,120,HIST_GRADIENT_BOOSTING,0.5,3,35,0.9843184319911328,1.021275864179167,-3.754621572337599
30min,30,temperature,120,HIST_GRADIENT_BOOSTING,0.5,4,35,1.2131929587977555,1.1756601124074113,3.0937243839214403
30min,30,temperature,120,HIST_GRADIENT_BOOSTING,0.75,1,36,0.7613012500491594,0.895030551985006,-17.565884980119417
30min,30,temperature,120,HIST_GRADIENT_BOOSTING,0.75,2,36,1.266935370743524,1.3316439258471011,-5.107486664106765
30min,30,temperature,120,HIST_GRADIENT_BOOSTING,0.75,3,35,0.9843184319911328,1.051363646932985,-6.81133388980937
30min,30,temperature,120,HIST_GRADIENT_BOOSTING,0.75,4,35,1.2131929587977555,1.1791707438142054,2.8043531523019434
30min,30,temperature,120,HIST_GRADIENT_BOOSTING,1.0,1,36,0.7613012500491594,0.988048281933658,-29.784140229620917
30min,30,temperature,120,HIST_GRADIENT_BOOSTING,1.0,2,36,1.266935370743524,1.3678011216850525,-7.961396711367652
30min,30,temperature,120,HIST_GRADIENT_BOOSTING,1.0,3,35,0.9843184319911328,1.0883903368071997,-10.572991567936462
30min,30,temperature,120,HIST_GRADIENT_BOOSTING,1.0,4,35,1.2131929587977555,1.1975427759068957,1.2899994825529386
30min,30,temperature,240,HIST_GRADIENT_BOOSTING,0.25,1,36,0.8890191646398047,0.9432924473606262,-6.104849577996548
30min,30,temperature,240,HIST_GRADIENT_BOOSTING,0.25,2,36,1.5736105221284562,1.5611545137129375,0.791555994342922
30min,30,temperature,240,HIST_GRADIENT_BOOSTING,0.25,3,35,1.3617327780280848,1.375159675821313,-0.9860156125984963
30min,30,temperature,240,HIST_GRADIENT_BOOSTING,0.25,4,35,1.7719799056353907,1.8649215513122417,-5.245073343172272
30min,30,temperature,240,HIST_GRADIENT_BOOSTING,0.5,1,36,0.8890191646398047,1.010417895171718,-13.65535585288527
30min,30,temperature,240,HIST_GRADIENT_BOOSTING,0.5,2,36,1.5736105221284562,1.5711443061368233,0.15672340499459114
30min,30,temperature,240,HIST_GRADIENT_BOOSTING,0.5,3,35,1.3617327780280848,1.409591360091014,-3.514535512043178
30min,30,temperature,240,HIST_GRADIENT_BOOSTING,0.5,4,35,1.7719799056353907,1.9721265966434667,-11.29508807473232
30min,30,temperature,240,HIST_GRADIENT_BOOSTING,0.75,1,36,0.8890191646398047,1.0880193564472043,-22.384240939060813
30min,30,temperature,240,HIST_GRADIENT_BOOSTING,0.75,2,36,1.5736105221284562,1.6031603539300214,-1.8778364395782194
30min,30,temperature,240,HIST_GRADIENT_BOOSTING,0.75,3,35,1.3617327780280848,1.463546092226294,-7.47674696834751
30min,30,temperature,240,HIST_GRADIENT_BOOSTING,0.75,4,35,1.7719799056353907,2.091402770366018,-18.026325451816557
30min,30,temperature,240,HIST_GRADIENT_BOOSTING,1.0,1,36,0.8890191646398047,1.1740213084136233,-32.058042740764776
30min,30,temperature,240,HIST_GRADIENT_BOOSTING,1.0,2,36,1.5736105221284562,1.6559255674114397,-5.230966883193222
30min,30,temperature,240,HIST_GRADIENT_BOOSTING,1.0,3,35,1.3617327780280848,1.5349665204452647,-12.721566610744174
30min,30,temperature,240,HIST_GRADIENT_BOOSTING,1.0,4,35,1.7719799056353907,2.2208059565543334,-25.329071141921567
30min,30,temperature,480,HIST_GRADIENT_BOOSTING,0.25,1,36,0.785958645554742,0.771644018016861,1.821295257561236
30min,30,temperature,480,HIST_GRADIENT_BOOSTING,0.25,2,36,1.7478130350333279,1.7300041139520108,1.0189259791724494
30min,30,temperature,480,HIST_GRADIENT_BOOSTING,0.25,3,35,1.5811226004473216,1.5891232451097839,-0.5060103916166157
30min,30,temperature,480,HIST_GRADIENT_BOOSTING,0.25,4,35,1.5129898771205488,1.6318682553169044,-7.857182654955984
30min,30,temperature,480,HIST_GRADIENT_BOOSTING,0.5,1,36,0.785958645554742,0.8039382824094446,-2.287605964562206
30min,30,temperature,480,HIST_GRADIENT_BOOSTING,0.5,2,36,1.7478130350333279,1.746722582049021,0.06238956698740799
30min,30,temperature,480,HIST_GRADIENT_BOOSTING,0.5,3,35,1.5811226004473216,1.6249162712827177,-2.769783369297628
30min,30,temperature,480,HIST_GRADIENT_BOOSTING,0.5,4,35,1.5129898771205488,1.7749262469784135,-17.312499826923478
30min,30,temperature,480,HIST_GRADIENT_BOOSTING,0.75,1,36,0.785958645554742,0.8777116876679787,-11.674029242146181
30min,30,temperature,480,HIST_GRADIENT_BOOSTING,0.75,2,36,1.7478130350333279,1.7970050190469034,-2.814487764284095
30min,30,temperature,480,HIST_GRADIENT_BOOSTING,0.75,3,35,1.5811226004473216,1.686733315980491,-6.679476689745034
30min,30,temperature,480,HIST_GRADIENT_BOOSTING,0.75,4,35,1.5129898771205488,1.9368133381342583,-28.012313064533544
30min,30,temperature,480,HIST_GRADIENT_BOOSTING,1.0,1,36,0.785958645554742,0.9836755688629127,-25.156148408879577
30min,30,temperature,480,HIST_GRADIENT_BOOSTING,1.0,2,36,1.7478130350333279,1.8781576115465313,-7.45758121152346
30min,30,temperature,480,HIST_GRADIENT_BOOSTING,1.0,3,35,1.5811226004473216,1.7718526631257703,-12.062952147068705
30min,30,temperature,480,HIST_GRADIENT_BOOSTING,1.0,4,35,1.5129898771205488,2.1132066099642777,-39.67090209394085
30min,30,temperature,60,EXTRA_TREES,0.25,1,36,0.5003911196736892,0.5097200712960668,-1.8643319706514945
30min,30,temperature,60,EXTRA_TREES,0.25,2,36,0.6286854776207361,0.630333541940758,-0.26214448697923737
30min,30,temperature,60,EXTRA_TREES,0.25,3,35,0.7723972847227658,0.7894087955121007,-2.2024301646063953
30min,30,temperature,60,EXTRA_TREES,0.25,4,35,0.7440820910922467,0.7430372452975875,0.14042076904786024
30min,30,temperature,60,EXTRA_TREES,0.5,1,36,0.5003911196736892,0.5288951655396071,-5.696353261525853
30min,30,temperature,60,EXTRA_TREES,0.5,2,36,0.6286854776207361,0.6446953930829741,-2.546569951452923
30min,30,temperature,60,EXTRA_TREES,0.5,3,35,0.7723972847227658,0.818175015102947,-5.92670783360043
30min,30,temperature,60,EXTRA_TREES,0.5,4,35,0.7440820910922467,0.7447825517780469,-0.09413755473834802
30min,30,temperature,60,EXTRA_TREES,0.75,1,36,0.5003911196736892,0.5569002673689345,-11.29299571345222
30min,30,temperature,60,EXTRA_TREES,0.75,2,36,0.6286854776207361,0.670955108089731,-6.723494016270992
30min,30,temperature,60,EXTRA_TREES,0.75,3,35,0.7723972847227658,0.8575137854096729,-11.019782483758696
30min,30,temperature,60,EXTRA_TREES,0.75,4,35,0.7440820910922467,0.7492985138681283,-0.7010547409123082
30min,30,temperature,60,EXTRA_TREES,1.0,1,36,0.5003911196736892,0.5924845872048781,-18.40429694100968
30min,30,temperature,60,EXTRA_TREES,1.0,2,36,0.6286854776207361,0.707789654998896,-12.582472507163695
30min,30,temperature,60,EXTRA_TREES,1.0,3,35,0.7723972847227658,0.9060490367075186,-17.3034984234472
30min,30,temperature,60,EXTRA_TREES,1.0,4,35,0.7440820910922467,0.7565355168498877,-1.673662880309423
30min,30,temperature,120,EXTRA_TREES,0.25,1,36,0.7613012500491594,0.7649879519005809,-0.48426320739437145
30min,30,temperature,120,EXTRA_TREES,0.25,2,36,1.266935370743524,1.2832007792294888,-1.2838388493660222
30min,30,temperature,120,EXTRA_TREES,0.25,3,35,0.9843184319911328,1.0212523728646783,-3.7522350159423032
30min,30,temperature,120,EXTRA_TREES,0.25,4,35,1.2131929587977555,1.211244323095573,0.16062042629340356
30min,30,temperature,120,EXTRA_TREES,0.5,1,36,0.7613012500491594,0.7746544366184356,-1.7539950930612482
30min,30,temperature,120,EXTRA_TREES,0.5,2,36,1.266935370743524,1.3078021457386093,-3.2256400712138835
30min,30,temperature,120,EXTRA_TREES,0.5,3,35,0.9843184319911328,1.0697834076905526,-8.682655218244426
30min,30,temperature,120,EXTRA_TREES,0.5,4,35,1.2131929587977555,1.211832386364981,0.11214806539289815
30min,30,temperature,120,EXTRA_TREES,0.75,1,36,0.7613012500491594,0.7900812503693248,-3.780369507905965
30min,30,temperature,120,EXTRA_TREES,0.75,2,36,1.266935370743524,1.340280519664096,-5.789178407540073
30min,30,temperature,120,EXTRA_TREES,0.75,3,35,0.9843184319911328,1.1284162203824917,-14.639346750814171
30min,30,temperature,120,EXTRA_TREES,0.75,4,35,1.2131929587977555,1.2149534651631015,-0.14511346711826456
30min,30,temperature,120,EXTRA_TREES,1.0,1,36,0.7613012500491594,0.8109397169892673,-6.520213507714925
30min,30,temperature,120,EXTRA_TREES,1.0,2,36,1.266935370743524,1.3800798878299811,-8.930567391141366
30min,30,temperature,120,EXTRA_TREES,1.0,3,35,0.9843184319911328,1.1956656264351782,-21.471425056678132
30min,30,temperature,120,EXTRA_TREES,1.0,4,35,1.2131929587977555,1.2205881286648674,-0.6095625443161494
30min,30,temperature,240,EXTRA_TREES,0.25,1,36,0.8890191646398047,0.929086585418895,-4.506924301831451
30min,30,temperature,240,EXTRA_TREES,0.25,2,36,1.5736105221284562,1.584727028410319,-0.7064331437506316
30min,30,temperature,240,EXTRA_TREES,0.25,3,35,1.3617327780280848,1.4213472508691307,-4.377839309073048
30min,30,temperature,240,EXTRA_TREES,0.25,4,35,1.7719799056353907,1.8342988883233926,-3.5169124937483884
30min,30,temperature,240,EXTRA_TREES,0.5,1,36,0.8890191646398047,0.9754117137724695,-9.717737543674623
30min,30,temperature,240,EXTRA_TREES,0.5,2,36,1.5736105221284562,1.6090304620283518,-2.250870809632536
30min,30,temperature,240,EXTRA_TREES,0.5,3,35,1.3617327780280848,1.5012091258357498,-10.242563743647246
30min,30,temperature,240,EXTRA_TREES,0.5,4,35,1.7719799056353907,1.9032983225969569,-7.410829916520892
30min,30,temperature,240,EXTRA_TREES,0.75,1,36,0.8890191646398047,1.0271482169455726,-15.537241242907548
30min,30,temperature,240,EXTRA_TREES,0.75,2,36,1.5736105221284562,1.6459367833657255,-4.596198374388168
30min,30,temperature,240,EXTRA_TREES,0.75,3,35,1.3617327780280848,1.5982861616662967,-17.371498098236504
30min,30,temperature,240,EXTRA_TREES,0.75,4,35,1.7719799056353907,1.9782793193236072,-11.64231112509385
30min,30,temperature,240,EXTRA_TREES,1.0,1,36,0.8890191646398047,1.0835212170673487,-21.878274413392266
30min,30,temperature,240,EXTRA_TREES,1.0,2,36,1.5736105221284562,1.6946227768673516,-7.690102032059049
30min,30,temperature,240,EXTRA_TREES,1.0,3,35,1.3617327780280848,1.7096483418520843,-25.549474128676952
30min,30,temperature,240,EXTRA_TREES,1.0,4,35,1.7719799056353907,2.058588373884806,-16.174476208106
30min,30,temperature,480,EXTRA_TREES,0.25,1,36,0.785958645554742,0.7515842625705919,4.37356127813674
30min,30,temperature,480,EXTRA_TREES,0.25,2,36,1.7478130350333279,1.7432303193744867,0.2621971324726834
30min,30,temperature,480,EXTRA_TREES,0.25,3,35,1.5811226004473216,1.6016833476233838,-1.3003891773000618
30min,30,temperature,480,EXTRA_TREES,0.25,4,35,1.5129898771205488,1.699403812997482,-12.320897759852
30min,30,temperature,480,EXTRA_TREES,0.5,1,36,0.785958645554742,0.734232359647346,6.5812986726403135
30min,30,temperature,480,EXTRA_TREES,0.5,2,36,1.7478130350333279,1.7566316871938836,-0.5045535182421623
30min,30,temperature,480,EXTRA_TREES,0.5,3,35,1.5811226004473216,1.661025960889103,-5.053584106581969
30min,30,temperature,480,EXTRA_TREES,0.5,4,35,1.5129898771205488,1.900185502944493,-25.59142210262746
30min,30,temperature,480,EXTRA_TREES,0.75,1,36,0.785958645554742,0.7351093491112972,6.469716534201948
30min,30,temperature,480,EXTRA_TREES,0.75,2,36,1.7478130350333279,1.7876127152249404,-2.27711313474977
30min,30,temperature,480,EXTRA_TREES,0.75,3,35,1.5811226004473216,1.7552212873953703,-11.011080791508123
30min,30,temperature,480,EXTRA_TREES,0.75,4,35,1.5129898771205488,2.1112397415214024,-39.540903309902816
30min,30,temperature,480,EXTRA_TREES,1.0,1,36,0.785958645554742,0.7541516394839672,4.046905807407324
30min,30,temperature,480,EXTRA_TREES,1.0,2,36,1.7478130350333279,1.8352833437720812,-5.004557523344336
30min,30,temperature,480,EXTRA_TREES,1.0,3,35,1.5811226004473216,1.8790351569326544,-18.841837843633964
30min,30,temperature,480,EXTRA_TREES,1.0,4,35,1.5129898771205488,2.3297764316275504,-53.984931879482986
30min,30,temperature,60,XGBOOST,0.25,1,36,0.5003911196736892,0.5409166453125538,-8.09876995125168
30min,30,temperature,60,XGBOOST,0.25,2,36,0.6286854776207361,0.6033025972339306,4.0374529538788035
30min,30,temperature,60,XGBOOST,0.25,3,35,0.7723972847227658,0.8128308507862766,-5.234814630145093
30min,30,temperature,60,XGBOOST,0.25,4,35,0.7440820910922467,0.7703079320749344,-3.524589732322485
30min,30,temperature,60,XGBOOST,0.5,1,36,0.5003911196736892,0.6003935890885608,-19.984860938396412
30min,30,temperature,60,XGBOOST,0.5,2,36,0.6286854776207361,0.6247844545877773,0.6205047152866089
30min,30,temperature,60,XGBOOST,0.5,3,35,0.7723972847227658,0.8791064373086437,-13.815319486030903
30min,30,temperature,60,XGBOOST,0.5,4,35,0.7440820910922467,0.8227361045441303,-10.570609667063279
30min,30,temperature,60,XGBOOST,0.75,1,36,0.5003911196736892,0.6738220882218525,-34.65908201193891
30min,30,temperature,60,XGBOOST,0.75,2,36,0.6286854776207361,0.688759901828811,-9.555560983439106
30min,30,temperature,60,XGBOOST,0.75,3,35,0.7723972847227658,0.9659192377366562,-25.05471689783978
30min,30,temperature,60,XGBOOST,0.75,4,35,0.7440820910922467,0.8967827612041143,-20.522019269099264
30min,30,temperature,60,XGBOOST,1.0,1,36,0.5003911196736892,0.7571539152954504,-51.312420530004445
30min,30,temperature,60,XGBOOST,1.0,2,36,0.6286854776207361,0.7849062280599303,-24.848792599824716
30min,30,temperature,60,XGBOOST,1.0,3,35,0.7723972847227658,1.0682740889522422,-38.30629781870279
30min,30,temperature,60,XGBOOST,1.0,4,35,0.7440820910922467,0.9875971746794528,-32.726910982328256
30min,30,temperature,120,XGBOOST,0.25,1,36,0.7613012500491594,0.7714632392148281,-1.334818400076513
30min,30,temperature,120,XGBOOST,0.25,2,36,1.266935370743524,1.26924612309221,-0.1823891259212334
30min,30,temperature,120,XGBOOST,0.25,3,35,0.9843184319911328,0.9718302224446742,1.2687164174297483
30min,30,temperature,120,XGBOOST,0.25,4,35,1.2131929587977555,1.2282455316153513,-1.2407402061179615
30min,30,temperature,120,XGBOOST,0.5,1,36,0.7613012500491594,0.7920390388295481,-4.0375329448630035
30min,30,temperature,120,XGBOOST,0.5,2,36,1.266935370743524,1.275881208899603,-0.7061005922369141
30min,30,temperature,120,XGBOOST,0.5,3,35,0.9843184319911328,0.9742974945293685,1.0180584997776938
30min,30,temperature,120,XGBOOST,0.5,4,35,1.2131929587977555,1.261449290251523,-3.977630359937834
30min,30,temperature,120,XGBOOST,0.75,1,36,0.7613012500491594,0.8222472389962829,-8.005502282202755
30min,30,temperature,120,XGBOOST,0.75,2,36,1.266935370743524,1.2867737362708913,-1.5658545799163204
30min,30,temperature,120,XGBOOST,0.75,3,35,0.9843184319911328,0.9916086200338838,-0.7406330924845193
30min,30,temperature,120,XGBOOST,0.75,4,35,1.2131929587977555,1.3114262591184582,-8.09708790414095
30min,30,temperature,120,XGBOOST,1.0,1,36,0.7613012500491594,0.8610746648698725,-13.105641796105084
30min,30,temperature,120,XGBOOST,1.0,2,36,1.266935370743524,1.301816841335569,-2.753216256925105
30min,30,temperature,120,XGBOOST,1.0,3,35,0.9843184319911328,1.0230103243343927,-3.930830825243393
30min,30,temperature,120,XGBOOST,1.0,4,35,1.2131929587977555,1.3763504821160797,-13.448604538556614
30min,30,temperature,240,XGBOOST,0.25,1,36,0.8890191646398047,0.9035809096187217,-1.6379562509000454
30min,30,temperature,240,XGBOOST,0.25,2,36,1.5736105221284562,1.5319908322631375,2.6448533026472254
30min,30,temperature,240,XGBOOST,0.25,3,35,1.3617327780280848,1.374300838244553,-0.9229461476772178
30min,30,temperature,240,XGBOOST,0.25,4,35,1.7719799056353907,1.8226075921024114,-2.857125315361116
30min,30,temperature,240,XGBOOST,0.5,1,36,0.8890191646398047,0.935741548153561,-5.255497898370549
30min,30,temperature,240,XGBOOST,0.5,2,36,1.5736105221284562,1.511353282144512,3.9563309413904726
30min,30,temperature,240,XGBOOST,0.5,3,35,1.3617327780280848,1.4046216956345658,-3.1495839931670138
30min,30,temperature,240,XGBOOST,0.5,4,35,1.7719799056353907,1.878243766137412,-5.996899861227132
30min,30,temperature,240,XGBOOST,0.75,1,36,0.8890191646398047,0.9837766155165184,-10.658651089384072
30min,30,temperature,240,XGBOOST,0.75,2,36,1.5736105221284562,1.512556965963747,3.879839090178968
30min,30,temperature,240,XGBOOST,0.75,3,35,1.3617327780280848,1.4515833080808729,-6.5982497816421795
30min,30,temperature,240,XGBOOST,0.75,4,35,1.7719799056353907,1.938457225916968,-9.394989172965953
30min,30,temperature,240,XGBOOST,1.0,1,36,0.8890191646398047,1.0455003649527503,-17.6015553473862
30min,30,temperature,240,XGBOOST,1.0,2,36,1.5736105221284562,1.5355505220108203,2.418641689441435
30min,30,temperature,240,XGBOOST,1.0,3,35,1.3617327780280848,1.5136375957787065,-11.155258961350256
30min,30,temperature,240,XGBOOST,1.0,4,35,1.7719799056353907,2.0028351778956552,-13.028097639599657
30min,30,temperature,480,XGBOOST,0.25,1,36,0.785958645554742,0.7725820504357963,1.701946431227857
30min,30,temperature,480,XGBOOST,0.25,2,36,1.7478130350333279,1.7020571883389677,2.6178913749483326
30min,30,temperature,480,XGBOOST,0.25,3,35,1.5811226004473216,1.5797132656566009,0.08913507341694914
30min,30,temperature,480,XGBOOST,0.25,4,35,1.5129898771205488,1.8101637264062063,-19.64149620427235
30min,30,temperature,480,XGBOOST,0.5,1,36,0.785958645554742,0.8398004343703335,-6.8504607869780525
30min,30,temperature,480,XGBOOST,0.5,2,36,1.7478130350333279,1.6784023835372426,3.9712858357737177
30min,30,temperature,480,XGBOOST,0.5,3,35,1.5811226004473216,1.6308624645457426,-3.1458575118936962
30min,30,temperature,480,XGBOOST,0.5,4,35,1.5129898771205488,2.1323372571378543,-40.93532874099715
30min,30,temperature,480,XGBOOST,0.75,1,36,0.785958645554742,0.971018139511981,-23.545703708955454
30min,30,temperature,480,XGBOOST,0.75,2,36,1.7478130350333279,1.677783678396547,4.0066846529408995
30min,30,temperature,480,XGBOOST,0.75,3,35,1.5811226004473216,1.7299143930737193,-9.410515831239302
30min,30,temperature,480,XGBOOST,0.75,4,35,1.5129898771205488,2.4697462933697083,-63.236141280073426
30min,30,temperature,480,XGBOOST,1.0,1,36,0.785958645554742,1.1444288521938377,-45.609296197267696
30min,30,temperature,480,XGBOOST,1.0,2,36,1.7478130350333279,1.700226221320976,2.7226489766649697
30min,30,temperature,480,XGBOOST,1.0,3,35,1.5811226004473216,1.869269453286402,-18.224194174288556
30min,30,temperature,480,XGBOOST,1.0,4,35,1.5129898771205488,2.8169214477337627,-86.18243851669354
30min,30,temperature,60,RANDOM_FOREST,0.25,1,36,0.5003911196736892,0.507168009673419,-1.3543185986492117
30min,30,temperature,60,RANDOM_FOREST,0.25,2,36,0.6286854776207361,0.6289476422206814,-0.04170043833961113
30min,30,temperature,60,RANDOM_FOREST,0.25,3,35,0.7723972847227658,0.7871780812043394,-1.913626157668178
30min,30,temperature,60,RANDOM_FOREST,0.25,4,35,0.7440820910922467,0.7506675247072997,-0.8850412735221465
30min,30,temperature,60,RANDOM_FOREST,0.5,1,36,0.5003911196736892,0.5226769129684925,-4.453674819276592
30min,30,temperature,60,RANDOM_FOREST,0.5,2,36,0.6286854776207361,0.6391606900640012,-1.6662087508222085
30min,30,temperature,60,RANDOM_FOREST,0.5,3,35,0.7723972847227658,0.8154368547532445,-5.572206283185823
30min,30,temperature,60,RANDOM_FOREST,0.5,4,35,0.7440820910922467,0.7622713296927869,-2.4445204122357027
30min,30,temperature,60,RANDOM_FOREST,0.75,1,36,0.5003911196736892,0.5461744854813487,-9.149516050068069
30min,30,temperature,60,RANDOM_FOREST,0.75,2,36,0.6286854776207361,0.6588620363745515,-4.799945255299802
30min,30,temperature,60,RANDOM_FOREST,0.75,3,35,0.7723972847227658,0.8558395662336832,-10.803026261396951
30min,30,temperature,60,RANDOM_FOREST,0.75,4,35,0.7440820910922467,0.7786691855650154,-4.648290139868568
30min,30,temperature,60,RANDOM_FOREST,1.0,1,36,0.5003911196736892,0.5766850351428637,-15.24685640283278
30min,30,temperature,60,RANDOM_FOREST,1.0,2,36,0.6286854776207361,0.6872361474868351,-9.313189496230194
30min,30,temperature,60,RANDOM_FOREST,1.0,3,35,0.7723972847227658,0.9067643732812449,-17.396110941367056
30min,30,temperature,60,RANDOM_FOREST,1.0,4,35,0.7440820910922467,0.7995661911816997,-7.456717579105726
30min,30,temperature,120,RANDOM_FOREST,0.25,1,36,0.7613012500491594,0.7622949098381874,-0.13052123439490296
30min,30,temperature,120,RANDOM_FOREST,0.25,2,36,1.266935370743524,1.27466434813447,-0.6100530121287893
30min,30,temperature,120,RANDOM_FOREST,0.25,3,35,0.9843184319911328,1.0025528724966428,-1.8524940621729926
30min,30,temperature,120,RANDOM_FOREST,0.25,4,35,1.2131929587977555,1.217935740076496,-0.3909337953494715
30min,30,temperature,120,RANDOM_FOREST,0.5,1,36,0.7613012500491594,0.764877707172274,-0.46978211619692795
30min,30,temperature,120,RANDOM_FOREST,0.5,2,36,1.266935370743524,1.2861676186926068,-1.5180133409485554
30min,30,temperature,120,RANDOM_FOREST,0.5,3,35,0.9843184319911328,1.028838685426451,-4.522952328065249
30min,30,temperature,120,RANDOM_FOREST,0.5,4,35,1.2131929587977555,1.2238638610388866,-0.8795717254826223
30min,30,temperature,120,RANDOM_FOREST,0.75,1,36,0.7613012500491594,0.7690336308758714,-1.0156795127044274
30min,30,temperature,120,RANDOM_FOREST,0.75,2,36,1.266935370743524,1.3013450974073115,-2.715981214068838
30min,30,temperature,120,RANDOM_FOREST,0.75,3,35,0.9843184319911328,1.0625785199192384,-7.950688048154987
30min,30,temperature,120,RANDOM_FOREST,0.75,4,35,1.2131929587977555,1.2309601965459485,-1.4645022145364162
30min,30,temperature,120,RANDOM_FOREST,1.0,1,36,0.7613012500491594,0.7747373651969056,-1.7648880974356238
30min,30,temperature,120,RANDOM_FOREST,1.0,2,36,1.266935370743524,1.320070057960173,-4.193954044038243
30min,30,temperature,120,RANDOM_FOREST,1.0,3,35,0.9843184319911328,1.1030886062517657,-12.066234909406116
30min,30,temperature,120,RANDOM_FOREST,1.0,4,35,1.2131929587977555,1.2392046773338001,-2.144071010915003
30min,30,temperature,240,RANDOM_FOREST,0.25,1,36,0.8890191646398047,0.9347580499775522,-5.144870567135534
30min,30,temperature,240,RANDOM_FOREST,0.25,2,36,1.5736105221284562,1.551154833917501,1.4270169076260242
30min,30,temperature,240,RANDOM_FOREST,0.25,3,35,1.3617327780280848,1.3758211404977227,-1.0345908313993304
30min,30,temperature,240,RANDOM_FOREST,0.25,4,35,1.7719799056353907,1.8545463150690231,-4.659556757446755
30min,30,temperature,240,RANDOM_FOREST,0.5,1,36,0.8890191646398047,0.9838326982623188,-10.664959473728418
30min,30,temperature,240,RANDOM_FOREST,0.5,2,36,1.5736105221284562,1.5349016888137732,2.459873823309574
30min,30,temperature,240,RANDOM_FOREST,0.5,3,35,1.3617327780280848,1.4077370649970782,-3.3783637811532934
30min,30,temperature,240,RANDOM_FOREST,0.5,4,35,1.7719799056353907,1.941800284546385,-9.583651505918224
30min,30,temperature,240,RANDOM_FOREST,0.75,1,36,0.8890191646398047,1.0357690734974143,-16.506945484922912
30min,30,temperature,240,RANDOM_FOREST,0.75,2,36,1.5736105221284562,1.5250494096804286,3.0859677007207704
30min,30,temperature,240,RANDOM_FOREST,0.75,3,35,1.3617327780280848,1.456308916176263,-6.945278814917948
30min,30,temperature,240,RANDOM_FOREST,0.75,4,35,1.7719799056353907,2.0331383910006227,-14.738230638771645
30min,30,temperature,240,RANDOM_FOREST,1.0,1,36,0.8890191646398047,1.0901582446271585,-22.624830598432307
30min,30,temperature,240,RANDOM_FOREST,1.0,2,36,1.5736105221284562,1.5217223274025333,3.297397545088807
30min,30,temperature,240,RANDOM_FOREST,1.0,3,35,1.3617327780280848,1.5199407409975354,-11.618135769526706
30min,30,temperature,240,RANDOM_FOREST,1.0,4,35,1.7719799056353907,2.1280348094955173,-20.093619726034852
30min,30,temperature,480,RANDOM_FOREST,0.25,1,36,0.785958645554742,0.7557912448408496,3.8382936410858903
30min,30,temperature,480,RANDOM_FOREST,0.25,2,36,1.7478130350333279,1.7154139075001316,1.8536952685318826
30min,30,temperature,480,RANDOM_FOREST,0.25,3,35,1.5811226004473216,1.576681074476187,0.2809096505152728
30min,30,temperature,480,RANDOM_FOREST,0.25,4,35,1.5129898771205488,1.705752708854519,-12.740523558612793
30min,30,temperature,480,RANDOM_FOREST,0.5,1,36,0.785958645554742,0.7508736318556342,4.463977067692197
30min,30,temperature,480,RANDOM_FOREST,0.5,2,36,1.7478130350333279,1.6950120896921301,3.0209721682382864
30min,30,temperature,480,RANDOM_FOREST,0.5,3,35,1.5811226004473216,1.6099433012367366,-1.8227998753076602
30min,30,temperature,480,RANDOM_FOREST,0.5,4,35,1.5129898771205488,1.912693667327117,-26.418140415272692
30min,30,temperature,480,RANDOM_FOREST,0.75,1,36,0.785958645554742,0.7716886731293999,1.8156136466022512
30min,30,temperature,480,RANDOM_FOREST,0.75,2,36,1.7478130350333279,1.6870428968776243,3.476924415690992
30min,30,temperature,480,RANDOM_FOREST,0.75,3,35,1.5811226004473216,1.6786695164332601,-6.1694719915040865
30min,30,temperature,480,RANDOM_FOREST,0.75,4,35,1.5129898771205488,2.1296836976592153,-40.75994359673636
30min,30,temperature,480,RANDOM_FOREST,1.0,1,36,0.785958645554742,0.8162701742918892,-3.856631504543448
30min,30,temperature,480,RANDOM_FOREST,1.0,2,36,1.7478130350333279,1.691682041387555,3.2114987427532524
30min,30,temperature,480,RANDOM_FOREST,1.0,3,35,1.5811226004473216,1.7787537623929524,-12.49942046807238
30min,30,temperature,480,RANDOM_FOREST,1.0,4,35,1.5129898771205488,2.35394542521509,-55.58236448316551
30min,30,relative_humidity,60,HIST_GRADIENT_BOOSTING,0.25,1,36,1.402424710332606,1.455898478153808,-3.8129510573526586
30min,30,relative_humidity,60,HIST_GRADIENT_BOOSTING,0.25,2,36,1.8117324752864383,1.824769963437907,-0.7196144204131196
30min,30,relative_humidity,60,HIST_GRADIENT_BOOSTING,0.25,3,35,2.180140948574704,2.208207056291083,-1.2873528995787125
30min,30,relative_humidity,60,HIST_GRADIENT_BOOSTING,0.25,4,35,2.2778032770030885,2.3013568653220844,-1.0340483990340648
30min,30,relative_humidity,60,HIST_GRADIENT_BOOSTING,0.5,1,36,1.402424710332606,1.5255294156988912,-8.777990323422719
30min,30,relative_humidity,60,HIST_GRADIENT_BOOSTING,0.5,2,36,1.8117324752864383,1.8736010075423866,-3.414882334996325
30min,30,relative_humidity,60,HIST_GRADIENT_BOOSTING,0.5,3,35,2.180140948574704,2.2551112391890595,-3.4387818211188823
30min,30,relative_humidity,60,HIST_GRADIENT_BOOSTING,0.5,4,35,2.2778032770030885,2.355287538933905,-3.4017100033661793
30min,30,relative_humidity,60,HIST_GRADIENT_BOOSTING,0.75,1,36,1.402424710332606,1.609221528120838,-14.74566272717678
30min,30,relative_humidity,60,HIST_GRADIENT_BOOSTING,0.75,2,36,1.8117324752864383,1.9555460899716803,-7.937905659195341
30min,30,relative_humidity,60,HIST_GRADIENT_BOOSTING,0.75,3,35,2.180140948574704,2.3197110700777905,-6.4018852356464615
30min,30,relative_humidity,60,HIST_GRADIENT_BOOSTING,0.75,4,35,2.2778032770030885,2.437579881194201,-7.014504097181346
30min,30,relative_humidity,60,HIST_GRADIENT_BOOSTING,1.0,1,36,1.402424710332606,1.7049053240298928,-21.568403028605296
30min,30,relative_humidity,60,HIST_GRADIENT_BOOSTING,1.0,2,36,1.8117324752864383,2.066669964722045,-14.071475392375499
30min,30,relative_humidity,60,HIST_GRADIENT_BOOSTING,1.0,3,35,2.180140948574704,2.4005783982256537,-10.111155877103437
30min,30,relative_humidity,60,HIST_GRADIENT_BOOSTING,1.0,4,35,2.2778032770030885,2.545484684691955,-11.751735120912453
30min,30,relative_humidity,120,HIST_GRADIENT_BOOSTING,0.25,1,36,2.1010503035040564,2.052791285527448,2.2968996932688293
30min,30,relative_humidity,120,HIST_GRADIENT_BOOSTING,0.25,2,36,3.5820539399232953,3.6240392782099784,-1.1721023466101717
30min,30,relative_humidity,120,HIST_GRADIENT_BOOSTING,0.25,3,35,2.9273175801344413,3.0208394708730406,-3.1947982471483045
30min,30,relative_humidity,120,HIST_GRADIENT_BOOSTING,0.25,4,35,3.6263395098584286,3.6345748374283104,-0.22709753313206418
30min,30,relative_humidity,120,HIST_GRADIENT_BOOSTING,0.5,1,36,2.1010503035040564,2.0679295915298237,1.5763883386797157
30min,30,relative_humidity,120,HIST_GRADIENT_BOOSTING,0.5,2,36,3.5820539399232953,3.704990043066389,-3.4320003329075015
30min,30,relative_humidity,120,HIST_GRADIENT_BOOSTING,0.5,3,35,2.9273175801344413,3.153087449931103,-7.712517129292567
30min,30,relative_humidity,120,HIST_GRADIENT_BOOSTING,0.5,4,35,3.6263395098584286,3.6826756007977774,-1.5535250018978015
30min,30,relative_humidity,120,HIST_GRADIENT_BOOSTING,0.75,1,36,2.1010503035040564,2.1451234413469766,-2.0976717106399887
30min,30,relative_humidity,120,HIST_GRADIENT_BOOSTING,0.75,2,36,3.5820539399232953,3.822431427266836,-6.710604903640508
30min,30,relative_humidity,120,HIST_GRADIENT_BOOSTING,0.75,3,35,2.9273175801344413,3.31943614027288,-13.395149292972514
30min,30,relative_humidity,120,HIST_GRADIENT_BOOSTING,0.75,4,35,3.6263395098584286,3.7691158427797076,-3.9372025849519248
30min,30,relative_humidity,120,HIST_GRADIENT_BOOSTING,1.0,1,36,2.1010503035040564,2.278073179512066,-8.42544682118164
30min,30,relative_humidity,120,HIST_GRADIENT_BOOSTING,1.0,2,36,3.5820539399232953,3.973128877952107,-10.91761722709251
30min,30,relative_humidity,120,HIST_GRADIENT_BOOSTING,1.0,3,35,2.9273175801344413,3.515047450048798,-20.07742084093808
30min,30,relative_humidity,120,HIST_GRADIENT_BOOSTING,1.0,4,35,3.6263395098584286,3.8913414416640664,-7.307697778578471
30min,30,relative_humidity,240,HIST_GRADIENT_BOOSTING,0.25,1,36,2.343338730855965,2.339062089562987,0.18250205301798708
30min,30,relative_humidity,240,HIST_GRADIENT_BOOSTING,0.25,2,36,4.026496401453593,4.003880780449185,0.561669966878489
30min,30,relative_humidity,240,HIST_GRADIENT_BOOSTING,0.25,3,35,4.35649211152868,4.16937768631916,4.295070906116306
30min,30,relative_humidity,240,HIST_GRADIENT_BOOSTING,0.25,4,35,5.913097229507807,6.255076819392717,-5.7834257853625
30min,30,relative_humidity,240,HIST_GRADIENT_BOOSTING,0.5,1,36,2.343338730855965,2.391333295460574,-2.0481274846286577
30min,30,relative_humidity,240,HIST_GRADIENT_BOOSTING,0.5,2,36,4.026496401453593,4.023973030365412,0.06266915046216674
30min,30,relative_humidity,240,HIST_GRADIENT_BOOSTING,0.5,3,35,4.35649211152868,4.026878535055029,7.566031752964446
30min,30,relative_humidity,240,HIST_GRADIENT_BOOSTING,0.5,4,35,5.913097229507807,6.635590254694123,-12.218520973761409
30min,30,relative_humidity,240,HIST_GRADIENT_BOOSTING,0.75,1,36,2.343338730855965,2.496603056349231,-6.540425567808647
30min,30,relative_humidity,240,HIST_GRADIENT_BOOSTING,0.75,2,36,4.026496401453593,4.0861431945163345,-1.4813571680135778
30min,30,relative_humidity,240,HIST_GRADIENT_BOOSTING,0.75,3,35,4.35649211152868,3.93384606365629,9.701522166284485
30min,30,relative_humidity,240,HIST_GRADIENT_BOOSTING,0.75,4,35,5.913097229507807,7.048399455243397,-19.199789580156956
30min,30,relative_humidity,240,HIST_GRADIENT_BOOSTING,1.0,1,36,2.343338730855965,2.6485594446439658,-13.025036020998606
30min,30,relative_humidity,240,HIST_GRADIENT_BOOSTING,1.0,2,36,4.026496401453593,4.188518004617176,-4.023885457965202
30min,30,relative_humidity,240,HIST_GRADIENT_BOOSTING,1.0,3,35,4.35649211152868,3.893827505237946,10.620118077716114
30min,30,relative_humidity,240,HIST_GRADIENT_BOOSTING,1.0,4,35,5.913097229507807,7.488165100607458,-26.63693509451655
30min,30,relative_humidity,480,HIST_GRADIENT_BOOSTING,0.25,1,36,2.228145035101027,2.0628560514180667,7.418232703844877
30min,30,relative_humidity,480,HIST_GRADIENT_BOOSTING,0.25,2,36,4.32308434059787,4.159610208759916,3.781423607741731
30min,30,relative_humidity,480,HIST_GRADIENT_BOOSTING,0.25,3,35,6.2804515820538125,6.1786479384235875,1.620960567885367
30min,30,relative_humidity,480,HIST_GRADIENT_BOOSTING,0.25,4,35,5.2244555490399485,5.482126138390864,-4.9320084539386215
30min,30,relative_humidity,480,HIST_GRADIENT_BOOSTING,0.5,1,36,2.228145035101027,2.0240405693640717,9.160286360250375
30min,30,relative_humidity,480,HIST_GRADIENT_BOOSTING,0.5,2,36,4.32308434059787,4.05411417531682,6.221719126669916
30min,30,relative_humidity,480,HIST_GRADIENT_BOOSTING,0.5,3,35,6.2804515820538125,6.111564072016064,2.6890981935174745
30min,30,relative_humidity,480,HIST_GRADIENT_BOOSTING,0.5,4,35,5.2244555490399485,5.780082709933018,-10.63512084039403
30min,30,relative_humidity,480,HIST_GRADIENT_BOOSTING,0.75,1,36,2.228145035101027,2.1186613014174425,4.913671774450734
30min,30,relative_humidity,480,HIST_GRADIENT_BOOSTING,0.75,2,36,4.32308434059787,4.011173417963594,7.2150089625857134
30min,30,relative_humidity,480,HIST_GRADIENT_BOOSTING,0.75,3,35,6.2804515820538125,6.080349270612408,3.1861134319256648
30min,30,relative_humidity,480,HIST_GRADIENT_BOOSTING,0.75,4,35,5.2244555490399485,6.112436763943592,-16.99662685553559
30min,30,relative_humidity,480,HIST_GRADIENT_BOOSTING,1.0,1,36,2.228145035101027,2.3305217312758075,-4.594705217209463
30min,30,relative_humidity,480,HIST_GRADIENT_BOOSTING,1.0,2,36,4.32308434059787,4.032786681221635,6.715058890941902
30min,30,relative_humidity,480,HIST_GRADIENT_BOOSTING,1.0,3,35,6.2804515820538125,6.085555511686979,3.1032174648673743
30min,30,relative_humidity,480,HIST_GRADIENT_BOOSTING,1.0,4,35,5.2244555490399485,6.4738928146715615,-23.915166927991397
30min,30,relative_humidity,60,EXTRA_TREES,0.25,1,36,1.402424710332606,1.4074789482967296,-0.36039282015538243
30min,30,relative_humidity,60,EXTRA_TREES,0.25,2,36,1.8117324752864383,1.8089424019142628,0.15400029586235686
30min,30,relative_humidity,60,EXTRA_TREES,0.25,3,35,2.180140948574704,2.266175699289975,-3.9462930491497517
30min,30,relative_humidity,60,EXTRA_TREES,0.25,4,35,2.2778032770030885,2.2814248667897927,-0.1589948448695347
30min,30,relative_humidity,60,EXTRA_TREES,0.5,1,36,1.402424710332606,1.4350044751120654,-2.3231025907788427
30min,30,relative_humidity,60,EXTRA_TREES,0.5,2,36,1.8117324752864383,1.8248529171441914,-0.7241931155248904
30min,30,relative_humidity,60,EXTRA_TREES,0.5,3,35,2.180140948574704,2.3752328617028415,-8.948591753009438
30min,30,relative_humidity,60,EXTRA_TREES,0.5,4,35,2.2778032770030885,2.3133885243372556,-1.562261662077628
30min,30,relative_humidity,60,EXTRA_TREES,0.75,1,36,1.402424710332606,1.4837512019307928,-5.798991632064087
30min,30,relative_humidity,60,EXTRA_TREES,0.75,2,36,1.8117324752864383,1.858983923896731,-2.608080897971544
30min,30,relative_humidity,60,EXTRA_TREES,0.75,3,35,2.180140948574704,2.5043065102806747,-14.869018533774087
30min,30,relative_humidity,60,EXTRA_TREES,0.75,4,35,2.2778032770030885,2.37254902876873,-4.159523024758249
30min,30,relative_humidity,60,EXTRA_TREES,1.0,1,36,1.402424710332606,1.5517204473798445,-10.645543817595087
30min,30,relative_humidity,60,EXTRA_TREES,1.0,2,36,1.8117324752864383,1.9103590745547856,-5.443772776262358
30min,30,relative_humidity,60,EXTRA_TREES,1.0,3,35,2.180140948574704,2.6504739482620336,-21.573513400352223
30min,30,relative_humidity,60,EXTRA_TREES,1.0,4,35,2.2778032770030885,2.4569425534463045,-7.864563118853268
30min,30,relative_humidity,120,EXTRA_TREES,0.25,1,36,2.1010503035040564,2.0898140432514385,0.5347925384689025
30min,30,relative_humidity,120,EXTRA_TREES,0.25,2,36,3.5820539399232953,3.611850841272176,-0.8318384326037993
30min,30,relative_humidity,120,EXTRA_TREES,0.25,3,35,2.9273175801344413,2.9756944859397003,-1.652601895112358
30min,30,relative_humidity,120,EXTRA_TREES,0.25,4,35,3.6263395098584286,3.627301014493617,-0.02651446817306005
30min,30,relative_humidity,120,EXTRA_TREES,0.5,1,36,2.1010503035040564,2.1129133463339826,-0.5646244076184883
30min,30,relative_humidity,120,EXTRA_TREES,0.5,2,36,3.5820539399232953,3.665170306212905,-2.3203549606902216
30min,30,relative_humidity,120,EXTRA_TREES,0.5,3,35,2.9273175801344413,3.0452449021161465,-4.028511384688545
30min,30,relative_humidity,120,EXTRA_TREES,0.5,4,35,3.6263395098584286,3.6472423706519463,-0.5764176447542226
30min,30,relative_humidity,120,EXTRA_TREES,0.75,1,36,2.1010503035040564,2.1692516218941753,-3.246058329797015
30min,30,relative_humidity,120,EXTRA_TREES,0.75,2,36,3.5820539399232953,3.7410066894298413,-4.437475040086908
30min,30,relative_humidity,120,EXTRA_TREES,0.75,3,35,2.9273175801344413,3.1345597355292987,-7.079592484302282
30min,30,relative_humidity,120,EXTRA_TREES,0.75,4,35,3.6263395098584286,3.6858555346564335,-1.6412149120678547
30min,30,relative_humidity,120,EXTRA_TREES,1.0,1,36,2.1010503035040564,2.2563404231838873,-7.391071000101404
30min,30,relative_humidity,120,EXTRA_TREES,1.0,2,36,3.5820539399232953,3.8380254728233103,-7.14594300345729
30min,30,relative_humidity,120,EXTRA_TREES,1.0,3,35,2.9273175801344413,3.242005912835956,-10.75005782895145
30min,30,relative_humidity,120,EXTRA_TREES,1.0,4,35,3.6263395098584286,3.7425626228538027,-3.204970540662682
30min,30,relative_humidity,240,EXTRA_TREES,0.25,1,36,2.343338730855965,2.4348884935892374,-3.9068087565740757
30min,30,relative_humidity,240,EXTRA_TREES,0.25,2,36,4.026496401453593,3.849953626154167,4.384525843254021
30min,30,relative_humidity,240,EXTRA_TREES,0.25,3,35,4.35649211152868,4.260403371678344,2.205644757075398
30min,30,relative_humidity,240,EXTRA_TREES,0.25,4,35,5.913097229507807,6.0052369346404895,-1.558230848511719
30min,30,relative_humidity,240,EXTRA_TREES,0.5,1,36,2.343338730855965,2.6028443478980785,-11.074182900878467
30min,30,relative_humidity,240,EXTRA_TREES,0.5,2,36,4.026496401453593,3.705469258453707,7.972865513650853
30min,30,relative_humidity,240,EXTRA_TREES,0.5,3,35,4.35649211152868,4.184047895955365,3.9583272770533053
30min,30,relative_humidity,240,EXTRA_TREES,0.5,4,35,5.913097229507807,6.107905291541778,-3.2945181598203876
30min,30,relative_humidity,240,EXTRA_TREES,0.75,1,36,2.343338730855965,2.8336525152256717,-20.923726387205114
30min,30,relative_humidity,240,EXTRA_TREES,0.75,2,36,4.026496401453593,3.5969086416452485,10.669021327158276
30min,30,relative_humidity,240,EXTRA_TREES,0.75,3,35,4.35649211152868,4.128520708017894,5.232912115403587
30min,30,relative_humidity,240,EXTRA_TREES,0.75,4,35,5.913097229507807,6.2205810077061265,-5.200046037868276
30min,30,relative_humidity,240,EXTRA_TREES,1.0,1,36,2.343338730855965,3.113365640138123,-32.860247609225745
30min,30,relative_humidity,240,EXTRA_TREES,1.0,2,36,4.026496401453593,3.5275899671770286,12.39058438240391
30min,30,relative_humidity,240,EXTRA_TREES,1.0,3,35,4.35649211152868,4.094669243304075,6.009947028980888
30min,30,relative_humidity,240,EXTRA_TREES,1.0,4,35,5.913097229507807,6.3427307770502654,-7.265795417644775
30min,30,relative_humidity,480,EXTRA_TREES,0.25,1,36,2.228145035101027,2.0512831198254586,7.937630292883928
30min,30,relative_humidity,480,EXTRA_TREES,0.25,2,36,4.32308434059787,4.10196719797019,5.1148005730811175
30min,30,relative_humidity,480,EXTRA_TREES,0.25,3,35,6.2804515820538125,6.106562842002088,2.7687298879686626
30min,30,relative_humidity,480,EXTRA_TREES,0.25,4,35,5.2244555490399485,5.437675975905311,-4.081198985500872
30min,30,relative_humidity,480,EXTRA_TREES,0.5,1,36,2.228145035101027,2.0106724120823025,9.760254363731937
30min,30,relative_humidity,480,EXTRA_TREES,0.5,2,36,4.32308434059787,3.9129067979670724,9.488076343522618
30min,30,relative_humidity,480,EXTRA_TREES,0.5,3,35,6.2804515820538125,5.957417624968629,5.14348296240739
30min,30,relative_humidity,480,EXTRA_TREES,0.5,4,35,5.2244555490399485,5.668609431517794,-8.50143863429872
30min,30,relative_humidity,480,EXTRA_TREES,0.75,1,36,2.228145035101027,2.1141791860032417,5.1148308257508885
30min,30,relative_humidity,480,EXTRA_TREES,0.75,2,36,4.32308434059787,3.7607409329789094,13.007921273661522
30min,30,relative_humidity,480,EXTRA_TREES,0.75,3,35,6.2804515820538125,5.8349136342726675,7.094043190369547
30min,30,relative_humidity,480,EXTRA_TREES,0.75,4,35,5.2244555490399485,5.915181686842632,-13.221016646023761
30min,30,relative_humidity,480,EXTRA_TREES,1.0,1,36,2.228145035101027,2.3427788378637624,-5.144808841294199
30min,30,relative_humidity,480,EXTRA_TREES,1.0,2,36,4.32308434059787,3.650086733139623,15.567533604148302
30min,30,relative_humidity,480,EXTRA_TREES,1.0,3,35,6.2804515820538125,5.740756642353266,8.593250543363911
30min,30,relative_humidity,480,EXTRA_TREES,1.0,4,35,5.2244555490399485,6.175519777535782,-18.204083077529525
30min,30,relative_humidity,60,XGBOOST,0.25,1,36,1.402424710332606,1.3372713960097051,4.645762003683517
30min,30,relative_humidity,60,XGBOOST,0.25,2,36,1.8117324752864383,1.6212547298258204,10.51356908698692
30min,30,relative_humidity,60,XGBOOST,0.25,3,35,2.180140948574704,2.3920993242642203,-9.722232676198622
30min,30,relative_humidity,60,XGBOOST,0.25,4,35,2.2778032770030885,2.1138656893251433,7.197179375983614
30min,30,relative_humidity,60,XGBOOST,0.5,1,36,1.402424710332606,1.3415043779908928,4.343928903482095
30min,30,relative_humidity,60,XGBOOST,0.5,2,36,1.8117324752864383,1.5896530802737663,12.257847007879068
30min,30,relative_humidity,60,XGBOOST,0.5,3,35,2.180140948574704,2.7953645547757606,-28.21944180275442
30min,30,relative_humidity,60,XGBOOST,0.5,4,35,2.2778032770030885,2.09777217140501,7.903716155635078
30min,30,relative_humidity,60,XGBOOST,0.75,1,36,1.402424710332606,1.4145008649345023,-0.8610911169008375
30min,30,relative_humidity,60,XGBOOST,0.75,2,36,1.8117324752864383,1.7256780151382132,4.749843661913704
30min,30,relative_humidity,60,XGBOOST,0.75,3,35,2.180140948574704,3.320961608707071,-52.32783966918257
30min,30,relative_humidity,60,XGBOOST,0.75,4,35,2.2778032770030885,2.2327220070066236,1.9791555509472456
30min,30,relative_humidity,60,XGBOOST,1.0,1,36,1.402424710332606,1.5465545217614907,-10.277187100810721
30min,30,relative_humidity,60,XGBOOST,1.0,2,36,1.8117324752864383,1.9953370612267656,-10.134199637355344
30min,30,relative_humidity,60,XGBOOST,1.0,3,35,2.180140948574704,3.919988292632268,-79.8043514202608
30min,30,relative_humidity,60,XGBOOST,1.0,4,35,2.2778032770030885,2.49431886190544,-9.50545585250109
30min,30,relative_humidity,120,XGBOOST,0.25,1,36,2.1010503035040564,1.98857565561449,5.353258210999766
30min,30,relative_humidity,120,XGBOOST,0.25,2,36,3.5820539399232953,3.5197296518824905,1.739903672197058
30min,30,relative_humidity,120,XGBOOST,0.25,3,35,2.9273175801344413,3.1891957995657765,-8.946013278795258
30min,30,relative_humidity,120,XGBOOST,0.25,4,35,3.6263395098584286,3.4899610492026003,3.76077475054597
30min,30,relative_humidity,120,XGBOOST,0.5,1,36,2.1010503035040564,1.9237201855503607,8.440070076282842
30min,30,relative_humidity,120,XGBOOST,0.5,2,36,3.5820539399232953,3.5382052865866607,1.2241204089063393
30min,30,relative_humidity,120,XGBOOST,0.5,3,35,2.9273175801344413,3.5471057274485887,-21.17256260544449
30min,30,relative_humidity,120,XGBOOST,0.5,4,35,3.6263395098584286,3.422167718539856,5.630244789918839
30min,30,relative_humidity,120,XGBOOST,0.75,1,36,2.1010503035040564,1.9113374951662603,9.029427235578316
30min,30,relative_humidity,120,XGBOOST,0.75,2,36,3.5820539399232953,3.6362494292315652,-1.5129724514821352
30min,30,relative_humidity,120,XGBOOST,0.75,3,35,2.9273175801344413,3.9751925483120836,-35.796422475265466
30min,30,relative_humidity,120,XGBOOST,0.75,4,35,3.6263395098584286,3.4270321777531025,5.496102379920487
30min,30,relative_humidity,120,XGBOOST,1.0,1,36,2.1010503035040564,1.9524262194782573,7.073799412509503
30min,30,relative_humidity,120,XGBOOST,1.0,2,36,3.5820539399232953,3.8077206576916978,-6.299925170117197
30min,30,relative_humidity,120,XGBOOST,1.0,3,35,2.9273175801344413,4.453263984016668,-52.12780513592739
30min,30,relative_humidity,120,XGBOOST,1.0,4,35,3.6263395098584286,3.504251858181428,3.36669115909025
30min,30,relative_humidity,240,XGBOOST,0.25,1,36,2.343338730855965,2.309476443365011,1.4450445018925921
30min,30,relative_humidity,240,XGBOOST,0.25,2,36,4.026496401453593,3.818582746265993,5.163636930422724
30min,30,relative_humidity,240,XGBOOST,0.25,3,35,4.35649211152868,4.274035718982536,1.8927244772907434
30min,30,relative_humidity,240,XGBOOST,0.25,4,35,5.913097229507807,6.067946921474039,-2.618757750058537
30min,30,relative_humidity,240,XGBOOST,0.5,1,36,2.343338730855965,2.3740445563752335,-1.3103451547550111
30min,30,relative_humidity,240,XGBOOST,0.5,2,36,4.026496401453593,3.681408484647576,8.570426554496304
30min,30,relative_humidity,240,XGBOOST,0.5,3,35,4.35649211152868,4.256815635294166,2.2879985475180287
30min,30,relative_humidity,240,XGBOOST,0.5,4,35,5.913097229507807,6.242802765170424,-5.575851755274807
30min,30,relative_humidity,240,XGBOOST,0.75,1,36,2.343338730855965,2.529516702281401,-7.94498759287054
30min,30,relative_humidity,240,XGBOOST,0.75,2,36,4.026496401453593,3.6230175259282444,10.020594464698634
30min,30,relative_humidity,240,XGBOOST,0.75,3,35,4.35649211152868,4.305614659377978,1.1678536503271404
30min,30,relative_humidity,240,XGBOOST,0.75,4,35,5.913097229507807,6.436034370215295,-8.84370948777746
30min,30,relative_humidity,240,XGBOOST,1.0,1,36,2.343338730855965,2.760576573264178,-17.80527231996913
30min,30,relative_humidity,240,XGBOOST,1.0,2,36,4.026496401453593,3.6471957552514915,9.420116358856578
30min,30,relative_humidity,240,XGBOOST,1.0,3,35,4.35649211152868,4.418245811816673,-1.4175097465360527
30min,30,relative_humidity,240,XGBOOST,1.0,4,35,5.913097229507807,6.646039120494669,-12.395228127305304
30min,30,relative_humidity,480,XGBOOST,0.25,1,36,2.228145035101027,1.9713790764284824,11.523754272167588
30min,30,relative_humidity,480,XGBOOST,0.25,2,36,4.32308434059787,4.022012998184453,6.964271772032553
30min,30,relative_humidity,480,XGBOOST,0.25,3,35,6.2804515820538125,6.255515522535875,0.3970424609146183
30min,30,relative_humidity,480,XGBOOST,0.25,4,35,5.2244555490399485,5.6181622972497145,-7.535842625402641
30min,30,relative_humidity,480,XGBOOST,0.5,1,36,2.228145035101027,2.163483007499116,2.9020564901862116
30min,30,relative_humidity,480,XGBOOST,0.5,2,36,4.32308434059787,3.7927714510131234,12.267003088619028
30min,30,relative_humidity,480,XGBOOST,0.5,3,35,6.2804515820538125,6.282559762132511,-0.03356733271732327
30min,30,relative_humidity,480,XGBOOST,0.5,4,35,5.2244555490399485,6.05449857263668,-15.887646393110973
30min,30,relative_humidity,480,XGBOOST,0.75,1,36,2.228145035101027,2.710645694242899,-21.654813826784615
30min,30,relative_humidity,480,XGBOOST,0.75,2,36,4.32308434059787,3.6489229071178,15.594454800454688
30min,30,relative_humidity,480,XGBOOST,0.75,3,35,6.2804515820538125,6.36092133348306,-1.2812733348536167
30min,30,relative_humidity,480,XGBOOST,0.75,4,35,5.2244555490399485,6.524917768628082,-24.891822839359946
30min,30,relative_humidity,480,XGBOOST,1.0,1,36,2.228145035101027,3.4477760267918307,-54.73750462727414
30min,30,relative_humidity,480,XGBOOST,1.0,2,36,4.32308434059787,3.600716298873207,16.709552366141473
30min,30,relative_humidity,480,XGBOOST,1.0,3,35,6.2804515820538125,6.488741294786493,-3.3164766897950733
30min,30,relative_humidity,480,XGBOOST,1.0,4,35,5.2244555490399485,7.022573912899376,-34.41733491616848
30min,30,relative_humidity,60,RANDOM_FOREST,0.25,1,36,1.402424710332606,1.3943490026708754,0.5758389453802
30min,30,relative_humidity,60,RANDOM_FOREST,0.25,2,36,1.8117324752864383,1.7878010529456567,1.3209136926795995
30min,30,relative_humidity,60,RANDOM_FOREST,0.25,3,35,2.180140948574704,2.220773256246466,-1.8637468232650831
30min,30,relative_humidity,60,RANDOM_FOREST,0.25,4,35,2.2778032770030885,2.277642260150165,0.007068953431975353
30min,30,relative_humidity,60,RANDOM_FOREST,0.5,1,36,1.402424710332606,1.4005405187784858,0.13435242122004923
30min,30,relative_humidity,60,RANDOM_FOREST,0.5,2,36,1.8117324752864383,1.8065993788960595,0.28332529556094044
30min,30,relative_humidity,60,RANDOM_FOREST,0.5,3,35,2.180140948574704,2.2820324324386028,-4.673619103870867
30min,30,relative_humidity,60,RANDOM_FOREST,0.5,4,35,2.2778032770030885,2.2934793102196247,-0.6882083880905294
30min,30,relative_humidity,60,RANDOM_FOREST,0.75,1,36,1.402424710332606,1.4208127528371315,-1.3111607610054536
30min,30,relative_humidity,60,RANDOM_FOREST,0.75,2,36,1.8117324752864383,1.8668370830765078,-3.041542200172643
30min,30,relative_humidity,60,RANDOM_FOREST,0.75,3,35,2.180140948574704,2.362314343346066,-8.35603747961618
30min,30,relative_humidity,60,RANDOM_FOREST,0.75,4,35,2.2778032770030885,2.3249875294884124,-2.0714805778752026
30min,30,relative_humidity,60,RANDOM_FOREST,1.0,1,36,1.402424710332606,1.4545771010510984,-3.7187301631417853
30min,30,relative_humidity,60,RANDOM_FOREST,1.0,2,36,1.8117324752864383,1.9647062736397873,-8.443509206797408
30min,30,relative_humidity,60,RANDOM_FOREST,1.0,3,35,2.180140948574704,2.4597570932696278,-12.825599412630943
30min,30,relative_humidity,60,RANDOM_FOREST,1.0,4,35,2.2778032770030885,2.371542380569103,-4.115329208295259
30min,30,relative_humidity,120,RANDOM_FOREST,0.25,1,36,2.1010503035040564,2.090159263363266,0.5183617033169813
30min,30,relative_humidity,120,RANDOM_FOREST,0.25,2,36,3.5820539399232953,3.5863265882123687,-0.11927928391733987
30min,30,relative_humidity,120,RANDOM_FOREST,0.25,3,35,2.9273175801344413,2.94524447190185,-0.612399962650624
30min,30,relative_humidity,120,RANDOM_FOREST,0.25,4,35,3.6263395098584286,3.646659028522301,-0.5603313922657441
30min,30,relative_humidity,120,RANDOM_FOREST,0.5,1,36,2.1010503035040564,2.111074506127496,-0.47710436093421404
30min,30,relative_humidity,120,RANDOM_FOREST,0.5,2,36,3.5820539399232953,3.6225618933551784,-1.1308582760412171
30min,30,relative_humidity,120,RANDOM_FOREST,0.5,3,35,2.9273175801344413,2.9859482768164525,-2.0028813094928517
30min,30,relative_humidity,120,RANDOM_FOREST,0.5,4,35,3.6263395098584286,3.6856514548636756,-1.6355872042318118
30min,30,relative_humidity,120,RANDOM_FOREST,0.75,1,36,2.1010503035040564,2.162873516978981,-2.9424908757214343
30min,30,relative_humidity,120,RANDOM_FOREST,0.75,2,36,3.5820539399232953,3.689818322103444,-3.0084522452070184
30min,30,relative_humidity,120,RANDOM_FOREST,0.75,3,35,2.9273175801344413,3.048516779128564,-4.140281868172177
30min,30,relative_humidity,120,RANDOM_FOREST,0.75,4,35,3.6263395098584286,3.742733221866984,-3.2096749819516934
30min,30,relative_humidity,120,RANDOM_FOREST,1.0,1,36,2.1010503035040564,2.2434180587456267,-6.776027922993299
30min,30,relative_humidity,120,RANDOM_FOREST,1.0,2,36,3.5820539399232953,3.7864432036071283,-5.705923671495847
30min,30,relative_humidity,120,RANDOM_FOREST,1.0,3,35,2.9273175801344413,3.1316397177332114,-6.979841851986086
30min,30,relative_humidity,120,RANDOM_FOREST,1.0,4,35,3.6263395098584286,3.8170928781321867,-5.260218127816859
30min,30,relative_humidity,240,RANDOM_FOREST,0.25,1,36,2.343338730855965,2.344974198006311,-0.06979217851910127
30min,30,relative_humidity,240,RANDOM_FOREST,0.25,2,36,4.026496401453593,3.8836498833794217,3.5476628769021765
30min,30,relative_humidity,240,RANDOM_FOREST,0.25,3,35,4.35649211152868,4.26768491190467,2.038502477463403
30min,30,relative_humidity,240,RANDOM_FOREST,0.25,4,35,5.913097229507807,6.089407964323235,-2.9816985578318276
30min,30,relative_humidity,240,RANDOM_FOREST,0.5,1,36,2.343338730855965,2.398767434160091,-2.3653730710915752
30min,30,relative_humidity,240,RANDOM_FOREST,0.5,2,36,4.026496401453593,3.76036122739695,6.609596719385282
30min,30,relative_humidity,240,RANDOM_FOREST,0.5,3,35,4.35649211152868,4.200438237122883,3.5820993223613993
30min,30,relative_humidity,240,RANDOM_FOREST,0.5,4,35,5.913097229507807,6.275254015641735,-6.124654678882617
30min,30,relative_humidity,240,RANDOM_FOREST,0.75,1,36,2.343338730855965,2.5013556422757204,-6.743238155844241
30min,30,relative_humidity,240,RANDOM_FOREST,0.75,2,36,4.026496401453593,3.658608164648228,9.136683610906859
30min,30,relative_humidity,240,RANDOM_FOREST,0.75,3,35,4.35649211152868,4.155798857929401,4.606762699470516
30min,30,relative_humidity,240,RANDOM_FOREST,0.75,4,35,5.913097229507807,6.469813726855387,-9.414972826244558
30min,30,relative_humidity,240,RANDOM_FOREST,1.0,1,36,2.343338730855965,2.647071689091198,-12.961547310076115
30min,30,relative_humidity,240,RANDOM_FOREST,1.0,2,36,4.026496401453593,3.58022734507658,11.083309455235243
30min,30,relative_humidity,240,RANDOM_FOREST,1.0,3,35,4.35649211152868,4.134499098844828,5.09568265018515
30min,30,relative_humidity,240,RANDOM_FOREST,1.0,4,35,5.913097229507807,6.672324891227886,-12.839762856111115
30min,30,relative_humidity,480,RANDOM_FOREST,0.25,1,36,2.228145035101027,2.069049777741868,7.140255901337477
30min,30,relative_humidity,480,RANDOM_FOREST,0.25,2,36,4.32308434059787,4.108490731995707,4.963900578735519
30min,30,relative_humidity,480,RANDOM_FOREST,0.25,3,35,6.2804515820538125,6.055804188366884,3.576930587743899
30min,30,relative_humidity,480,RANDOM_FOREST,0.25,4,35,5.2244555490399485,5.583115028972039,-6.8650116086832895
30min,30,relative_humidity,480,RANDOM_FOREST,0.5,1,36,2.228145035101027,2.0579216877787925,7.639688828178835
30min,30,relative_humidity,480,RANDOM_FOREST,0.5,2,36,4.32308434059787,3.925320967476214,9.20091633157095
30min,30,relative_humidity,480,RANDOM_FOREST,0.5,3,35,6.2804515820538125,5.867928489852536,6.568366729870947
30min,30,relative_humidity,480,RANDOM_FOREST,0.5,4,35,5.2244555490399485,5.969562350173136,-14.261903353165838
30min,30,relative_humidity,480,RANDOM_FOREST,0.75,1,36,2.228145035101027,2.197010325013354,1.3973376776283861
30min,30,relative_humidity,480,RANDOM_FOREST,0.75,2,36,4.32308434059787,3.7781482268915623,12.605262140940425
30min,30,relative_humidity,480,RANDOM_FOREST,0.75,3,35,6.2804515820538125,5.72044869368354,8.916602270614783
30min,30,relative_humidity,480,RANDOM_FOREST,0.75,4,35,5.2244555490399485,6.378749051460463,-22.094043897696256
30min,30,relative_humidity,480,RANDOM_FOREST,1.0,1,36,2.228145035101027,2.460976446114139,-10.449562633724835
30min,30,relative_humidity,480,RANDOM_FOREST,1.0,2,36,4.32308434059787,3.6713041381586686,15.076740379972827
30min,30,relative_humidity,480,RANDOM_FOREST,1.0,3,35,6.2804515820538125,5.616547859047396,10.57095519856407
30min,30,relative_humidity,480,RANDOM_FOREST,1.0,4,35,5.2244555490399485,6.806575339584725,-30.282960122715735
60min,60,temperature,60,HIST_GRADIENT_BOOSTING,0.25,1,15,0.5515796321768198,0.5554866857637538,-0.7083389884276059
60min,60,temperature,60,HIST_GRADIENT_BOOSTING,0.25,2,15,0.47726262302470135,0.4922058388403012,-3.131025790558602
60min,60,temperature,60,HIST_GRADIENT_BOOSTING,0.25,3,14,0.5555042004460234,0.5539782563729609,0.2746953257666272
60min,60,temperature,60,HIST_GRADIENT_BOOSTING,0.25,4,14,0.5724171523588961,0.5553400193149333,2.983337059972615
60min,60,temperature,60,HIST_GRADIENT_BOOSTING,0.5,1,15,0.5515796321768198,0.5658833943211597,-2.5932361004502376
60min,60,temperature,60,HIST_GRADIENT_BOOSTING,0.5,2,15,0.47726262302470135,0.514380341613207,-7.777210449305304
60min,60,temperature,60,HIST_GRADIENT_BOOSTING,0.5,3,14,0.5555042004460234,0.555446533904355,0.01038093710580175
60min,60,temperature,60,HIST_GRADIENT_BOOSTING,0.5,4,14,0.5724171523588961,0.5440427969949486,4.956936605938259
60min,60,temperature,60,HIST_GRADIENT_BOOSTING,0.75,1,15,0.5515796321768198,0.5824223247397281,-5.5917025872015955
60min,60,temperature,60,HIST_GRADIENT_BOOSTING,0.75,2,15,0.47726262302470135,0.5429007786744511,-13.753047584946234
60min,60,temperature,60,HIST_GRADIENT_BOOSTING,0.75,3,14,0.5555042004460234,0.5598854768523507,-0.7887026601796062
60min,60,temperature,60,HIST_GRADIENT_BOOSTING,0.75,4,14,0.5724171523588961,0.5388891166490548,5.857273069417001
60min,60,temperature,60,HIST_GRADIENT_BOOSTING,1.0,1,15,0.5515796321768198,0.604599622246967,-9.612390845706665
60min,60,temperature,60,HIST_GRADIENT_BOOSTING,1.0,2,15,0.47726262302470135,0.576826617563805,-20.861469081342797
60min,60,temperature,60,HIST_GRADIENT_BOOSTING,1.0,3,14,0.5555042004460234,0.5672253467762982,-2.1100013862836082
60min,60,temperature,60,HIST_GRADIENT_BOOSTING,1.0,4,14,0.5724171523588961,0.5400548882241913,5.653615374965943
60min,60,temperature,120,HIST_GRADIENT_BOOSTING,0.25,1,15,0.8819874898478663,0.9033186407891122,-2.418532143230878
60min,60,temperature,120,HIST_GRADIENT_BOOSTING,0.25,2,15,0.7380485806550665,0.7559939145422201,-2.431457001275705
60min,60,temperature,120,HIST_GRADIENT_BOOSTING,0.25,3,14,0.9101933708278542,0.9099360209454748,0.028274198717289707
60min,60,temperature,120,HIST_GRADIENT_BOOSTING,0.25,4,14,1.4554769811955333,1.455790096279207,-0.021512884622642114
60min,60,temperature,120,HIST_GRADIENT_BOOSTING,0.5,1,15,0.8819874898478663,0.9285926901389148,-5.284111263198
60min,60,temperature,120,HIST_GRADIENT_BOOSTING,0.5,2,15,0.7380485806550665,0.7812171015845103,-5.849008054609209
60min,60,temperature,120,HIST_GRADIENT_BOOSTING,0.5,3,14,0.9101933708278542,0.9214937692994817,-1.2415382086720015
60min,60,temperature,120,HIST_GRADIENT_BOOSTING,0.5,4,14,1.4554769811955333,1.4611148245831909,-0.38735366209822586
60min,60,temperature,120,HIST_GRADIENT_BOOSTING,0.75,1,15,0.8819874898478663,0.957497459210806,-8.561342448968784
60min,60,temperature,120,HIST_GRADIENT_BOOSTING,0.75,2,15,0.7380485806550665,0.8130410754424776,-10.160915792406286
60min,60,temperature,120,HIST_GRADIENT_BOOSTING,0.75,3,14,0.9101933708278542,0.9444329442739812,-3.7617911252182368
60min,60,temperature,120,HIST_GRADIENT_BOOSTING,0.75,4,14,1.4554769811955333,1.471396758650263,-1.0937842137258103
60min,60,temperature,120,HIST_GRADIENT_BOOSTING,1.0,1,15,0.8819874898478663,0.9897148919988324,-12.214164417405506
60min,60,temperature,120,HIST_GRADIENT_BOOSTING,1.0,2,15,0.7380485806550665,0.8507253907522354,-15.266855468668586
60min,60,temperature,120,HIST_GRADIENT_BOOSTING,1.0,3,14,0.9101933708278542,0.977952974498696,-7.444528365352951
60min,60,temperature,120,HIST_GRADIENT_BOOSTING,1.0,4,14,1.4554769811955333,1.486533039213665,-2.1337374908273907
60min,60,temperature,240,HIST_GRADIENT_BOOSTING,0.25,1,15,0.9442917707520675,1.0036019901030073,-6.280920917451506
60min,60,temperature,240,HIST_GRADIENT_BOOSTING,0.25,2,15,0.6425387517220607,0.6145025094825456,4.363354297989881
60min,60,temperature,240,HIST_GRADIENT_BOOSTING,0.25,3,14,1.1856394309231377,1.1653769512580947,1.7089917167537751
60min,60,temperature,240,HIST_GRADIENT_BOOSTING,0.25,4,14,1.5504299445448857,1.687823314850187,-8.861630336069906
60min,60,temperature,240,HIST_GRADIENT_BOOSTING,0.5,1,15,0.9442917707520675,1.1282673543179689,-19.482917172875148
60min,60,temperature,240,HIST_GRADIENT_BOOSTING,0.5,2,15,0.6425387517220607,0.6232064547162453,3.008736353099815
60min,60,temperature,240,HIST_GRADIENT_BOOSTING,0.5,3,14,1.1856394309231377,1.1928938805249385,-0.611859677790276
60min,60,temperature,240,HIST_GRADIENT_BOOSTING,0.5,4,14,1.5504299445448857,1.8550948036983939,-19.650346681283924
60min,60,temperature,240,HIST_GRADIENT_BOOSTING,0.75,1,15,0.9442917707520675,1.2996144632747577,-37.62848555163185
60min,60,temperature,240,HIST_GRADIENT_BOOSTING,0.75,2,15,0.6425387517220607,0.6672142838575017,-3.840318123896565
60min,60,temperature,240,HIST_GRADIENT_BOOSTING,0.75,3,14,1.1856394309231377,1.265076272471523,-6.699915630044103
60min,60,temperature,240,HIST_GRADIENT_BOOSTING,0.75,4,14,1.5504299445448857,2.0449255679882774,-31.894096549363688
60min,60,temperature,240,HIST_GRADIENT_BOOSTING,1.0,1,15,0.9442917707520675,1.5017484960999676,-59.03437291462593
60min,60,temperature,240,HIST_GRADIENT_BOOSTING,1.0,2,15,0.6425387517220607,0.7402561585767516,-15.208017663183693
60min,60,temperature,240,HIST_GRADIENT_BOOSTING,1.0,3,14,1.1856394309231377,1.3749072453999962,-15.963353574492267
60min,60,temperature,240,HIST_GRADIENT_BOOSTING,1.0,4,14,1.5504299445448857,2.251616993598616,-45.22532936885177
60min,60,temperature,480,HIST_GRADIENT_BOOSTING,0.25,1,15,0.8893521281933412,0.8198962955214381,7.809711189762144
60min,60,temperature,480,HIST_GRADIENT_BOOSTING,0.25,2,15,1.6074704617867688,1.5701767816534056,2.320022732604975
60min,60,temperature,480,HIST_GRADIENT_BOOSTING,0.25,3,14,1.6386720792364642,1.4703145570378988,10.274021528273748
60min,60,temperature,480,HIST_GRADIENT_BOOSTING,0.25,4,14,1.5285316882916882,1.640327692006438,-7.313947402666861
60min,60,temperature,480,HIST_GRADIENT_BOOSTING,0.5,1,15,0.8893521281933412,0.8502608667013891,4.395476240818509
60min,60,temperature,480,HIST_GRADIENT_BOOSTING,0.5,2,15,1.6074704617867688,1.5439515260281789,3.951483854203208
60min,60,temperature,480,HIST_GRADIENT_BOOSTING,0.5,3,14,1.6386720792364642,1.3332737888502917,18.63693744806296
60min,60,temperature,480,HIST_GRADIENT_BOOSTING,0.5,4,14,1.5285316882916882,1.7655257018410777,-15.504684355890449
60min,60,temperature,480,HIST_GRADIENT_BOOSTING,0.75,1,15,0.8893521281933412,0.9711271935354739,-9.194902980471108
60min,60,temperature,480,HIST_GRADIENT_BOOSTING,0.75,2,15,1.6074704617867688,1.5293641988620155,4.85895478526772
60min,60,temperature,480,HIST_GRADIENT_BOOSTING,0.75,3,14,1.6386720792364642,1.2379937324001842,24.451405007338334
60min,60,temperature,480,HIST_GRADIENT_BOOSTING,0.75,4,14,1.5285316882916882,1.901480297612,-24.39914148833416
60min,60,temperature,480,HIST_GRADIENT_BOOSTING,1.0,1,15,0.8893521281933412,1.1544104075893646,-29.80352449759933
60min,60,temperature,480,HIST_GRADIENT_BOOSTING,1.0,2,15,1.6074704617867688,1.5267484205827047,5.021681152034251
60min,60,temperature,480,HIST_GRADIENT_BOOSTING,1.0,3,14,1.6386720792364642,1.19450967050013,27.105020849765793
60min,60,temperature,480,HIST_GRADIENT_BOOSTING,1.0,4,14,1.5285316882916882,2.0460483601808503,-33.85711109905397
60min,60,temperature,60,EXTRA_TREES,0.25,1,15,0.5515796321768198,0.5459456549858819,1.0214258943361165
60min,60,temperature,60,EXTRA_TREES,0.25,2,15,0.47726262302470135,0.4857912294691831,-1.7869839440664337
60min,60,temperature,60,EXTRA_TREES,0.25,3,14,0.5555042004460234,0.5483005398049641,1.2967787885807949
60min,60,temperature,60,EXTRA_TREES,0.25,4,14,0.5724171523588961,0.5814942753862258,-1.5857531504643754
60min,60,temperature,60,EXTRA_TREES,0.5,1,15,0.5515796321768198,0.541095867726694,1.9006801264128255
60min,60,temperature,60,EXTRA_TREES,0.5,2,15,0.47726262302470135,0.4953914952926277,-3.798510797479333
60min,60,temperature,60,EXTRA_TREES,0.5,3,14,0.5555042004460234,0.5423993297713705,2.3590947942663294
60min,60,temperature,60,EXTRA_TREES,0.5,4,14,0.5724171523588961,0.5932739321747781,-3.6436329222372965
60min,60,temperature,60,EXTRA_TREES,0.75,1,15,0.5515796321768198,0.5370515154537181,2.6339110212910195
60min,60,temperature,60,EXTRA_TREES,0.75,2,15,0.47726262302470135,0.5060024271420779,-6.021800730012136
60min,60,temperature,60,EXTRA_TREES,0.75,3,14,0.5555042004460234,0.5378434434584343,3.1792301432480734
60min,60,temperature,60,EXTRA_TREES,0.75,4,14,0.5724171523588961,0.6075989591730583,-6.146183193354721
60min,60,temperature,60,EXTRA_TREES,1.0,1,15,0.5515796321768198,0.5338309046305375,3.217799663166788
60min,60,temperature,60,EXTRA_TREES,1.0,2,15,0.47726262302470135,0.5175618674375116,-8.443829972984194
60min,60,temperature,60,EXTRA_TREES,1.0,3,14,0.5555042004460234,0.5346672723804953,3.7509937906496225
60min,60,temperature,60,EXTRA_TREES,1.0,4,14,0.5724171523588961,0.6242941630971187,-9.062798087800234
60min,60,temperature,120,EXTRA_TREES,0.25,1,15,0.8819874898478663,0.8747188839907621,0.8241166616045725
60min,60,temperature,120,EXTRA_TREES,0.25,2,15,0.7380485806550665,0.7559386129121691,-2.4239640487112704
60min,60,temperature,120,EXTRA_TREES,0.25,3,14,0.9101933708278542,0.8955415860861075,1.609744172100533
60min,60,temperature,120,EXTRA_TREES,0.25,4,14,1.4554769811955333,1.4837145330264947,-1.9400892075783311
60min,60,temperature,120,EXTRA_TREES,0.5,1,15,0.8819874898478663,0.869949293073506,1.3648942771781059
60min,60,temperature,120,EXTRA_TREES,0.5,2,15,0.7380485806550665,0.7769502824196626,-5.270886332450941
60min,60,temperature,120,EXTRA_TREES,0.5,3,14,0.9101933708278542,0.8840507652884921,2.872203465466293
60min,60,temperature,120,EXTRA_TREES,0.5,4,14,1.4554769811955333,1.5155879308129112,-4.129982843699983
60min,60,temperature,120,EXTRA_TREES,0.75,1,15,0.8819874898478663,0.8677199270359582,1.6176604516657163
60min,60,temperature,120,EXTRA_TREES,0.75,2,15,0.7380485806550665,0.8008379186753181,-8.507480356445086
60min,60,temperature,120,EXTRA_TREES,0.75,3,14,0.9101933708278542,0.8758453298908554,3.7737080974077006
60min,60,temperature,120,EXTRA_TREES,0.75,4,14,1.4554769811955333,1.5508730200520169,-6.554280149324314
60min,60,temperature,120,EXTRA_TREES,1.0,1,15,0.8819874898478663,0.8680503578587068,1.5801961081742315
60min,60,temperature,120,EXTRA_TREES,1.0,2,15,0.7380485806550665,0.8273524511356936,-12.099998946053661
60min,60,temperature,120,EXTRA_TREES,1.0,3,14,0.9101933708278542,0.8710181348645816,4.304056392724696
60min,60,temperature,120,EXTRA_TREES,1.0,4,14,1.4554769811955333,1.5893425874909823,-9.197370210931915
60min,60,temperature,240,EXTRA_TREES,0.25,1,15,0.9442917707520675,0.9737609348928932,-3.120768924773684
60min,60,temperature,240,EXTRA_TREES,0.25,2,15,0.6425387517220607,0.651002797508405,-1.3172817613972554
60min,60,temperature,240,EXTRA_TREES,0.25,3,14,1.1856394309231377,1.166503688992667,1.613959643326949
60min,60,temperature,240,EXTRA_TREES,0.25,4,14,1.5504299445448857,1.662173248243677,-7.20724622818044
60min,60,temperature,240,EXTRA_TREES,0.5,1,15,0.9442917707520675,1.031326740092662,-9.216957304549712
60min,60,temperature,240,EXTRA_TREES,0.5,2,15,0.6425387517220607,0.6684074673660866,-4.026016419195805
60min,60,temperature,240,EXTRA_TREES,0.5,3,14,1.1856394309231377,1.160419889732553,2.1270835409841893
60min,60,temperature,240,EXTRA_TREES,0.5,4,14,1.5504299445448857,1.7935373692604828,-15.680000606990278
60min,60,temperature,240,EXTRA_TREES,0.75,1,15,0.9442917707520675,1.1126366917507728,-17.827638258949293
60min,60,temperature,240,EXTRA_TREES,0.75,2,15,0.6425387517220607,0.6940805051760771,-8.021578981171174
60min,60,temperature,240,EXTRA_TREES,0.75,3,14,1.1856394309231377,1.1675920744506496,1.5221623034615561
60min,60,temperature,240,EXTRA_TREES,0.75,4,14,1.5504299445448857,1.9405417223579804,-25.161522401298072
60min,60,temperature,240,EXTRA_TREES,1.0,1,15,0.9442917707520675,1.2129249965778273,-28.44811679464396
60min,60,temperature,240,EXTRA_TREES,1.0,2,15,0.6425387517220607,0.7271466551308372,-13.167751078362182
60min,60,temperature,240,EXTRA_TREES,1.0,3,14,1.1856394309231377,1.1877801361921685,-0.18055280662891007
60min,60,temperature,240,EXTRA_TREES,1.0,4,14,1.5504299445448857,2.099904176626099,-35.4401199495993
60min,60,temperature,480,EXTRA_TREES,0.25,1,15,0.8893521281933412,0.8968572884807707,-0.84389074355461
60min,60,temperature,480,EXTRA_TREES,0.25,2,15,1.6074704617867688,1.5723780481647827,2.1830829527641504
60min,60,temperature,480,EXTRA_TREES,0.25,3,14,1.6386720792364642,1.512012866649981,7.729381258848308
60min,60,temperature,480,EXTRA_TREES,0.25,4,14,1.5285316882916882,1.7234730920351629,-12.753507515525854
60min,60,temperature,480,EXTRA_TREES,0.5,1,15,0.8893521281933412,0.9731274417839505,-9.41981369750508
60min,60,temperature,480,EXTRA_TREES,0.5,2,15,1.6074704617867688,1.5458845142830002,3.8312335416299512
60min,60,temperature,480,EXTRA_TREES,0.5,3,14,1.6386720792364642,1.4140830755984755,13.705548930975592
60min,60,temperature,480,EXTRA_TREES,0.5,4,14,1.5285316882916882,1.9400343309726023,-26.921433545209396
60min,60,temperature,480,EXTRA_TREES,0.75,1,15,0.8893521281933412,1.1040014828240554,-24.135474333069833
60min,60,temperature,480,EXTRA_TREES,0.75,2,15,1.6074704617867688,1.5284370778561538,4.91663055772522
60min,60,temperature,480,EXTRA_TREES,0.75,3,14,1.6386720792364642,1.3511440673022275,17.546403308965257
60min,60,temperature,480,EXTRA_TREES,0.75,4,14,1.5285316882916882,2.1717574084738476,-42.08128134399614
60min,60,temperature,480,EXTRA_TREES,1.0,1,15,0.8893521281933412,1.2727449722058573,-43.10922882608408
60min,60,temperature,480,EXTRA_TREES,1.0,2,15,1.6074704617867688,1.5203472086161445,5.41989761191526
60min,60,temperature,480,EXTRA_TREES,1.0,3,14,1.6386720792364642,1.328179561147882,18.947812806651076
60min,60,temperature,480,EXTRA_TREES,1.0,4,14,1.5285316882916882,2.414280556748828,-57.947694198415164
60min,60,temperature,60,XGBOOST,0.25,1,15,0.5515796321768198,0.549890999000325,0.3061449477078386
60min,60,temperature,60,XGBOOST,0.25,2,15,0.47726262302470135,0.4985449320217968,-4.459244862339438
60min,60,temperature,60,XGBOOST,0.25,3,14,0.5555042004460234,0.5464850891413827,1.6235901182023706
60min,60,temperature,60,XGBOOST,0.25,4,14,0.5724171523588961,0.5680936873354059,0.7552996980739485
60min,60,temperature,60,XGBOOST,0.5,1,15,0.5515796321768198,0.553717223404801,-0.38753991323884424
60min,60,temperature,60,XGBOOST,0.5,2,15,0.47726262302470135,0.5224350138110846,-9.464891782243187
60min,60,temperature,60,XGBOOST,0.5,3,14,0.5555042004460234,0.5423484011558535,2.3682627925417954
60min,60,temperature,60,XGBOOST,0.5,4,14,0.5724171523588961,0.5661528552659674,1.0943587324583068
60min,60,temperature,60,XGBOOST,0.75,1,15,0.5515796321768198,0.5629458666452365,-2.060669721171466
60min,60,temperature,60,XGBOOST,0.75,2,15,0.47726262302470135,0.5485922844608083,-14.945578806077009
60min,60,temperature,60,XGBOOST,0.75,3,14,0.5555042004460234,0.5432056916680018,2.2139362345319724
60min,60,temperature,60,XGBOOST,0.75,4,14,0.5724171523588961,0.5666191402706727,1.0128997819737124
60min,60,temperature,60,XGBOOST,1.0,1,15,0.5515796321768198,0.5773179077554047,-4.666284626393522
60min,60,temperature,60,XGBOOST,1.0,2,15,0.47726262302470135,0.5767083335508849,-20.836685239656116
60min,60,temperature,60,XGBOOST,1.0,3,14,0.5555042004460234,0.5490335675771293,1.164821591573705
60min,60,temperature,60,XGBOOST,1.0,4,14,0.5724171523588961,0.5694866296728524,0.5119557780487994
60min,60,temperature,120,XGBOOST,0.25,1,15,0.8819874898478663,0.8572135094059077,2.8088811606876556
60min,60,temperature,120,XGBOOST,0.25,2,15,0.7380485806550665,0.746108958576915,-1.092120238845839
60min,60,temperature,120,XGBOOST,0.25,3,14,0.9101933708278542,0.9167181772464086,-0.716859365018205
60min,60,temperature,120,XGBOOST,0.25,4,14,1.4554769811955333,1.4815730084270073,-1.792953620608876
60min,60,temperature,120,XGBOOST,0.5,1,15,0.8819874898478663,0.8392805264155856,4.842128026061601
60min,60,temperature,120,XGBOOST,0.5,2,15,0.7380485806550665,0.7679102788533199,-4.046034228769756
60min,60,temperature,120,XGBOOST,0.5,3,14,0.9101933708278542,0.9267128598597033,-1.8149427980148873
60min,60,temperature,120,XGBOOST,0.5,4,14,1.4554769811955333,1.51202208227515,-3.8849876576660405
60min,60,temperature,120,XGBOOST,0.75,1,15,0.8819874898478663,0.8286328114342507,6.04936907016887
60min,60,temperature,120,XGBOOST,0.75,2,15,0.7380485806550665,0.8023331990554315,-8.710079537489012
60min,60,temperature,120,XGBOOST,0.75,3,14,0.9101933708278542,0.9400667511964714,-3.282091622074358
60min,60,temperature,120,XGBOOST,0.75,4,14,1.4554769811955333,1.5465671135630499,-6.258438542442279
60min,60,temperature,120,XGBOOST,1.0,1,15,0.8819874898478663,0.8255523019185498,6.398638141573986
60min,60,temperature,120,XGBOOST,1.0,2,15,0.7380485806550665,0.8478417752638441,-14.876147381968938
60min,60,temperature,120,XGBOOST,1.0,3,14,0.9101933708278542,0.9566391862772473,-5.102851431135882
60min,60,temperature,120,XGBOOST,1.0,4,14,1.4554769811955333,1.5849403009894858,-8.894906719006368
60min,60,temperature,240,XGBOOST,0.25,1,15,0.9442917707520675,1.117570254437875,-18.350099942923606
60min,60,temperature,240,XGBOOST,0.25,2,15,0.6425387517220607,0.6655339091485838,-3.5787969775977064
60min,60,temperature,240,XGBOOST,0.25,3,14,1.1856394309231377,1.1564710853610227,2.4601362607689725
60min,60,temperature,240,XGBOOST,0.25,4,14,1.5504299445448857,1.7976263631794347,-15.94373351110109
60min,60,temperature,240,XGBOOST,0.5,1,15,0.9442917707520675,1.4023104725288456,-48.5039387150431
60min,60,temperature,240,XGBOOST,0.5,2,15,0.6425387517220607,0.73979891363129,-15.136855426783761
60min,60,temperature,240,XGBOOST,0.5,3,14,1.1856394309231377,1.188246997041337,-0.2199290990321556
60min,60,temperature,240,XGBOOST,0.5,4,14,1.5504299445448857,2.093914764869301,-35.05381344295116
60min,60,temperature,240,XGBOOST,0.75,1,15,0.9442917707520675,1.7447696442766552,-84.77018420769025
60min,60,temperature,240,XGBOOST,0.75,2,15,0.6425387517220607,0.8520312157514353,-32.60386450901464
60min,60,temperature,240,XGBOOST,0.75,3,14,1.1856394309231377,1.2764237244209713,-7.6569900705098
60min,60,temperature,240,XGBOOST,0.75,4,14,1.5504299445448857,2.4213402313101886,-56.17217919645834
60min,60,temperature,240,XGBOOST,1.0,1,15,0.9442917707520675,2.1171213059907488,-124.2020286065395
60min,60,temperature,240,XGBOOST,1.0,2,15,0.6425387517220607,0.9893935840913317,-53.981932053073756
60min,60,temperature,240,XGBOOST,1.0,3,14,1.1856394309231377,1.4104627489363009,-18.962199818043832
60min,60,temperature,240,XGBOOST,1.0,4,14,1.5504299445448857,2.7688786469017685,-78.58779473680426
60min,60,temperature,480,XGBOOST,0.25,1,15,0.8893521281933412,0.7986748129034871,10.195884443888268
60min,60,temperature,480,XGBOOST,0.25,2,15,1.6074704617867688,1.6187261365815726,-0.7002103654391687
60min,60,temperature,480,XGBOOST,0.25,3,14,1.6386720792364642,1.5174397701408853,7.398204352884737
60min,60,temperature,480,XGBOOST,0.25,4,14,1.5285316882916882,1.6612607749754558,-8.683437033098592
60min,60,temperature,480,XGBOOST,0.5,1,15,0.8893521281933412,0.7996492015356954,10.08632282017149
60min,60,temperature,480,XGBOOST,0.5,2,15,1.6074704617867688,1.648279307468525,-2.5386995687868157
60min,60,temperature,480,XGBOOST,0.5,3,14,1.6386720792364642,1.4311851119264947,12.661896784538346
60min,60,temperature,480,XGBOOST,0.5,4,14,1.5285316882916882,1.8168529022491597,-18.862625889012747
60min,60,temperature,480,XGBOOST,0.75,1,15,0.8893521281933412,0.8919749851721124,-0.29491771544971046
60min,60,temperature,480,XGBOOST,0.75,2,15,1.6074704617867688,1.6951732643145396,-5.4559511115548345
60min,60,temperature,480,XGBOOST,0.75,3,14,1.6386720792364642,1.3864516901261448,15.391754842606518
60min,60,temperature,480,XGBOOST,0.75,4,14,1.5285316882916882,1.9899523712715506,-30.1871846370129
60min,60,temperature,480,XGBOOST,1.0,1,15,0.8893521281933412,1.0518664567019738,-18.273338912312433
60min,60,temperature,480,XGBOOST,1.0,2,15,1.6074704617867688,1.7580208949571625,-9.36567338245524
60min,60,temperature,480,XGBOOST,1.0,3,14,1.6386720792364642,1.3872619973768456,15.342305824650564
60min,60,temperature,480,XGBOOST,1.0,4,14,1.5285316882916882,2.176385829081385,-42.384083087852055
60min,60,temperature,60,RANDOM_FOREST,0.25,1,15,0.5515796321768198,0.5439984490033539,1.3744494414245523
60min,60,temperature,60,RANDOM_FOREST,0.25,2,15,0.47726262302470135,0.48741442394501083,-2.127089034538551
60min,60,temperature,60,RANDOM_FOREST,0.25,3,14,0.5555042004460234,0.5569689310495769,-0.2636758826265217
60min,60,temperature,60,RANDOM_FOREST,0.25,4,14,0.5724171523588961,0.5915428332738251,-3.3412138046725506
60min,60,temperature,60,RANDOM_FOREST,0.5,1,15,0.5515796321768198,0.538199158150567,2.4258462868627984
60min,60,temperature,60,RANDOM_FOREST,0.5,2,15,0.47726262302470135,0.4992474241450423,-4.606436804334268
60min,60,temperature,60,RANDOM_FOREST,0.5,3,14,0.5555042004460234,0.5601574983532558,-0.8376710569418082
60min,60,temperature,60,RANDOM_FOREST,0.5,4,14,0.5724171523588961,0.6139434378961233,-7.254549477789032
60min,60,temperature,60,RANDOM_FOREST,0.75,1,15,0.5515796321768198,0.5342397912736276,3.1436695431918253
60min,60,temperature,60,RANDOM_FOREST,0.75,2,15,0.47726262302470135,0.5126452193026458,-7.413653316009458
60min,60,temperature,60,RANDOM_FOREST,0.75,3,14,0.5555042004460234,0.5650407198899786,-1.7167321932576105
60min,60,temperature,60,RANDOM_FOREST,0.75,4,14,0.5724171523588961,0.6392747925023535,-11.679880637388512
60min,60,temperature,60,RANDOM_FOREST,1.0,1,15,0.5515796321768198,0.5321614179517205,3.5204733990022454
60min,60,temperature,60,RANDOM_FOREST,1.0,2,15,0.47726262302470135,0.5274885892081846,-10.523758568222046
60min,60,temperature,60,RANDOM_FOREST,1.0,3,14,0.5555042004460234,0.5715751627491605,-2.893040644919238
60min,60,temperature,60,RANDOM_FOREST,1.0,4,14,0.5724171523588961,0.6672031697895869,-16.55890586787685
60min,60,temperature,120,RANDOM_FOREST,0.25,1,15,0.8819874898478663,0.8716022610793748,1.1774802803929698
60min,60,temperature,120,RANDOM_FOREST,0.25,2,15,0.7380485806550665,0.7496667707988801,-1.574176883248213
60min,60,temperature,120,RANDOM_FOREST,0.25,3,14,0.9101933708278542,0.9097480034751778,0.0489310696991058
60min,60,temperature,120,RANDOM_FOREST,0.25,4,14,1.4554769811955333,1.4942984098844603,-2.667265040292082
60min,60,temperature,120,RANDOM_FOREST,0.5,1,15,0.8819874898478663,0.8651000249968004,1.914705712433503
60min,60,temperature,120,RANDOM_FOREST,0.5,2,15,0.7380485806550665,0.7654993902357439,-3.7193770573087432
60min,60,temperature,120,RANDOM_FOREST,0.5,3,14,0.9101933708278542,0.9127458186957889,-0.28042918677962697
60min,60,temperature,120,RANDOM_FOREST,0.5,4,14,1.4554769811955333,1.5366843503286693,-5.5794334216424435
60min,60,temperature,120,RANDOM_FOREST,0.75,1,15,0.8819874898478663,0.8625685986867944,2.201719569108802
60min,60,temperature,120,RANDOM_FOREST,0.75,2,15,0.7380485806550665,0.7852915732648537,-6.401068147554175
60min,60,temperature,120,RANDOM_FOREST,0.75,3,14,0.9101933708278542,0.9191531273175827,-0.9843794491251061
60min,60,temperature,120,RANDOM_FOREST,0.75,4,14,1.4554769811955333,1.5823483835980992,-8.716826445331574
60min,60,temperature,120,RANDOM_FOREST,1.0,1,15,0.8819874898478663,0.8640428832481535,2.0345647536121088
60min,60,temperature,120,RANDOM_FOREST,1.0,2,15,0.7380485806550665,0.8087526710982135,-9.57986944170971
60min,60,temperature,120,RANDOM_FOREST,1.0,3,14,0.9101933708278542,0.9288993785982497,-2.055168535602675
60min,60,temperature,120,RANDOM_FOREST,1.0,4,14,1.4554769811955333,1.6310151996148416,-12.060528657424783
60min,60,temperature,240,RANDOM_FOREST,0.25,1,15,0.9442917707520675,0.9665283931594459,-2.3548465734979787
60min,60,temperature,240,RANDOM_FOREST,0.25,2,15,0.6425387517220607,0.6722721866519284,-4.62749287108047
60min,60,temperature,240,RANDOM_FOREST,0.25,3,14,1.1856394309231377,1.1757550823454952,0.8336723897539902
60min,60,temperature,240,RANDOM_FOREST,0.25,4,14,1.5504299445448857,1.6805457712892982,-8.392241597385219
60min,60,temperature,240,RANDOM_FOREST,0.5,1,15,0.9442917707520675,1.0257072526402249,-8.621856550048639
60min,60,temperature,240,RANDOM_FOREST,0.5,2,15,0.6425387517220607,0.7180407114062253,-11.75056904845236
60min,60,temperature,240,RANDOM_FOREST,0.5,3,14,1.1856394309231377,1.183491984759886,0.1811213516726412
60min,60,temperature,240,RANDOM_FOREST,0.5,4,14,1.5504299445448857,1.8280425456855793,-17.9055236979562
60min,60,temperature,240,RANDOM_FOREST,0.75,1,15,0.9442917707520675,1.1159666878165346,-18.180283084299163
60min,60,temperature,240,RANDOM_FOREST,0.75,2,15,0.6425387517220607,0.777015931842792,-20.92903809463953
60min,60,temperature,240,RANDOM_FOREST,0.75,3,14,1.1856394309231377,1.2085117513490031,-1.9291126652271537
60min,60,temperature,240,RANDOM_FOREST,0.75,4,14,1.5504299445448857,1.9890574127601914,-28.290698961187875
60min,60,temperature,240,RANDOM_FOREST,1.0,1,15,0.9442917707520675,1.2304860728085174,-30.30782549640506
60min,60,temperature,240,RANDOM_FOREST,1.0,2,15,0.6425387517220607,0.8464418339425682,-31.733974281555668
60min,60,temperature,240,RANDOM_FOREST,1.0,3,14,1.1856394309231377,1.2497768357328791,-5.409520224863311
60min,60,temperature,240,RANDOM_FOREST,1.0,4,14,1.5504299445448857,2.160570206370835,-39.352971991588454
60min,60,temperature,480,RANDOM_FOREST,0.25,1,15,0.8893521281933412,0.88046720808284,0.9990328722269269
60min,60,temperature,480,RANDOM_FOREST,0.25,2,15,1.6074704617867688,1.5848799899095678,1.4053428920921354
60min,60,temperature,480,RANDOM_FOREST,0.25,3,14,1.6386720792364642,1.5644274358494732,4.53078101029128
60min,60,temperature,480,RANDOM_FOREST,0.25,4,14,1.5285316882916882,1.7182520406720183,-12.411934527334838
60min,60,temperature,480,RANDOM_FOREST,0.5,1,15,0.8893521281933412,0.9675799949615405,-8.796051000306694
60min,60,temperature,480,RANDOM_FOREST,0.5,2,15,1.6074704617867688,1.588049840243962,1.2081479569596545
60min,60,temperature,480,RANDOM_FOREST,0.5,3,14,1.6386720792364642,1.5211364640410205,7.172613525593792
60min,60,temperature,480,RANDOM_FOREST,0.5,4,14,1.5285316882916882,1.9372844926945476,-26.741532905980392
60min,60,temperature,480,RANDOM_FOREST,0.75,1,15,0.8893521281933412,1.1286774713547592,-26.91007707459938
60min,60,temperature,480,RANDOM_FOREST,0.75,2,15,1.6074704617867688,1.6168285077788342,-0.582159748158832
60min,60,temperature,480,RANDOM_FOREST,0.75,3,14,1.6386720792364642,1.5114612148047775,7.7630458249438385
60min,60,temperature,480,RANDOM_FOREST,0.75,4,14,1.5285316882916882,2.17679868458144,-42.41109302838633
60min,60,temperature,480,RANDOM_FOREST,1.0,1,15,0.8893521281933412,1.3372837647975797,-50.36606113645687
60min,60,temperature,480,RANDOM_FOREST,1.0,2,15,1.6074704617867688,1.6698925018749338,-3.8832464777474263
60min,60,temperature,480,RANDOM_FOREST,1.0,3,14,1.6386720792364642,1.5360370395632745,6.263305573682089
60min,60,temperature,480,RANDOM_FOREST,1.0,4,14,1.5285316882916882,2.430747621197169,-59.02500679680459
60min,60,relative_humidity,60,HIST_GRADIENT_BOOSTING,0.25,1,15,1.4131989560577258,1.3760422775455305,2.6292602575824096
60min,60,relative_humidity,60,HIST_GRADIENT_BOOSTING,0.25,2,15,1.4568833723524406,1.4537010797592949,0.2184315267465273
60min,60,relative_humidity,60,HIST_GRADIENT_BOOSTING,0.25,3,14,1.844284060356615,1.8206817099169157,1.2797567873104958
60min,60,relative_humidity,60,HIST_GRADIENT_BOOSTING,0.25,4,14,1.4934078672048758,1.5022096392913322,-0.5893749644516166
60min,60,relative_humidity,60,HIST_GRADIENT_BOOSTING,0.5,1,15,1.4131989560577258,1.3519333964024296,4.335239521136023
60min,60,relative_humidity,60,HIST_GRADIENT_BOOSTING,0.5,2,15,1.4568833723524406,1.4676028262524705,-0.7357798231111078
60min,60,relative_humidity,60,HIST_GRADIENT_BOOSTING,0.5,3,14,1.844284060356615,1.8137858136510077,1.653663194362272
60min,60,relative_humidity,60,HIST_GRADIENT_BOOSTING,0.5,4,14,1.4934078672048758,1.5297740511028872,-2.435113989728462
60min,60,relative_humidity,60,HIST_GRADIENT_BOOSTING,0.75,1,15,1.4131989560577258,1.3415759261216562,5.068149083259299
60min,60,relative_humidity,60,HIST_GRADIENT_BOOSTING,0.75,2,15,1.4568833723524406,1.4981130930706559,-2.8299945967288616
60min,60,relative_humidity,60,HIST_GRADIENT_BOOSTING,0.75,3,14,1.844284060356615,1.8237858871623267,1.1114433852627235
60min,60,relative_humidity,60,HIST_GRADIENT_BOOSTING,0.75,4,14,1.4934078672048758,1.5751163763269247,-5.471278872728714
60min,60,relative_humidity,60,HIST_GRADIENT_BOOSTING,1.0,1,15,1.4131989560577258,1.3452875236601347,4.80551107871163
60min,60,relative_humidity,60,HIST_GRADIENT_BOOSTING,1.0,2,15,1.4568833723524406,1.5442477719944403,-5.996663926566184
60min,60,relative_humidity,60,HIST_GRADIENT_BOOSTING,1.0,3,14,1.844284060356615,1.8504080204264337,-0.33205080504976503
60min,60,relative_humidity,60,HIST_GRADIENT_BOOSTING,1.0,4,14,1.4934078672048758,1.6367598037025353,-9.598980937870834
60min,60,relative_humidity,120,HIST_GRADIENT_BOOSTING,0.25,1,15,2.1730913098685707,2.1990366634321683,-1.1939375692946286
60min,60,relative_humidity,120,HIST_GRADIENT_BOOSTING,0.25,2,15,2.3130996392517797,2.3980353471154214,-3.6719433275739
60min,60,relative_humidity,120,HIST_GRADIENT_BOOSTING,0.25,3,14,2.8054799558559265,2.8122521212824894,-0.24139061882895424
60min,60,relative_humidity,120,HIST_GRADIENT_BOOSTING,0.25,4,14,4.104792177574475,4.210429632439135,-2.5735153034490925
60min,60,relative_humidity,120,HIST_GRADIENT_BOOSTING,0.5,1,15,2.1730913098685707,2.290633320971241,-5.408977090326643
60min,60,relative_humidity,120,HIST_GRADIENT_BOOSTING,0.5,2,15,2.3130996392517797,2.5099157113935107,-8.508758931171473
60min,60,relative_humidity,120,HIST_GRADIENT_BOOSTING,0.5,3,14,2.8054799558559265,2.85053500535525,-1.6059658314535163
60min,60,relative_humidity,120,HIST_GRADIENT_BOOSTING,0.5,4,14,4.104792177574475,4.362222859693482,-6.2714668851060535
60min,60,relative_humidity,120,HIST_GRADIENT_BOOSTING,0.75,1,15,2.1730913098685707,2.440500385802244,-12.305468928953857
60min,60,relative_humidity,120,HIST_GRADIENT_BOOSTING,0.75,2,15,2.3130996392517797,2.645324176346209,-14.36274216020778
60min,60,relative_humidity,120,HIST_GRADIENT_BOOSTING,0.75,3,14,2.8054799558559265,2.919089113405541,-4.049544439356132
60min,60,relative_humidity,120,HIST_GRADIENT_BOOSTING,0.75,4,14,4.104792177574475,4.555560402937171,-10.981511508069941
60min,60,relative_humidity,120,HIST_GRADIENT_BOOSTING,1.0,1,15,2.1730913098685707,2.6387280293714124,-21.42738859560409
60min,60,relative_humidity,120,HIST_GRADIENT_BOOSTING,1.0,2,15,2.3130996392517797,2.8008503860435408,-21.086456394482607
60min,60,relative_humidity,120,HIST_GRADIENT_BOOSTING,1.0,3,14,2.8054799558559265,3.015850841702742,-7.49857026808211
60min,60,relative_humidity,120,HIST_GRADIENT_BOOSTING,1.0,4,14,4.104792177574475,4.785409555226349,-16.58104352688694
60min,60,relative_humidity,240,HIST_GRADIENT_BOOSTING,0.25,1,15,2.4914029804748776,2.5246247052907593,-1.3334544863372295
60min,60,relative_humidity,240,HIST_GRADIENT_BOOSTING,0.25,2,15,2.0761090374341906,2.4327521386590147,-17.17843787557469
60min,60,relative_humidity,240,HIST_GRADIENT_BOOSTING,0.25,3,14,3.8255445565701693,3.863001239498711,-0.9791202892725955
60min,60,relative_humidity,240,HIST_GRADIENT_BOOSTING,0.25,4,14,5.165716167999935,5.580705093637987,-8.033521628787597
60min,60,relative_humidity,240,HIST_GRADIENT_BOOSTING,0.5,1,15,2.4914029804748776,2.765550283984257,-11.003731859433085
60min,60,relative_humidity,240,HIST_GRADIENT_BOOSTING,0.5,2,15,2.0761090374341906,2.8875460620912454,-39.084509051600136
60min,60,relative_humidity,240,HIST_GRADIENT_BOOSTING,0.5,3,14,3.8255445565701693,4.014584660108042,-4.941521415904214
60min,60,relative_humidity,240,HIST_GRADIENT_BOOSTING,0.5,4,14,5.165716167999935,6.077003475294452,-17.641064233061616
60min,60,relative_humidity,240,HIST_GRADIENT_BOOSTING,0.75,1,15,2.4914029804748776,3.167128703283453,-27.12229728005615
60min,60,relative_humidity,240,HIST_GRADIENT_BOOSTING,0.75,2,15,2.0761090374341906,3.4013448241779116,-63.83266788248971
60min,60,relative_humidity,240,HIST_GRADIENT_BOOSTING,0.75,3,14,3.8255445565701693,4.268152457998932,-11.569801237018844
60min,60,relative_humidity,240,HIST_GRADIENT_BOOSTING,0.75,4,14,5.165716167999935,6.636394293446369,-28.46997546161837
60min,60,relative_humidity,240,HIST_GRADIENT_BOOSTING,1.0,1,15,2.4914029804748776,3.6770963343804395,-47.591391806056244
60min,60,relative_humidity,240,HIST_GRADIENT_BOOSTING,1.0,2,15,2.0761090374341906,3.951196783879491,-90.3174020552732
60min,60,relative_humidity,240,HIST_GRADIENT_BOOSTING,1.0,3,14,3.8255445565701693,4.606895354901296,-20.424564052958104
60min,60,relative_humidity,240,HIST_GRADIENT_BOOSTING,1.0,4,14,5.165716167999935,7.244276587775832,-40.23760408386269
60min,60,relative_humidity,480,HIST_GRADIENT_BOOSTING,0.25,1,15,2.3106503135906644,2.1350911838145574,7.597823380868681
60min,60,relative_humidity,480,HIST_GRADIENT_BOOSTING,0.25,2,15,3.353306824402194,3.272657822678222,2.405058825428222
60min,60,relative_humidity,480,HIST_GRADIENT_BOOSTING,0.25,3,14,6.373691842952467,6.038029223706301,5.266376654486602
60min,60,relative_humidity,480,HIST_GRADIENT_BOOSTING,0.25,4,14,5.158817215746302,5.418955050669127,-5.0425867799464665
60min,60,relative_humidity,480,HIST_GRADIENT_BOOSTING,0.5,1,15,2.3106503135906644,2.2262721987314045,3.65170421344022
60min,60,relative_humidity,480,HIST_GRADIENT_BOOSTING,0.5,2,15,3.353306824402194,3.252469627995179,3.0070972233503133
60min,60,relative_humidity,480,HIST_GRADIENT_BOOSTING,0.5,3,14,6.373691842952467,5.765644332752793,9.539957769875638
60min,60,relative_humidity,480,HIST_GRADIENT_BOOSTING,0.5,4,14,5.158817215746302,5.750985763392713,-11.478765827153747
60min,60,relative_humidity,480,HIST_GRADIENT_BOOSTING,0.75,1,15,2.3106503135906644,2.555802318377105,-10.60965405905507
60min,60,relative_humidity,480,HIST_GRADIENT_BOOSTING,0.75,2,15,3.353306824402194,3.2938541298401147,1.7729571934616537
60min,60,relative_humidity,480,HIST_GRADIENT_BOOSTING,0.75,3,14,6.373691842952467,5.565835130987811,12.674863044373904
60min,60,relative_humidity,480,HIST_GRADIENT_BOOSTING,0.75,4,14,5.158817215746302,6.143263407522108,-19.08278875962057
60min,60,relative_humidity,480,HIST_GRADIENT_BOOSTING,1.0,1,15,2.3106503135906644,3.0473147403139915,-31.881259677868695
60min,60,relative_humidity,480,HIST_GRADIENT_BOOSTING,1.0,2,15,3.353306824402194,3.3945600992231637,-1.2302266682179943
60min,60,relative_humidity,480,HIST_GRADIENT_BOOSTING,1.0,3,14,6.373691842952467,5.446594835944047,14.545682939371035
60min,60,relative_humidity,480,HIST_GRADIENT_BOOSTING,1.0,4,14,5.158817215746302,6.585029838317801,-27.646116598554002
60min,60,relative_humidity,60,EXTRA_TREES,0.25,1,15,1.4131989560577258,1.4095549781246515,0.257853143568662
60min,60,relative_humidity,60,EXTRA_TREES,0.25,2,15,1.4568833723524406,1.5080065382893342,-3.509077453080175
60min,60,relative_humidity,60,EXTRA_TREES,0.25,3,14,1.844284060356615,1.81914591868081,1.3630298182452545
60min,60,relative_humidity,60,EXTRA_TREES,0.25,4,14,1.4934078672048758,1.5306556263014401,-2.4941450968969887
60min,60,relative_humidity,60,EXTRA_TREES,0.5,1,15,1.4131989560577258,1.41757620331775,-0.30974034061240036
60min,60,relative_humidity,60,EXTRA_TREES,0.5,2,15,1.4568833723524406,1.567826980027225,-7.615133083415114
60min,60,relative_humidity,60,EXTRA_TREES,0.5,3,14,1.844284060356615,1.8052644550175792,2.1157047429825426
60min,60,relative_humidity,60,EXTRA_TREES,0.5,4,14,1.4934078672048758,1.5814276021707792,-5.893884510642408
60min,60,relative_humidity,60,EXTRA_TREES,0.75,1,15,1.4131989560577258,1.4370673112185746,-1.6889592975239762
60min,60,relative_humidity,60,EXTRA_TREES,0.75,2,15,1.4568833723524406,1.6353905710779757,-12.25267595973027
60min,60,relative_humidity,60,EXTRA_TREES,0.75,3,14,1.844284060356615,1.8028997011969616,2.243925436933574
60min,60,relative_humidity,60,EXTRA_TREES,0.75,4,14,1.4934078672048758,1.6444716177445953,-10.115371283161688
60min,60,relative_humidity,60,EXTRA_TREES,1.0,1,15,1.4131989560577258,1.4675713715648144,-3.847470681606392
60min,60,relative_humidity,60,EXTRA_TREES,1.0,2,15,1.4568833723524406,1.7097796236742768,-17.358716292676384
60min,60,relative_humidity,60,EXTRA_TREES,1.0,3,14,1.844284060356615,1.8120967450805596,1.7452471648988626
60min,60,relative_humidity,60,EXTRA_TREES,1.0,4,14,1.4934078672048758,1.718437536923576,-15.06819902722724
60min,60,relative_humidity,120,EXTRA_TREES,0.25,1,15,2.1730913098685707,2.1462238719699336,1.2363694878639064
60min,60,relative_humidity,120,EXTRA_TREES,0.25,2,15,2.3130996392517797,2.4032983826808625,-3.899475054963884
60min,60,relative_humidity,120,EXTRA_TREES,0.25,3,14,2.8054799558559265,2.7477162976846827,2.058958149056551
60min,60,relative_humidity,120,EXTRA_TREES,0.25,4,14,4.104792177574475,4.210205073116579,-2.5680446410417894
60min,60,relative_humidity,120,EXTRA_TREES,0.5,1,15,2.1730913098685707,2.1565363749322923,0.7618149711932538
60min,60,relative_humidity,120,EXTRA_TREES,0.5,2,15,2.3130996392517797,2.522392520823159,-9.048156768511674
60min,60,relative_humidity,120,EXTRA_TREES,0.5,3,14,2.8054799558559265,2.7278353348520947,2.7676056227656445
60min,60,relative_humidity,120,EXTRA_TREES,0.5,4,14,4.104792177574475,4.341793770593129,-5.773778129705422
60min,60,relative_humidity,120,EXTRA_TREES,0.75,1,15,2.1730913098685707,2.2035068696066706,-1.3996448101363719
60min,60,relative_humidity,120,EXTRA_TREES,0.75,2,15,2.3130996392517797,2.6665132063860466,-15.278787006710434
60min,60,relative_humidity,120,EXTRA_TREES,0.75,3,14,2.8054799558559265,2.746659801873221,2.096616440261113
60min,60,relative_humidity,120,EXTRA_TREES,0.75,4,14,4.104792177574475,4.4972611650949,-9.561238926164972
60min,60,relative_humidity,120,EXTRA_TREES,1.0,1,15,2.1730913098685707,2.2848757236678447,-5.144027464084554
60min,60,relative_humidity,120,EXTRA_TREES,1.0,2,15,2.3130996392517797,2.8318419921274236,-22.42628653227588
60min,60,relative_humidity,120,EXTRA_TREES,1.0,3,14,2.8054799558559265,2.8034101041477713,0.07377888064517359
60min,60,relative_humidity,120,EXTRA_TREES,1.0,4,14,4.104792177574475,4.674225206365745,-13.872396071650778
60min,60,relative_humidity,240,EXTRA_TREES,0.25,1,15,2.4914029804748776,2.459053119889168,1.2984595763606124
60min,60,relative_humidity,240,EXTRA_TREES,0.25,2,15,2.0761090374341906,2.247371569276157,-8.249206990285318
60min,60,relative_humidity,240,EXTRA_TREES,0.25,3,14,3.8255445565701693,3.8559755926694623,-0.7954693939462631
60min,60,relative_humidity,240,EXTRA_TREES,0.25,4,14,5.165716167999935,5.340990353570607,-3.393027798477269
60min,60,relative_humidity,240,EXTRA_TREES,0.5,1,15,2.4914029804748776,2.5369915486774444,-1.8298351796094126
60min,60,relative_humidity,240,EXTRA_TREES,0.5,2,15,2.0761090374341906,2.5101894180068913,-20.90836139845378
60min,60,relative_humidity,240,EXTRA_TREES,0.5,3,14,3.8255445565701693,3.983460673523965,-4.127938248231436
60min,60,relative_humidity,240,EXTRA_TREES,0.5,4,14,5.165716167999935,5.640903171950849,-9.198860109553745
60min,60,relative_humidity,240,EXTRA_TREES,0.75,1,15,2.4914029804748776,2.7157393884523473,-9.004420791642053
60min,60,relative_humidity,240,EXTRA_TREES,0.75,2,15,2.0761090374341906,2.839250705197569,-36.75826529354766
60min,60,relative_humidity,240,EXTRA_TREES,0.75,3,14,3.8255445565701693,4.199169519446893,-9.766582439486756
60min,60,relative_humidity,240,EXTRA_TREES,0.75,4,14,5.165716167999935,6.046937691386319,-17.05903876107804
60min,60,relative_humidity,240,EXTRA_TREES,1.0,1,15,2.4914029804748776,2.9771941774477626,-19.498700161315934
60min,60,relative_humidity,240,EXTRA_TREES,1.0,2,15,2.0761090374341906,3.2142744015507034,-54.822041790403354
60min,60,relative_humidity,240,EXTRA_TREES,1.0,3,14,3.8255445565701693,4.490405874515368,-17.37952095743688
60min,60,relative_humidity,240,EXTRA_TREES,1.0,4,14,5.165716167999935,6.539356122852186,-26.591471737482205
60min,60,relative_humidity,480,EXTRA_TREES,0.25,1,15,2.3106503135906644,2.177517812600206,5.761689694343032
60min,60,relative_humidity,480,EXTRA_TREES,0.25,2,15,3.353306824402194,3.292959915036881,1.7996238496926418
60min,60,relative_humidity,480,EXTRA_TREES,0.25,3,14,6.373691842952467,6.169676847140542,3.200892055010617
60min,60,relative_humidity,480,EXTRA_TREES,0.25,4,14,5.158817215746302,5.436354741670129,-5.379867405976269
60min,60,relative_humidity,480,EXTRA_TREES,0.5,1,15,2.3106503135906644,2.1875076895580334,5.329349201319517
60min,60,relative_humidity,480,EXTRA_TREES,0.5,2,15,3.353306824402194,3.2747385578279844,2.3430085789485195
60min,60,relative_humidity,480,EXTRA_TREES,0.5,3,14,6.373691842952467,6.006627320529171,5.759056626328228
60min,60,relative_humidity,480,EXTRA_TREES,0.5,4,14,5.158817215746302,5.752604307266632,-11.51014014817019
60min,60,relative_humidity,480,EXTRA_TREES,0.75,1,15,2.3106503135906644,2.338786667216499,-1.217681163624968
60min,60,relative_humidity,480,EXTRA_TREES,0.75,2,15,3.353306824402194,3.299340770341728,1.6093383900259877
60min,60,relative_humidity,480,EXTRA_TREES,0.75,3,14,6.373691842952467,5.887947504663653,7.621082886614805
60min,60,relative_humidity,480,EXTRA_TREES,0.75,4,14,5.158817215746302,6.10154942466177,-18.2741928913077
60min,60,relative_humidity,480,EXTRA_TREES,1.0,1,15,2.3106503135906644,2.60687233535008,-12.81985508655775
60min,60,relative_humidity,480,EXTRA_TREES,1.0,2,15,3.353306824402194,3.3658276385134775,-0.37338707034408386
60min,60,relative_humidity,480,EXTRA_TREES,1.0,3,14,6.373691842952467,5.816354059716837,8.744347812357613
60min,60,relative_humidity,480,EXTRA_TREES,1.0,4,14,5.158817215746302,6.4779086188447135,-25.56964800133135
60min,60,relative_humidity,60,XGBOOST,0.25,1,15,1.4131989560577258,1.3456405868865708,4.780527814683397
60min,60,relative_humidity,60,XGBOOST,0.25,2,15,1.4568833723524406,1.507543411337521,-3.4772885700026404
60min,60,relative_humidity,60,XGBOOST,0.25,3,14,1.844284060356615,1.838637011068177,0.30619194785787235
60min,60,relative_humidity,60,XGBOOST,0.25,4,14,1.4934078672048758,1.445048436967269,3.2381930817144036
60min,60,relative_humidity,60,XGBOOST,0.5,1,15,1.4131989560577258,1.2933519041976063,8.480550551384933
60min,60,relative_humidity,60,XGBOOST,0.5,2,15,1.4568833723524406,1.5713513874937282,-7.857047263601836
60min,60,relative_humidity,60,XGBOOST,0.5,3,14,1.844284060356615,1.8439442619581818,0.018424406832835118
60min,60,relative_humidity,60,XGBOOST,0.5,4,14,1.4934078672048758,1.4191086925310834,4.9751428464652365
60min,60,relative_humidity,60,XGBOOST,0.75,1,15,1.4131989560577258,1.2582380404550102,10.965258284296796
60min,60,relative_humidity,60,XGBOOST,0.75,2,15,1.4568833723524406,1.6467796751147077,-13.034420350040792
60min,60,relative_humidity,60,XGBOOST,0.75,3,14,1.844284060356615,1.8601120513296598,-0.858218715504391
60min,60,relative_humidity,60,XGBOOST,0.75,4,14,1.4934078672048758,1.4168205764798238,5.128357256373367
60min,60,relative_humidity,60,XGBOOST,1.0,1,15,1.4131989560577258,1.2417568377689345,12.131491999332349
60min,60,relative_humidity,60,XGBOOST,1.0,2,15,1.4568833723524406,1.7323110238188995,-18.905264257476134
60min,60,relative_humidity,60,XGBOOST,1.0,3,14,1.844284060356615,1.8868612204795867,-2.308600992557449
60min,60,relative_humidity,60,XGBOOST,1.0,4,14,1.4934078672048758,1.4382969718870864,3.69027755431189
60min,60,relative_humidity,120,XGBOOST,0.25,1,15,2.1730913098685707,2.0712896626701007,4.6846465556307875
60min,60,relative_humidity,120,XGBOOST,0.25,2,15,2.3130996392517797,2.438797288901437,-5.434164941131411
60min,60,relative_humidity,120,XGBOOST,0.25,3,14,2.8054799558559265,2.7864386644274863,0.678717785478913
60min,60,relative_humidity,120,XGBOOST,0.25,4,14,4.104792177574475,4.092146387079881,0.30807383047749454
60min,60,relative_humidity,120,XGBOOST,0.5,1,15,2.1730913098685707,2.0214577907066142,6.97777946436716
60min,60,relative_humidity,120,XGBOOST,0.5,2,15,2.3130996392517797,2.6079415505707444,-12.74661524802872
60min,60,relative_humidity,120,XGBOOST,0.5,3,14,2.8054799558559265,2.777799144837675,0.9866693561817378
60min,60,relative_humidity,120,XGBOOST,0.5,4,14,4.104792177574475,4.105686478542635,-0.02178675385921212
60min,60,relative_humidity,120,XGBOOST,0.75,1,15,2.1730913098685707,2.0274313896651686,6.702890004756021
60min,60,relative_humidity,120,XGBOOST,0.75,2,15,2.3130996392517797,2.8127052255129277,-21.59896520595869
60min,60,relative_humidity,120,XGBOOST,0.75,3,14,2.8054799558559265,2.779658388731037,0.9203974910243634
60min,60,relative_humidity,120,XGBOOST,0.75,4,14,4.104792177574475,4.145155852494249,-0.9833305359596882
60min,60,relative_humidity,120,XGBOOST,1.0,1,15,2.1730913098685707,2.0887317173963567,3.8820086431304226
60min,60,relative_humidity,120,XGBOOST,1.0,2,15,2.3130996392517797,3.045913143813556,-31.681017632202817
60min,60,relative_humidity,120,XGBOOST,1.0,3,14,2.8054799558559265,2.791995422195773,0.4806497951271031
60min,60,relative_humidity,120,XGBOOST,1.0,4,14,4.104792177574475,4.209825269227858,-2.558791946330579
60min,60,relative_humidity,240,XGBOOST,0.25,1,15,2.4914029804748776,2.491436331486159,-0.0013386437899817047
60min,60,relative_humidity,240,XGBOOST,0.25,2,15,2.0761090374341906,2.250279327534568,-8.389265060742174
60min,60,relative_humidity,240,XGBOOST,0.25,3,14,3.8255445565701693,3.7118996373156334,2.9706860702839495
60min,60,relative_humidity,240,XGBOOST,0.25,4,14,5.165716167999935,5.315265841406211,-2.8950424015297522
60min,60,relative_humidity,240,XGBOOST,0.5,1,15,2.4914029804748776,2.6811458347872144,-7.61590380196826
60min,60,relative_humidity,240,XGBOOST,0.5,2,15,2.0761090374341906,2.5259858233594876,-21.669227281110828
60min,60,relative_humidity,240,XGBOOST,0.5,3,14,3.8255445565701693,3.7702380857657256,1.4457149821835902
60min,60,relative_humidity,240,XGBOOST,0.5,4,14,5.165716167999935,5.725139484950579,-10.829540353302882
60min,60,relative_humidity,240,XGBOOST,0.75,1,15,2.4914029804748776,3.0250541799713204,-21.419706232940502
60min,60,relative_humidity,240,XGBOOST,0.75,2,15,2.0761090374341906,2.874155653225303,-38.43953286660693
60min,60,relative_humidity,240,XGBOOST,0.75,3,14,3.8255445565701693,3.993028934514134,-4.378053254047688
60min,60,relative_humidity,240,XGBOOST,0.75,4,14,5.165716167999935,6.345087627471937,-22.830744491496755
60min,60,relative_humidity,240,XGBOOST,1.0,1,15,2.4914029804748776,3.4777125250578997,-39.588519091962596
60min,60,relative_humidity,240,XGBOOST,1.0,2,15,2.0761090374341906,3.271735941268948,-57.58979332378428
60min,60,relative_humidity,240,XGBOOST,1.0,3,14,3.8255445565701693,4.355106596058236,-13.842788435925334
60min,60,relative_humidity,240,XGBOOST,1.0,4,14,5.165716167999935,7.1204491149991,-37.84050233166411
60min,60,relative_humidity,480,XGBOOST,0.25,1,15,2.3106503135906644,1.8619866198707917,19.417204372333867
60min,60,relative_humidity,480,XGBOOST,0.25,2,15,3.353306824402194,3.336933841578722,0.48826378499947926
60min,60,relative_humidity,480,XGBOOST,0.25,3,14,6.373691842952467,5.960174423462437,6.487879076665205
60min,60,relative_humidity,480,XGBOOST,0.25,4,14,5.158817215746302,5.397338123846395,-4.623558039080233
60min,60,relative_humidity,480,XGBOOST,0.5,1,15,2.3106503135906644,1.7879639570338777,22.620746786412333
60min,60,relative_humidity,480,XGBOOST,0.5,2,15,3.353306824402194,3.334380918492076,0.5643952939943657
60min,60,relative_humidity,480,XGBOOST,0.5,3,14,6.373691842952467,5.6587675846029555,11.216799869921845
60min,60,relative_humidity,480,XGBOOST,0.5,4,14,5.158817215746302,5.675318395782119,-10.012007761377866
60min,60,relative_humidity,480,XGBOOST,0.75,1,15,2.3106503135906644,2.128043159552878,7.902846785761441
60min,60,relative_humidity,480,XGBOOST,0.75,2,15,3.353306824402194,3.3456796915088156,0.2274510891122547
60min,60,relative_humidity,480,XGBOOST,0.75,3,14,6.373691842952467,5.4879743042666425,13.896460018932075
60min,60,relative_humidity,480,XGBOOST,0.75,4,14,5.158817215746302,5.987264423475219,-16.058859484306613
60min,60,relative_humidity,480,XGBOOST,1.0,1,15,2.3106503135906644,2.731712266030322,-18.22266008677631
60min,60,relative_humidity,480,XGBOOST,1.0,2,15,3.353306824402194,3.3706908681729804,-0.5184149462340211
60min,60,relative_humidity,480,XGBOOST,1.0,3,14,6.373691842952467,5.460065322073454,14.33433782791413
60min,60,relative_humidity,480,XGBOOST,1.0,4,14,5.158817215746302,6.328155179232969,-22.66678415970015
60min,60,relative_humidity,60,RANDOM_FOREST,0.25,1,15,1.4131989560577258,1.3872235286547843,1.83805877379098
60min,60,relative_humidity,60,RANDOM_FOREST,0.25,2,15,1.4568833723524406,1.5010870501647273,-3.0341260426983063
60min,60,relative_humidity,60,RANDOM_FOREST,0.25,3,14,1.844284060356615,1.8376239824159533,0.36111996431688537
60min,60,relative_humidity,60,RANDOM_FOREST,0.25,4,14,1.4934078672048758,1.5253116478872026,-2.1363072595860393
60min,60,relative_humidity,60,RANDOM_FOREST,0.5,1,15,1.4131989560577258,1.373611570610867,2.8012605923013334
60min,60,relative_humidity,60,RANDOM_FOREST,0.5,2,15,1.4568833723524406,1.558938989414515,-7.0050643036226266
60min,60,relative_humidity,60,RANDOM_FOREST,0.5,3,14,1.844284060356615,1.838518152838988,0.3126366291162413
60min,60,relative_humidity,60,RANDOM_FOREST,0.5,4,14,1.4934078672048758,1.5697855896928203,-5.114324369463529
60min,60,relative_humidity,60,RANDOM_FOREST,0.75,1,15,1.4131989560577258,1.372730918567255,2.863576803322934
60min,60,relative_humidity,60,RANDOM_FOREST,0.75,2,15,1.4568833723524406,1.6289857219357513,-11.813049201420684
60min,60,relative_humidity,60,RANDOM_FOREST,0.75,3,14,1.844284060356615,1.8469555998967881,-0.1448551010984988
60min,60,relative_humidity,60,RANDOM_FOREST,0.75,4,14,1.4934078672048758,1.625798444183666,-8.86499796111144
60min,60,relative_humidity,60,RANDOM_FOREST,1.0,1,15,1.4131989560577258,1.3846058652471454,2.0232884186628652
60min,60,relative_humidity,60,RANDOM_FOREST,1.0,2,15,1.4568833723524406,1.7097290606507243,-17.35524566321406
60min,60,relative_humidity,60,RANDOM_FOREST,1.0,3,14,1.844284060356615,1.86283382773804,-1.0057977390878805
60min,60,relative_humidity,60,RANDOM_FOREST,1.0,4,14,1.4934078672048758,1.692204767068315,-13.311628003909982
60min,60,relative_humidity,120,RANDOM_FOREST,0.25,1,15,2.1730913098685707,2.1316300994417925,1.907936874925232
60min,60,relative_humidity,120,RANDOM_FOREST,0.25,2,15,2.3130996392517797,2.382517995509947,-3.0010966704669055
60min,60,relative_humidity,120,RANDOM_FOREST,0.25,3,14,2.8054799558559265,2.771626617952702,1.2066861441145567
60min,60,relative_humidity,120,RANDOM_FOREST,0.25,4,14,4.104792177574475,4.17342868902102,-1.6721068565060127
60min,60,relative_humidity,120,RANDOM_FOREST,0.5,1,15,2.1730913098685707,2.128322186623495,2.060158403918296
60min,60,relative_humidity,120,RANDOM_FOREST,0.5,2,15,2.3130996392517797,2.4923575829752105,-7.74968534349067
60min,60,relative_humidity,120,RANDOM_FOREST,0.5,3,14,2.8054799558559265,2.76301423434937,1.5136704654730049
60min,60,relative_humidity,120,RANDOM_FOREST,0.5,4,14,4.104792177574475,4.2632209270492885,-3.8596046430888795
60min,60,relative_humidity,120,RANDOM_FOREST,0.75,1,15,2.1730913098685707,2.1633425962406183,0.4486104004779248
60min,60,relative_humidity,120,RANDOM_FOREST,0.75,2,15,2.3130996392517797,2.637573299182913,-14.027655982692162
60min,60,relative_humidity,120,RANDOM_FOREST,0.75,3,14,2.8054799558559265,2.7798774131837702,0.9125904684763688
60min,60,relative_humidity,120,RANDOM_FOREST,0.75,4,14,4.104792177574475,4.372865853480806,-6.530749044272835
60min,60,relative_humidity,120,RANDOM_FOREST,1.0,1,15,2.1730913098685707,2.2348902560868744,-2.8438264852313706
60min,60,relative_humidity,120,RANDOM_FOREST,1.0,2,15,2.3130996392517797,2.812691195345574,-21.598358653300277
60min,60,relative_humidity,120,RANDOM_FOREST,1.0,3,14,2.8054799558559265,2.821759456204601,-0.5802750547083376
60min,60,relative_humidity,120,RANDOM_FOREST,1.0,4,14,4.104792177574475,4.500912832022634,-9.650199993370371
60min,60,relative_humidity,240,RANDOM_FOREST,0.25,1,15,2.4914029804748776,2.4148745368227207,3.071700734562424
60min,60,relative_humidity,240,RANDOM_FOREST,0.25,2,15,2.0761090374341906,2.2617103319141547,-8.939862556994788
60min,60,relative_humidity,240,RANDOM_FOREST,0.25,3,14,3.8255445565701693,3.8650765672981153,-1.0333695018674365
60min,60,relative_humidity,240,RANDOM_FOREST,0.25,4,14,5.165716167999935,5.352719375623132,-3.6200828992817384
60min,60,relative_humidity,240,RANDOM_FOREST,0.5,1,15,2.4914029804748776,2.4586187619716964,1.3158938461626295
60min,60,relative_humidity,240,RANDOM_FOREST,0.5,2,15,2.0761090374341906,2.5225681907901003,-21.504610080965545
60min,60,relative_humidity,240,RANDOM_FOREST,0.5,3,14,3.8255445565701693,4.0106287068435,-4.838112523234327
60min,60,relative_humidity,240,RANDOM_FOREST,0.5,4,14,5.165716167999935,5.652209781232298,-9.417737974959701
60min,60,relative_humidity,240,RANDOM_FOREST,0.75,1,15,2.4914029804748776,2.616610474543845,-5.025581772608389
60min,60,relative_humidity,240,RANDOM_FOREST,0.75,2,15,2.0761090374341906,2.83800611176444,-36.6983169280867
60min,60,relative_humidity,240,RANDOM_FOREST,0.75,3,14,3.8255445565701693,4.251325489014474,-11.129943100859938
60min,60,relative_humidity,240,RANDOM_FOREST,0.75,4,14,5.165716167999935,6.047498294253269,-17.069891135632087
60min,60,relative_humidity,240,RANDOM_FOREST,1.0,1,15,2.4914029804748776,2.8700438158527697,-15.197896058778923
60min,60,relative_humidity,240,RANDOM_FOREST,1.0,2,15,2.0761090374341906,3.19188327875035,-53.743527974576715
60min,60,relative_humidity,240,RANDOM_FOREST,1.0,3,14,3.8255445565701693,4.57216515878834,-19.51671431811948
60min,60,relative_humidity,240,RANDOM_FOREST,1.0,4,14,5.165716167999935,6.521187417793305,-26.23975467700121
60min,60,relative_humidity,480,RANDOM_FOREST,0.25,1,15,2.3106503135906644,2.1898445725968054,5.228213905120562
60min,60,relative_humidity,480,RANDOM_FOREST,0.25,2,15,3.353306824402194,3.2428012569856715,3.2954207056857294
60min,60,relative_humidity,480,RANDOM_FOREST,0.25,3,14,6.373691842952467,6.137434458325747,3.70675882123098
60min,60,relative_humidity,480,RANDOM_FOREST,0.25,4,14,5.158817215746302,5.4830475177736755,-6.284973637711429
60min,60,relative_humidity,480,RANDOM_FOREST,0.5,1,15,2.3106503135906644,2.2505972103460734,2.598969774499142
60min,60,relative_humidity,480,RANDOM_FOREST,0.5,2,15,3.353306824402194,3.164139329171448,5.641222385442455
60min,60,relative_humidity,480,RANDOM_FOREST,0.5,3,14,6.373691842952467,5.956306059111406,6.548571755984306
60min,60,relative_humidity,480,RANDOM_FOREST,0.5,4,14,5.158817215746302,5.861566040736027,-13.622285799247141
60min,60,relative_humidity,480,RANDOM_FOREST,0.75,1,15,2.3106503135906644,2.4795988637185116,-7.311731642565483
60min,60,relative_humidity,480,RANDOM_FOREST,0.75,2,15,3.353306824402194,3.1197307199319946,6.965545257309993
60min,60,relative_humidity,480,RANDOM_FOREST,0.75,3,14,6.373691842952467,5.835442410615309,8.444861245250065
60min,60,relative_humidity,480,RANDOM_FOREST,0.75,4,14,5.158817215746302,6.284571120507563,-21.821938201747347
60min,60,relative_humidity,480,RANDOM_FOREST,1.0,1,15,2.3106503135906644,2.836386330763413,-22.752729570567283
60min,60,relative_humidity,480,RANDOM_FOREST,1.0,2,15,3.353306824402194,3.1110426232601522,7.224635675419623
60min,60,relative_humidity,480,RANDOM_FOREST,1.0,3,14,6.373691842952467,5.778626177877051,9.336279188542719
60min,60,relative_humidity,480,RANDOM_FOREST,1.0,4,14,5.158817215746302,6.743696555939308,-30.721757990484047
