resolution,resolution_minutes,target,horizon_minutes,corrector,alpha,n_windows,minimum_window_n,mean_gain_pct,median_gain_pct,worst_window_gain_pct,best_window_gain_pct,gain_std_pct,gain_q25_pct,gain_q75_pct,positive_windows,positive_window_fraction,gain_iqr_pct,worst_loss_magnitude_pct,robust_score,passes_window_count,passes_sample_count,passes_positive_fraction,passes_median_gain,passes_worst_window,eligible
4min,4,temperature,60,HIST_GRADIENT_BOOSTING,0.25,4,75,5.1321235086816515,4.69745009245524,0.6060844169779,10.527509432838224,4.290866016804444,1.09429127256638,8.735282328570511,4,1.0,7.640991056004131,0.0,0.8769545644531744,True,True,True,True,True,True
4min,4,temperature,60,HIST_GRADIENT_BOOSTING,0.5,4,75,6.4969715736913844,6.138965836503092,-0.6173777735925435,14.327332395351899,6.913999732257119,-0.26465358509982084,12.900590995294298,2,0.5,13.165244580394118,0.6173777735925435,-0.5980008970921026,True,True,False,True,True,False
4min,4,temperature,60,HIST_GRADIENT_BOOSTING,0.75,4,75,3.780667128028618,3.466235196241745,-4.104697275259166,12.29489539489015,7.6630653005412475,-3.730368578174348,10.977270902444712,2,0.5,14.70763948061906,4.104697275259166,-4.913758862882577,True,True,False,True,False,False
4min,4,temperature,60,HIST_GRADIENT_BOOSTING,1.0,4,75,-2.692190942588611,-4.096787640814313,-10.341408876156587,7.766220387430766,7.171335536265161,-8.744697640266127,1.9557190568632032,2,0.5,10.70041669712933,10.341408876156587,-12.032348208418124,True,True,False,False,False,False
4min,4,temperature,120,HIST_GRADIENT_BOOSTING,0.25,4,75,2.7303959910143263,1.2279710112560949,0.6150698480089491,7.850572093536166,2.9731094504354414,0.86788328969472,3.090483712575701,4,1.0,2.222600422880981,0.0,0.11667079981560446,True,True,True,True,True,True
4min,4,temperature,120,HIST_GRADIENT_BOOSTING,0.5,4,75,2.042963541679377,-0.3633168101655134,-4.0421924108247955,12.94068019787333,6.605931895251636,-2.704441368410357,4.38408809992422,2,0.5,7.088529468334578,4.0421924108247955,-4.9181296470390015,True,True,False,False,False,False
4min,4,temperature,120,HIST_GRADIENT_BOOSTING,0.75,4,75,-1.9329892698406277,-4.591311190020612,-13.3236091068619,14.774274407540615,10.801756829862441,-10.280167257978036,3.755866798116797,2,0.5,14.036034056094833,13.3236091068619,-14.940230494783505,True,True,False,False,False,False
4min,4,temperature,120,HIST_GRADIENT_BOOSTING,1.0,4,75,-8.812827888208982,-11.091527438285853,-26.213121660853467,13.14486498458925,15.276207102110329,-21.105381939495857,1.2010266130010239,1,0.25,22.30640855249688,26.213121660853467,-28.79801212974766,True,True,False,False,False,False
4min,4,temperature,240,HIST_GRADIENT_BOOSTING,0.25,4,75,-4.302460603724449,-0.9605076104382438,-14.959074680734656,-0.32975251328665406,6.1690279554106615,-4.851477961793593,-0.4114902523690995,0,0.0,4.439987709424494,14.959074680734656,-6.920270135334155,True,True,False,False,False,False
4min,4,temperature,240,HIST_GRADIENT_BOOSTING,0.5,4,75,-12.006829521448152,-3.7989579395581456,-38.515777941479165,-1.913624265197153,15.327012147139206,-12.78454273373029,-3.0212447272760072,0,0.0,9.763298006454283,38.515777941479165,-18.30955142815508,True,True,False,False,False,False
4min,4,temperature,240,HIST_GRADIENT_BOOSTING,0.75,4,75,-22.1247368388389,-8.36605413053806,-67.07212712432711,-4.694711969952372,25.994413875713,-23.255927821441244,-7.234863147935716,0,0.0,16.021064673505528,67.07212712432711,-33.1446182483726,True,True,False,False,False,False
4min,4,temperature,240,HIST_GRADIENT_BOOSTING,1.0,4,75,-33.98861229953022,-14.445808017622507,-98.48177150759513,-8.581061655280731,37.32630691119815,-36.5492770710484,-11.885143246104324,0,0.0,24.664133824944077,98.48177150759513,-51.39831780699333,True,True,False,False,False,False
4min,4,temperature,480,HIST_GRADIENT_BOOSTING,0.25,4,75,0.09862833765288948,0.5942879434217421,-3.156443718829756,2.36238118259783,2.140074116512188,-1.113422746410999,1.8063390274856306,2,0.5,2.9197617738966297,3.156443718829756,-1.6547038732340118,True,True,False,True,False,False
4min,4,temperature,480,HIST_GRADIENT_BOOSTING,0.5,4,75,-2.590719878411729,-0.6726550539200145,-10.450313188854292,1.4327437830474048,4.719429278142044,-4.147144645097393,0.8837697127656493,2,0.5,5.030914357863042,10.450313188854292,-5.800690530065109,True,True,False,False,False,False
4min,4,temperature,480,HIST_GRADIENT_BOOSTING,0.75,4,75,-7.817786278061075,-4.790015067806717,-21.13653209663769,-0.5545828799931769,7.881591464736126,-8.879310949881468,-3.7284903959863254,0,0.0,5.150820553895143,21.13653209663769,-12.649558368913711,True,True,False,False,False,False
4min,4,temperature,480,HIST_GRADIENT_BOOSTING,1.0,4,75,-15.19512669518252,-11.066989149988983,-34.40838908106621,-4.238139399685902,11.573412419550637,-18.776396809376052,-7.4857190357954515,0,0.0,11.290677773580601,34.40838908106621,-25.314425307045838,True,True,False,False,False,False
4min,4,temperature,60,EXTRA_TREES,0.25,4,75,1.6992115859413297,1.5297257109497975,-4.106455546500093,7.843850468365817,4.596283244104404,-1.7902358497412991,5.0191731466324265,2,0.5,6.809408996373726,4.106455546500093,-2.9015926738620887,True,True,False,True,False,False
4min,4,temperature,60,EXTRA_TREES,0.5,4,75,1.5777222673983042,1.61401870967712,-9.771070799720304,12.853922449959281,8.751184780431188,-4.99657049105139,8.188311468126814,2,0.5,13.184881959178204,9.771070799720304,-7.421189969842059,True,True,False,True,False,False
4min,4,temperature,60,EXTRA_TREES,0.75,4,75,-0.441477870811982,0.23548198473758664,-16.767297194828576,14.530421742105473,12.23033209174605,-9.493740484950274,9.287744598875879,2,0.5,18.781485083826155,16.767297194828576,-13.347084855882635,True,True,False,False,False,False
4min,4,temperature,60,EXTRA_TREES,1.0,4,75,-4.3312148457655235,-2.56723508983563,-24.87151482808255,12.681125624691717,14.926451813140131,-15.131778988349712,8.233329052748559,2,0.5,23.36510804109827,24.87151482808255,-20.467667817405403,True,True,False,False,False,False
4min,4,temperature,120,EXTRA_TREES,0.25,4,75,1.0912609065276209,0.2737168907232653,-3.1551825727222784,6.9727924173862315,3.976071781784317,-2.198633948933183,3.5636117461840695,2,0.5,5.762245695117253,3.1551825727222784,-3.3962016000159307,True,True,False,False,False,False
4min,4,temperature,120,EXTRA_TREES,0.5,4,75,0.41545956025566433,0.06442682855817816,-8.955057837928118,10.488042421834418,7.524862357013274,-5.415629399505143,5.895515788318985,2,0.5,11.311145187824128,8.955057837928118,-7.829910224835915,True,True,False,False,False,False
4min,4,temperature,120,EXTRA_TREES,0.75,4,75,-2.0306131732752886,-0.6272573376254407,-17.007003254351424,10.139065236501152,10.706225858031736,-9.529247447564003,6.871376936663275,2,0.5,16.400624384227278,17.007003254351424,-13.079320343326936,True,True,False,False,False,False
4min,4,temperature,120,EXTRA_TREES,1.0,4,75,-6.126646654356501,-2.1397703988590657,-26.882994281756584,6.655948462048715,13.76146182016379,-14.407060326458266,6.1406432732427,2,0.5,20.547703599700966,26.882994281756584,-19.134370769148696,True,True,False,False,False,False
4min,4,temperature,240,EXTRA_TREES,0.25,4,75,0.03402887516027775,-0.0583716803627998,-2.3878503700465257,2.6407092314132363,1.7910253975517882,-0.8486758029473607,0.8243329977448386,2,0.5,1.6730088006921993,2.3878503700465257,-1.4918386732205309,True,True,False,False,False,False
4min,4,temperature,240,EXTRA_TREES,0.5,4,75,-1.5979255093113747,-1.1083632133900185,-6.465125959960255,2.2901503494947937,3.2698151180601505,-3.4369638138571266,0.7306750911557337,2,0.5,4.16763890501286,6.465125959960255,-4.808464155886512,True,True,False,False,False,False
4min,4,temperature,240,EXTRA_TREES,0.75,4,75,-4.8160544710736275,-3.596324949993423,-12.047549847435398,-0.024018136872264405,4.782858611925433,-7.640969302581498,-0.7714101184855523,0,0.0,6.869559184095945,12.047549847435398,-10.042992003900245,True,True,False,False,False,False
4min,4,temperature,240,EXTRA_TREES,1.0,4,75,-9.45679452211866,-9.209844547144508,-18.923349460183672,-0.4841395340019489,6.705657752842137,-13.282861083096439,-5.383777986166728,0,0.0,7.899083096929711,18.923349460183672,-17.89022346065528,True,True,False,False,False,False
4min,4,temperature,480,EXTRA_TREES,0.25,4,75,0.520433809349512,1.1781864980143315,-4.326855585839692,4.052217827209077,3.0513799180965466,-0.5371070370376739,2.235727344401517,3,0.75,2.772834381439191,4.326855585839692,-1.289944589165187,True,True,True,True,False,False
4min,4,temperature,480,EXTRA_TREES,0.5,4,75,-1.1845547576013955,1.435197860380136,-11.051211258431412,3.442596507265557,5.816477885932257,-2.5798198791216262,2.830462981900367,3,0.75,5.410282861021994,11.051211258431412,-4.032746384738713,True,True,True,True,False,False
4min,4,temperature,480,EXTRA_TREES,0.75,4,75,-4.993816065273864,-1.5871837016344137,-19.769930185369617,2.969033327542986,8.732134382407972,-6.2513091021943605,-0.3296906647139184,1,0.25,5.921618437480442,19.769930185369617,-9.490475466717038,True,True,False,False,False,False
4min,4,temperature,480,EXTRA_TREES,1.0,4,75,-10.63444429922539,-7.553168116089121,-30.08261513499531,2.6511741702719975,12.203806065093907,-15.673224422305658,-2.5143879930088504,1,0.25,13.158836429296809,30.08261513499531,-21.65324011448635,True,True,False,False,False,False
4min,4,temperature,60,XGBOOST,0.25,4,75,2.6079410210172957,1.0248890292830914,-4.098646393556317,12.480632419059317,6.189490341582939,-1.5308520258015699,5.163682076101956,2,0.5,6.6945341019035265,4.098646393556317,-3.347039620057751,True,True,False,True,False,False
4min,4,temperature,60,XGBOOST,0.5,4,75,1.6694769445053277,-0.40609094223854214,-11.414227410083132,18.904317072581527,11.34590418710977,-6.430702998390046,7.694089000656831,2,0.5,14.124791999046877,11.414227410083132,-10.322043794282763,True,True,False,False,False,False
4min,4,temperature,60,XGBOOST,0.75,4,75,-2.949231672136672,-4.134209212681537,-21.36641077845688,17.837902515273267,14.958301645737684,-14.27341615474295,7.189975269924743,2,0.5,21.46339142466769,21.36641077845688,-20.207507619629602,True,True,False,False,False,False
4min,4,temperature,60,XGBOOST,1.0,4,75,-10.897232030985169,-9.884300717530344,-33.36624373712009,9.545917048240097,17.301682639955782,-24.51024544650896,3.7287126979934486,2,0.5,28.23895814450241,33.36624373712009,-32.34534072406157,True,True,False,False,False,False
4min,4,temperature,120,XGBOOST,0.25,4,75,2.449403791396604,1.11635418523489,-1.2673310912680689,8.832237886384705,3.814487885732631,0.3591047939023303,3.2066531827291636,3,0.75,2.847548388826833,1.2673310912680689,-0.6242527819955439,True,True,True,True,False,False
4min,4,temperature,120,XGBOOST,0.5,4,75,2.0791990335040906,0.9137707176732475,-6.34380460088334,12.833059299553208,6.9067972225576355,-1.5515359075706763,4.544505658748014,3,0.75,6.096041566318691,6.34380460088334,-3.720201215706933,True,True,True,True,False,False
4min,4,temperature,120,XGBOOST,0.75,4,75,-1.1406384296787633,-0.5918036591936677,-14.724876517375495,11.345930117047777,9.33408656295481,-5.57281765789317,3.840375569020739,2,0.5,9.413193226913908,14.724876517375495,-8.979619401994494,True,True,False,False,False,False
4min,4,temperature,120,XGBOOST,1.0,4,75,-6.947391694212839,-3.3326249327931396,-25.751540313258577,4.6272234019935,11.576914990243795,-11.447280372734934,1.1672637457289547,2,0.5,12.614544118463888,25.751540313258577,-16.077782070339726,True,True,False,False,False,False
4min,4,temperature,240,XGBOOST,0.25,4,75,-4.134679435430697,-0.7211535642887619,-15.325000611564883,0.22858999841962013,6.47316257512627,-4.480293529011366,-0.37553947070809324,1,0.25,4.104754058303273,15.325000611564883,-6.604780746331619,True,True,False,False,False,False
4min,4,temperature,240,XGBOOST,0.5,4,75,-10.997244824534661,-2.2578332162070787,-37.92091690478975,-1.5523959609347417,15.549400155717112,-11.459914587543654,-1.7951634531980867,0,0.0,9.664751134345568,37.92091690478975,-16.570438009577302,True,True,False,False,False,False
4min,4,temperature,240,XGBOOST,0.75,4,75,-19.797790481215234,-5.725997470442541,-64.82405971641829,-2.9151072675575564,26.023184332590333,-20.837537873339503,-4.686250078318269,0,0.0,16.151287795021233,64.82405971641829,-30.00765629705773,True,True,False,False,False,False
4min,4,temperature,240,XGBOOST,1.0,4,75,-30.008608553519206,-10.56575289439687,-94.25300458599854,-4.649923839284543,37.19312525545806,-32.87655292872165,-7.6978085191944245,0,0.0,25.178744409527226,94.25300458599854,-46.71837624566012,True,True,False,False,False,False
4min,4,temperature,480,XGBOOST,0.25,4,75,0.8507566618970874,1.4285580707062264,-1.2029152413052246,1.7488257474811213,1.2120277082158069,0.5430555640971655,1.7362591685061484,3,0.75,1.1932036044089829,1.2029152413052246,0.5312274581754288,True,True,True,True,False,False
4min,4,temperature,480,XGBOOST,0.5,4,75,0.024252205847983238,0.891930365623228,-3.41171543251419,1.7248635246596664,2.035751749939724,-0.5080720008800033,1.4242545723512146,3,0.75,1.9323265732312178,3.41171543251419,-0.9271617791209283,True,True,True,True,False,False
4min,4,temperature,480,XGBOOST,0.75,4,75,-2.4373249329020346,-1.888442391257751,-6.563870547523936,0.5914555984312995,2.8902180023975066,-4.420671340556528,0.09490401639674263,1,0.25,4.515575356953271,6.563870547523936,-5.787197706615371,True,True,False,False,False,False
4min,4,temperature,480,XGBOOST,1.0,4,75,-6.403969227501376,-6.9923289496235705,-10.578736226551525,-1.052482784206836,4.198833205303039,-10.474059038915385,-2.92223913820956,0,0.0,7.551819900705825,10.578736226551525,-13.412922956614365,True,True,False,False,False,False
4min,4,temperature,60,RANDOM_FOREST,0.25,4,75,-0.13142148895927175,-2.042338254119976,-5.539028057899123,9.098018610301988,5.724556235875341,-4.538505767709783,2.3647460246305343,2,0.5,6.903251792340317,5.539028057899123,-6.878721164764915,True,True,False,False,False,False
4min,4,temperature,60,RANDOM_FOREST,0.5,4,75,-5.922406763395281,-10.318716102564819,-15.098954459192624,12.046759610741137,10.557014309341682,-11.62895027949883,-4.61217258646127,1,0.25,7.016777693037561,15.098954459192624,-17.601843563881754,True,True,False,False,False,False
4min,4,temperature,60,RANDOM_FOREST,0.75,4,75,-16.59583547292834,-23.127745248963386,-28.379244738463242,8.251393344676655,14.873305850123003,-27.93016400496667,-11.793416716925059,1,0.25,16.13674728804161,28.379244738463242,-38.2909300776,True,True,False,False,False,False
4min,4,temperature,60,RANDOM_FOREST,1.0,4,75,-30.967203653598816,-35.32095041841284,-51.692322601751684,-1.534591175817895,19.00146029243827,-44.98863277422096,-21.299521297790697,0,0.0,23.689111476430263,51.692322601751684,-60.088586807065894,True,True,False,False,False,False
4min,4,temperature,120,RANDOM_FOREST,0.25,4,75,-3.740086162684175,-6.369487893111989,-9.12326467126021,6.901895806747492,6.340549944368925,-8.21405123399612,-1.8955228218000433,1,0.25,6.318528412196077,9.12326467126021,-11.80956826702508,True,True,False,False,False,False
4min,4,temperature,120,RANDOM_FOREST,0.5,4,75,-16.914617585048628,-22.849449925464036,-30.27909080419377,8.319520314927331,15.18573928942826,-27.915746397668894,-11.848321112843767,1,0.25,16.067425284825127,30.27909080419377,-38.452935268925046,True,True,False,False,False,False
4min,4,temperature,120,RANDOM_FOREST,0.75,4,75,-36.338940726837905,-41.089613617772,-67.18611920890244,4.009583537094843,26.532480812076418,-54.94689422652915,-22.48166011808076,1,0.25,32.46523410844839,67.18611920890244,-74.1187604742218,True,True,False,False,False,False
4min,4,temperature,120,RANDOM_FOREST,1.0,4,75,-59.639980527840244,-61.825433783989226,-109.58191608093048,-5.327138462452052,38.6680631647525,-85.94186491152975,-35.52354940029973,0,0.0,50.41831551123002,109.58191608093048,-114.43007055983685,True,True,False,False,False,False
4min,4,temperature,240,RANDOM_FOREST,0.25,4,75,-2.3454805940970824,-2.750212879074019,-7.922996194756577,4.041499576516285,4.336994583039041,-4.9632334313699165,-0.13246004180118454,1,0.25,4.830773389568732,7.922996194756577,-7.14634862254753,True,True,False,False,False,False
4min,4,temperature,240,RANDOM_FOREST,0.5,4,75,-9.190467244248158,-7.798498719326371,-25.457468758660184,4.292597220320294,10.638518496009272,-13.039737279295798,-3.949228684278731,1,0.25,9.090508595017067,25.457468758660184,-18.70812020649995,True,True,False,False,False,False
4min,4,temperature,240,RANDOM_FOREST,0.75,4,75,-19.551374250060725,-14.838257557627728,-49.25350943622824,0.7245275512407905,18.2881599181922,-23.583586591297248,-10.806045216391205,1,0.25,12.777541374906043,49.25350943622824,-33.54040560413781,True,True,False,False,False,False
4min,4,temperature,240,RANDOM_FOREST,1.0,4,75,-32.5189018631619,-23.49810133346561,-76.8006616015723,-6.278743184144081,26.56882694859822,-38.61751220588407,-17.399490990743438,0,0.0,21.21802121514063,76.8006616015723,-53.307277341429,True,True,False,False,False,False
4min,4,temperature,480,RANDOM_FOREST,0.25,4,75,-3.841917129126376,-3.537445989180779,-6.073315927265456,-2.2194606108784893,1.4046116792950638,-4.334721369779936,-3.0446417485272192,0,0.0,1.2900796212527164,6.073315927265456,-5.700814781623501,True,True,False,False,False,False
4min,4,temperature,480,RANDOM_FOREST,0.5,4,75,-11.751974715750046,-9.24850764284229,-20.61942683965047,-7.891456737665138,5.176511478143073,-12.651252788068591,-8.349229570523745,0,0.0,4.302023217544846,20.61942683965047,-16.55437596152733,True,True,False,False,False,False
4min,4,temperature,480,RANDOM_FOREST,0.75,4,75,-22.78336929129109,-18.26428694199868,-41.04075062889084,-13.564152652276153,10.71422121628581,-24.00585417012589,-17.04180206316388,0,0.0,6.964052106962011,41.04075062889084,-32.00650065270239,True,True,False,False,False,False
4min,4,temperature,480,RANDOM_FOREST,1.0,4,75,-36.06436155728446,-29.451573841114005,-65.17230388994095,-20.181994656968847,17.244035535534966,-39.21138624494864,-26.30454915344982,0,0.0,12.906837091498822,65.17230388994095,-52.19806835934865,True,True,False,False,False,False
4min,4,relative_humidity,60,HIST_GRADIENT_BOOSTING,0.25,4,75,2.6797423588350853,2.8673267664952284,-1.2924130846247674,6.276728986974651,3.4216786763011764,-0.4254084765512355,5.972477601881549,2,0.5,6.3978860784327845,1.2924130846247674,-0.6547195438773556,True,True,False,True,False,False
4min,4,relative_humidity,60,HIST_GRADIENT_BOOSTING,0.5,4,75,1.7897214042981284,1.7615358357260489,-5.344134014828552,8.979947960568968,5.798030903602884,-3.0090545386504672,6.560311778674644,2,0.5,9.569366317325112,5.344134014828552,-4.359180826643645,True,True,False,True,False,False
4min,4,relative_humidity,60,HIST_GRADIENT_BOOSTING,0.75,4,75,-2.6108970617737293,-3.8154313670649036,-11.855714509736668,9.042988996771557,7.668797811384866,-7.589224371824668,1.1628959429860348,1,0.25,8.752120314810703,11.855714509736668,-11.155420151904423,True,True,False,False,False,False
4min,4,relative_humidity,60,HIST_GRADIENT_BOOSTING,1.0,4,75,-10.059610420924482,-12.931846788886508,-20.428799877582804,6.0540517716578925,9.829272646988693,-15.691707774777871,-7.29974943503312,1,0.25,8.39195833974475,20.428799877582804,-22.235025928154585,True,True,False,False,False,False
4min,4,relative_humidity,120,HIST_GRADIENT_BOOSTING,0.25,4,75,2.7911279658003387,3.4605730469841527,0.056121766658149545,4.187244002574898,1.6080597034736495,2.5388810649331903,3.712819947851301,4,1.0,1.1739388829181108,0.0,2.8736036055250973,True,True,True,True,True,True
4min,4,relative_humidity,120,HIST_GRADIENT_BOOSTING,0.5,4,75,1.85039851401636,2.8161590236512892,-3.2897931209835907,5.059069129746451,3.2149974639154477,0.40825171387482007,4.258305823792829,3,0.75,3.8500541099180086,3.2897931209835907,0.06868368844638728,True,True,True,True,False,False
4min,4,relative_humidity,120,HIST_GRADIENT_BOOSTING,0.75,4,75,-2.6574818596851415,-2.945631607141586,-9.726968881690969,4.9883046572335745,6.002573228669584,-7.801741365765727,2.198627898938999,2,0.5,10.000369264704727,9.726968881690969,-10.377558459916692,True,True,False,False,False,False
4min,4,relative_humidity,120,HIST_GRADIENT_BOOSTING,1.0,4,75,-10.204704171623774,-11.560036036692736,-20.8567842030482,3.15803958993857,9.990034853615334,-19.279523292050662,-2.4852169162658493,1,0.25,16.794306375784814,20.8567842030482,-25.17138527534719,True,True,False,False,False,False
4min,4,relative_humidity,240,HIST_GRADIENT_BOOSTING,0.25,4,75,0.7988791709759653,2.3654448931473815,-6.185123836555334,4.649750734164432,4.17520960716377,-0.3569412057919821,3.521265269915329,3,0.75,3.878206475707311,6.185123836555334,-1.1199393038451075,True,True,True,True,False,False
4min,4,relative_humidity,240,HIST_GRADIENT_BOOSTING,0.5,4,75,-1.7846936852443935,3.8160558701094898,-22.604425032755785,7.833538551559231,12.174957762221123,-3.8772094410358497,5.9085716259009455,3,0.75,9.785781066936796,22.604425032755785,-6.727940921547854,True,True,True,True,False,False
4min,4,relative_humidity,240,HIST_GRADIENT_BOOSTING,0.75,4,75,-6.957454406174678,4.307411083378235,-45.84133001410852,9.396690222653342,22.58935800966071,-9.721139650966007,7.071096328169565,3,0.75,16.792235979135572,45.84133001410852,-15.54903940971668,True,True,True,True,False,False
4min,4,relative_humidity,240,HIST_GRADIENT_BOOSTING,1.0,4,75,-14.068297727169382,3.822106885053145,-73.17282128613317,9.255416607349353,34.23720567312987,-17.20710520304906,6.960914360932826,3,0.75,24.168019563981886,73.17282128613317,-26.55510821847109,True,True,True,True,False,False
4min,4,relative_humidity,480,HIST_GRADIENT_BOOSTING,0.25,4,75,5.45569326199541,3.187632444933307,1.4424539822341216,14.00505417588091,5.002199391840152,2.3398161266244006,6.303509580304317,4,1.0,3.963693453679916,0.0,1.205785718093349,True,True,True,True,True,True
4min,4,relative_humidity,480,HIST_GRADIENT_BOOSTING,0.5,4,75,6.862679514864892,5.94109255265994,2.02308624300379,13.545446711135899,4.253220450783677,4.109779268921164,8.693992798603668,4,1.0,4.584213529682504,0.0,3.648985787818688,True,True,True,True,True,True
4min,4,relative_humidity,480,HIST_GRADIENT_BOOSTING,0.75,4,75,4.247141287570087,4.0965002003352025,-1.1819016981376662,9.97746644774761,4.2892069758583125,0.999489421757497,7.344152066147792,3,0.75,6.344662644390295,1.1819016981376662,0.6286934536056382,True,True,True,True,False,False
4min,4,relative_humidity,480,HIST_GRADIENT_BOOSTING,1.0,4,75,-1.1726880241935846,4.077845053070961,-25.24093998336504,12.394497780448779,14.519153676319382,-5.889560564956885,8.79471759383426,3,0.75,14.684278158791145,25.24093998336504,-9.574529022165871,True,True,True,True,False,False
4min,4,relative_humidity,60,EXTRA_TREES,0.25,4,75,1.856868766750359,2.13716715141815,-1.198450733000794,4.35159149716593,2.4174060059991516,-0.16448311125470078,4.15851902942321,3,0.75,4.323002140677911,1.198450733000794,-0.3239466021710041,True,True,True,True,False,False
4min,4,relative_humidity,60,EXTRA_TREES,0.5,4,75,2.6811502345462266,3.071970035590698,-3.0225265702883153,7.603187437291827,4.457973922314611,-0.963329339561765,6.71644960969869,2,0.5,7.679778949260455,3.0225265702883153,-1.5235510816116085,True,True,False,True,False,False
4min,4,relative_humidity,60,EXTRA_TREES,0.75,4,75,2.4202767523821325,2.7424524252082763,-5.439763137530382,9.63596529664236,6.077794354302797,-2.3819567142410527,7.544685891831461,2,0.5,9.926642606072514,5.439763137530382,-3.5808096622105765,True,True,False,True,False,False
4min,4,relative_humidity,60,EXTRA_TREES,1.0,4,75,1.0619668037347156,1.145697654719376,-8.410490449392643,10.366962354892754,7.274160688016802,-4.395547021219538,6.60321147967363,2,0.5,10.998758500893167,8.410490449392643,-6.456304208075369,True,True,False,True,False,False
4min,4,relative_humidity,120,EXTRA_TREES,0.25,4,75,1.809953801193505,1.8317729727505059,-0.4991887479683459,4.075458007241354,1.779724090226682,0.46169852848017623,3.1800282454638347,3,0.75,2.7183297169836584,0.4991887479683459,0.3478109272665902,True,True,True,True,True,True
4min,4,relative_humidity,120,EXTRA_TREES,0.5,4,75,2.708025997839731,2.611490550508504,-1.4942568562978629,7.103379746639779,3.2727228169047295,0.3028054124665812,5.016711135881653,3,0.75,4.713905723415072,1.4942568562978629,-0.11902652527349789,True,True,True,True,False,False
4min,4,relative_humidity,120,EXTRA_TREES,0.75,4,75,2.654796386398601,2.305426318457287,-2.97082940055012,8.979162309229949,4.457613931598355,-0.47487737056017565,5.435100075416063,3,0.75,5.909977445976239,2.97082940055012,-1.3922697546683622,True,True,True,True,False,False
4min,4,relative_humidity,120,EXTRA_TREES,1.0,4,75,1.6408790630337908,0.9205303630783961,-4.908577041512033,9.631032567490404,5.338176173420266,-1.8581910078339066,4.419600433946093,2,0.5,6.27779144178,4.908577041512033,-3.445509618189612,True,True,False,True,False,False
4min,4,relative_humidity,240,EXTRA_TREES,0.25,4,75,2.086457785133388,2.418095786552451,0.11923261501351397,3.3904069524151366,1.2233756460080452,1.6083737101190019,2.8961798615668366,4,1.0,1.2878061514478347,0.0,1.7741927108285336,True,True,True,True,True,True
4min,4,relative_humidity,240,EXTRA_TREES,0.5,4,75,2.4498352817112345,4.41059732445405,-5.55218797071518,6.5303344486520185,4.710903959539392,1.5851457853622621,5.275286820803023,3,0.75,3.690141035440761,5.55218797071518,1.1774798140548748,True,True,True,True,False,False
4min,4,relative_humidity,240,EXTRA_TREES,0.75,4,75,1.2809420573688453,5.949630321587769,-16.169230332193475,9.393737918493319,10.176156733370417,0.13070766901099695,7.099864709945617,3,0.75,6.96915704093462,16.169230332193475,-1.57725578192791,True,True,True,True,False,False
4min,4,relative_humidity,240,EXTRA_TREES,1.0,4,75,-1.1377265507188354,7.013043610970125,-30.530627689906087,11.953634265090495,17.089663775802503,-2.464665811296478,8.339982871547766,3,0.75,10.804648682844245,30.530627689906087,-6.02193765292852,True,True,True,True,False,False
4min,4,relative_humidity,480,EXTRA_TREES,0.25,4,75,3.2071409765590797,3.368932024226489,-0.7398034842210386,6.830503342004379,2.8443453332661583,1.3352767328214379,5.2407962679641305,3,0.75,3.905519535142693,0.7398034842210386,1.2312213855998828,True,True,True,True,True,True
4min,4,relative_humidity,480,EXTRA_TREES,0.5,4,75,3.029578770908575,2.589116829062441,-2.0305131870430375,8.970594612552457,4.021828170005838,0.45457696153638705,5.16411863843463,3,0.75,4.709541676898243,2.0305131870430375,-0.27328230614743976,True,True,True,True,False,False
4min,4,relative_humidity,480,EXTRA_TREES,0.75,4,75,-0.10150438531065842,0.8719797030691774,-14.862997865419448,12.71302091803846,10.351730792834488,-6.604442327402164,7.374917645160682,2,0.5,13.979359972562847,14.862997865419448,-9.833449749567109,True,True,False,True,False,False
4min,4,relative_humidity,480,EXTRA_TREES,1.0,4,75,-5.280638218123798,0.4713803390275144,-37.934427690313065,15.869114139762841,20.421325152662046,-14.11541868402644,9.306160804930157,2,0.5,23.421579488956596,37.934427690313065,-20.723016328029047,True,True,False,False,False,False
4min,4,relative_humidity,60,XGBOOST,0.25,4,75,2.9749141386067777,2.60298754544182,-0.8416552756373165,7.535336739180787,3.3992629829513614,0.01685617699128944,5.561045507057308,3,0.75,5.544189330066018,0.8416552756373165,-0.3795209385005184,True,True,True,True,True,True
4min,4,relative_humidity,60,XGBOOST,0.5,4,75,3.34162327135546,2.777177751231507,-3.52078860670959,11.332926189668418,6.143438882509374,-2.125174156138291,8.243975178725258,2,0.5,10.369149334863549,3.52078860670959,-3.287594067877665,True,True,False,True,False,False
4min,4,relative_humidity,60,XGBOOST,0.75,4,75,0.9978032807256472,0.48917412481912015,-7.9006149429822905,10.913479816246639,8.003069311410021,-6.297320236885016,7.784297642429783,2,0.5,14.081617879314798,7.9006149429822905,-8.526788550583852,True,True,False,False,False,False
4min,4,relative_humidity,60,XGBOOST,1.0,4,75,-3.924240182244806,-4.122840275002208,-13.784913466972917,6.333633287998108,8.937331780647636,-12.273967763300321,4.2268873060533085,2,0.5,16.50085506935363,13.784913466972917,-15.819496176422252,True,True,False,False,False,False
4min,4,relative_humidity,120,XGBOOST,0.25,4,75,2.843064790419039,2.751065345709792,-0.5166303995935906,6.386758869850163,2.84708975956951,0.38239946563920035,5.21173067048963,3,0.75,4.82933120485043,0.5166303995935906,0.20724214338617947,True,True,True,True,True,True
4min,4,relative_humidity,120,XGBOOST,0.5,4,75,3.4988509396568386,3.008506901801653,-2.0558098194663628,10.034199774490412,5.0483472427460425,-1.0586653685254874,7.56602320998398,2,0.5,8.624688578509467,2.0558098194663628,-1.8177898423196712,True,True,False,True,False,False
4min,4,relative_humidity,120,XGBOOST,0.75,4,75,1.8715517232206738,0.726110268797608,-4.572395942025454,10.606382297312933,6.477070332172023,-4.248326436807215,6.845988428825497,2,0.5,11.094314865632711,4.572395942025454,-5.964146149525111,True,True,False,True,False,False
4min,4,relative_humidity,120,XGBOOST,1.0,4,75,-1.9622847272411423,-3.2613475388712234,-9.372325151495874,8.04588132027375,7.129525717634359,-8.341643817946975,3.1180115518346097,2,0.5,11.459655369781585,9.372325151495874,-11.334256511635983,True,True,False,False,False,False
4min,4,relative_humidity,240,XGBOOST,0.25,4,75,1.3276137073834349,1.7739064463601408,-2.6602587936895894,4.422900730503048,2.5515124639865325,0.4541764309407599,2.647343722802816,3,0.75,2.193167291862056,2.6602587936895894,0.012258102006715399,True,True,True,True,False,False
4min,4,relative_humidity,240,XGBOOST,0.5,4,75,0.008034205475031309,2.8229767600428635,-13.299347097608152,7.68553039942255,7.95703173335935,-1.8304357195566563,4.6614466850745515,3,0.75,6.491882404631208,13.299347097608152,-3.7478012166747785,True,True,True,True,False,False
4min,4,relative_humidity,240,XGBOOST,0.75,4,75,-3.513524385073801,3.1281359878505643,-29.97245843435795,9.662088918361617,15.55065606842621,-6.378970054366037,5.9935816571428,3,0.75,12.372551711508837,29.97245843435795,-10.551254476493341,True,True,True,True,False,False
4min,4,relative_humidity,240,XGBOOST,1.0,4,75,-8.761303901548562,2.6885280608611466,-50.68982192493018,10.267550197013641,24.479051822406298,-12.682496191166914,6.609720350479499,2,0.5,19.29221654164641,50.68982192493018,-19.630035691194603,True,True,False,True,False,False
4min,4,relative_humidity,480,XGBOOST,0.25,4,75,4.70160900218644,3.773110218941709,1.482614118378991,9.777601452483351,3.089194628797081,2.9001833373283166,5.5745358837998324,4,1.0,2.674352546471516,0.0,2.4359339457059512,True,True,True,True,True,True
4min,4,relative_humidity,480,XGBOOST,0.5,4,75,4.332553702383942,4.552243205330127,0.13890345797100084,8.086824940904515,3.1731867957617816,1.9028640913403982,6.981932816373671,4,1.0,5.079068725033273,0.0,2.0127088428134905,True,True,True,True,True,True
4min,4,relative_humidity,480,XGBOOST,0.75,4,75,-0.015246796622991332,6.359255744353344,-24.484827222953182,11.705328547754528,14.489970468379665,-3.8637701034546157,10.20777905118497,3,0.75,14.071549154639586,24.484827222953182,-6.797725638704744,True,True,True,True,False,False
4min,4,relative_humidity,480,XGBOOST,1.0,4,75,-6.634400523629842,7.8370120929882425,-57.20299621229596,14.991369931800111,29.53759293579027,-12.026784928665238,13.22939649802364,3,0.75,25.256181426688876,57.20299621229596,-19.091827673430185,True,True,True,True,False,False
4min,4,relative_humidity,60,RANDOM_FOREST,0.25,4,75,2.2228206143022686,1.7648327085553879,-1.1757301033778103,6.537347143476109,2.9928697703600387,-0.18478541145720995,4.172438734314866,3,0.75,4.357224145772077,1.1757301033778103,-0.7077118901751029,True,True,True,True,False,False
4min,4,relative_humidity,60,RANDOM_FOREST,0.5,4,75,2.4467444924188584,2.3048584577822413,-3.1443759181130564,8.321636972224006,4.559168408346105,-1.2651024895971947,6.016705439798294,2,0.5,7.281807929395488,3.1443759181130564,-2.122139486443767,True,True,False,True,False,False
4min,4,relative_humidity,60,RANDOM_FOREST,0.75,4,75,0.5985640989514505,1.3765930426199815,-5.861710569763569,5.502780880329408,4.860384415167992,-3.213865015365261,5.1890221569366926,2,0.5,8.402887172301954,5.861710569763569,-4.2902781859718875,True,True,False,True,False,False
4min,4,relative_humidity,60,RANDOM_FOREST,1.0,4,75,-3.181535496626374,-3.794362618517634,-9.27189394171616,4.134477192245932,4.841504734571256,-5.98413893476569,-0.9917591803783168,1,0.25,4.992379754387374,9.27189394171616,-8.60852598114036,True,True,False,False,False,False
4min,4,relative_humidity,120,RANDOM_FOREST,0.25,4,75,1.4895309466333124,1.1274147996651327,-1.189695750637737,4.892989937840722,2.2570777791145495,-0.0688615859618909,2.685807332260336,3,0.75,2.7546689182222273,1.189695750637737,-0.5473435971054152,True,True,True,True,False,False
4min,4,relative_humidity,120,RANDOM_FOREST,0.5,4,75,0.44064137784188356,0.4777181402212397,-3.35071452651525,4.157843757440305,2.812715139761535,-1.4645405542195968,2.38290007228272,2,0.5,3.847440626502317,3.35071452651525,-2.283680804658731,True,True,False,False,False,False
4min,4,relative_humidity,120,RANDOM_FOREST,0.75,4,75,-3.087042846599884,-2.728893779364901,-6.42390239557963,-0.4664814320901046,2.1846337533334257,-4.136376531650842,-1.6795600943139437,0,0.0,2.456816437336898,6.42390239557963,-5.563277596928257,True,True,False,False,False,False
4min,4,relative_humidity,120,RANDOM_FOREST,1.0,4,75,-8.788377779647455,-8.771632619301155,-12.922834606779062,-4.6874112732084505,3.114014872793884,-10.980506442214372,-6.579503956734239,0,0.0,4.401002485480133,12.922834606779062,-14.202842513735987,True,True,False,False,False,False
4min,4,relative_humidity,240,RANDOM_FOREST,0.25,4,75,1.1785419153930388,1.1908255593870676,0.4852836143975855,1.847232928400434,0.6195615804312773,0.601133014060337,1.768234460719769,4,1.0,1.167101446659432,0.0,0.6072748360573516,True,True,True,True,True,True
4min,4,relative_humidity,240,RANDOM_FOREST,0.5,4,75,0.5620342302646983,1.8269549429183671,-4.756679429176904,3.350906464398963,3.212584095075542,-0.5719876614774873,2.9609768346605527,3,0.75,3.5329644961380398,4.756679429176904,-1.1286971624448787,True,True,True,True,False,False
4min,4,relative_humidity,240,RANDOM_FOREST,0.75,4,75,-1.6644963506920083,1.896103344670927,-14.944983897346836,4.4947918052369475,7.79910746009057,-3.3260277423131566,3.557634736292075,3,0.75,6.883662478605231,14.944983897346836,-5.2819738689683975,True,True,True,True,False,False
4min,4,relative_humidity,240,RANDOM_FOREST,1.0,4,75,-5.213649710952196,1.3958454754612977,-28.912144857297598,5.26585506256622,13.818496165991327,-7.366270703859069,3.5484664683681713,2,0.5,10.914737172227241,28.912144857297598,-11.289559324976722,True,True,False,True,False,False
4min,4,relative_humidity,480,RANDOM_FOREST,0.25,4,75,2.563363493961856,2.401281336955275,-2.381942565994546,7.832833867931421,3.697337262751938,0.3829848532367728,4.581659977680358,3,0.75,4.198675124443586,2.381942565994546,-0.2935418667651546,True,True,True,True,False,False
4min,4,relative_humidity,480,RANDOM_FOREST,0.5,4,75,1.298265466015534,2.1973110113381757,-5.656058864739178,6.454498706124963,4.375127772843094,0.21688066876842482,3.278695808585285,3,0.75,3.06181513981686,5.656058864739178,-0.7476112747550487,True,True,True,True,False,False
4min,4,relative_humidity,480,RANDOM_FOREST,0.75,4,75,-3.3029048609232845,-3.572237006747633,-14.884159131013526,8.817013700815654,9.451294466873117,-11.027933670640605,4.152791802969688,2,0.5,15.180725473610293,14.884159131013526,-14.88363952630616,True,True,False,False,False,False
4min,4,relative_humidity,480,RANDOM_FOREST,1.0,4,75,-10.189065993119645,-5.9925301476198625,-39.309608472809295,10.538404795570441,19.10149476570548,-20.743230863020525,4.561634722281018,2,0.5,25.304865585301542,39.309608472809295,-28.47236505847296,True,True,False,False,False,False
12min,12,temperature,60,HIST_GRADIENT_BOOSTING,0.25,4,33,-0.6699778522080595,-0.42668481211208664,-2.750345940709597,0.9238041561015327,1.322527330049108,-1.060257023618799,-0.036405640701347164,1,0.25,1.0238513829174518,2.750345940709597,-1.626196988748212,True,True,False,False,False,False
12min,12,temperature,60,HIST_GRADIENT_BOOSTING,0.5,4,33,-2.687217861055577,-2.350669256017654,-7.021686294015104,0.9741533618281054,2.848274654924305,-3.6116293628265757,-1.4262577542466552,1,0.25,2.1853716085799206,7.021686294015104,-5.1987766338113905,True,True,False,False,False,False
12min,12,temperature,60,HIST_GRADIENT_BOOSTING,0.75,4,33,-5.967286774432022,-5.688873758964659,-12.641125876995947,0.14972629719717506,4.548155386336403,-7.847828065985799,-3.808332467410882,1,0.25,4.039495598574916,12.641125876995947,-10.868903027501105,True,True,False,False,False,False
12min,12,temperature,60,HIST_GRADIENT_BOOSTING,1.0,4,33,-10.391927490552874,-10.310517941177823,-19.4185048298776,-1.5281692499782455,6.38266980353,-13.489907052982183,-7.212538378748514,0,0.0,6.277368674233669,19.4185048298776,-18.303828485764058,True,True,False,False,False,False
12min,12,temperature,120,HIST_GRADIENT_BOOSTING,0.25,4,33,-0.8751645404164952,-1.6976826860591163,-2.390667410959918,2.28537462141217,1.8543974092585769,-2.0518095736240256,-0.5210376528515861,1,0.25,1.5307719207724395,2.390667410959918,-3.0607354991853155,True,True,False,False,False,False
12min,12,temperature,120,HIST_GRADIENT_BOOSTING,0.5,4,33,-2.7443940774156306,-4.703379671704139,-5.421004593643395,3.850187627389153,3.8461525961441714,-5.369869860367443,-2.077903888752327,1,0.25,3.2919659716151157,5.421004593643395,-7.704613805922547,True,True,False,False,False,False
12min,12,temperature,120,HIST_GRADIENT_BOOSTING,0.75,4,33,-5.547753658684328,-8.27479586351587,-10.30037603265015,4.658953124944581,5.963981687372613,-9.204960517812943,-4.617589004387256,1,0.25,4.587371513425687,10.30037603265015,-13.14357562839125,True,True,False,False,False,False
12min,12,temperature,120,HIST_GRADIENT_BOOSTING,1.0,4,33,-9.208171046882867,-12.56185555774636,-16.401395132467243,4.692422060428492,8.178931158953691,-13.70259664508057,-8.067429959548658,1,0.25,5.635166685531912,16.401395132467243,-19.479787683629127,True,True,False,False,False,False
12min,12,temperature,240,HIST_GRADIENT_BOOSTING,0.25,4,33,-1.7875670620252082,-0.8515768173580726,-9.62051800076419,4.173403387379501,5.303472026719446,-5.018664624496164,2.3795207451128833,2,0.5,7.398185369609047,9.62051800076419,-6.955799002353643,True,True,False,False,False,False
12min,12,temperature,240,HIST_GRADIENT_BOOSTING,0.5,4,33,-6.22404140044862,-4.921064464579326,-21.55222156701178,6.498184894375956,11.384217325109084,-14.844543545069449,3.699437680041504,2,0.5,18.543981225110954,21.55222156701178,-19.581110468887747,True,True,False,False,False,False
12min,12,temperature,240,HIST_GRADIENT_BOOSTING,0.75,4,33,-12.893042779209598,-11.611752866614989,-35.18451761707091,6.835852233462498,18.113424493086097,-28.411734195964996,3.906938550140411,2,0.5,32.318672746105406,35.18451761707091,-36.56721864393542,True,True,False,False,False,False
12min,12,temperature,240,HIST_GRADIENT_BOOSTING,1.0,4,33,-21.372182324328904,-20.29963875161028,-50.054628962949884,5.1651771688548305,25.238712716207782,-44.665435906393824,2.9936148304546366,2,0.5,47.659050736848464,50.054628962949884,-56.64282136077199,True,True,False,False,False,False
12min,12,temperature,480,HIST_GRADIENT_BOOSTING,0.25,4,33,0.0720548629139115,3.8759075622974164,-12.57481290709016,5.111217234150973,7.3496011742198535,-0.9466104438380847,4.894572869049412,3,0.75,5.841183312887496,12.57481290709016,-2.188387320918872,True,True,True,True,False,False
12min,12,temperature,480,HIST_GRADIENT_BOOSTING,0.5,4,33,-3.549533323580892,1.849786755854064,-26.685137854710234,8.787431048678537,13.791002105486372,-7.3382294944149,5.638482926688071,2,0.5,12.97671242110297,26.685137854710234,-11.30985391837498,True,True,False,True,False,False
12min,12,temperature,480,HIST_GRADIENT_BOOSTING,0.75,4,33,-10.423661397070102,-5.336012859818823,-41.87355975163841,10.850939882995647,20.63674405661463,-22.1561198575656,6.396445600676675,2,0.5,28.552565458242274,41.87355975163841,-30.08068552684956,True,True,False,False,False,False
12min,12,temperature,480,HIST_GRADIENT_BOOSTING,1.0,4,33,-19.785796935634295,-16.251654386958386,-57.82913834609469,11.189259377474272,28.4721186812614,-41.748015230895014,5.710563908302332,2,0.5,47.45857913919735,57.82913834609469,-54.438228543080726,True,True,False,False,False,False
12min,12,temperature,60,EXTRA_TREES,0.25,4,33,-0.4902279175219426,-0.677218150229042,-1.656798620794712,1.0503232511650253,1.176754423863204,-1.6206383398288455,0.45319227207786106,2,0.5,2.0738306119067067,1.656798620794712,-2.1283331113810733,True,True,False,False,False,False
12min,12,temperature,60,EXTRA_TREES,0.5,4,33,-1.5008295368935116,-1.757630715021208,-3.878510702122079,1.390453984590449,2.3450551645803652,-3.7739443511738298,0.5154840992591103,2,0.5,4.28942845043294,3.878510702122079,-4.871972615768198,True,True,False,False,False,False
12min,12,temperature,60,EXTRA_TREES,0.75,4,33,-3.016772290126429,-3.156277831755635,-6.767604511401843,1.013071014407396,3.5050954998105124,-6.358289203407356,0.1852390815252916,1,0.25,6.5435282849326475,6.767604511401843,-8.119943102072419,True,True,False,False,False,False
12min,12,temperature,60,EXTRA_TREES,1.0,4,33,-5.016356667706919,-4.882263387772828,-10.227191247107964,-0.07370864817405992,4.658932446268269,-9.365104137926124,-0.5335159175536233,0,0.0,8.8315882203725,10.227191247107964,-11.85485530973607,True,True,False,False,False,False
12min,12,temperature,120,EXTRA_TREES,0.25,4,33,-1.273781964557933,-1.5359277764716253,-1.9785572935473128,-0.0447150117411682,0.7869275911242084,-1.95228051992156,-0.8574292211079981,0,0.0,1.094851298813562,1.9785572935473128,-2.5779927492652344,True,True,False,False,False,False
12min,12,temperature,120,EXTRA_TREES,0.5,4,33,-2.855891138123261,-3.368020094794425,-4.476921564224373,-0.21060279867981996,1.7018906312862347,-4.280731554446284,-1.943179678471402,0,0.0,2.337551875974882,4.476921564224373,-5.656026423837959,True,True,False,False,False,False
12min,12,temperature,120,EXTRA_TREES,0.75,4,33,-4.7290525391439076,-5.430310148779416,-7.558526546287141,-0.49706331272965765,2.742876146078011,-6.910201917876475,-3.2491607700468474,0,0.0,3.6610411478296276,7.558526546287141,-9.150462359266015,True,True,False,False,False,False
12min,12,temperature,120,EXTRA_TREES,1.0,4,33,-6.874550340576178,-7.726192659704918,-11.142746389863147,-0.90306965303173,3.902535486275811,-9.834476473721526,-4.766266526559571,0,0.0,5.0682099471619555,11.142746389863147,-13.045984230751683,True,True,False,False,False,False
12min,12,temperature,240,EXTRA_TREES,0.25,4,33,-3.3571832129444346,-3.6885339363052965,-7.6885123218518565,1.63684734268471,4.21936810990171,-7.459061897920724,0.41334474867099275,2,0.5,7.872406646591717,7.6885123218518565,-9.54686534006412,True,True,False,False,False,False
12min,12,temperature,240,EXTRA_TREES,0.5,4,33,-8.558867977527445,-8.767735655191187,-19.19794887932993,2.49794827960252,9.606150831008286,-17.50472230584909,0.17811867313045737,1,0.25,17.682840978979545,19.19794887932993,-22.40864336451344,True,True,False,False,False,False
12min,12,temperature,240,EXTRA_TREES,0.75,4,33,-15.240036511173596,-14.9894285260345,-33.54402267730707,2.5627336846816897,15.815203731575833,-29.52669246907659,-0.7027725681315067,1,0.25,28.823919900945082,33.54402267730707,-37.78739414583381,True,True,False,False,False,False
12min,12,temperature,240,EXTRA_TREES,1.0,4,33,-23.09175276192888,-22.141030168915385,-49.91457772173772,1.8296270118529605,22.54269266103503,-43.01853214697522,-2.214250783869053,1,0.25,40.80428136310616,49.91457772173772,-55.0218152809029,True,True,False,False,False,False
12min,12,temperature,480,EXTRA_TREES,0.25,4,33,-4.923887126807528,-1.2418931159906663,-20.449888208741644,3.2381259334928667,9.653572559557295,-9.31205619902953,3.146275956231338,2,0.5,12.45833215526087,20.449888208741644,-12.583531245806512,True,True,False,False,False,False
12min,12,temperature,480,EXTRA_TREES,0.5,4,33,-13.002600051934184,-7.1218568862919085,-42.927550601817806,5.160864166664883,19.877171256192717,-25.039268711580554,4.91481177335446,2,0.5,29.954080484935012,42.927550601817806,-32.830784779213865,True,True,False,False,False,False
12min,12,temperature,480,EXTRA_TREES,0.75,4,33,-23.49792942150772,-16.721539350783587,-66.61430747270919,6.065668488245474,30.58904112017022,-45.261986511856435,5.042517739565126,2,0.5,50.30450425142156,66.61430747270919,-58.527368344671665,True,True,False,False,False,False
12min,12,temperature,480,EXTRA_TREES,1.0,4,33,-35.80992766977796,-28.987961080907397,-91.06099489488741,5.797206377590353,41.54626886386582,-68.38554900405919,3.587660253373827,2,0.5,71.97320925743301,91.06099489488741,-87.73981443334576,True,True,False,False,False,False
12min,12,temperature,60,XGBOOST,0.25,4,33,1.4826842783391723,1.839275325108825,-3.287900427737646,5.540086890876685,3.1432928405190306,0.4439228943812892,2.878036709066708,3,0.75,2.4341138146854187,3.287900427737646,-0.1997566891682958,True,True,True,True,False,False
12min,12,temperature,60,XGBOOST,0.5,4,33,2.188222088664869,3.14114049990953,-7.322472019180536,9.793079374020952,6.1314871756587195,0.2459813381927516,5.083381250381647,3,0.75,4.8373999121888955,7.322472019180536,-1.1081774609800519,True,True,True,True,False,False
12min,12,temperature,60,XGBOOST,0.75,4,33,2.0790826744489888,3.884228170850752,-12.023068502039512,12.570942858133964,8.893013491470454,-0.5889173567598713,6.552228202059612,3,0.75,7.141145558819483,12.023068502039512,-2.6921117340688676,True,True,True,True,False,False
12min,12,temperature,60,XGBOOST,1.0,4,33,1.133419841085181,4.056135951624834,-17.309654349864925,13.731061810955982,11.379772914663029,-2.047368207086654,7.23692399979667,3,0.75,9.284292206883325,17.309654349864925,-4.9134237392830595,True,True,True,True,False,False
12min,12,temperature,120,XGBOOST,0.25,4,33,-0.38451222140893204,-0.9400111806058571,-2.8471831178146108,3.189156593390597,2.26021068679268,-1.9421240136073443,0.6176006115925554,1,0.25,2.5597246251999,2.8471831178146108,-2.9316692726594598,True,True,False,False,False,False
12min,12,temperature,120,XGBOOST,0.5,4,33,-1.2506384396678516,-2.370037296201194,-6.151195739902997,5.888716573633979,4.525064040109033,-4.429381008222662,0.8087052723536159,1,0.25,5.238086280576278,6.151195739902997,-6.526879371465082,True,True,False,False,False,False
12min,12,temperature,120,XGBOOST,0.75,4,33,-2.587984873814807,-4.268325983708231,-9.870832549979923,8.055545022137158,6.762602140860514,-7.424614315508465,0.568303457985426,1,0.25,7.9929177734938905,9.870832549979923,-10.732493007950158,True,True,False,False,False,False
12min,12,temperature,120,XGBOOST,1.0,4,33,-4.382827514922825,-6.608604713272004,-13.965405013595573,9.65130438044828,8.94217444491778,-10.887272303810581,-0.10415992438424748,1,0.25,10.783112379426335,13.965405013595573,-15.491512156384065,True,True,False,False,False,False
12min,12,temperature,240,XGBOOST,0.25,4,33,-7.100869582080787,-5.027120881197533,-19.84336714496997,1.4941305790418917,8.435725340104696,-12.076876410859859,-0.051114052418459344,1,0.25,12.0257623584414,19.84336714496997,-16.000843846660725,True,True,False,False,False,False
12min,12,temperature,240,XGBOOST,0.5,4,33,-18.404631124943364,-13.636252920266433,-48.19637111631366,1.850352457073071,19.755380547006148,-30.10315772942247,-1.9377263157873255,1,0.25,28.165431413635144,48.19637111631366,-39.76806140616242,True,True,False,False,False,False
12min,12,temperature,240,XGBOOST,0.75,4,33,-32.49821659343537,-24.971879929025306,-81.10548111584113,1.0563746001502516,32.384326687106025,-51.92086185698077,-5.549234665479911,1,0.25,46.37162719150086,81.10548111584113,-68.43406380373602,True,True,False,False,False,False
12min,12,temperature,240,XGBOOST,1.0,4,33,-48.50618053707448,-38.33056675423498,-116.50294520655476,-0.8606434332731889,45.513107107985455,-76.12987099766545,-10.706876293644001,0,0.0,65.42299470402145,116.50294520655476,-100.16780040788439,True,True,False,False,False,False
12min,12,temperature,480,XGBOOST,0.25,4,33,-5.273011998796286,0.14959470062944602,-26.15802536731186,4.766787970867825,12.404229751834674,-8.779308957814335,3.655891659647495,2,0.5,12.43520061746183,26.15802536731186,-12.607511949929435,True,True,False,False,False,False
12min,12,temperature,480,XGBOOST,0.5,4,33,-16.488395495675896,-8.944704214594376,-55.98787294816856,7.923699394653735,25.587078032737942,-30.610333238732146,5.177233528461877,2,0.5,35.78756676719402,55.98787294816856,-40.835455835233525,True,True,False,False,False,False
12min,12,temperature,480,XGBOOST,0.75,4,33,-31.764830653025776,-24.307169617497543,-87.7474565125825,9.302473135474486,40.024342994054244,-60.54172589175606,4.4697256212327385,2,0.5,65.0114515129888,87.7474565125825,-78.74975950213756,True,True,False,False,False,False
12min,12,temperature,480,XGBOOST,1.0,4,33,-49.70522833547009,-43.51921233361991,-120.60489596726882,8.822407292628283,55.169175498708206,-94.81208112918765,1.5876404600976486,1,0.25,96.39972158928529,120.60489596726882,-121.87029712007975,True,True,False,False,False,False
12min,12,temperature,60,RANDOM_FOREST,0.25,4,33,0.008329487035783373,0.06803196247303994,-2.485995902036112,2.3832499252331654,1.8342695748070648,-1.239015867703457,1.3153773172122802,2,0.5,2.554393184915737,2.485995902036112,-1.8306636054938568,True,True,False,False,False,False
12min,12,temperature,60,RANDOM_FOREST,0.5,4,33,-0.46679887548203736,-0.3824643730707913,-5.487280465440248,4.385013709653681,3.7325500853721927,-3.058596705447795,2.2093334568949663,2,0.5,5.267930162342761,5.487280465440248,-4.388249570602234,True,True,False,False,False,False
12min,12,temperature,60,RANDOM_FOREST,0.75,4,33,-1.4163956657227077,-1.3426111281750404,-8.961281893555705,5.980921487014955,5.669864100127079,-5.429568634821129,2.670561840923381,2,0.5,8.10013047574451,8.961281893555705,-7.632996839436222,True,True,False,False,False,False
12min,12,temperature,60,RANDOM_FOREST,1.0,4,33,-2.8269363586582172,-2.7967156238893716,-12.864357490349914,7.150043303495786,7.6216181274448,-8.31664701245313,2.69299502990554,2,0.5,11.00964204235867,12.864357490349914,-11.517626017656184,True,True,False,False,False,False
12min,12,temperature,120,RANDOM_FOREST,0.25,4,33,-0.9723866043406102,-0.622709624663395,-2.3889370581204754,-0.25519010991517527,0.8627291120802821,-1.3082598826782785,-0.2868363463257268,0,0.0,1.0214235363525517,2.3889370581204754,-1.7306556573697898,True,True,False,False,False,False
12min,12,temperature,120,RANDOM_FOREST,0.5,4,33,-2.239827732670484,-1.6054276956754423,-5.040744270101119,-0.7077112692299311,1.7286523282889108,-2.9826567002079662,-0.8625987281379597,0,0.0,2.120057972070007,5.040744270101119,-3.9256427492357258,True,True,False,False,False,False
12min,12,temperature,120,RANDOM_FOREST,0.75,4,33,-3.7914740575167687,-2.9374636293252365,-7.936048541601994,-1.354920429814607,2.5962048668728976,-5.00666461205574,-1.722273074786265,0,0.0,3.2843915372694754,7.936048541601994,-6.5636715333604725,True,True,False,False,False,False
12min,12,temperature,120,RANDOM_FOREST,1.0,4,33,-5.614800804779401,-4.605138737427979,-11.055807078093029,-2.1931186661686195,3.46414033465192,-7.361375086374812,-2.8585644558325685,0,0.0,4.5028106305422435,11.055807078093029,-9.62049582222236,True,True,False,False,False,False
12min,12,temperature,240,RANDOM_FOREST,0.25,4,33,-4.548922828355247,-4.6543239739085855,-9.08474094367118,0.1976975780673623,4.130782638035958,-8.420315396279733,-0.7829314059841002,1,0.25,7.637383990295633,9.08474094367118,-10.744201204974196,True,True,False,False,False,False
12min,12,temperature,240,RANDOM_FOREST,0.5,4,33,-11.11088157283252,-11.213907461127864,-21.778259574739813,-0.23745179433453806,9.502456324903374,-19.881679455920654,-2.44310957803973,0,0.0,17.438569877880923,21.778259574739813,-25.377757293753277,True,True,False,False,False,False
12min,12,temperature,240,RANDOM_FOREST,0.75,4,33,-19.242129167648073,-19.29476392487281,-37.081696060832975,-1.2972927600137065,15.699260573219041,-33.60042153008454,-4.9364715624363456,0,0.0,28.663949967648193,37.081696060832975,-42.89716292390515,True,True,False,False,False,False
12min,12,temperature,240,RANDOM_FOREST,1.0,4,33,-28.582264595804133,-28.5732399521627,-54.22004207084591,-2.9625364080452314,22.40143463776919,-48.95217606576314,-8.2033284822037,0,0.0,40.74884758355944,54.22004207084591,-62.5026742616539,True,True,False,False,False,False
12min,12,temperature,480,RANDOM_FOREST,0.25,4,33,-6.367529175712587,-1.7935899667710153,-23.973187580470892,2.090250811162575,10.535350755696745,-9.747809490386011,1.5866903479024086,2,0.5,11.33449983828842,23.973187580470892,-13.454136781032947,True,True,False,False,False,False
12min,12,temperature,480,RANDOM_FOREST,0.5,4,33,-16.94447908517966,-9.902621127387956,-50.836762790580714,2.864088704637998,21.667279263094603,-28.31153812280875,1.4644379102411365,2,0.5,29.775976033049886,50.836762790580714,-37.49979984155808,True,True,False,False,False,False
12min,12,temperature,480,RANDOM_FOREST,0.75,4,33,-30.531422435308166,-22.559852362820614,-79.29621666626959,2.290231650678146,33.50909815329396,-52.73390688862098,-0.3573679095078034,1,0.25,52.37653897911318,79.29621666626959,-68.5721760189446,True,True,False,False,False,False
12min,12,temperature,480,RANDOM_FOREST,1.0,4,33,-46.20138934121623,-38.24891432189617,-108.6996984759454,0.3919697548728373,45.800521850507046,-80.66432542992506,-3.785978233187347,1,0.25,76.8783471967377,108.6996984759454,-103.86301253925137,True,True,False,False,False,False
12min,12,relative_humidity,60,HIST_GRADIENT_BOOSTING,0.25,4,33,-2.298134037778862,-2.495225478523826,-4.17991356596202,-0.02217162810577567,1.6427089651298914,-3.6654935471619288,-1.127865969140759,0,0.0,2.5376275780211697,4.17991356596202,-4.809017659024916,True,True,False,False,False,False
12min,12,relative_humidity,60,HIST_GRADIENT_BOOSTING,0.5,4,33,-6.119540907475445,-6.7220312580733825,-9.775485269968964,-1.2586158437860493,3.2368386103651643,-8.570692426287275,-4.270879739261552,0,0.0,4.299812687025723,9.775485269968964,-11.315808919078485,True,True,False,False,False,False
12min,12,relative_humidity,60,HIST_GRADIENT_BOOSTING,0.75,4,33,-11.307955607574915,-12.491437983728574,-16.58305334368997,-3.6658931191525395,4.818829443381274,-14.555658491927932,-9.243735099375554,0,0.0,5.311923392552378,16.58305334368997,-19.293163015927256,True,True,False,False,False,False
12min,12,relative_humidity,60,HIST_GRADIENT_BOOSTING,1.0,4,33,-17.681771925863934,-19.579073828681004,-24.403809719206972,-7.165130326886759,6.414928928872864,-21.460299677643494,-15.800546076901446,0,0.0,5.659753600742048,24.403809719206972,-28.509903058853773,True,True,False,False,False,False
12min,12,relative_humidity,120,HIST_GRADIENT_BOOSTING,0.25,4,33,-1.6037848279128188,-2.465736102200018,-4.9478675880875125,3.464200480836273,3.489976608151335,-4.793772274915058,0.7242513448022215,1,0.25,5.51802361971728,4.9478675880875125,-6.461714809080536,True,True,False,False,False,False
12min,12,relative_humidity,120,HIST_GRADIENT_BOOSTING,0.5,4,33,-5.153656709179689,-6.366758351885552,-11.628048944991408,3.746938812043754,6.456123429632306,-11.145283955752765,-0.37513110531247595,1,0.25,10.770152850440288,11.628048944991408,-14.658847013353547,True,True,False,False,False,False
12min,12,relative_humidity,120,HIST_GRADIENT_BOOSTING,0.75,4,33,-10.50745851628005,-11.280700272553533,-20.28943575463552,0.821002234622386,8.85966563578292,-18.529195722222433,-3.2589630666111478,1,0.25,15.270232655611284,20.28943575463552,-23.988175539018055,True,True,False,False,False,False
12min,12,relative_humidity,120,HIST_GRADIENT_BOOSTING,1.0,4,33,-17.445716431768275,-17.181953845611183,-30.373129856521405,-5.045828179329336,10.782845703923657,-26.845137471394857,-7.7825328059846015,0,0.0,19.062604665410255,30.373129856521405,-34.30653864244666,True,True,False,False,False,False
12min,12,relative_humidity,240,HIST_GRADIENT_BOOSTING,0.25,4,33,-1.7346034629827338,-1.3423443161962445,-4.849720732674066,0.5959955131356194,2.029409168700378,-2.757577848761489,-0.3193699304174894,1,0.25,2.4382079183439997,4.849720732674066,-3.7738784585367604,True,True,False,False,False,False
12min,12,relative_humidity,240,HIST_GRADIENT_BOOSTING,0.5,4,33,-8.097654697284318,-8.371503719942645,-16.436613188210213,0.7890018389582321,6.09783625733261,-10.531605593364315,-5.937552823862648,1,0.25,4.594052769501667,16.436613188210213,-14.777683401746032,True,True,False,False,False,False
12min,12,relative_humidity,240,HIST_GRADIENT_BOOSTING,0.75,4,33,-18.148728372643887,-20.080035756543687,-33.01151400936471,0.5766720318765339,12.066214324213394,-24.286635096628622,-13.942129032558952,1,0.25,10.34450606406967,33.01151400936471,-33.5051672909197,True,True,False,False,False,False
12min,12,relative_humidity,240,HIST_GRADIENT_BOOSTING,1.0,4,33,-30.867994669807246,-35.23606984941484,-52.9614259958613,-0.038412984538011063,19.362411337328016,-42.203524486688714,-23.900540032533367,0,0.0,18.302984454155347,52.9614259958613,-57.62791857545784,True,True,False,False,False,False
12min,12,relative_humidity,480,HIST_GRADIENT_BOOSTING,0.25,4,33,0.63963811469067,2.094374648399429,-5.14420811879765,3.5140112807614714,3.3915348808286474,0.15201892444874154,2.581993838641357,3,0.75,2.4299749141926155,5.14420811879765,-0.4066648383962912,True,True,True,True,False,False
12min,12,relative_humidity,480,HIST_GRADIENT_BOOSTING,0.5,4,33,-1.7825041746957198,-1.2488053941610895,-11.323624654375957,6.691218743915257,7.258575041039002,-7.416436243755238,4.385126674898429,2,0.5,11.801562918653667,11.323624654375957,-9.980493017081912,True,True,False,False,False,False
12min,12,relative_humidity,480,HIST_GRADIENT_BOOSTING,0.75,4,33,-6.757786968067742,-7.189928886870611,-22.147434262987996,9.49614416445825,13.708320695591027,-19.31904021063084,5.371324355692486,2,0.5,24.690364566323325,22.147434262987996,-25.071969735779273,True,True,False,False,False,False
12min,12,relative_humidity,480,HIST_GRADIENT_BOOSTING,1.0,4,33,-13.59707935458046,-11.377950900239542,-43.525640600577496,11.893224982734734,22.31640171889585,-30.49818451761651,5.523154262796509,2,0.5,36.02133878041302,43.525640600577496,-40.270030440590425,True,True,False,False,False,False
12min,12,relative_humidity,60,EXTRA_TREES,0.25,4,33,-0.6224734209822685,-0.5040250076675917,-2.279149843749447,0.7973061751555564,1.1181435342270578,-1.1923159526558111,0.06581752400595087,1,0.25,1.258133476661762,2.279149843749447,-1.7028792069358345,True,True,False,False,False,False
12min,12,relative_humidity,60,EXTRA_TREES,0.5,4,33,-1.5008630852832705,-1.2325419461994032,-4.899864696477401,1.3614962477431256,2.29583207518965,-2.728641264358018,-0.004763767124655982,1,0.25,2.723877497233362,4.899864696477401,-3.8194468689354344,True,True,False,False,False,False
12min,12,relative_humidity,60,EXTRA_TREES,0.75,4,33,-2.6267937144992093,-2.179243395606444,-7.837244779979979,1.688556713196031,3.5259269487654774,-4.5939456083552495,-0.2120915017504037,1,0.25,4.3818541066048455,7.837244779979979,-6.329481643903862,True,True,False,False,False,False
12min,12,relative_humidity,60,EXTRA_TREES,1.0,4,33,-3.9907065396598296,-3.3363883356569253,-11.066168286991587,1.7761187996661183,4.801046414723493,-6.7712209840165505,-0.555873891300205,1,0.25,6.215347092716345,11.066168286991587,-9.210603953762995,True,True,False,False,False,False
12min,12,relative_humidity,120,EXTRA_TREES,0.25,4,33,-1.1012647822758537,-0.827421714677121,-2.4242647209518045,-0.32595097879736856,0.79872057442377,-1.3456887252397838,-0.582997771713191,0,0.0,0.7626909535265928,2.4242647209518045,-1.8148333716783687,True,True,False,False,False,False
12min,12,relative_humidity,120,EXTRA_TREES,0.5,4,33,-2.651027817275279,-1.9860359905655167,-5.640410620659772,-0.9916286673103102,1.8040547800757496,-3.2530106965515175,-1.3840531112892778,0,0.0,1.8689575852622398,5.640410620659772,-4.33061743836158,True,True,False,False,False,False
12min,12,relative_humidity,120,EXTRA_TREES,0.75,4,33,-4.623977680077408,-3.463397489288255,-9.57873451277836,-1.9903812289547624,2.996095088725874,-5.689167974110851,-2.3982071952548116,0,0.0,3.2909607788560393,9.57873451277836,-7.503561506910865,True,True,False,False,False,False
12min,12,relative_humidity,120,EXTRA_TREES,1.0,4,33,-6.991432196301323,-5.244328680172265,-14.164522105550311,-3.3125493193104534,4.351164106831345,-8.616543178881269,-3.61921769759232,0,0.0,4.997325481288949,14.164522105550311,-11.284121947204317,True,True,False,False,False,False
12min,12,relative_humidity,240,EXTRA_TREES,0.25,4,33,0.9065540765645983,1.0676779511185523,-1.2383787546929268,2.7292391587142157,1.4851614974905203,0.002805166551323124,1.9714268611318277,3,0.75,1.9686216945805046,1.2383787546929268,-0.22622758484493166,True,True,True,True,False,False
12min,12,relative_humidity,240,EXTRA_TREES,0.5,4,33,-1.0113905124435552,-1.1153477265326754,-5.6971165970404805,3.882250000331611,3.541994743558447,-3.3550636468733437,1.2283254078971133,2,0.5,4.583389054770457,5.6971165970404805,-4.831321403178024,True,True,False,False,False,False
12min,12,relative_humidity,240,EXTRA_TREES,0.75,4,33,-5.500519111598689,-6.204507704798457,-12.995634305707183,3.402573268909342,7.213216916339263,-12.39255969721455,0.6875328808174034,1,0.25,13.080092578031953,12.995634305707183,-15.993462570241231,True,True,False,False,False,False
12min,12,relative_humidity,240,EXTRA_TREES,1.0,4,33,-12.122845887511314,-11.943383684813766,-25.91862997745358,1.314013797035853,12.239854287303785,-23.4506015157186,-0.6156280566064827,1,0.25,22.834973459112117,25.91862997745358,-29.84052790873322,True,True,False,False,False,False
12min,12,relative_humidity,480,EXTRA_TREES,0.25,4,33,-1.4173542179793153,-1.2772324164562447,-6.3433557350746685,3.228403696069897,3.7783114210715874,-4.319753348292353,1.6251667138567927,2,0.5,5.944920062149145,6.3433557350746685,-5.835531381299484,True,True,False,False,False,False
12min,12,relative_humidity,480,EXTRA_TREES,0.5,4,33,-5.6323978380652475,-6.218030792010018,-16.16866481644884,6.075135048207886,9.453069544253607,-14.234286082052288,2.3838574519770224,2,0.5,16.61814353402931,16.16866481644884,-18.569268763136883,True,True,False,False,False,False
12min,12,relative_humidity,480,EXTRA_TREES,0.75,4,33,-12.002597841267454,-10.695501959364837,-35.12394922669601,8.50456178035587,17.287103458405756,-24.963811396302432,2.265711595670143,2,0.5,27.229522991972576,35.12394922669601,-33.091250762025126,True,True,False,False,False,False
12min,12,relative_humidity,480,EXTRA_TREES,1.0,4,33,-19.921232855471484,-15.97582007371126,-58.21599279205951,10.482701517596087,26.575155714182323,-37.18130915810956,1.284256228926816,1,0.25,38.46556538703638,58.21599279205951,-49.76260096524433,True,True,False,False,False,False
12min,12,relative_humidity,60,XGBOOST,0.25,4,33,0.38511359026160763,-0.023474237683138444,-1.6521904046418177,3.239593241054525,1.8364198172377277,-0.9216602736639327,1.283299626242402,2,0.5,2.2049598999063345,1.6521904046418177,-1.5390017887967602,True,True,False,False,False,False
12min,12,relative_humidity,60,XGBOOST,0.5,4,33,-0.7667764024446575,-2.257791987535877,-3.881823703630081,5.3303020689232055,3.5883187865011794,-2.888791372409258,-0.13577701757127647,1,0.25,2.7530143548379815,3.881823703630081,-4.604755090862389,True,True,False,False,False,False
12min,12,relative_humidity,60,XGBOOST,0.75,4,33,-3.391707381178618,-6.113714324108857,-7.534677271476581,6.195276394979824,5.578397893262625,-6.873187385912025,-2.632234319375451,1,0.25,4.240953066536574,7.534677271476581,-10.117860175246289,True,True,False,False,False,False
12min,12,relative_humidity,60,XGBOOST,1.0,4,33,-7.356586323339604,-9.779520594105502,-15.668048752913906,5.800744647766492,7.968353980623612,-11.359914919126194,-5.776191998318912,1,0.25,5.583722920807282,15.668048752913906,-16.48839424273762,True,True,False,False,False,False
12min,12,relative_humidity,120,XGBOOST,0.25,4,33,-1.8602837890129915,-1.8265879783556835,-3.595814901807829,-0.19214429753277018,1.3018072259944682,-2.7943712231745197,-0.8925005441941557,0,0.0,1.901870678980364,3.595814901807829,-3.676477043297823,True,True,False,False,False,False
12min,12,relative_humidity,120,XGBOOST,0.5,4,33,-4.543344010882064,-4.66436732162782,-8.084254259959755,-0.7603871403128598,2.9370946830194575,-6.984048862493698,-2.2236624700161856,0,0.0,4.760386392477512,8.084254259959755,-9.065624082856514,True,True,False,False,False,False
12min,12,relative_humidity,120,XGBOOST,0.75,4,33,-7.973158162644484,-8.417435266821313,-13.359337777202905,-1.6984243397324053,4.896189942471688,-12.414333292757915,-3.9762601367078823,0,0.0,8.438073156050033,13.359337777202905,-15.976306289147056,True,True,False,False,False,False
12min,12,relative_humidity,120,XGBOOST,1.0,4,33,-12.06677398353234,-12.9770832937811,-19.316776658744438,-2.9961526878227183,7.138981495735375,-18.91472749608812,-6.129129781225321,0,0.0,12.7855977148628,19.316776658744438,-24.19907631589861,True,True,False,False,False,False
12min,12,relative_humidity,240,XGBOOST,0.25,4,33,2.3784090912374323,2.1112558768282534,-2.2268344989970563,7.5179591102902785,3.457447429772281,0.9084015413198405,3.5812634267458456,3,0.75,2.672861885426005,2.2268344989970563,0.2181163093659868,True,True,True,True,False,False
12min,12,relative_humidity,240,XGBOOST,0.5,4,33,-1.401229596444511,1.6253121437177591,-13.766027609630013,4.910484936416451,7.366691056964601,-3.5244446442994968,3.748527191572745,2,0.5,7.272971835872242,13.766027609630013,-5.4526806766258655,True,True,False,True,False,False
12min,12,relative_humidity,240,XGBOOST,0.75,4,33,-10.479002908356193,-6.956980400316805,-32.201172608904194,4.199121776113035,13.342996511727433,-13.364276863556443,-4.071706445116554,1,0.25,9.292570418439889,32.201172608904194,-19.653558761762795,True,True,False,False,False,False
12min,12,relative_humidity,240,XGBOOST,1.0,4,33,-23.398326058046422,-21.476573039429894,-55.092387611281175,4.4522294579552675,21.360863666300713,-33.13213508227081,-11.742764015205507,1,0.25,21.389371067065298,55.092387611281175,-45.944355475782835,True,True,False,False,False,False
12min,12,relative_humidity,480,XGBOOST,0.25,4,33,-2.719192959834719,-0.8677619654874977,-13.018877458304088,3.877629549940208,6.281754564602679,-4.529575135935075,0.9426202106128585,1,0.25,5.472195346547934,13.018877458304088,-6.8585790033374865,True,True,False,False,False,False
12min,12,relative_humidity,480,XGBOOST,0.5,4,33,-12.633610053456643,-14.561669022085992,-28.06680121782517,6.655699048170578,15.435620374066,-27.649479735989296,0.45420066044665997,1,0.25,28.103680396435955,28.06680121782517,-35.63020952476026,True,True,False,False,False,False
12min,12,relative_humidity,480,XGBOOST,0.75,4,33,-26.879199463028737,-24.586690845717484,-66.57770765395335,8.234291493273378,30.055866073883134,-50.02790427230651,-1.4379860364397103,1,0.25,48.5899182358668,66.57770765395335,-65.52607687713922,True,True,False,False,False,False
12min,12,relative_humidity,480,XGBOOST,1.0,4,33,-43.530228672217234,-35.49356329310947,-111.68505758327107,8.551269480621086,47.128123827521115,-74.36685441086053,-4.656937554466168,1,0.25,69.70991685639436,111.68505758327107,-98.26978611712441,True,True,False,False,False,False
12min,12,relative_humidity,60,RANDOM_FOREST,0.25,4,33,-0.4389297582641622,-0.5947661279778831,-1.8274307431286378,1.261243966027755,1.135504807140837,-1.1887152730532047,0.15501938681115937,1,0.25,1.343734659864364,1.8274307431286378,-1.7234911436922244,True,True,False,False,False,False
12min,12,relative_humidity,60,RANDOM_FOREST,0.5,4,33,-1.0842451622080174,-1.406322556882719,-3.8819234109273593,2.3575878758607276,2.3096702284458255,-2.665500611342294,0.1749328922515574,1,0.25,2.840433503593851,3.8819234109273593,-3.797020161411484,True,True,False,False,False,False
12min,12,relative_humidity,60,RANDOM_FOREST,0.75,4,33,-1.9308770070955226,-2.4283185429039356,-6.150294768415094,3.283423825840876,3.5170948010153897,-4.418478967176372,0.05928341717691432,1,0.25,4.477762384353286,6.150294768415094,-6.204773427184352,True,True,False,False,False,False
12min,12,relative_humidity,60,RANDOM_FOREST,1.0,4,33,-2.972954641352822,-3.653244709675619,-8.619145896796256,4.033816750736207,4.7520453148830475,-6.4343065641457144,-0.19189278688272648,1,0.25,6.242413777262988,8.619145896796256,-8.929238072506177,True,True,False,False,False,False
12min,12,relative_humidity,120,RANDOM_FOREST,0.25,4,33,-0.44150455695396457,-0.37477563766340355,-1.2491679969826663,0.23270104449361503,0.5680744741617196,-0.8152619024888943,-0.0010182921284738883,1,0.25,0.8142436103604204,1.2491679969826663,-1.0941894420892804,True,True,False,False,False,False
12min,12,relative_humidity,120,RANDOM_FOREST,0.5,4,33,-1.1567156871111055,-0.9999358254412716,-2.8669958984232755,0.2400048008613964,1.2199585814779565,-2.004443361759269,-0.15220815079310815,1,0.25,1.8522352109661608,2.8669958984232755,-2.642802405530171,True,True,False,False,False,False
12min,12,relative_humidity,120,RANDOM_FOREST,0.75,4,33,-2.138330548206436,-1.8693831840349158,-4.836417695641563,0.021861870885648994,1.952966112756953,-3.554702566875479,-0.4530111653658736,1,0.25,3.1016914015096053,4.836417695641563,-4.62933330870011,True,True,False,False,False,False
12min,12,relative_humidity,120,RANDOM_FOREST,1.0,4,33,-3.3771585431088833,-2.9751647923735605,-7.1380460450329934,-0.42025854265542045,2.762478349569775,-5.450172226502856,-0.9021511089795886,0,0.0,4.548021117523267,7.1380460450329934,-7.033686862393442,True,True,False,False,False,False
12min,12,relative_humidity,240,RANDOM_FOREST,0.25,4,33,1.0063985610189672,1.4357819044015987,-2.5495625653784453,3.7035930006511166,2.415587525843034,-0.48700837443773787,2.9291888398583037,3,0.75,3.4161972142960417,2.5495625653784453,-0.9097073440910335,True,True,True,True,False,False
12min,12,relative_humidity,240,RANDOM_FOREST,0.5,4,33,-0.7201174837838702,1.4490951509590777,-8.824553888888296,3.0458936518346595,4.846099613096346,-2.2645145062191445,2.993492173394352,2,0.5,5.258006679613496,8.824553888888296,-3.386046661069744,True,True,False,True,False,False
12min,12,relative_humidity,240,RANDOM_FOREST,0.75,4,33,-5.0149928579709595,-1.3598716113581248,-18.23329581930486,0.8930676101372705,7.695904780962268,-5.974830635832241,-0.40003383349684407,1,0.25,5.574796802335397,18.23329581930486,-8.705593967352039,True,True,False,False,False,False
12min,12,relative_humidity,240,RANDOM_FOREST,1.0,4,33,-11.527186604039592,-6.981210456715952,-30.097651461852234,-2.0486740408742263,11.193820661093538,-15.4209884011823,-3.0874086595732444,0,0.0,12.333579741609055,30.097651461852234,-20.672413192983537,True,True,False,False,False,False
12min,12,relative_humidity,480,RANDOM_FOREST,0.25,4,33,-1.905464462110985,-1.5035244714482257,-7.559458048197451,2.9446491426499617,3.8511932077184055,-4.011420521652635,0.602431588093424,1,0.25,4.613852109746059,7.559458048197451,-5.7003150383706185,True,True,False,False,False,False
12min,12,relative_humidity,480,RANDOM_FOREST,0.5,4,33,-6.649027176274002,-7.801359953388662,-16.399279606974133,5.4058908086554505,8.99212666499031,-14.705779419616828,0.25539228995416474,1,0.25,14.961171709570992,16.399279606974133,-19.38176570991769,True,True,False,False,False,False
12min,12,relative_humidity,480,RANDOM_FOREST,0.75,4,33,-13.621118528843894,-15.029621676128256,-31.77042467632132,7.345193913202258,16.006102398265714,-27.630710124189275,-1.0200300807828744,1,0.25,26.6106800434064,31.77042467632132,-36.27756786691179,True,True,False,False,False,False
12min,12,relative_humidity,480,RANDOM_FOREST,1.0,4,33,-22.217935575840464,-22.02260277367303,-53.5558189880616,8.72928223204581,24.404369492263903,-41.060798105612726,-3.179740243900765,1,0.25,37.88105786171196,53.5558189880616,-54.35208645154441,True,True,False,False,False,False
20min,20,temperature,60,HIST_GRADIENT_BOOSTING,0.25,4,59,1.14386443512481,0.289691356796815,-2.1454097273810175,6.141484754286627,3.124371894284555,-1.029021860956195,2.46257765287782,2,0.5,3.491599513834015,2.1454097273810175,-1.9924608319654469,True,True,False,False,False,False
20min,20,temperature,60,HIST_GRADIENT_BOOSTING,0.5,4,59,-0.6881224530910455,-3.339960564291239,-6.567640725242859,10.495072041461155,6.596173030563091,-4.4565359978904375,0.42845298050815295,1,0.25,4.8849889783985905,6.567640725242859,-7.4243652348012485,True,True,False,False,False,False
20min,20,temperature,60,HIST_GRADIENT_BOOSTING,0.75,4,59,-5.29410147284325,-10.48464452517867,-12.999698955836614,12.792582114820952,10.539591296422053,-12.166632021430967,-3.612113976590953,1,0.25,8.554518044840014,12.999698955836614,-18.01182828655783,True,True,False,False,False,False
20min,20,temperature,60,HIST_GRADIENT_BOOSTING,1.0,4,59,-12.300541067487677,-18.727530472583844,-24.618315314499828,12.871211989716807,14.827527716312279,-21.995941325023285,-9.032130215048234,1,0.25,12.963811109975051,24.618315314499828,-31.364014856196327,True,True,False,False,False,False
20min,20,temperature,120,HIST_GRADIENT_BOOSTING,0.25,4,59,-1.212979039140858,-1.1901330720684793,-3.9964009967885983,1.5247509843621256,2.0360777255452245,-2.505327179178249,0.10221506796891183,1,0.25,2.607542247147161,3.9964009967885983,-3.493004444839209,True,True,False,False,False,False
20min,20,temperature,120,HIST_GRADIENT_BOOSTING,0.5,4,59,-3.827873348518799,-3.915146429235971,-9.581616264318113,2.100415728714857,4.230125680439066,-6.296680640452236,-1.4463391373025338,1,0.25,4.850341503149703,9.581616264318113,-8.73572124689035,True,True,False,False,False,False
20min,20,temperature,120,HIST_GRADIENT_BOOSTING,0.75,4,59,-7.7359875970531995,-8.063427963884978,-16.52741140369617,1.7103169432533238,6.533184758342052,-11.239258473143499,-4.56015708779468,1,0.25,6.679101385348819,16.52741140369617,-15.53483150748343,True,True,False,False,False,False
20min,20,temperature,120,HIST_GRADIENT_BOOSTING,1.0,4,59,-12.80005595467143,-13.479775774860654,-24.60647004197983,0.36579777301541094,8.897918456414704,-17.18560264369578,-9.094229085836304,1,0.25,8.091373557859477,24.60647004197983,-23.67708006428535,True,True,False,False,False,False
20min,20,temperature,240,HIST_GRADIENT_BOOSTING,0.25,4,59,-0.1935944566267096,0.36949190901864926,-8.185465445343057,6.67210380079892,6.170265333390521,-5.150356490802543,5.326253943194482,2,0.5,10.476610433997024,8.185465445343057,-6.915179669315627,True,True,False,False,False,False
20min,20,temperature,240,HIST_GRADIENT_BOOSTING,0.5,4,59,-1.9401523047104452,-0.34577170870734353,-18.998350273533628,11.929284472106534,12.706409766139318,-11.662052660251602,9.376128646833813,2,0.5,21.038181307085416,18.998350273533628,-15.614449930633459,True,True,False,False,False,False
20min,20,temperature,240,HIST_GRADIENT_BOOSTING,0.75,4,59,-5.151221189210293,-2.159180663729874,-31.79354044334375,15.507017013962326,19.299677518169357,-19.280627001383685,11.970225148443516,2,0.5,31.250852149827203,31.79354044334375,-25.73299184947941,True,True,False,False,False,False
20min,20,temperature,240,HIST_GRADIENT_BOOSTING,1.0,4,59,-9.748249986069416,-5.064689048128488,-46.0509662341593,17.18734438613861,25.693934613513303,-27.787302260897647,12.974363226699742,2,0.5,40.76166548759739,46.0509662341593,-36.95826335046701,True,True,False,False,False,False
20min,20,temperature,480,HIST_GRADIENT_BOOSTING,0.25,4,59,-0.5594475048231442,3.3077458222167784,-16.94599353733741,8.092711873611279,9.783974833719927,-3.400185487915773,6.148483805309407,3,0.75,9.548669293225181,16.94599353733741,-5.703087208730166,True,True,True,True,False,False
20min,20,temperature,480,HIST_GRADIENT_BOOSTING,0.5,4,59,-7.629828884372562,-1.8198249834433642,-35.744757794488834,8.865092223885314,16.884686918841226,-12.005281054248762,2.555627186432835,2,0.5,14.560908240681597,35.744757794488834,-18.03646855240637,True,True,False,False,False,False
20min,20,temperature,480,HIST_GRADIENT_BOOSTING,0.75,4,59,-19.709829512775734,-16.483576110992367,-55.72675297696416,9.854587147845953,25.565385466203242,-37.192167198129354,0.9987615743612546,1,0.25,38.19092877249061,55.72675297696416,-49.51072874147871,True,True,False,False,False,False
20min,20,temperature,480,HIST_GRADIENT_BOOSTING,1.0,4,59,-34.92957853311268,-35.80983177804141,-76.49054472301593,8.391894146648037,36.69081597428788,-68.3499485416219,-2.3894617695321934,1,0.25,65.96048677208971,76.49054472301593,-87.91271134484025,True,True,False,False,False,False
20min,20,temperature,60,EXTRA_TREES,0.25,4,59,-0.15415470318660343,0.11538580117138421,-1.439689701058703,0.592299285969521,0.7689058964921593,-0.3257950228189489,0.2870261208037297,3,0.75,0.6128211436226786,1.439689701058703,-0.5509471959046308,True,True,True,False,False,False
20min,20,temperature,60,EXTRA_TREES,0.5,4,59,-1.0308322743423202,-0.17656315066266637,-4.147751074789279,0.37754827874533126,1.828161128325817,-1.4126321913450646,0.205236766340078,2,0.5,1.6178689576851426,4.147751074789279,-2.0224353982025574,True,True,False,False,False,False
20min,20,temperature,60,EXTRA_TREES,0.75,4,59,-2.60245567478713,-1.1344133047316387,-8.02883976914487,-0.11215632054037439,3.1799461022300632,-3.229514854633819,-0.5073541248849506,0,0.0,2.722160729748868,8.02883976914487,-4.50270361189229,True,True,False,False,False,False
20min,20,temperature,60,EXTRA_TREES,1.0,4,59,-4.8276434044108,-2.8777926745241316,-12.962113783520486,-0.5928744850744503,4.798465642494205,-5.731917797706207,-1.9735182812287244,0,0.0,3.758399516477483,12.962113783520486,-7.9975208786429945,True,True,False,False,False,False
20min,20,temperature,120,EXTRA_TREES,0.25,4,59,-0.8902829399750252,-0.7092031837488686,-2.604267680298089,0.4615422878957256,1.2227387065812558,-1.751587258700094,0.15210113497620018,2,0.5,1.9036883936762943,2.604267680298089,-2.3121143006615377,True,True,False,False,False,False
20min,20,temperature,120,EXTRA_TREES,0.5,4,59,-2.2467481538256022,-1.741473179585709,-6.0037255463945725,0.49967929026358054,2.550781729136583,-3.8486457766198643,-0.13957555679144726,1,0.25,3.709070219828417,6.0037255463945725,-5.096939676098561,True,True,False,False,False,False
20min,20,temperature,120,EXTRA_TREES,0.75,4,59,-4.047448582067547,-3.089481347805934,-10.124757663820718,0.11392603116239942,3.9758753738325954,-6.265801732598906,-0.8711281972745746,1,0.25,5.394673535324332,10.124757663820718,-8.318007531423278,True,True,False,False,False,False
20min,20,temperature,120,EXTRA_TREES,1.0,4,59,-6.266587856724632,-4.742881419745395,-14.889742834641021,-0.6908457527667178,5.484708272636375,-8.976407334276674,-2.0330619421933536,0,0.0,6.94334539208332,14.889742834641021,-11.93698982444731,True,True,False,False,False,False
20min,20,temperature,240,EXTRA_TREES,0.25,4,59,-1.6793134071312659,-1.143604093909631,-4.472020733157435,0.04197529245163355,1.780890026489946,-2.591955285103318,-0.23096221593757918,1,0.25,2.3609930691657386,4.472020733157435,-3.4421058117818593,True,True,False,False,False,False
20min,20,temperature,240,EXTRA_TREES,0.5,4,59,-3.913297392269825,-3.0997385143908542,-9.376176521157836,-0.07753601913975562,3.6587621143239173,-6.137229560033904,-0.8758063466267749,0,0.0,5.261423213407129,9.376176521157836,-8.074494251383879,True,True,False,False,False,False
20min,20,temperature,240,EXTRA_TREES,0.75,4,59,-6.661028902223761,-5.814564089685027,-14.657030412245545,-0.35795701727944657,5.651692335338832,-10.550172618856813,-1.9254203730519763,0,0.0,8.624752245804837,14.657030412245545,-13.791197815648832,True,True,False,False,False,False
20min,20,temperature,240,EXTRA_TREES,1.0,4,59,-9.877290981848734,-9.223124577327349,-20.264970019414378,-0.7979447533258576,7.765672121244498,-15.734650145002215,-3.3657654141738673,0,0.0,12.368884730828348,20.264970019414378,-20.473809447595116,True,True,False,False,False,False
20min,20,temperature,480,EXTRA_TREES,0.25,4,59,-0.7393687994261469,0.38427875905495895,-13.379669221804628,9.653636505990123,8.222178662378848,-3.224384911549277,2.8692948711780897,3,0.75,6.093679782727367,13.379669221804628,-6.0074784377598816,True,True,True,False,False,False
20min,20,temperature,480,EXTRA_TREES,0.5,4,59,-3.652790517320976,-0.23885140895117113,-27.750904186976395,13.617444935594834,15.01910305660555,-7.149344858468922,3.257702932196774,1,0.25,10.407047790665697,27.750904186976395,-12.380101351028118,True,True,False,False,False,False
20min,20,temperature,480,EXTRA_TREES,0.75,4,59,-8.8463755161223,-1.8488242072783823,-42.814678458597456,11.126824808665015,20.317871659511354,-12.486388057068977,1.7911883336682939,1,0.25,14.27757639073727,42.814678458597456,-19.69128201729638,True,True,False,False,False,False
20min,20,temperature,480,EXTRA_TREES,1.0,4,59,-16.12138604353701,-4.394045046321225,-58.37350151074361,2.6760474292380105,24.586035685735755,-18.98179873144403,-1.5336323584142066,1,0.25,17.448166373029824,58.37350151074361,-27.71150361052204,True,True,False,False,False,False
20min,20,temperature,60,XGBOOST,0.25,4,59,2.5218217602600816,1.4234037708760678,-2.3011308196265454,9.541610318914737,4.504371394665404,-0.8288905336762683,4.774116064812418,2,0.5,5.603006598488686,2.3011308196265454,-1.9533822332749113,True,True,False,True,False,False
20min,20,temperature,60,XGBOOST,0.5,4,59,1.5773536916383457,0.9771925612485228,-8.049592098411926,12.404621742468263,7.479042041361825,-3.2001534428073106,5.754699695694179,2,0.5,8.95485313850149,8.049592098411926,-5.512632032605204,True,True,False,True,False,False
20min,20,temperature,60,XGBOOST,0.75,4,59,-2.862116691960625,-1.3374464883677137,-16.737221814537662,7.963648023430591,9.021712389710858,-6.962231327583996,2.762668147255658,2,0.5,9.724899474839654,16.737221814537662,-10.384201679421956,True,True,False,False,False,False
20min,20,temperature,60,XGBOOST,1.0,4,59,-10.346860117619187,-5.391096044526856,-27.765860776674046,-2.839387604748993,10.149579428221998,-11.92646706336067,-3.811489098785374,0,0.0,8.114977964575296,27.765860776674046,-16.390050220983014,True,True,False,False,False,False
20min,20,temperature,120,XGBOOST,0.25,4,59,1.2946025464075956,0.4207950597653388,-2.1488254685302395,6.485645534629945,3.5833433265216827,-1.982928405109054,3.6983260112819885,2,0.5,5.681254416391043,2.1488254685302395,-2.957038515562742,True,True,False,False,False,False
20min,20,temperature,120,XGBOOST,0.5,4,59,1.5981721242943085,0.05032856348707293,-5.63437544441802,11.926406814621108,7.2575685516499195,-5.003333271142802,6.651833958924183,2,0.5,11.655167230066985,5.63437544441802,-7.185848912650924,True,True,False,False,False,False
20min,20,temperature,120,XGBOOST,0.75,4,59,0.899063434924066,-1.0962140954319306,-10.330033049918244,16.11871498047837,10.908389249032085,-8.973871041786706,8.776720381278842,2,0.5,17.75059142306555,10.330033049918244,-12.554018069444266,True,True,False,False,False,False
20min,20,temperature,120,XGBOOST,1.0,4,59,-0.8011002936619143,-2.992078070126921,-16.089048994259578,18.86880395986576,14.419558801141273,-13.793784791990046,10.00060642820121,2,0.5,23.794391220191258,16.089048994259578,-18.911535928787444,True,True,False,False,False,False
20min,20,temperature,240,XGBOOST,0.25,4,59,0.4607410498441771,1.1772733010758105,-9.555274586281845,9.043692183506932,7.862444479783587,-6.013908868781092,7.65192321970108,2,0.5,13.665832088482173,9.555274586281845,-8.044461389735737,True,True,False,True,False,False
20min,20,temperature,240,XGBOOST,0.5,4,59,-0.9914576150228083,1.5435464986018061,-22.505031891844,15.452108434549153,16.13132768419795,-13.574254435270563,14.12634331884956,2,0.5,27.700597754120125,22.505031891844,-17.933010351419256,True,True,False,True,False,False
20min,20,temperature,240,XGBOOST,0.75,4,59,-4.28203819230685,0.7230317791709133,-37.89624341307601,19.322027085506782,24.374021539591066,-22.339844375534774,18.78083796239884,2,0.5,41.120682337933616,37.89624341307601,-29.311370243064896,True,True,False,True,False,False
20min,20,temperature,240,XGBOOST,1.0,4,59,-9.34026436624513,-3.133707553654304,-55.00332743372118,23.90968507604927,32.289552619079494,-32.03524750789353,19.561275587994096,2,0.5,51.596523095887626,55.00332743372118,-42.682800960028416,True,True,False,False,False,False
20min,20,temperature,480,XGBOOST,0.25,4,59,-2.01768244081023,2.3418849245248263,-18.53507466903528,5.780575056744706,9.659021453240213,-3.535062745805428,3.859265229520024,3,0.75,7.394327975325452,18.53507466903528,-5.989047730396719,True,True,True,True,False,False
20min,20,temperature,480,XGBOOST,0.5,4,59,-8.614172947361153,-0.4021268524751892,-38.635433351280746,4.98299526678651,17.471700422859957,-10.004188355406379,0.9878885555700363,1,0.25,10.992076910976415,38.635433351280746,-15.557023645783584,True,True,False,False,False,False
20min,20,temperature,480,XGBOOST,0.75,4,59,-19.142343697924176,-11.034723815354218,-59.711171685361165,5.211244524372904,24.68371734965331,-27.536653515179605,-2.6404139980987873,1,0.25,24.89623951708082,59.711171685361165,-38.41063649523492,True,True,False,False,False,False
20min,20,temperature,480,XGBOOST,1.0,4,59,-32.54271331126873,-26.320402870249815,-81.42268013849397,3.8926326339186996,32.2333464613009,-50.18249087683023,-8.680625304688308,1,0.25,41.501865572141924,81.42268013849397,-67.42700569094427,True,True,False,False,False,False
20min,20,temperature,60,RANDOM_FOREST,0.25,4,59,1.1772976446775645,0.8679586065209185,-1.6635226620561538,4.636796027724574,2.375528104872288,-0.5766398583653761,2.621896109563859,2,0.5,3.198535967929235,1.6635226620561538,-1.1471900429577375,True,True,False,True,False,False
20min,20,temperature,60,RANDOM_FOREST,0.5,4,59,1.1700331556087242,1.1221262662591827,-4.669013503482849,7.104893593399381,4.421527596999751,-1.9058288261160308,4.197988247983938,2,0.5,6.103817074099968,4.669013503482849,-3.0970356466615137,True,True,False,True,False,False
20min,20,temperature,60,RANDOM_FOREST,0.75,4,59,-0.04090087010218324,0.7553920246869235,-8.905425223914436,7.231037694131857,6.151910890516655,-3.950382962301454,4.664874116886194,2,0.5,8.615257079187648,8.905425223914436,-5.77859282088551,True,True,False,True,False,False
20min,20,temperature,60,RANDOM_FOREST,1.0,4,59,-2.421634653843288,-0.2282710897562783,-14.235894561588688,5.005898125728094,7.663236566634129,-6.660657923315814,4.010752179716247,2,0.5,10.671410103032061,14.235894561588688,-9.122949781669481,True,True,False,False,False,False
20min,20,temperature,120,RANDOM_FOREST,0.25,4,59,0.3289228601868703,-0.42693266762644144,-1.3049986941218499,3.474555470122214,1.853067609192121,-0.7353470143104888,0.6373372068709178,1,0.25,1.3726842211814065,1.3049986941218499,-1.4395244517476071,True,True,False,False,False,False
20min,20,temperature,120,RANDOM_FOREST,0.5,4,59,0.3035242785530533,-1.0002925797667432,-3.123801286400347,6.338483560146046,3.595957811249906,-1.7409550009085302,1.0441866996948401,1,0.25,2.7851417006033703,3.123801286400347,-3.173813751668515,True,True,False,False,False,False
20min,20,temperature,120,RANDOM_FOREST,0.75,4,59,-0.0825568984994367,-1.7174075345223265,-5.42981975713911,8.534407232186016,5.211902043038105,-3.007119305072909,1.207154872051146,1,0.25,4.2142741771240555,5.42981975713911,-5.181999562369132,True,True,False,False,False,False
20min,20,temperature,120,RANDOM_FOREST,1.0,4,59,-0.8321389399344329,-2.5750303132076597,-8.19190481368568,10.013409680363267,6.687977103978015,-4.52234726426628,1.1151780111241874,1,0.25,5.637525275390467,8.19190481368568,-7.441769154324314,True,True,False,False,False,False
20min,20,temperature,240,RANDOM_FOREST,0.25,4,59,-0.3777175479366832,0.37371369077774286,-4.796759971838127,2.5384623985359087,3.04216720435644,-2.4055123735609607,2.40150851640202,2,0.5,4.807020889962981,4.796759971838127,-3.2289867471632796,True,True,False,False,False,False
20min,20,temperature,240,RANDOM_FOREST,0.5,4,59,-1.536333066650725,-0.31253136560525974,-9.976129603284262,4.455860067891881,6.217862633154673,-6.266783463444953,4.417919031188968,2,0.5,10.684702494633921,9.976129603284262,-8.148915013743286,True,True,False,False,False,False
20min,20,temperature,240,RANDOM_FOREST,0.75,4,59,-3.4352316415532504,-2.191227862287095,-15.486642282863052,6.12817144122424,9.549670989107156,-11.444223917107418,5.8177644132670725,2,0.5,17.261988330374493,15.486642282863052,-14.693882598190104,True,True,False,False,False,False
20min,20,temperature,240,RANDOM_FOREST,1.0,4,59,-6.02078503023788,-5.153138871356736,-21.283169856125692,7.506307477887644,13.030653866587073,-17.765914075447935,6.5919901738533175,2,0.5,24.357904249301253,21.283169856125692,-22.652883460038787,True,True,False,False,False,False
20min,20,temperature,480,RANDOM_FOREST,0.25,4,59,0.8718076000430108,5.61037966213585,-14.062031793071741,6.328502868972085,8.627118236794887,0.6530767083832272,5.829110553795633,3,0.75,5.176033845412406,14.062031793071741,-0.49314520883828816,True,True,True,True,False,False
20min,20,temperature,480,RANDOM_FOREST,0.5,4,59,-1.6661527721382265,5.669466142644812,-29.22469796627284,11.221154592430306,16.34496829534305,-6.211799353352099,10.215112723858685,3,0.75,16.426912077210783,29.22469796627284,-9.850164387528789,True,True,True,True,False,False
20min,20,temperature,480,RANDOM_FOREST,0.75,4,59,-7.3578320918186595,0.6404189127084763,-45.14346834471122,14.431302152019633,24.110425547298643,-19.910963166691367,13.193549987581184,2,0.5,33.10451315427255,45.14346834471122,-27.197704750605606,True,True,False,True,False,False
20min,20,temperature,480,RANDOM_FOREST,1.0,4,59,-15.586492272458683,-8.258644215534796,-61.59504513671506,15.766364477949917,32.436782702569545,-38.37495777859376,14.529821290600285,2,0.5,52.90477906919405,61.59504513671506,-50.10979503431058,True,True,False,False,False,False
20min,20,relative_humidity,60,HIST_GRADIENT_BOOSTING,0.25,4,59,-1.7183524774742205,-1.494950589847576,-5.664659418390072,1.7811506881883417,3.0423889232442756,-4.137608188631167,0.9243051213093698,2,0.5,5.061913309940537,5.664659418390072,-5.442072099415363,True,True,False,False,False,False
20min,20,relative_humidity,60,HIST_GRADIENT_BOOSTING,0.5,4,59,-7.991580571295906,-8.151274716036523,-15.86030809988393,0.19653524677335088,6.969997174873787,-14.36438522404676,-1.7784700632856705,1,0.25,12.58591516076109,15.86030809988393,-18.40930932138805,True,True,False,False,False,False
20min,20,relative_humidity,60,HIST_GRADIENT_BOOSTING,0.75,4,59,-18.046001951208204,-19.030847813491995,-29.52131959251728,-4.600992585331533,11.392556551222212,-29.242382637403757,-7.834467127296442,0,0.0,21.407915510107316,29.52131959251728,-37.11513546667497,True,True,False,False,False,False
20min,20,relative_humidity,60,HIST_GRADIENT_BOOSTING,1.0,4,59,-31.00750498696419,-31.953227471782718,-47.923517859023036,-12.200047145268291,15.955336341848495,-46.237897437769576,-16.722835020977328,0,0.0,29.515062416792247,47.923517859023036,-58.6916381449346,True,True,False,False,False,False
20min,20,relative_humidity,120,HIST_GRADIENT_BOOSTING,0.25,4,59,-1.8944870992733607,-0.6517505160738761,-6.004236991962868,-0.27021037298282297,2.3784283210342907,-2.044415285524423,-0.5018223298228137,0,0.0,1.5425929557016094,6.004236991962868,-2.924106241915398,True,True,False,False,False,False
20min,20,relative_humidity,120,HIST_GRADIENT_BOOSTING,0.5,4,59,-5.884617679449627,-3.9485163950643063,-14.111463610743625,-1.529974316926269,4.9210699943934495,-7.36499348583747,-2.4681405886764636,0,0.0,4.896852897161006,14.111463610743625,-9.924808746330715,True,True,False,False,False,False
20min,20,relative_humidity,120,HIST_GRADIENT_BOOSTING,0.75,4,59,-11.72627528329407,-9.626136718053978,-23.909578327962663,-3.7432493691056625,7.753497072518023,-15.537918069287022,-5.814493932061025,0,0.0,9.723424137225997,23.909578327962663,-20.465243368657642,True,True,False,False,False,False
20min,20,relative_humidity,120,HIST_GRADIENT_BOOSTING,1.0,4,59,-19.12433298254969,-17.30776661627909,-35.03099896812788,-6.8507997295127,10.90234183659434,-26.02023931425212,-10.41186028457666,0,0.0,15.60837902967546,35.03099896812788,-33.86970587314879,True,True,False,False,False,False
20min,20,relative_humidity,240,HIST_GRADIENT_BOOSTING,0.25,4,59,-0.20184829296488793,0.897516307324674,-6.522220368413267,3.9197945819043674,4.30933150574179,-3.0065177788781123,3.7021857932378985,2,0.5,6.708703572116011,6.522220368413267,-4.087390570836648,True,True,False,True,False,False
20min,20,relative_humidity,240,HIST_GRADIENT_BOOSTING,0.5,4,59,-2.3748480828475946,-0.96866755599686,-13.91130693303788,6.349249713641222,8.762249362108124,-9.344799251162145,6.001283612317691,2,0.5,15.346082863479836,13.91130693303788,-12.119535720996247,True,True,False,False,False,False
20min,20,relative_humidity,240,HIST_GRADIENT_BOOSTING,0.75,4,59,-6.3752905226192516,-5.331287796921933,-22.00986535902704,7.1712788623938994,13.398318916185763,-18.499845298671218,6.793266979130032,2,0.5,25.29311227780125,22.00986535902704,-23.48031027557932,True,True,False,False,False,False
20min,20,relative_humidity,240,HIST_GRADIENT_BOOSTING,1.0,4,59,-11.996922250581953,-11.822585421042861,-30.686065153949063,6.343546993706973,18.142841420091404,-29.859489076350112,6.039981404725297,2,0.5,35.89947048107541,30.686065153949063,-37.44383695006783,True,True,False,False,False,False
20min,20,relative_humidity,480,HIST_GRADIENT_BOOSTING,0.25,4,59,0.9616239867260212,1.728468473524103,-11.79665867328865,12.18621767314453,8.652490790557641,-3.2892066470244155,5.97929910727454,2,0.5,9.268505754298955,11.79665867328865,-5.854949071947537,True,True,False,True,False,False
20min,20,relative_humidity,480,HIST_GRADIENT_BOOSTING,0.5,4,59,-3.7712914599174905,1.6326675937904165,-24.939098636702894,6.5885976094520995,12.621697027698582,-7.576766639407633,5.438142773280559,2,0.5,13.01490941268819,24.939098636702894,-11.109561771729403,True,True,False,True,False,False
20min,20,relative_humidity,480,HIST_GRADIENT_BOOSTING,0.75,4,59,-13.258440637956367,-10.957379453656076,-39.04623847094849,7.927234826435171,17.478374207317163,-23.21728869591386,-0.9985313956985826,1,0.25,22.21875730021528,39.04623847094849,-31.828317721500838,True,True,False,False,False,False
20min,20,relative_humidity,480,HIST_GRADIENT_BOOSTING,1.0,4,59,-25.649569283440474,-28.306581978186404,-53.85293979906957,7.867826621680478,26.668156662511063,-50.70700582876417,-3.2491454328627105,1,0.25,47.457860395901456,53.85293979906957,-65.49874712590453,True,True,False,False,False,False
20min,20,relative_humidity,60,EXTRA_TREES,0.25,4,59,-0.3922987639122536,0.9226750859305681,-6.595976179377305,3.181430951867155,3.8167549569433885,-1.9569101082500218,2.487286430268336,2,0.5,4.444196538518358,6.595976179377305,-2.948417228172937,True,True,False,True,False,False
20min,20,relative_humidity,60,EXTRA_TREES,0.5,4,59,-3.461777045000091,-0.8179447486840323,-15.435040815645843,3.2238221330135435,7.568089655908643,-7.231359802628976,2.951638008944853,2,0.5,10.182997811573829,15.435040815645843,-9.768203858382407,True,True,False,False,False,False
20min,20,relative_humidity,60,EXTRA_TREES,0.75,4,59,-8.998781937640041,-5.8667247413355375,-26.046180154046535,1.784501886157445,11.160985558920412,-15.404014534550662,0.5385078555750833,2,0.5,15.942522390125745,26.046180154046535,-20.349530974910046,True,True,False,False,False,False
20min,20,relative_humidity,60,EXTRA_TREES,1.0,4,59,-16.670996837077876,-13.871585873705072,-38.02128382095272,-0.9195317799486485,14.564342865570895,-25.929215166006554,-4.613367544776397,0,0.0,21.315847621230155,38.02128382095272,-34.03483063955833,True,True,False,False,False,False
20min,20,relative_humidity,120,EXTRA_TREES,0.25,4,59,-0.3374860827332501,-0.8104169660434464,-1.9657594907552842,2.2366490919091766,1.635349518695683,-1.622293252737106,0.4743902039604095,1,0.25,2.0966834566975154,1.9657594907552842,-2.350198567081025,True,True,False,False,False,False
20min,20,relative_humidity,120,EXTRA_TREES,0.5,4,59,-1.6928742116834816,-2.5930852448839485,-5.583446737803549,3.9981203808375203,3.722745656828828,-4.670800888771032,0.38484143220360145,1,0.25,5.055642320974633,5.583446737803549,-6.516768089822152,True,True,False,False,False,False
20min,20,relative_humidity,120,EXTRA_TREES,0.75,4,59,-3.992374886178247,-4.640295039963885,-11.946815710736322,5.2579062459511015,6.374011543426924,-8.366636990491928,-0.26603293565020314,1,0.25,8.100604054841725,11.946815710736322,-11.677300995068828,True,True,False,False,False,False
20min,20,relative_humidity,120,EXTRA_TREES,1.0,4,59,-7.137221177573024,-7.154745091820795,-20.23522921337843,5.995834686727927,9.546150569322464,-12.82488825605474,-1.467078013339079,1,0.25,11.357810242715662,20.23522921337843,-17.892457516523233,True,True,False,False,False,False
20min,20,relative_humidity,240,EXTRA_TREES,0.25,4,59,-0.7093084702253858,-0.1419057694533694,-6.914191150035767,4.360768808040962,4.824276181897588,-4.653441709377617,3.8022274696988614,2,0.5,8.455669179076478,6.914191150035767,-6.09828814650055,True,True,False,False,False,False
20min,20,relative_humidity,240,EXTRA_TREES,0.5,4,59,-3.2808005576843633,-0.9492099305637836,-19.25383105538949,8.029048685779605,11.175537057419726,-10.976361166422478,6.746350678174331,2,0.5,17.72271184459681,19.25383105538949,-14.624023616709561,True,True,False,False,False,False
20min,20,relative_humidity,240,EXTRA_TREES,0.75,4,59,-7.375606073254371,-2.4382470609499487,-35.54518012958992,10.91924995847234,18.681890637309824,-18.564411378970476,8.750558244766157,2,0.5,27.314969623736634,35.54518012958992,-24.982026905215747,True,True,False,False,False,False
20min,20,relative_humidity,240,EXTRA_TREES,1.0,4,59,-12.704870652827193,-4.614892611986387,-54.543531647860284,12.953834260524287,26.89614952805012,-27.073366992746863,9.753603727933285,2,0.5,36.82697072068015,54.543531647860284,-36.66426088429154,True,True,False,False,False,False
20min,20,relative_humidity,480,EXTRA_TREES,0.25,4,59,5.880914596958542,6.426337539130594,-1.6266273404605838,12.297610650033562,4.9610945783598375,4.114180570579574,8.19307156550956,3,0.75,4.078890994929987,1.6266273404605838,3.9802352065504545,True,True,True,True,False,False
20min,20,relative_humidity,480,EXTRA_TREES,0.5,4,59,8.354338187212264,12.05630341818993,-3.6429807964237644,12.94772670889296,6.947336962249981,7.714577670204108,12.696063935198085,3,0.75,4.981486264993977,3.6429807964237644,8.654815086587002,True,True,True,True,False,False
20min,20,relative_humidity,480,EXTRA_TREES,0.75,4,59,7.330605992604706,8.569284949720256,-6.026827979115948,18.210682050094267,10.242938282228035,-0.8845056364154384,16.784396578740402,3,0.75,17.66890221515584,6.026827979115948,-1.7718731526366507,True,True,True,True,False,False
20min,20,relative_humidity,480,EXTRA_TREES,1.0,4,59,3.6232541087043666,5.78952325318275,-19.52454793256224,22.438517861014205,18.18136955970454,-11.446641181028745,20.85941854291586,2,0.5,32.30605972394461,19.52454793256224,-15.244643591930114,True,True,False,True,False,False
20min,20,relative_humidity,60,XGBOOST,0.25,4,59,-2.225889081687721,-0.3618279173938055,-13.153382428626854,4.97348193666358,6.674642324559496,-3.6199473998459957,1.032230400764469,1,0.25,4.652177800610465,13.153382428626854,-5.976262424855751,True,True,False,False,False,False
20min,20,relative_humidity,60,XGBOOST,0.5,4,59,-9.23105577036001,-4.792617244495727,-31.708513402850535,4.369524810401949,13.506438065742428,-11.675396193473633,-2.348276821382104,1,0.25,9.327119372091529,31.708513402850535,-17.383305281254124,True,True,False,False,False,False
20min,20,relative_humidity,60,XGBOOST,0.75,4,59,-20.265475454993876,-12.813862810533822,-53.72161085302654,-1.7125653458813137,19.842074217959123,-23.308658932083087,-9.770679333444608,0,0.0,13.53797959863848,53.72161085302654,-33.013255323109696,True,True,False,False,False,False
20min,20,relative_humidity,60,XGBOOST,1.0,4,59,-34.43974907388405,-23.729192393358268,-77.91371891009558,-12.386892598724083,25.52591551580299,-37.666070003436474,-20.50287146380585,0,0.0,17.163198539630624,77.91371891009558,-51.78922139069748,True,True,False,False,False,False
20min,20,relative_humidity,120,XGBOOST,0.25,4,59,-0.8799017698730773,-0.5481974181159459,-3.6332094210382033,1.2099971777777858,1.7980901996777674,-1.783019975946217,0.35492078795719406,2,0.5,2.137940763903411,3.6332094210382033,-2.525470155327202,True,True,False,False,False,False
20min,20,relative_humidity,120,XGBOOST,0.5,4,59,-2.958732267696314,-1.9582841956889727,-8.356556130863646,0.43819545145633587,3.3414988204386504,-4.3050427409215715,-0.6119737224637158,1,0.25,3.6930690184578556,8.356556130863646,-5.893957737633812,True,True,False,False,False,False
20min,20,relative_humidity,120,XGBOOST,0.75,4,59,-6.175240901106544,-4.197878687908283,-14.034659138828149,-2.2705470897814584,4.674781792792493,-7.50846879945032,-2.8646507895645064,0,0.0,4.6438180098858135,14.034659138828149,-10.028452477558226,True,True,False,False,False,False
20min,20,relative_humidity,120,XGBOOST,1.0,4,59,-10.433304431041895,-7.51595170170658,-20.53266271018791,-6.168651610566508,5.880525822275811,-11.330410216372451,-6.618845916376024,0,0.0,4.711564299996427,20.53266271018791,-15.00489952925177,True,True,False,False,False,False
20min,20,relative_humidity,240,XGBOOST,0.25,4,59,-0.3331011487035709,-0.6706665575205331,-6.586190979708583,6.5951194999353655,5.780474792322502,-5.759155182749345,4.755387476525241,2,0.5,10.514542659274586,6.586190979708583,-7.574485632084972,True,True,False,False,False,False
20min,20,relative_humidity,240,XGBOOST,0.5,4,59,-3.0636212946434527,-2.455809452882067,-19.440514681884096,12.097648409074418,12.943903177875946,-13.64450917243816,8.12507842491264,2,0.5,21.7695875973508,19.440514681884096,-18.20073192202849,True,True,False,False,False,False
20min,20,relative_humidity,240,XGBOOST,0.75,4,59,-7.8093600683930235,-5.360949017968949,-36.80738766503576,16.291845427401565,21.110913015626377,-23.12908279741263,9.958773711050657,2,0.5,33.08785650846329,36.80738766503576,-31.106724188459534,True,True,False,False,False,False
20min,20,relative_humidity,240,XGBOOST,1.0,4,59,-14.237044280648249,-9.362103869388532,-57.19825197608572,18.974282592269788,29.776922231140922,-33.763827410269194,10.164679260232411,2,0.5,43.928506670501605,57.19825197608572,-45.625920198660765,True,True,False,False,False,False
20min,20,relative_humidity,480,XGBOOST,0.25,4,59,4.951223578987401,5.918643031017805,-5.6787865079527196,13.646394761866713,6.932534426383956,2.3146812722480687,8.555185337757136,3,0.75,6.240504065509067,5.6787865079527196,1.3786943712750912,True,True,True,True,False,False
20min,20,relative_humidity,480,XGBOOST,0.5,4,59,3.9053114894883025,7.616454237774236,-12.223110584323717,12.611448066728459,9.56462874283753,1.8246851795267771,9.697080547735762,3,0.75,7.872395368208985,12.223110584323717,0.6244789075888142,True,True,True,True,False,False
20min,20,relative_humidity,480,XGBOOST,0.75,4,59,-2.267843881039484,-3.3051926497494186,-19.490844395224258,17.02985417056516,16.471556045837403,-18.143054708160648,12.570018177371747,2,0.5,30.713072885532394,19.490844395224258,-23.53444019132168,True,True,False,False,False,False
20min,20,relative_humidity,480,XGBOOST,1.0,4,59,-11.621990421636342,-7.708652100109282,-50.96279949121106,19.892142004884253,28.912272311226257,-33.25935236304428,13.928709841298659,2,0.5,47.18806220434294,50.96279949121106,-44.04338307508352,True,True,False,False,False,False
20min,20,relative_humidity,60,RANDOM_FOREST,0.25,4,59,-0.7943103982714608,-0.23514695867661145,-3.5062731898237978,0.7993255140911776,1.646457772004258,-1.3545869038145923,0.32512954686652,2,0.5,1.6797164506811124,3.5062731898237978,-1.9515734814731172,True,True,False,False,False,False
20min,20,relative_humidity,60,RANDOM_FOREST,0.5,4,59,-3.1043285187756897,-2.447650715305811,-7.988017597873497,0.46600495338236003,3.2900934753504494,-5.114201301434485,-0.4377779326470156,1,0.25,4.67642336878747,7.988017597873497,-6.782866799167921,True,True,False,False,False,False
20min,20,relative_humidity,60,RANDOM_FOREST,0.75,4,59,-6.822359169424205,-6.485562779881116,-13.329563950527087,-0.9887471674075025,5.133605853273724,-11.04330609099745,-2.264615858307872,0,0.0,8.778690232689579,13.329563950527087,-14.207298883857678,True,True,False,False,False,False
20min,20,relative_humidity,60,RANDOM_FOREST,1.0,4,59,-11.79252558043522,-12.118425241541505,-19.41558922996757,-3.5176626086902956,7.263898112448926,-18.81078781625851,-5.100163005718213,0,0.0,13.710624810540299,19.41558922996757,-23.827634954303548,True,True,False,False,False,False
20min,20,relative_humidity,120,RANDOM_FOREST,0.25,4,59,-0.5917228239649702,-0.912349582147908,-1.4825454742769464,0.9403533427128811,0.9155581025463198,-1.097855768829058,-0.4062166372838203,1,0.25,0.6916391315452377,1.4825454742769464,-1.6288055164897635,True,True,False,False,False,False
20min,20,relative_humidity,120,RANDOM_FOREST,0.5,4,59,-2.0651151673904113,-2.952310295575498,-3.758007254568947,1.402167176158297,2.074764023040383,-3.6149760430334372,-1.4024494199324726,1,0.25,2.2125266231009646,3.758007254568947,-4.998075420768218,True,True,False,False,False,False
20min,20,relative_humidity,120,RANDOM_FOREST,0.75,4,59,-4.371196292756046,-5.319423938678552,-8.224655994573354,1.378718700906273,3.582133731911991,-6.7202698879076745,-2.970350343526925,1,0.25,3.7499195443807496,8.224655994573354,-9.250547709512265,True,True,False,False,False,False
20min,20,relative_humidity,120,RANDOM_FOREST,1.0,4,59,-7.44162018022498,-8.23203100363268,-14.172770986948882,0.8703522733143167,5.439572932853517,-10.59009469215387,-5.0835564917037885,1,0.25,5.506538200450082,14.172770986948882,-14.528492850594942,True,True,False,False,False,False
20min,20,relative_humidity,240,RANDOM_FOREST,0.25,4,59,-0.5097091394913351,-0.8806122886218701,-5.860292773195183,5.582680792473583,4.795594551913145,-4.828125426551771,3.4378039984385653,2,0.5,8.265929424990336,5.860292773195183,-6.478650194415835,True,True,False,False,False,False
20min,20,relative_humidity,240,RANDOM_FOREST,0.5,4,59,-2.471933009434969,-3.7816310147275223,-12.715621482741234,10.391151474456402,10.215530862241886,-12.370367920437236,6.116803896274743,2,0.5,18.487171816711978,12.715621482741234,-16.20412229376882,True,True,False,False,False,False
20min,20,relative_humidity,240,RANDOM_FOREST,0.75,4,59,-5.723481482854723,-6.619324633850459,-23.950278541008423,14.295001877290451,16.171263536676634,-20.311723268963988,7.968917152258808,2,0.5,28.280640421222795,23.950278541008423,-26.74721447971396,True,True,False,False,False,False
20min,20,relative_humidity,240,RANDOM_FOREST,1.0,4,59,-10.10201275277264,-10.060324680932904,-37.45363393487157,17.16623228564681,22.473910950737043,-29.102033449874163,8.939696016168615,2,0.5,38.04172946604278,37.45363393487157,-38.44459789767219,True,True,False,False,False,False
20min,20,relative_humidity,480,RANDOM_FOREST,0.25,4,59,4.361825020938319,6.255181752957183,-5.905115227191928,10.842051805030836,6.216585355382561,3.1601645387759865,7.456842235119516,3,0.75,4.296677696343529,5.905115227191928,2.6305640979874365,True,True,True,True,False,False
20min,20,relative_humidity,480,RANDOM_FOREST,0.5,4,59,5.064269958150366,10.3453238796763,-12.18359594208325,11.750028015332115,10.009373416350739,3.8283919411424936,11.581201896684172,3,0.75,7.752809955541679,12.18359594208325,3.4230199163846486,True,True,True,True,False,False
20min,20,relative_humidity,480,RANDOM_FOREST,0.75,4,59,2.188426943959443,5.720575908261562,-18.77624889528806,16.088804854602706,14.69414918205257,-8.01496251257872,15.923965364799724,2,0.5,23.938927877378443,18.77624889528806,-10.942950254249673,True,True,False,True,False,False
20min,20,relative_humidity,480,RANDOM_FOREST,1.0,4,59,-3.3883213461610566,-3.290203089095799,-26.143090897802523,19.170211691349895,22.500795616451803,-25.76099150448025,19.08246706922339,2,0.5,44.84345857370364,26.143090897802523,-32.24770510039825,True,True,False,False,False,False
30min,30,temperature,60,HIST_GRADIENT_BOOSTING,0.25,4,35,0.33265406611090576,-0.05521889892469595,-3.269439317434703,4.710493379727718,2.917958904071505,-1.5330427720113016,1.8104779391975112,2,0.5,3.3435207112088126,3.269439317434703,-2.544339083887778,True,True,False,False,False,False
30min,30,temperature,60,HIST_GRADIENT_BOOSTING,0.5,4,35,-0.1623095455203376,-0.8404247190949975,-7.70571683722214,8.737328093330785,6.0485091033126235,-4.175047676263279,3.172313411647944,2,0.5,7.347361087911223,7.70571683722214,-6.440534472356145,True,True,False,False,False,False
30min,30,temperature,60,HIST_GRADIENT_BOOSTING,0.75,4,35,-1.4596692436266825,-2.3267982951711432,-13.171697113048717,11.986616728884274,9.320443957034616,-7.8445002195589835,4.0580326807611575,2,0.5,11.902532900320141,13.171697113048717,-11.570989023593393,True,True,False,False,False,False
30min,30,temperature,60,HIST_GRADIENT_BOOSTING,1.0,4,35,-3.525077151800456,-4.471955688369938,-19.52619738375615,14.3698001532942,12.658596230851375,-12.441692166450453,4.444659326280059,2,0.5,16.886351492730512,19.52619738375615,-17.79668078067423,True,True,False,False,False,False
30min,30,temperature,120,HIST_GRADIENT_BOOSTING,0.25,4,35,-0.5978551407729601,-1.2796872941272097,-1.979290954525205,2.1472449796877844,1.6158272685203203,-1.5947612802498037,-0.28278115465036624,1,0.25,1.3119801255994374,1.979290954525205,-2.4305000955582297,True,True,False,False,False,False
30min,30,temperature,120,HIST_GRADIENT_BOOSTING,0.5,4,35,-2.877780905631811,-3.280002221521976,-8.044843563404733,3.0937243839214403,3.9727667614259694,-4.827177070104383,-1.3306060570494047,1,0.25,3.496571013054978,8.044843563404733,-7.039498618900648,True,True,False,False,False,False
30min,30,temperature,120,HIST_GRADIENT_BOOSTING,0.75,4,35,-6.670088095433402,-5.959410276958067,-17.565884980119417,2.8043531523019434,7.2619745991833256,-9.499971662386882,-3.129526710004588,1,0.25,6.370444952382294,17.565884980119417,-13.536103998179069,True,True,False,False,False,False
30min,30,temperature,120,HIST_GRADIENT_BOOSTING,1.0,4,35,-11.757132256593025,-9.267194139652057,-29.784140229620917,1.2899994825529386,11.302770242047528,-15.375778733357576,-5.648547662887504,1,0.25,9.727231070470072,29.784140229620917,-21.576844732292322,True,True,False,False,False,False
30min,30,temperature,240,HIST_GRADIENT_BOOSTING,0.25,4,35,-2.8860956348560984,-3.115544477885384,-6.104849577996548,0.791555994342922,2.874916449722821,-5.460017401878341,-0.5416227108631417,1,0.25,4.918394691015199,6.104849577996548,-7.10095421789212,True,True,False,False,False,False
30min,30,temperature,240,HIST_GRADIENT_BOOSTING,0.5,4,35,-7.077064008666544,-7.404811793387749,-13.65535585288527,0.15672340499459114,5.614377531056325,-11.885155019270558,-2.596720782783736,1,0.25,9.288434236486822,13.65535585288527,-15.462867874852478,True,True,False,False,False,False
30min,30,temperature,240,HIST_GRADIENT_BOOSTING,0.75,4,35,-12.441287449700775,-12.751536210082033,-22.384240939060813,-1.8778364395782194,8.159168661863,-19.11580432362762,-6.077019336155187,0,0.0,13.038784987472434,22.384240939060813,-24.866988938583454,True,True,False,False,False,False
30min,30,temperature,240,HIST_GRADIENT_BOOSTING,1.0,4,35,-18.834911844155933,-19.02531887633287,-32.058042740764776,-5.230966883193222,10.481717465871089,-27.011314041632367,-10.848916678856437,0,0.0,16.16239736277593,32.058042740764776,-35.12102824291203,True,True,False,False,False,False
30min,30,temperature,480,HIST_GRADIENT_BOOSTING,0.25,4,35,-1.3807429524597283,0.2564577937779169,-7.857182654955984,1.821295257561236,3.831477781253074,-2.3438034574514575,1.219518298769646,2,0.5,3.5633217562211037,7.857182654955984,-3.4894987480716306,True,True,False,False,False,False
30min,30,temperature,480,HIST_GRADIENT_BOOSTING,0.5,4,35,-5.576874898448976,-2.5286946669299173,-17.312499826923478,0.06238956698740799,6.859760366540356,-6.40546248370409,-1.7001070816748025,1,0.25,4.705355402029287,17.312499826923478,-9.20949732467543,True,True,False,False,False,False
30min,30,temperature,480,HIST_GRADIENT_BOOSTING,0.75,4,35,-12.295076690177213,-9.176752965945607,-28.012313064533544,-2.814487764284095,9.602522441092193,-15.758600197743021,-5.713229458379799,0,0.0,10.045370739363221,28.012313064533544,-21.202516601760603,True,True,False,False,False,False
30min,30,temperature,480,HIST_GRADIENT_BOOSTING,1.0,4,35,-21.08689596535315,-18.60955027797414,-39.67090209394085,-7.45758121152346,12.541071345094931,-28.784836830144897,-10.911609413182394,0,0.0,17.873227416962504,39.67090209394085,-37.4638895099406,True,True,False,False,False,False
30min,30,temperature,60,EXTRA_TREES,0.25,4,35,-1.047121463297317,-1.063238228815366,-2.2024301646063953,0.14042076904786024,1.0036205228575419,-1.9488565191402196,-0.16150317297246297,1,0.25,1.7873533461677567,2.2024301646063953,-2.507522443050843,True,True,False,False,False,False
30min,30,temperature,60,EXTRA_TREES,0.5,4,35,-3.565942150329388,-4.121461606489388,-5.92670783360043,-0.09413755473834802,2.4085479517662116,-5.753941904544497,-1.9334618522742792,0,0.0,3.8204800522702183,5.92670783360043,-7.513378591024605,True,True,False,False,False,False
30min,30,temperature,60,EXTRA_TREES,0.75,4,35,-7.434331738598554,-8.871638250014843,-11.29299571345222,-0.7010547409123082,4.289144848097854,-11.088085791182078,-5.217884197431321,0,0.0,5.870201593750757,11.29299571345222,-14.629987975253277,True,True,False,False,False,False
30min,30,temperature,60,EXTRA_TREES,1.0,4,35,-12.490982687982498,-14.942985465305448,-18.40429694100968,-1.673662880309423,6.617219419205469,-17.57869805283782,-9.855270100450127,0,0.0,7.723427952387691,18.40429694100968,-23.405773676751714,True,True,False,False,False,False
30min,30,temperature,120,EXTRA_TREES,0.25,4,35,-1.3399291616023232,-0.8840510283801968,-3.7522350159423032,0.16062042629340356,1.4837603368582093,-1.9009378910100925,-0.3230422989724277,1,0.25,1.5778955920376647,3.7522350159423032,-2.611057578384605,True,True,False,False,False,False
30min,30,temperature,120,EXTRA_TREES,0.5,4,35,-3.387535579281665,-2.489817582137566,-8.682655218244426,0.11214806539289815,3.277984986214302,-4.58989385797152,-1.2874593034477115,1,0.25,3.302434554523808,8.682655218244426,-6.311698663960577,True,True,False,False,False,False
30min,30,temperature,120,EXTRA_TREES,0.75,4,35,-6.088502033344619,-4.7847739577230195,-14.639346750814171,-0.14511346711826456,5.33521047896378,-8.001720493358597,-2.87155549770904,0,0.0,5.130164995649557,14.639346750814171,-11.00969314325134,True,True,False,False,False,False
30min,30,temperature,120,EXTRA_TREES,1.0,4,35,-9.382942124962643,-7.725390449428145,-21.471425056678132,-0.6095625443161494,7.607618991713019,-12.065781807525557,-5.042550766865231,0,0.0,7.023231040660326,21.471425056678132,-16.60486223392784,True,True,False,False,False,False
30min,30,temperature,240,EXTRA_TREES,0.25,4,35,-3.2770273121008797,-3.947375901410718,-4.506924301831451,-0.7064331437506316,1.5321498732790908,-4.410110557262649,-2.8142926562489494,0,0.0,1.5958179010136995,4.506924301831451,-5.87201592737543,True,True,False,False,False,False
30min,30,temperature,240,EXTRA_TREES,0.5,4,35,-7.405500503368825,-8.564283730097758,-10.242563743647246,-2.250870809632536,3.1609177323244917,-9.848944093667779,-6.120840139798803,0,0.0,3.7281039538689758,10.242563743647246,-12.988976642944058,True,True,False,False,False,False
30min,30,temperature,240,EXTRA_TREES,0.75,4,35,-12.286812210156517,-13.589776184000698,-17.371498098236504,-4.596198374388168,4.898475331594237,-15.995805456739788,-9.880782937417429,0,0.0,6.115022519322359,17.371498098236504,-20.990161968221003,True,True,False,False,False,False
30min,30,temperature,240,EXTRA_TREES,1.0,4,35,-17.823081695558567,-19.02637531074913,-25.549474128676952,-7.690102032059049,6.736781592932081,-22.796074342213437,-14.053382664094261,0,0.0,8.742691678119176,25.549474128676952,-29.785089681977954,True,True,False,False,False,False
30min,30,temperature,480,EXTRA_TREES,0.25,4,35,-2.24638213163566,-0.5190960224136891,-12.320897759852,4.37356127813674,6.174694091324105,-4.055516322938047,1.2900381688886977,2,0.5,5.345554491826745,12.320897759852,-6.272097708290062,True,True,False,False,False,False
30min,30,temperature,480,EXTRA_TREES,0.5,4,35,-6.14206526370282,-2.7790688124120657,-25.59142210262746,6.5812986726403135,11.970043872247041,-10.188043605593343,1.2669095294784567,1,0.25,11.4549531350718,25.59142210262746,-14.904400905604831,True,True,False,False,False,False
30min,30,temperature,480,EXTRA_TREES,0.75,4,35,-11.58984517548969,-6.644096963128947,-39.540903309902816,6.469716534201948,17.280562536085824,-18.143536421106795,-0.09040571751184068,1,0.25,18.053130703594952,39.540903309902816,-25.555888142402125,True,True,False,False,False,False
30min,30,temperature,480,EXTRA_TREES,1.0,4,35,-18.44610535976349,-11.92319768348915,-53.984931879482986,4.046905807407324,22.078131455145403,-27.62761135259622,-2.7416916906564213,1,0.25,24.8859196619398,53.984931879482986,-37.862390484329794,True,True,False,False,False,False
30min,30,temperature,60,XGBOOST,0.25,4,35,-3.2051803399601138,-4.379702181233789,-8.09876995125168,4.0374529538788035,4.489554377234691,-5.9508034604217395,-1.634079060772163,1,0.25,4.316724399649576,8.09876995125168,-8.562756868871498,True,True,False,False,False,False
30min,30,temperature,60,XGBOOST,0.5,4,35,-10.937571344050998,-12.19296457654709,-19.984860938396412,0.6205047152866089,7.480953589590541,-15.35770484912228,-7.772831071475807,1,0.25,7.584873777646473,19.984860938396412,-20.98161669996943,True,True,False,False,False,False
30min,30,temperature,60,XGBOOST,0.75,4,35,-22.447844790579264,-22.78836808346952,-34.65908201193891,-9.555560983439106,9.02537924913635,-27.45580817636456,-17.780404697684226,0,0.0,9.675403478680334,34.65908201193891,-36.29084032579442,True,True,False,False,False,False
30min,30,temperature,60,XGBOOST,1.0,4,35,-36.798605482715054,-35.51660440051552,-51.312420530004445,-24.848792599824716,9.647547453206593,-41.5578284965282,-30.75738138670237,0,0.0,10.800447109825832,51.312420530004445,-53.74493308792954,True,True,False,False,False,False
30min,30,temperature,120,XGBOOST,0.25,4,35,-0.3723078286714899,-0.7115646660195974,-1.334818400076513,1.2687164174297483,1.049956080535066,-1.2642597546075995,0.180387259916512,1,0.25,1.4446470145241115,1.334818400076513,-1.7675927733007812,True,True,False,False,False,False
30min,30,temperature,120,XGBOOST,0.5,4,35,-1.9258013493150146,-2.3418654760873743,-4.0375329448630035,1.0180584997776938,2.169296739060041,-3.9926060061691264,-0.27506081923326214,1,0.25,3.7175451869358644,4.0375329448630035,-5.210021305771058,True,True,False,False,False,False
30min,30,temperature,120,XGBOOST,0.75,4,35,-4.602269464686136,-4.785678431059538,-8.09708790414095,-0.7406330924845193,3.4614953545591267,-8.028398687687304,-1.35954920805837,0,0.0,6.668849479628934,8.09708790414095,-10.144375146909242,True,True,False,False,False,False
30min,30,temperature,120,XGBOOST,1.0,4,35,-8.309573354207549,-8.518236310674238,-13.448604538556614,-2.753216256925105,4.986441725834114,-13.191382481717966,-3.636427183163821,0,0.0,9.554955298554145,13.448604538556614,-16.657865094590463,True,True,False,False,False,False
30min,30,temperature,240,XGBOOST,0.25,4,35,-0.6932936028227884,-1.2804511992886316,-2.857125315361116,2.6448533026472254,2.047591283234769,-1.942748517015313,-0.030996285096106968,1,0.25,1.911752231919206,2.857125315361116,-2.950608644088514,True,True,False,False,False,False
30min,30,temperature,240,XGBOOST,0.5,4,35,-2.6114127028435554,-4.2025409457687815,-5.996899861227132,3.9563309413904726,3.9331156458617516,-5.440848389084694,-1.3731052595276423,1,0.25,4.067743129557051,5.996899861227132,-7.73563747585409,True,True,False,False,False,False
30min,30,temperature,240,XGBOOST,0.75,4,35,-5.69301273845331,-7.996619477304066,-10.658651089384072,3.879839090178968,5.718853468817657,-9.710904652070482,-3.978727563686893,1,0.25,5.732177088383589,10.658651089384072,-13.527370793841879,True,True,False,False,False,False
30min,30,temperature,240,XGBOOST,1.0,4,35,-9.84156756472367,-12.091678300474957,-17.6015553473862,2.418641689441435,7.456706718562949,-14.171462066546294,-7.761783798652333,1,0.25,6.409678267893961,17.6015553473862,-19.696906271268485,True,True,False,False,False,False
30min,30,temperature,480,XGBOOST,0.25,4,35,-3.808130831169803,0.895540752322403,-19.64149620427235,2.6178913749483326,9.186115248029662,-4.843522746005376,1.9309326671579758,3,0.75,6.774455413163352,19.64149620427235,-7.4020610053273606,True,True,True,True,False,False
30min,30,temperature,480,XGBOOST,0.5,4,35,-11.740090301023795,-4.998159149435875,-40.93532874099715,3.9712858357737177,17.298689268967856,-15.371677775482826,-1.3665716749768428,1,0.25,14.005106100505984,40.93532874099715,-22.234544384938154,True,True,False,False,False,False
30min,30,temperature,480,XGBOOST,0.75,4,35,-23.046419041831818,-16.478109770097376,-63.236141280073426,4.0066846529408995,25.165806835141453,-33.46831310173495,-6.056215710194252,1,0.25,27.412097391540698,63.236141280073426,-45.99319378588608,True,True,False,False,False,False
30min,30,temperature,480,XGBOOST,1.0,4,35,-36.823319977896205,-31.916745185778126,-86.18243851669354,2.7226489766649697,33.254049010112844,-55.752581777124156,-12.987483386550174,1,0.25,42.76509839057398,86.18243851669354,-74.84490401023851,True,True,False,False,False,False
30min,30,temperature,60,RANDOM_FOREST,0.25,4,35,-1.0486716170447867,-1.119679936085679,-1.913626157668178,-0.04170043833961113,0.6859905755134588,-1.4941454884039533,-0.6742060647265127,0,0.0,0.8199394236774407,1.913626157668178,-2.008056187341444,True,True,False,False,False,False
30min,30,temperature,60,RANDOM_FOREST,0.5,4,35,-3.5341525663800812,-3.4490976157561475,-5.572206283185823,-1.6662087508222085,1.5552890772766164,-4.7333076852539,-2.249942496882329,0,0.0,2.483365188371571,5.572206283185823,-6.083831780738388,True,True,False,False,False,False
30min,30,temperature,60,RANDOM_FOREST,0.75,4,35,-7.350194426658347,-6.974730652683935,-10.803026261396951,-4.648290139868568,2.6908949995513614,-9.562893602900289,-4.762031476441994,0,0.0,4.800862126458295,10.803026261396951,-12.075918281262322,True,True,False,False,False,False
30min,30,temperature,60,RANDOM_FOREST,1.0,4,35,-12.353218604883939,-12.280022949531487,-17.396110941367056,-7.456717579105726,4.093330004409232,-15.78417003746635,-8.849071516949078,0,0.0,6.935098520517272,17.396110941367056,-20.096599945131885,True,True,False,False,False,False
30min,30,temperature,120,RANDOM_FOREST,0.25,4,35,-0.7460005260115391,-0.5004934037391304,-1.8524940621729926,-0.13052123439490296,0.6610024231668791,-0.9206632746398401,-0.3258306551108293,0,0.0,0.5948326195290108,1.8524940621729926,-1.261033229046884,True,True,False,False,False,False
30min,30,temperature,120,RANDOM_FOREST,0.5,4,35,-1.8475798776733385,-1.1987925332155889,-4.522952328065249,-0.46978211619692795,1.5891505832269228,-2.269248087727729,-0.7771243231611987,0,0.0,1.49212376456653,4.522952328065249,-3.0755924975151663,True,True,False,False,False,False
30min,30,temperature,120,RANDOM_FOREST,0.75,4,35,-3.2867127473661673,-2.090241714302627,-7.950688048154987,-1.0156795127044274,2.7638941399935137,-4.024657922590375,-1.352296539078419,0,0.0,2.672361383511956,7.950688048154987,-5.414094418097352,True,True,False,False,False,False
30min,30,temperature,120,RANDOM_FOREST,1.0,4,35,-5.042287015448746,-3.1690125274766228,-12.066234909406116,-1.7648880974356238,4.159222058394438,-6.162024260380211,-2.049275282545158,0,0.0,4.112748977835054,12.066234909406116,-8.241945743745678,True,True,False,False,False,False
30min,30,temperature,240,RANDOM_FOREST,0.25,4,35,-2.353000312088899,-2.847073794423043,-5.144870567135534,1.4270169076260242,2.6991422663852638,-4.78088520986895,-0.41918889664299175,1,0.25,4.361696313225958,5.144870567135534,-6.314139592819906,True,True,False,False,False,False
30min,30,temperature,240,RANDOM_FOREST,0.5,4,35,-5.29177523437259,-6.481007643535759,-10.664959473728418,2.459873823309574,5.268788221761572,-9.853978497870774,-1.9188043800375767,1,0.25,7.935174117833197,10.664959473728418,-13.114834570884462,True,True,False,False,False,False
30min,30,temperature,240,RANDOM_FOREST,0.75,4,35,-8.776121809472935,-10.841754726844798,-16.506945484922912,3.0859677007207704,7.735850470566539,-15.180409350309462,-4.437467186008268,1,0.25,10.742942164301194,16.506945484922912,-20.339962180226124,True,True,False,False,False,False
30min,30,temperature,240,RANDOM_FOREST,1.0,4,35,-12.759797137226265,-15.855877747780779,-22.624830598432307,3.297397545088807,10.127200139958465,-20.726422444134215,-7.889252440872828,1,0.25,12.837170003261388,22.624830598432307,-27.93067039901955,True,True,False,False,False,False
30min,30,temperature,480,RANDOM_FOREST,0.25,4,35,-1.6919062496199366,1.0673024595235776,-12.740523558612793,3.8382936410858903,6.502275524250838,-2.974448651766744,2.3498448616703844,3,0.75,5.324293513437128,12.740523558612793,-4.779975186848185,True,True,True,True,False,False
30min,30,temperature,480,RANDOM_FOREST,0.5,4,35,-5.188997763662467,0.5990861464653131,-26.418140415272692,4.463977067692197,12.475889901360361,-7.971635010298918,3.381723393101764,2,0.5,11.353358403400682,26.418140415272692,-11.6821281590532,True,True,False,True,False,False
30min,30,temperature,480,RANDOM_FOREST,0.75,4,35,-10.409219381486801,-2.176929172450918,-40.75994359673636,3.476924415690992,17.898417880091788,-14.817089892812156,2.2309413388744366,2,0.5,17.048031231686593,40.75994359673636,-20.890930687478306,True,True,False,False,False,False
30min,30,temperature,480,RANDOM_FOREST,1.0,4,35,-17.18172942825702,-8.178025986307913,-55.58236448316551,3.2114987427532524,22.858120984293173,-23.270156471845663,-2.089598942719273,1,0.25,21.18055752912639,55.58236448316551,-32.66389587166249,True,True,False,False,False,False
30min,30,relative_humidity,60,HIST_GRADIENT_BOOSTING,0.25,4,35,-1.7134916940946388,-1.1607006493063885,-3.8129510573526586,-0.7196144204131196,1.228694339177429,-1.918752439022199,-0.9554399043788284,0,0.0,0.9633125346433706,3.8129510573526586,-2.5955946809662382,True,True,False,False,False,False
30min,30,relative_humidity,60,HIST_GRADIENT_BOOSTING,0.5,4,35,-4.758341120726026,-3.4268320780576036,-8.777990323422719,-3.4017100033661793,2.3207835937169583,-4.773583946694842,-3.4115892520887883,0,0.0,1.3619946946060537,8.777990323422719,-6.302327006216311,True,True,False,False,False,False
30min,30,relative_humidity,60,HIST_GRADIENT_BOOSTING,0.75,4,35,-9.024989429799982,-7.4762048781883435,-14.74566272717678,-6.4018852356464615,3.3477821384348023,-9.639844926190701,-6.861349381797625,0,0.0,2.778495544393076,14.74566272717678,-12.551868332179076,True,True,False,False,False,False
30min,30,relative_humidity,60,HIST_GRADIENT_BOOSTING,1.0,4,35,-14.37569235474917,-12.911605256643977,-21.568403028605296,-10.111155877103437,4.384605390801287,-15.945707301432948,-11.3415903099602,0,0.0,4.604116991472749,21.568403028605296,-20.605764509531674,True,True,False,False,False,False
30min,30,relative_humidity,120,HIST_GRADIENT_BOOSTING,0.25,4,35,-0.5742746084054278,-0.6995999398711179,-3.1947982471483045,2.2968996932688293,1.9741273982425267,-1.6777763217447048,0.40390177346815925,1,0.25,2.081678095212864,3.1947982471483045,-2.539138549264626,True,True,False,False,False,False
30min,30,relative_humidity,120,HIST_GRADIENT_BOOSTING,0.5,4,35,-2.7804135313545384,-2.4927626674026513,-7.712517129292567,1.5763883386797157,3.3629298706335584,-4.502129532003767,-0.7710466667534221,1,0.25,3.731082865250345,7.712517129292567,-6.286433382350966,True,True,False,False,False,False
30min,30,relative_humidity,120,HIST_GRADIENT_BOOSTING,0.75,4,35,-6.535157123051235,-5.323903744296216,-13.395149292972514,-2.0976717106399887,4.287508573241818,-8.38174100097351,-3.4773198663739406,0,0.0,4.904421134599568,13.395149292972514,-11.124901634839128,True,True,False,False,False,False
30min,30,relative_humidity,120,HIST_GRADIENT_BOOSTING,1.0,4,35,-11.682045666947676,-9.671532024137075,-20.07742084093808,-7.307697778578471,5.020135223339073,-13.207568130553902,-8.146009560530848,0,0.0,5.061558570023054,20.07742084093808,-17.22166651938312,True,True,False,False,False,False
30min,30,relative_humidity,240,HIST_GRADIENT_BOOSTING,0.25,4,35,-0.18604571483742927,0.37208600994823804,-5.7834257853625,4.295070906116306,3.6092234629617415,-1.3089799065771346,1.4950202016879435,3,0.75,2.804000108265078,5.7834257853625,-2.475770490524926,True,True,True,False,False,False
30min,30,relative_humidity,240,HIST_GRADIENT_BOOSTING,0.5,4,35,-1.6594868887408634,-0.9927291670832454,-12.218520973761409,7.566031752964446,7.066120893977356,-4.590725856911845,1.9385098010877366,2,0.5,6.529235657999582,12.218520973761409,-7.311977239523388,True,True,False,False,False,False
30min,30,relative_humidity,240,HIST_GRADIENT_BOOSTING,0.75,4,35,-4.380012537423674,-4.010891367911112,-19.199789580156956,9.701522166284485,10.380089096685644,-9.705266570895724,1.314362665560938,1,0.25,11.019629236456662,19.199789580156956,-14.320653381178683,True,True,False,False,False,False
30min,30,relative_humidity,240,HIST_GRADIENT_BOOSTING,1.0,4,35,-8.266434623941059,-8.524460739481903,-26.63693509451655,10.620118077716114,13.553787949994723,-16.428010789378092,-0.36288457404487273,1,0.25,16.06512621533322,26.63693509451655,-23.21625762077765,True,True,False,False,False,False
30min,30,relative_humidity,480,HIST_GRADIENT_BOOSTING,0.25,4,35,1.9721521063833385,2.701192087813549,-4.9320084539386215,7.418232703844877,4.492327508627696,-0.01728168757063031,4.6906258817675175,3,0.75,4.707907569338148,4.9320084539386215,-0.8857638103401801,True,True,True,True,False,False
30min,30,relative_humidity,480,HIST_GRADIENT_BOOSTING,0.5,4,35,1.8589957100109338,4.4554086600936955,-10.63512084039403,9.160286360250375,7.5685900152829895,-0.6419565649604015,6.95636093506503,3,0.75,7.5983175000254315,10.63512084039403,-2.002530300017528,True,True,True,True,False,False
30min,30,relative_humidity,480,HIST_GRADIENT_BOOSTING,0.75,4,35,-0.42045817164336974,4.0498926031882,-16.99662685553559,7.2150089625857134,9.676389145856914,-1.8595716399396496,5.489006071484479,3,0.75,7.348577711424128,16.99662685553559,-3.8735529664077624,True,True,True,True,False,False
30min,30,relative_humidity,480,HIST_GRADIENT_BOOSTING,1.0,4,35,-4.672898947347896,-0.7457438761710444,-23.915166927991397,6.715058890941902,11.836643965682596,-9.424820644904948,4.006177821386006,2,0.5,13.430998466290955,23.915166927991397,-13.440034841314372,True,True,False,False,False,False
30min,30,relative_humidity,60,EXTRA_TREES,0.25,4,35,-1.0779201045780782,-0.2596938325124586,-3.9462930491497517,0.15400029586235686,1.6661677780909037,-1.2568678774039748,-0.0807460596865618,1,0.25,1.1761218177174129,3.9462930491497517,-1.834328003658603,True,True,False,False,False,False
30min,30,relative_humidity,60,EXTRA_TREES,0.5,4,35,-3.3895372803476995,-1.9426821264282355,-8.948591753009438,-0.7241931155248904,3.2589632277465013,-3.9794748813364915,-1.3527445254394435,0,0.0,2.626730355897048,8.948591753009438,-5.493195242629119,True,True,False,False,False,False
30min,30,relative_humidity,60,EXTRA_TREES,0.75,4,35,-6.858903522141992,-4.979257328411168,-14.869018533774087,-2.608080897971544,4.760291581566128,-8.066498357491588,-3.7716624930615725,0,0.0,4.294835864430015,14.869018533774087,-10.843929894069698,True,True,False,False,False,False
30min,30,relative_humidity,60,EXTRA_TREES,1.0,4,35,-11.381848278265734,-9.255053468224178,-21.573513400352223,-5.443772776262358,6.165310571651552,-13.37753621328437,-7.259365533205541,0,0.0,6.11817068007883,21.573513400352223,-17.70751715835165,True,True,False,False,False,False
30min,30,relative_humidity,120,EXTRA_TREES,0.25,4,35,-0.4940405643550787,-0.42917645038842966,-1.652601895112358,0.5347925384689025,0.8266574201259366,-1.037029298230939,0.11381228348743058,1,0.25,1.1508415817183697,1.652601895112358,-1.417747715025704,True,True,False,False,False,False
30min,30,relative_humidity,120,EXTRA_TREES,0.5,4,35,-1.8724770994378694,-1.4483863027222221,-4.028511384688545,-0.5646244076184883,1.4352114122447646,-2.7473940666898025,-0.5734693354702891,0,0.0,2.1739247312195134,4.028511384688545,-3.5424765145041155,True,True,False,False,False,False
30min,30,relative_humidity,120,EXTRA_TREES,0.75,4,35,-4.101085191563515,-3.8417666849419616,-7.079592484302282,-1.6412149120678547,1.9853649884451936,-5.098004401140751,-2.844847475364725,0,0.0,2.253156925776026,7.079592484302282,-6.738243268905546,True,True,False,False,False,False
30min,30,relative_humidity,120,EXTRA_TREES,1.0,4,35,-7.123010593293206,-7.268507001779348,-10.75005782895145,-3.204970540662682,2.6729614559906776,-8.230817707313916,-6.160699887758638,0,0.0,2.0701178195552776,10.75005782895145,-10.991080368794849,True,True,False,False,False,False
30min,30,relative_humidity,240,EXTRA_TREES,0.25,4,35,0.28128274881090615,0.3237069542818395,-3.9068087565740757,4.384525843254021,3.219615418150106,-2.145375325527308,2.750365028620054,2,0.5,4.895740354147362,3.9068087565740757,-3.1008654119353607,True,True,False,False,False,False
30min,30,relative_humidity,240,EXTRA_TREES,0.5,4,35,-0.6093770674986742,0.33190455861645884,-11.074182900878467,7.972865513650853,7.26706533817038,-5.2394343450849075,4.9619618362026925,2,0.5,10.201396181287599,11.074182900878467,-7.537339257246957,True,True,False,False,False,False
30min,30,relative_humidity,240,EXTRA_TREES,0.75,4,35,-2.555459745627882,0.01643303876765545,-20.923726387205114,10.669021327158276,12.040895854995288,-9.130966125202486,6.5919394183422595,2,0.5,15.722905543544744,20.923726387205114,-13.075951329805996,True,True,False,False,False,False
30min,30,relative_humidity,240,EXTRA_TREES,1.0,4,35,-5.4313779038714305,-0.6279241943319436,-32.860247609225745,12.39058438240391,17.35103913949155,-13.664408465540017,7.605106367336644,2,0.5,21.26951483287666,32.860247609225745,-19.47774351307671,True,True,False,False,False,False
30min,30,relative_humidity,480,EXTRA_TREES,0.25,4,35,2.9349904421082096,3.94176523052489,-4.081198985500872,7.937630292883928,4.445012214258181,1.056247669601279,5.82050800303182,3,0.75,4.764260333430541,4.081198985500872,0.5393353174344016,True,True,True,True,False,False
30min,30,relative_humidity,480,EXTRA_TREES,0.5,4,35,3.9725937588408056,7.315779652965004,-8.50143863429872,9.760254363731937,7.431184782581108,1.7322525632308623,9.556120848574947,3,0.75,7.823868285344085,8.50143863429872,1.278485851718281,True,True,True,True,False,False
30min,30,relative_humidity,480,EXTRA_TREES,0.75,4,35,2.9989446609395487,6.104437008060218,-13.221016646023761,13.007921273661522,9.804508705967654,0.5308689578072263,8.572512711192541,3,0.75,8.041643753385316,13.221016646023761,-1.22163903013838,True,True,True,True,False,False
30min,30,relative_humidity,480,EXTRA_TREES,1.0,4,35,0.20297305717212222,1.7242208510348562,-18.204083077529525,15.567533604148302,12.9796471819982,-8.409627400353031,10.336821308560008,2,0.5,18.74644870891304,18.204083077529525,-12.200024272804045,True,True,False,True,False,False
30min,30,relative_humidity,60,XGBOOST,0.25,4,35,3.158569447613857,5.921470689833566,-9.722232676198622,10.51356908698692,7.7222599493339015,1.0537633337129821,8.02627680373444,3,0.75,6.9725134700214575,9.722232676198622,0.004655785773181265,True,True,True,True,False,False
30min,30,relative_humidity,60,XGBOOST,0.5,4,35,-0.928487433939545,6.123822529558587,-28.21944180275442,12.257847007879068,16.003763624965167,-3.7969137730770344,8.992248868696075,3,0.75,12.78916264177311,28.21944180275442,-7.3256192420165736,True,True,True,True,False,False
30min,30,relative_humidity,60,XGBOOST,0.75,4,35,-11.614982893305616,0.559032217023204,-52.32783966918257,4.749843661913704,23.589144979288786,-13.727778254971271,2.67182757868886,2,0.5,16.399605833660132,52.32783966918257,-20.722730617102506,True,True,False,True,False,False
30min,30,relative_humidity,60,XGBOOST,1.0,4,35,-27.430298502731986,-10.205693369083033,-79.8043514202608,-9.50545585250109,30.239567084249277,-27.65897818067324,-9.977013691141781,0,0.0,17.68196448953146,79.8043514202608,-38.99776346891396,True,True,False,False,False,False
30min,30,relative_humidity,120,XGBOOST,0.25,4,35,0.4769808387368841,2.750339211371514,-8.946013278795258,5.353258210999766,5.5890333620581885,-0.9315755655510207,4.158895615659419,3,0.75,5.0904711812104395,8.946013278795258,-2.0313996989325203,True,True,True,True,False,False
30min,30,relative_humidity,120,XGBOOST,0.5,4,35,-1.4695318325841176,3.427182599412589,-21.17256260544449,8.440070076282842,11.662677888418557,-4.375050344681369,6.33270111150984,3,0.75,10.707751456191207,21.17256260544449,-7.219833780044137,True,True,True,True,False,False
30min,30,relative_humidity,120,XGBOOST,0.75,4,35,-5.695966327812199,1.9915649642191757,-35.796422475265466,9.029427235578316,17.787878707209046,-10.083834957427968,6.3794335938349445,2,0.5,16.463268551262914,35.796422475265466,-15.189174930228647,True,True,False,True,False,False
30min,30,relative_humidity,120,XGBOOST,1.0,4,35,-11.996809933611207,-1.4666170055134733,-52.12780513592739,7.073799412509503,23.67845317263482,-17.756895161569744,4.293468222445063,2,0.5,22.05036338401481,52.12780513592739,-25.523749981502725,True,True,False,False,False,False
30min,30,relative_humidity,240,XGBOOST,0.25,4,35,1.4706620398868808,1.668884489591668,-2.618757750058537,5.163636930422724,2.7631599085035607,0.42909393890480985,2.7104525905737384,3,0.75,2.2813586516689286,2.618757750058537,-0.12648427375743065,True,True,True,True,False,False
30min,30,relative_humidity,240,XGBOOST,0.5,4,35,0.9930570479961285,0.4888266963815088,-5.575851755274807,8.570426554496304,5.18530680622063,-2.3767218048849603,3.8586055492625975,2,0.5,6.235327354147557,5.575851755274807,-4.022799919510971,True,True,False,False,False,False
30min,30,relative_humidity,240,XGBOOST,0.75,4,35,-1.4000622414055561,-3.3885669712716995,-8.84370948777746,10.020594464698634,7.669249047500756,-8.16966806659727,3.381038853920014,2,0.5,11.550706920517284,8.84370948777746,-11.374847803474706,True,True,False,False,False,False
30min,30,relative_humidity,240,XGBOOST,1.0,4,35,-5.549473458738477,-6.906368936920678,-17.80527231996913,9.420116358856578,10.466980296808988,-13.74773917547126,1.2918967798121053,1,0.25,15.039635955283366,17.80527231996913,-18.877504994554645,True,True,False,False,False,False
30min,30,relative_humidity,480,XGBOOST,0.25,4,35,2.8373064699280297,3.6806571164735855,-7.535842625402641,11.523754272167588,7.177104719409019,-1.5861788106646966,8.104142397066312,3,0.75,9.690321207731008,7.535842625402641,-3.048464143742579,True,True,True,True,False,False
30min,30,relative_humidity,480,XGBOOST,0.5,4,35,-0.18803853675576443,1.4342445787344442,-15.887646393110973,12.267003088619028,10.138765918019283,-3.9970870978157356,5.243293139794416,2,0.5,9.24038023761015,15.887646393110973,-7.1578571383483744,True,True,False,True,False,False
30min,30,relative_humidity,480,XGBOOST,0.75,4,35,-8.058363800135872,-11.468043580819115,-24.891822839359946,15.594454800454688,16.383021542739407,-22.464066079928447,2.9376586989734594,1,0.25,25.401724778901908,24.891822839359946,-30.391861680110054,True,True,False,False,False,False
30min,30,relative_humidity,480,XGBOOST,1.0,4,35,-18.940440966774055,-18.866905802981776,-54.73750462727414,16.709552366141473,27.549928753991065,-39.49737734394489,1.6900305741890636,1,0.25,41.18740791813396,54.73750462727414,-53.14498591886729,True,True,False,False,False,False
30min,30,relative_humidity,60,RANDOM_FOREST,0.25,4,35,0.010018692056672917,0.29145394940608765,-1.8637468232650831,1.3209136926795995,1.1778798929746872,-0.4606349907422893,0.7621076322050498,3,0.75,1.2227426229473393,1.8637468232650831,-0.7858540678838528,True,True,True,False,False,False
30min,30,relative_humidity,60,RANDOM_FOREST,0.5,4,35,-1.2360374437951016,-0.2769279834352401,-4.673619103870867,0.28332529556094044,2.0188806217705864,-1.684561067035614,0.17159563980527204,2,0.5,1.856156706840886,4.673619103870867,-2.3734111128234,True,True,False,False,False,False
30min,30,relative_humidity,60,RANDOM_FOREST,0.75,4,35,-3.69505525466737,-2.556511389023923,-8.35603747961618,-1.3111607610054536,2.760017314335011,-4.370166020033528,-1.8814006236577654,0,0.0,2.4887653963757623,8.35603747961618,-5.8899034571158495,True,True,False,False,False,False
30min,30,relative_humidity,60,RANDOM_FOREST,1.0,4,35,-7.2757919977163485,-6.279419207546334,-12.825599412630943,-3.7187301631417853,3.7015246777958732,-9.539031758255792,-4.016179447006891,0,0.0,5.522852311248901,12.825599412630943,-12.24724521632852,True,True,False,False,False,False
30min,30,relative_humidity,120,RANDOM_FOREST,0.25,4,35,-0.1934122338791817,-0.339805338091542,-0.612399962650624,0.5183617033169813,0.4534033021477477,-0.5733485348619641,0.04013096289124042,1,0.25,0.6134794977532045,0.612399962650624,-0.7996450776308003,True,True,False,False,True,False
30min,30,relative_humidity,120,RANDOM_FOREST,0.5,4,35,-1.3116077876750236,-1.3832227401365145,-2.0028813094928517,-0.47710436093421404,0.5726884186704219,-1.7274107305470718,-0.9674197972644664,0,0.0,0.7599909332826055,2.0028813094928517,-2.26393853415103,True,True,False,False,False,False
30min,30,relative_humidity,120,RANDOM_FOREST,0.75,4,35,-3.3252249927630806,-3.109063613579356,-4.140281868172177,-2.9424908757214343,0.48075458736553306,-3.442326703506814,-2.991961902835622,0,0.0,0.450364800671192,4.140281868172177,-4.3693164809579965,True,True,False,False,False,False
30min,30,relative_humidity,120,RANDOM_FOREST,1.0,4,35,-6.180502893573023,-6.240975797244573,-6.979841851986086,-5.260218127816859,0.7186345244999636,-6.826981405241495,-5.5944972855761,0,0.0,1.2324841196653953,6.979841851986086,-8.602178320073792,True,True,False,False,False,False
30min,30,relative_humidity,240,RANDOM_FOREST,0.25,4,35,0.6336686545036627,0.9843551494721507,-2.9816985578318276,3.5476628769021765,2.451053733699609,-0.7977687733472828,2.415792577323096,2,0.5,3.213561350670379,2.9816985578318276,-1.3678501653209956,True,True,False,True,False,False
30min,30,relative_humidity,240,RANDOM_FOREST,0.5,4,35,0.42541707294312214,0.608363125634912,-6.124654678882617,6.609596719385282,4.972440806720796,-3.3051934730393357,4.33897367161737,2,0.5,7.644167144656706,6.124654678882617,-4.744884116414095,True,True,False,True,False,False
30min,30,relative_humidity,240,RANDOM_FOREST,0.75,4,35,-0.603691167927856,-1.0682377281868627,-9.414972826244558,9.136683610906859,7.703188495932505,-7.41117182344432,5.7392429273296015,2,0.5,13.150414750773923,9.414972826244558,-9.997188310134963,True,True,False,False,False,False
30min,30,relative_humidity,240,RANDOM_FOREST,1.0,4,35,-2.405579515191709,-3.8720401029629823,-12.961547310076115,11.083309455235243,10.706536529251384,-12.870208969602364,6.592589351447673,2,0.5,19.462798321050037,12.961547310076115,-16.84382609100703,True,True,False,False,False,False
30min,30,relative_humidity,480,RANDOM_FOREST,0.25,4,35,2.2040188647834014,4.270415583239709,-6.8650116086832895,7.140255901337477,5.387847053410232,0.9664450386371017,5.507989409386008,3,0.75,4.541544370748906,6.8650116086832895,0.2833904956944333,True,True,True,True,False,False
30min,30,relative_humidity,480,RANDOM_FOREST,0.5,4,35,2.286767134113723,7.104027779024891,-14.261903353165838,9.20091633157095,9.600127860899006,1.3607992091117502,8.029995704026863,3,0.75,6.669196494915113,14.261903353165838,0.2039536932758752,True,True,True,True,False,False
30min,30,relative_humidity,480,RANDOM_FOREST,0.75,4,35,0.20628954787183407,5.156969974121584,-22.094043897696256,12.605262140940425,13.49377204975098,-4.475507716202774,9.838767238196194,3,0.75,14.314274954398968,22.094043897696256,-7.523678477501964,True,True,True,True,False,False
30min,30,relative_humidity,480,RANDOM_FOREST,1.0,4,35,-3.7712067944759182,0.06069628241961755,-30.282960122715735,15.076740379972827,18.086018250146136,-15.407912005972559,11.69740149391626,2,0.5,27.10531349988882,30.282960122715735,-21.062700498203725,True,True,False,False,False,False
60min,60,temperature,60,HIST_GRADIENT_BOOSTING,0.25,4,14,-0.14533309831174135,-0.21682183133048935,-3.131025790558602,2.983337059972615,2.1906812479919506,-1.3140106889603549,0.951855759318124,2,0.5,2.265866448278479,3.131025790558602,-2.132511503109379,True,True,False,False,False,False
60min,60,temperature,60,HIST_GRADIENT_BOOSTING,0.5,4,14,-1.35078225167787,-1.2914275816722178,-7.777210449305304,4.956936605938259,4.595725006971591,-3.8892296876640042,1.2470198543139162,2,0.5,5.136249541977921,7.777210449305304,-5.803854964987504,True,True,False,False,False,False
60min,60,temperature,60,HIST_GRADIENT_BOOSTING,0.75,4,14,-3.5690449407276086,-3.1902026236906007,-13.753047584946234,5.857273069417001,7.148266017672943,-7.632038836637755,0.8727912722195456,1,0.25,8.5048301088573,13.753047584946234,-10.88087957435581,True,True,False,False,False,False
60min,60,temperature,60,HIST_GRADIENT_BOOSTING,1.0,4,14,-6.7325614845917805,-5.861196115995137,-20.861469081342797,5.653615374965943,9.781422264749922,-12.424660404615699,-0.16909719597122042,1,0.25,12.255563208644478,20.861469081342797,-17.204344990653077,True,True,False,False,False,False
60min,60,temperature,120,HIST_GRADIENT_BOOSTING,0.25,4,14,-1.210806957602984,-1.2200225139267602,-2.431457001275705,0.028274198717289707,1.2143237991874638,-2.4217633577420847,-0.009066113787659159,1,0.25,2.4126972439544256,2.431457001275705,-3.0342353862228992,True,True,False,False,False,False
60min,60,temperature,120,HIST_GRADIENT_BOOSTING,0.5,4,14,-3.190502797144359,-3.2628247359350007,-5.849008054609209,-0.38735366209822586,2.403484691730365,-5.4253354610508016,-1.0279920720285576,0,0.0,4.397343389022244,5.849008054609209,-6.923748444098425,True,True,False,False,False,False
60min,60,temperature,120,HIST_GRADIENT_BOOSTING,0.75,4,14,-5.89445839507978,-6.16156678709351,-10.160915792406286,-1.0937842137258103,3.6369517304862184,-8.961235784828158,-3.09478939734513,0,0.0,5.866446387483029,10.160915792406286,-11.635018928936596,True,True,False,False,False,False
60min,60,temperature,120,HIST_GRADIENT_BOOSTING,1.0,4,14,-9.26482143556361,-9.829346391379229,-15.266855468668586,-2.1337374908273907,4.972143945206687,-12.977337180221276,-6.11683064672156,0,0.0,6.860506533499716,15.266855468668586,-17.076313525296232,True,True,False,False,False,False
60min,60,temperature,240,HIST_GRADIENT_BOOSTING,0.25,4,14,-2.267551309694439,-2.2859646003488656,-8.861630336069906,4.363354297989881,5.4628476418843634,-6.926098272106106,2.3725823620628015,2,0.5,9.298680634168907,8.861630336069906,-9.150712501450796,True,True,False,False,False,False
60min,60,temperature,240,HIST_GRADIENT_BOOSTING,0.5,4,14,-9.184096794712383,-10.047388425332711,-19.650346681283924,3.008736353099815,10.46131584970247,-19.52477454997734,0.29328932993224677,1,0.25,19.818063879909587,19.650346681283924,-24.869007035608487,True,True,False,False,False,False
60min,60,temperature,240,HIST_GRADIENT_BOOSTING,0.75,4,14,-20.01570396373405,-19.297006089703896,-37.62848555163185,-3.840318123896565,14.918609282508381,-33.32769379993073,-5.985016253507219,0,0.0,27.34267754642351,37.62848555163185,-42.375466250823614,True,True,False,False,False,False
60min,60,temperature,240,HIST_GRADIENT_BOOSTING,1.0,4,14,-33.85776838028841,-30.594341471672017,-59.03437291462593,-15.208017663183693,18.91498177212429,-48.67759025529531,-15.774519596665122,0,0.0,32.903070658630185,59.03437291462593,-61.804470029643596,True,True,False,False,False,False
60min,60,temperature,480,HIST_GRADIENT_BOOSTING,0.25,4,14,3.2724520119935008,5.06486696118356,-7.313947402666861,10.274021528273748,6.756250266170364,-0.08846980121298387,8.425788774390044,3,0.75,8.514258575603028,7.313947402666861,-1.0207491772846697,True,True,True,True,False,False
60min,60,temperature,480,HIST_GRADIENT_BOOSTING,0.5,4,14,2.869803296798556,4.173480047510858,-15.504684355890449,18.63693744806296,12.14209646851781,-0.9125581983202067,7.955841542629621,3,0.75,8.868399740949828,15.504684355890449,-4.136890911936668,True,True,True,True,False,False
60min,60,temperature,480,HIST_GRADIENT_BOOSTING,0.75,4,14,-1.0709211690498037,-2.167974097601694,-24.39914148833416,24.451405007338334,18.005259690052487,-12.995962607436871,9.757067340785373,2,0.5,22.753029948222242,24.39914148833416,-19.644274443796355,True,True,False,False,False,False
60min,60,temperature,480,HIST_GRADIENT_BOOSTING,1.0,4,14,-7.883483398713313,-12.39092167278254,-33.85711109905397,27.105020849765793,25.228239332742127,-30.81692114796299,10.542516076467138,2,0.5,41.359437224430124,33.85711109905397,-41.5349180597611,True,True,False,False,False,False
60min,60,temperature,60,EXTRA_TREES,0.25,4,14,-0.2636331029034744,-0.2821636280641294,-1.7869839440664337,1.2967787885807949,1.4278358714245023,-1.63606084886489,1.090264117897286,2,0.5,2.726324966762176,1.7869839440664337,-2.0920720974618257,True,True,False,False,False,False
60min,60,temperature,60,EXTRA_TREES,0.5,4,14,-0.7955921997593687,-0.8714763979122355,-3.798510797479333,2.3590947942663294,2.930477373593846,-3.6823523910478055,2.0152837933762013,2,0.5,5.697636184424007,3.798510797479333,-4.669922189494073,True,True,False,False,False,False
60min,60,temperature,60,EXTRA_TREES,0.75,4,14,-1.5887106897069412,-1.6939448543605582,-6.146183193354721,3.1792301432480734,4.499628785458579,-6.052896345847782,2.770240801780283,2,0.5,8.823137147628065,6.146183193354721,-7.642059226513272,True,True,False,False,False,False
60min,60,temperature,60,EXTRA_TREES,1.0,4,14,-2.634458651742004,-2.6130151549087026,-9.062798087800234,3.7509937906496225,6.125668806989914,-8.598572001688204,3.3510981950374967,2,0.5,11.949670196725702,9.062798087800234,-10.853549775221612,True,True,False,False,False,False
60min,60,temperature,120,EXTRA_TREES,0.25,4,14,-0.482548105646124,-0.5579862729868793,-2.4239640487112704,1.609744172100533,1.7305043858151512,-2.061057917861566,1.0205235392285625,2,0.5,3.0815814570901283,2.4239640487112704,-2.704768013709761,True,True,False,False,False,False
60min,60,temperature,120,EXTRA_TREES,0.5,4,14,-1.2909428583766314,-1.3825442832609385,-5.270886332450941,2.872203465466293,3.474383265394376,-4.415208715887722,1.7417215742501526,2,0.5,6.156930290137875,5.270886332450941,-5.778731011442611,True,True,False,False,False,False
60min,60,temperature,120,EXTRA_TREES,0.75,4,14,-2.417597989173996,-2.468309848829299,-8.507480356445086,3.7737080974077006,5.215706766187516,-7.042580201104507,2.1566723631012126,2,0.5,9.19925256420572,8.507480356445086,-9.19480622004343,True,True,False,False,False,False
60min,60,temperature,120,EXTRA_TREES,1.0,4,14,-3.853279164021662,-3.808587051378842,-12.099998946053661,4.304056392724696,6.939605053602598,-9.923027394712351,2.2611611793118476,2,0.5,12.184188574024198,12.099998946053661,-12.925681074904356,True,True,False,False,False,False
60min,60,temperature,240,EXTRA_TREES,0.25,4,14,-2.5078343177561075,-2.2190253430854696,-7.20724622818044,1.613959643326949,3.1963558149630034,-4.142388250625373,-0.5844714102162043,1,0.25,3.557916840409169,7.20724622818044,-5.799795320335164,True,True,False,False,False,False
60min,60,temperature,240,EXTRA_TREES,0.5,4,14,-6.698972697437902,-6.621486861872759,-15.680000606990278,2.1270835409841893,6.55825954013323,-10.832718130159854,-2.4877414291508066,1,0.25,8.344976701009047,15.680000606990278,-14.713975364124853,True,True,False,False,False,False
60min,60,temperature,240,EXTRA_TREES,0.75,4,14,-12.372144334489246,-12.924608620060233,-25.161522401298072,1.5221623034615561,10.06615345028187,-19.661109294536487,-5.635643660012992,1,0.25,14.025465634523496,25.161522401298072,-26.2277220376465,True,True,False,False,False,False
60min,60,temperature,240,EXTRA_TREES,1.0,4,14,-19.30913515730859,-20.80793393650307,-35.4401199495993,-0.18055280662891007,13.668841546456468,-30.196117583382794,-9.920951510428864,0,0.0,20.27516607295393,35.4401199495993,-39.80554696037986,True,True,False,False,False,False
60min,60,temperature,480,EXTRA_TREES,0.25,4,14,-0.9212335118670012,0.6695961046047703,-12.753507515525854,7.729381258848308,7.4913050703026585,-3.821294936547421,3.5696575292851898,2,0.5,7.39095246583261,12.753507515525854,-6.214257007192998,True,True,False,True,False,False
60min,60,temperature,480,EXTRA_TREES,0.5,4,14,-4.701116192527234,-2.794290077937565,-26.921433545209396,13.705548930975592,15.228385685555608,-13.79521865943116,6.2998123889663615,2,0.5,20.095031048397523,26.921433545209396,-19.572163988438675,True,True,False,False,False,False
60min,60,temperature,480,EXTRA_TREES,0.75,4,14,-10.938430452593874,-9.609421887672307,-42.08128134399614,17.546403308965257,23.488336695538504,-28.62192608580141,8.07407374553523,2,0.5,36.695999831336636,42.08128134399614,-38.477742139339654,True,True,False,False,False,False
60min,60,temperature,480,EXTRA_TREES,1.0,4,14,-19.172303151483227,-18.84466560708441,-57.947694198415164,18.947812806651076,32.149754822715046,-46.81884516916685,8.801876410599213,2,0.5,55.62072157976606,57.947694198415164,-61.14194994657123,True,True,False,False,False,False
60min,60,temperature,60,XGBOOST,0.25,4,14,-0.4435525245888202,0.5307223228908935,-4.459244862339438,1.6235901182023706,2.3663345393702384,-0.8852025048039804,0.972372303106054,3,0.75,1.8575748079100345,4.459244862339438,-1.5128762966489833,True,True,True,True,False,False
60min,60,temperature,60,XGBOOST,0.5,4,14,-1.5974525426204824,0.35340940960973133,-9.464891782243187,2.3682627925417954,4.645783970980432,-2.65687788048993,1.412834747479179,2,0.5,4.069712627969109,9.464891782243187,-4.04766984993562,True,True,False,False,False,False
60min,60,temperature,60,XGBOOST,0.75,4,14,-3.444853127685697,-0.5238849695988768,-14.945578806077009,2.2139362345319724,6.82048592260851,-5.281896992397852,1.3131588951132773,2,0.5,6.595055887511129,14.945578806077009,-7.557807614873694,True,True,False,False,False,False
60min,60,temperature,60,XGBOOST,1.0,4,14,-5.956548124106783,-2.0771644241723615,-20.836685239656116,1.164821591573705,8.883111924189254,-8.70888477970917,0.6751722314300258,2,0.5,9.384057011139195,20.836685239656116,-11.978364239655988,True,True,False,False,False,False
60min,60,temperature,120,XGBOOST,0.25,4,14,-0.19826301594631615,-0.904489801932022,-1.792953620608876,2.8088811606876556,1.7786144278526888,-1.2673285842865982,0.1645757664082601,1,0.25,1.4319043506948583,1.792953620608876,-2.06868038243167,True,True,False,False,False,False
60min,60,temperature,120,XGBOOST,0.5,4,14,-1.2259591645972707,-2.849965227840464,-4.046034228769756,4.842128026061601,3.6121959999559516,-3.925249300441969,-0.15067509199576534,1,0.25,3.7745742084462037,4.046034228769756,-5.748760889256005,True,True,False,False,False,False
60min,60,temperature,120,XGBOOST,0.75,4,14,-3.0503101579591947,-4.770265082258319,-8.710079537489012,6.04936907016887,5.594259599418008,-6.871348791203962,-0.9492264490135511,1,0.25,5.922122342190411,8.710079537489012,-9.908846137725778,True,True,False,False,False,False
60min,60,temperature,120,XGBOOST,1.0,4,14,-5.6188168476343,-6.998879075071125,-14.876147381968938,6.398638141573986,7.763961266581329,-10.39021688474701,-2.227479037958415,1,0.25,8.162737846788595,14.876147381968938,-14.799284843957658,True,True,False,False,False,False
60min,60,temperature,240,XGBOOST,0.25,4,14,-8.853123542713357,-9.7612652443494,-18.350099942923606,2.4601362607689725,8.60635925590089,-16.54532511905672,-2.0690636680060366,1,0.25,14.476261451050684,18.350099942923606,-21.586920955605642,True,True,False,False,False,False
60min,60,temperature,240,XGBOOST,0.5,4,14,-24.728634170952546,-25.09533443486746,-48.5039387150431,-0.2199290990321556,18.46993013618776,-38.41634476097414,-11.40762384484586,0,0.0,27.008720916128283,48.5039387150431,-50.725679571692375,True,True,False,False,False,False
60min,60,temperature,240,XGBOOST,0.75,4,14,-45.30080449591826,-44.388021852736486,-84.77018420769025,-7.6569900705098,28.523182554885086,-63.32168044926632,-26.367145899388433,0,0.0,36.954534549877884,84.77018420769025,-84.05783517959799,True,True,False,False,False,False
60min,60,temperature,240,XGBOOST,1.0,4,14,-68.93348880361535,-66.28486339493901,-124.2020286065395,-18.962199818043832,38.30305434016713,-89.99135320423807,-45.226998994316276,0,0.0,44.76435420992179,124.2020286065395,-119.71754765153479,True,True,False,False,False,False
60min,60,temperature,480,XGBOOST,0.25,4,14,2.052610349558811,3.348996993722784,-8.683437033098592,10.195884443888268,7.377821892594016,-2.6960170323540247,8.09762437563562,2,0.5,10.793641407989645,8.683437033098592,-4.218682968546686,True,True,False,True,False,False
60min,60,temperature,480,XGBOOST,0.5,4,14,0.3367235367275683,3.7738116256923373,-18.862625889012747,12.661896784538346,12.488471265367929,-6.6196811488432985,10.730216311263204,2,0.5,17.349897460106504,18.862625889012747,-9.616793576614102,True,True,False,True,False,False
60min,60,temperature,480,XGBOOST,0.75,4,14,-5.136574655352732,-2.8754344135022727,-30.1871846370129,15.391754842606518,16.374439041342175,-11.638759492919352,3.6267504240643467,1,0.25,15.2655099169837,30.1871846370129,-18.054985531247347,True,True,False,False,False,False
60min,60,temperature,480,XGBOOST,1.0,4,14,-13.67019738949229,-13.819506147383837,-42.384083087852055,15.342305824650564,20.651455235983903,-24.301024956197338,-3.188678580678789,1,0.25,21.11234637551855,42.384083087852055,-34.97170010710612,True,True,False,False,False,False
60min,60,temperature,60,RANDOM_FOREST,0.25,4,14,-1.0893823201032677,-1.1953824585825363,-3.3412138046725506,1.3744494414245523,1.795817246414943,-2.4306202270720507,0.1458554483862468,1,0.25,2.5764756754582976,3.3412138046725506,-3.3189237474798228,True,True,False,False,False,False
60min,60,temperature,60,RANDOM_FOREST,0.5,4,14,-2.5682027630505777,-2.722053930638038,-7.254549477789032,2.4258462868627984,3.6759865831017384,-5.268464972697959,-0.021791720990656627,1,0.25,5.2466732517073025,7.254549477789032,-7.159027925938947,True,True,False,False,False,False
60min,60,temperature,60,RANDOM_FOREST,0.75,4,14,-4.416649150865939,-4.565192754633534,-11.679880637388512,3.1436695431918253,5.6165945181756,-8.48021014635422,-0.5016317591452515,1,0.25,7.9785783872089695,11.679880637388512,-11.474452107585147,True,True,False,False,False,False
60min,60,temperature,60,RANDOM_FOREST,1.0,4,14,-6.613807920503972,-6.708399606570643,-16.55890586787685,3.5204733990022454,7.595071662472747,-12.032545393135747,-1.2896621339388672,1,0.25,10.74288325919688,16.55890586787685,-16.219567703138296,True,True,False,False,False,False
60min,60,temperature,120,RANDOM_FOREST,0.25,4,14,-0.7537576433620549,-0.7626229067745536,-2.667265040292082,1.1774802803929698,1.4755157890977235,-1.8474489225091804,0.3310683723725718,2,0.5,2.178517294881752,2.667265040292082,-2.5186978142884504,True,True,False,False,False,False
60min,60,temperature,120,RANDOM_FOREST,0.5,4,14,-1.9161334883243277,-1.9999031220441852,-5.5794334216424435,1.914705712433503,2.916432380267323,-4.1843911483921685,0.26835453802365555,1,0.25,4.452745686415824,5.5794334216424435,-5.6211343206627085,True,True,False,False,False,False
60min,60,temperature,120,RANDOM_FOREST,0.75,4,14,-3.475138618225513,-3.6927237983396406,-8.716826445331574,2.201719569108802,4.314711896667948,-6.980007721998525,-0.18785469456662907,1,0.25,6.792153027431896,8.716826445331574,-9.268006923388482,True,True,False,False,False,False
60min,60,temperature,120,RANDOM_FOREST,1.0,4,14,-5.415250470281265,-5.817518988656192,-12.060528657424783,2.0345647536121088,5.663339801733913,-10.200034245638477,-1.032735213298979,1,0.25,9.167299032339498,12.060528657424783,-13.416300669182137,True,True,False,False,False,False
60min,60,temperature,240,RANDOM_FOREST,0.25,4,14,-3.635227163052419,-3.491169722289224,-8.392241597385219,0.8336723897539902,3.3624475918205814,-5.568680052656657,-1.5577168326849864,1,0.25,4.010963219971671,8.392241597385219,-7.594711731621365,True,True,False,False,False,False
60min,60,temperature,240,RANDOM_FOREST,0.5,4,14,-9.52420698619614,-10.1862127992505,-17.9055236979562,0.1811213516726412,6.523242911132019,-13.28930771082832,-6.4211120746183195,1,0.25,6.86819563621,17.9055236979562,-18.09669154184455,True,True,False,False,False,False
60min,60,temperature,240,RANDOM_FOREST,0.75,4,14,-17.33228320133843,-19.554660589469346,-28.290698961187875,-1.9291126652271537,9.63068388140518,-22.769453311276617,-14.11749047953116,0,0.0,8.651962831745458,28.290698961187875,-30.953316745639043,True,True,False,False,False,False
60min,60,temperature,240,RANDOM_FOREST,1.0,4,14,-26.701072998603124,-31.020899888980363,-39.352971991588454,-5.409520224863311,12.764594848153198,-33.63872370906387,-24.083249178519623,0,0.0,9.555474530544245,39.352971991588454,-45.6368801521496,True,True,False,False,False,False
60min,60,temperature,480,RANDOM_FOREST,0.25,4,14,-1.3691944381811239,1.202187882159531,-12.411934527334838,4.53078101029128,6.520321636238932,-2.3537089776635143,2.1867024216419217,3,0.75,4.540411399305436,12.411934527334838,-4.171001449326896,True,True,True,True,False,False
60min,60,temperature,480,RANDOM_FOREST,0.5,4,14,-6.78920560593341,-3.7939515216735193,-26.741532905980392,7.172613525593792,12.855085089143856,-13.28242147672512,2.699264349118189,2,0.5,15.981685825843307,26.741532905980392,-18.470177661090272,True,True,False,False,False,False
60min,60,temperature,480,RANDOM_FOREST,0.75,4,14,-15.535071006550176,-13.746118411379106,-42.41109302838633,7.7630458249438385,20.112826291707798,-30.785331063046115,1.5041416451168357,1,0.25,32.289472708162954,42.41109302838633,-40.49362802255716,True,True,False,False,False,False
60min,60,temperature,480,RANDOM_FOREST,1.0,4,14,-26.7527522093317,-27.12465380710215,-59.02500679680459,6.263305573682089,28.33796542884115,-52.5307975515438,-1.3466084648900472,1,0.25,51.18418908665375,59.02500679680459,-67.47300004963017,True,True,False,False,False,False
60min,60,relative_humidity,60,HIST_GRADIENT_BOOSTING,0.25,4,14,0.8845184017969538,0.7490941570285116,-0.5893749644516166,2.6292602575824096,1.2058576724575554,0.01647990394699131,1.6171326548784744,3,0.75,1.600652750931483,0.5893749644516166,-0.19857595955013407,True,True,True,True,True,True
60min,60,relative_humidity,60,HIST_GRADIENT_BOOSTING,0.5,4,14,0.7045022256646813,0.4589416856255821,-2.435113989728462,4.335239521136023,2.550233431139729,-1.1606133647654464,2.3240572760557097,2,0.5,3.484670640821156,2.435113989728462,-1.8921721322171114,True,True,False,False,False,False
60min,60,relative_humidity,60,HIST_GRADIENT_BOOSTING,0.75,4,14,-0.5304202502338883,-0.859275605733069,-5.471278872728714,5.068149083259299,3.991861122397539,-3.490315665728825,2.1006198097618674,2,0.5,5.590935475490692,5.471278872728714,-5.022563061660594,True,True,False,False,False,False
60min,60,relative_humidity,60,HIST_GRADIENT_BOOSTING,1.0,4,14,-2.780546147693788,-3.1643573658079744,-9.598980937870834,4.80551107871163,5.485842237995985,-6.897243179392346,0.9523396658905838,1,0.25,7.84958284528293,9.598980937870834,-9.488894022917147,True,True,False,False,False,False
60min,60,relative_humidity,120,HIST_GRADIENT_BOOSTING,0.25,4,14,-1.920196704786644,-1.8837264363718607,-3.6719433275739,-0.24139061882895424,1.3077923791583863,-2.8481223094802943,-0.9558008316782101,0,0.0,1.8923214778020843,3.6719433275739,-3.747873007166378,True,True,False,False,False,False
60min,60,relative_humidity,120,HIST_GRADIENT_BOOSTING,0.5,4,14,-5.448792184514422,-5.840221987716348,-8.508758931171473,-1.6059658314535163,2.490436195485895,-6.8307898966224085,-4.458224275608361,0,0.0,2.372565621014047,8.508758931171473,-9.15369453101624,True,True,False,False,False,False
60min,60,relative_humidity,120,HIST_GRADIENT_BOOSTING,0.75,4,14,-10.424816759146928,-11.6434902185119,-14.36274216020778,-4.049544439356132,3.8729225154619655,-12.819787236767338,-9.248519740891489,0,0.0,3.5712674958758495,14.36274216020778,-17.019809506501772,True,True,False,False,False,False
60min,60,relative_humidity,120,HIST_GRADIENT_BOOSTING,1.0,4,14,-16.648364696263936,-18.833749960684774,-21.42738859560409,-7.49857026808211,5.618251453301448,-21.171689444762976,-14.310425212185732,0,0.0,6.861264232577243,21.42738859560409,-27.621229225874416,True,True,False,False,False,False
60min,60,relative_humidity,240,HIST_GRADIENT_BOOSTING,0.25,4,14,-6.881133569993028,-4.683488057562413,-17.17843787557469,-0.9791202892725955,6.575959591208635,-10.31975069048437,-1.244870937071071,0,0.0,9.074879753413299,17.17843787557469,-13.515537403162735,True,True,False,False,False,False
60min,60,relative_humidity,240,HIST_GRADIENT_BOOSTING,0.5,4,14,-18.167706639999764,-14.32239804624735,-39.084509051600136,-4.941521415904214,12.884530313416509,-23.001925437696247,-9.488179248550868,0,0.0,13.51374618914538,39.084509051600136,-30.850398403720074,True,True,False,False,False,False
60min,60,relative_humidity,240,HIST_GRADIENT_BOOSTING,0.75,4,14,-32.748685465295765,-27.79613637083726,-63.83266788248971,-11.569801237018844,19.13584792590697,-37.31064856683621,-23.23417326929682,0,0.0,14.076475297539385,63.83266788248971,-50.792540990229384,True,True,False,False,False,False
60min,60,relative_humidity,240,HIST_GRADIENT_BOOSTING,1.0,4,14,-49.64274049953756,-43.914497944959464,-90.3174020552732,-20.424564052958104,25.498992872252774,-58.27289436836048,-35.28434407613655,0,0.0,22.988550292223934,90.3174020552732,-77.98812360488974,True,True,False,False,False,False
60min,60,relative_humidity,480,HIST_GRADIENT_BOOSTING,0.25,4,14,2.5566680202092598,3.835717739957412,-5.0425867799464665,7.597823380868681,4.757295111684117,0.54314742408455,5.849238336082122,3,0.75,5.306090911997572,5.0425867799464665,-0.07797441102799052,True,True,True,True,False,False
60min,60,relative_humidity,480,HIST_GRADIENT_BOOSTING,0.5,4,14,1.179998344878106,3.3294007183952665,-11.478765827153747,9.539957769875638,7.739199767468229,-0.6143685392757021,5.123767602549075,3,0.75,5.738136141824777,11.478765827153747,-2.4093588093055587,True,True,True,True,False,False
60min,60,relative_humidity,480,HIST_GRADIENT_BOOSTING,0.75,4,14,-3.8111556452100204,-4.418348432796708,-19.08278875962057,12.674863044373904,12.066622218878642,-12.727937734196445,4.498433656189716,2,0.5,17.226371390386163,19.08278875962057,-17.802231317894933,True,True,False,False,False,False
60min,60,relative_humidity,480,HIST_GRADIENT_BOOSTING,1.0,4,14,-11.552980001317414,-14.438171633385998,-31.881259677868695,14.545682939371035,19.10449844809517,-28.704902368382676,2.7137507336792632,1,0.25,31.41865310206194,31.881259677868695,-38.11781310388414,True,True,False,False,False,False
60min,60,relative_humidity,60,EXTRA_TREES,0.25,4,14,-1.0955848970408117,-1.1181459766641633,-3.509077453080175,1.3630298182452545,1.978477811264835,-2.747878185942785,0.5341473122378102,2,0.5,3.2820254981805954,3.509077453080175,-3.636428089024505,True,True,False,False,False,False
60min,60,relative_humidity,60,EXTRA_TREES,0.5,4,14,-2.925763297921845,-3.1018124256274042,-7.615133083415114,2.1157047429825426,3.9705134629896848,-6.3241966538355845,0.29662093028633535,1,0.25,6.6208175841219195,7.615133083415114,-8.316004488542143,True,True,False,False,False,False
60min,60,relative_humidity,60,EXTRA_TREES,0.75,4,14,-5.45327027587059,-5.902165290342832,-12.25267595973027,2.243925436933574,5.94524941526425,-10.649697452303833,-0.7057381139095886,1,0.25,9.943959338394244,12.25267595973027,-13.937313949472522,True,True,False,False,False,False
60min,60,relative_humidity,60,EXTRA_TREES,1.0,4,14,-8.632284709152788,-9.457834854416816,-17.358716292676384,1.7452471648988626,7.876534999075999,-15.640828343589526,-2.4492912199800783,1,0.25,13.191537123609447,17.358716292676384,-20.393282489390636,True,True,False,False,False,False
60min,60,relative_humidity,120,EXTRA_TREES,0.25,4,14,-0.7930480147713039,-0.6658375765889415,-3.899475054963884,2.058958149056551,2.5026474251193203,-2.900902244522313,1.4420166531620677,2,0.5,4.342918897684381,3.899475054963884,-3.812165789172103,True,True,False,False,False,False
60min,60,relative_humidity,120,EXTRA_TREES,0.5,4,14,-2.8231285760645495,-2.505981579256084,-9.048156768511674,2.7676056227656445,4.784491558780239,-6.592372789406985,1.2632626340863515,2,0.5,7.855635423493337,9.048156768511674,-8.695838483130672,True,True,False,False,False,False
60min,60,relative_humidity,120,EXTRA_TREES,0.75,4,14,-6.035763575687667,-5.480441868150672,-15.278787006710434,2.096616440261113,6.809766158344919,-10.990625946301337,-0.5255794975370007,1,0.25,10.465046448764337,15.278787006710434,-14.532661844210448,True,True,False,False,False,False
60min,60,relative_humidity,120,EXTRA_TREES,1.0,4,14,-10.34223279684151,-9.508211767867666,-22.42628653227588,0.07377888064517359,8.573229341600504,-16.010868686807054,-3.8395758779021225,1,0.25,12.171292808904932,22.42628653227588,-21.200429805389103,True,True,False,False,False,False
60min,60,relative_humidity,240,EXTRA_TREES,0.25,4,14,-2.7848111515870597,-2.094248596211766,-8.249206990285318,1.2984595763606124,3.565814417420826,-4.607072596429282,-0.2719871513695442,1,0.25,4.335085445059738,8.249206990285318,-6.3240930663129635,True,True,False,False,False,False
60min,60,relative_humidity,240,EXTRA_TREES,0.5,4,14,-9.016248733962094,-6.663399178892591,-20.90836139845378,-1.8298351796094126,7.36538881727481,-12.126235431778754,-3.55341248107593,0,0.0,8.572822950702825,20.90836139845378,-16.17690100385745,True,True,False,False,False,False
60min,60,relative_humidity,240,EXTRA_TREES,0.75,4,14,-18.147076821438628,-13.412810600282398,-36.75826529354766,-9.004420791642053,11.195769385467218,-21.983845394195445,-9.576042027525581,0,0.0,12.407803366669864,36.75826529354766,-28.806278607004245,True,True,False,False,False,False
60min,60,relative_humidity,240,EXTRA_TREES,1.0,4,14,-29.572933661659594,-23.04508594939907,-54.822041790403354,-17.37952095743688,14.971440065147876,-33.64911425071249,-18.96890536034617,0,0.0,14.680208890366323,54.822041790403354,-44.09070084218307,True,True,False,False,False,False
60min,60,relative_humidity,480,EXTRA_TREES,0.25,4,14,1.3455845482675053,2.5002579523516295,-5.379867405976269,5.761689694343032,4.134670672552172,0.004751035775414136,3.8410914648437204,3,0.75,3.836340429068306,5.379867405976269,-0.7628791136765907,True,True,True,True,False,False
60min,60,relative_humidity,480,EXTRA_TREES,0.5,4,14,0.48031856460651845,3.8361788901340184,-11.51014014817019,5.759056626328228,7.046610672379719,-1.1202786028311582,5.436776057571695,3,0.75,6.557054660402853,11.51014014817019,-2.319883477109956,True,True,True,True,False,False
60min,60,relative_humidity,480,EXTRA_TREES,0.75,4,14,-2.5653631945729685,0.19582861320050982,-18.2741928913077,7.621082886614805,9.614772415181676,-5.4818090955456515,3.1122745141731922,2,0.5,8.594083609718844,18.2741928913077,-8.669761414485837,True,True,False,False,False,False
60min,60,relative_humidity,480,EXTRA_TREES,1.0,4,14,-7.504635586468892,-6.596621078450917,-25.56964800133135,8.744347812357613,12.93715964554557,-16.00730331525115,1.9060466503313405,1,0.25,17.91334996558249,25.56964800133135,-21.945708061574997,True,True,False,False,False,False
60min,60,relative_humidity,60,XGBOOST,0.25,4,14,1.211906068563258,1.772192514786138,-3.4772885700026404,4.780527814683397,3.148402954409856,-0.6396781816072559,3.623776764956652,3,0.75,4.2634549465639076,3.4772885700026404,-1.228857100996476,True,True,True,True,False,False
60min,60,relative_humidity,60,XGBOOST,0.5,4,14,1.4042676352702923,2.496783626649036,-7.857047263601836,8.480550551384933,6.134277561227143,-1.9504435107758327,5.851494772695161,3,0.75,7.801938283470994,7.857047263601836,-3.3684473309869203,True,True,True,True,False,False
60min,60,relative_humidity,60,XGBOOST,0.75,4,14,0.5502441187812452,2.1350692704344882,-13.034420350040792,10.965258284296796,8.887610987415615,-3.902269124138491,6.587582513354224,2,0.5,10.489851637492716,13.034420350040792,-6.368461635822068,True,True,False,True,False,False
60min,60,relative_humidity,60,XGBOOST,1.0,4,14,-1.348023924097336,0.6908382808772207,-18.905264257476134,12.131491999332349,11.360691305393892,-6.45776680878712,5.800581165567005,2,0.5,12.258347974354125,18.905264257476134,-10.164651770668875,True,True,False,True,False,False
60min,60,relative_humidity,120,XGBOOST,0.25,4,14,0.059318307613946006,0.4933958079782038,-5.434164941131411,4.6846465556307875,3.6061598213848933,-1.1274858624247317,1.6801999780168817,3,0.75,2.8076858404416134,5.434164941131411,-2.2689883475254558,True,True,True,False,False,False
60min,60,relative_humidity,120,XGBOOST,0.5,4,14,-1.2009882953347586,0.4824413011612628,-12.74661524802872,6.97777946436716,7.182793782254398,-3.202993877401589,2.4844468832280935,2,0.5,5.687440760629682,12.74661524802872,-5.547932891160759,True,True,False,False,False,False
60min,60,relative_humidity,120,XGBOOST,0.75,4,14,-3.7397520615344986,-0.031466522467662406,-21.59896520595869,6.702890004756021,10.692463712137405,-6.137239203459439,2.3660206194572777,2,0.5,8.503259822916716,21.59896520595869,-9.682837735415692,True,True,False,False,False,False
60min,60,relative_humidity,120,XGBOOST,1.0,4,14,-7.469287785068968,-1.039071075601738,-31.681017632202817,3.8820086431304226,14.16310585379073,-9.839348367798639,1.330989507127933,2,0.5,11.170337874926572,31.681017632202817,-14.54449442111573,True,True,False,False,False,False
60min,60,relative_humidity,240,XGBOOST,0.25,4,14,-2.0787400089444894,-1.448190522659867,-8.389265060742174,2.9706860702839495,4.192295796668119,-4.268598066332858,0.7416675347285011,1,0.25,5.010265601061359,8.389265060742174,-6.0506395883760895,True,True,False,False,False,False
60min,60,relative_humidity,240,XGBOOST,0.5,4,14,-9.667239113549595,-9.22272207763557,-21.669227281110828,1.4457149821835902,8.262935154057324,-13.539462085254868,-5.3504991059302975,1,0.25,8.188962979324572,21.669227281110828,-18.73451038757556,True,True,False,False,False,False
60min,60,relative_humidity,240,XGBOOST,0.75,4,14,-21.76700921127297,-22.12522536221863,-38.43953286660693,-4.378053254047688,12.05820246165595,-26.7329415852743,-17.1592929882173,0,0.0,9.573648597057002,38.43953286660693,-36.52193287739886,True,True,False,False,False,False
60min,60,relative_humidity,240,XGBOOST,1.0,4,14,-37.21540079583408,-38.714510711813354,-57.58979332378428,-13.842788435925334,15.55166648455294,-44.08883764991802,-31.84107385772942,0,0.0,12.2477637921886,57.58979332378428,-59.23584093885372,True,True,False,False,False,False
60min,60,relative_humidity,480,XGBOOST,0.25,4,14,5.442447298729579,3.4880714308323424,-4.623558039080233,19.417204372333867,8.975733404812967,-0.7896916710204489,9.72021040058237,3,0.75,10.50990207160282,4.623558039080233,-2.922769114739126,True,True,True,True,False,False
60min,60,relative_humidity,480,XGBOOST,0.5,4,14,6.097483547237669,5.890597581958105,-10.012007761377866,22.620746786412333,12.138331882133762,-2.079705469848692,14.067786599044467,3,0.75,16.147492068893158,10.012007761377866,-4.68615039283294,True,True,True,True,False,False
60min,60,relative_humidity,480,XGBOOST,0.75,4,14,1.49197460237479,4.065148937436848,-16.058859484306613,13.896460018932075,11.231666588880685,-3.844126554242462,9.401250094054099,3,0.75,13.24537664829656,16.058859484306613,-6.572254257788085,True,True,True,True,False,False
60min,60,relative_humidity,480,XGBOOST,1.0,4,14,-6.768380341199088,-9.370537516505166,-22.66678415970015,14.33433782791413,14.733860237810658,-19.333691105007272,3.194773247303017,1,0.25,22.528464352310287,22.66678415970015,-26.30146573258535,True,True,False,False,False,False
60min,60,relative_humidity,60,RANDOM_FOREST,0.25,4,14,-0.7428136410441201,-0.8875936476345769,-3.0341260426983063,1.83805877379098,1.9411020589856576,-2.360761955364106,0.730354666685409,2,0.5,3.0911166220495154,3.0341260426983063,-3.191683469333911,True,True,False,False,False,False
60min,60,relative_humidity,60,RANDOM_FOREST,0.5,4,14,-2.2513728629171452,-2.400843870173644,-7.0050643036226266,2.8012605923013334,3.965391631046771,-5.587009353003303,0.9347926199125143,2,0.5,6.521801972915817,7.0050643036226266,-7.413010932537208,True,True,False,False,False,False
60min,60,relative_humidity,60,RANDOM_FOREST,0.75,4,14,-4.489831365076922,-4.504926531104969,-11.813049201420684,2.863576803322934,6.035789771173804,-9.602010771188752,0.6072528750068593,1,0.25,10.20926364619561,11.813049201420684,-12.562820654557946,True,True,False,False,False,False
60min,60,relative_humidity,60,RANDOM_FOREST,1.0,4,14,-7.412345746887265,-7.158712871498931,-17.35524566321406,2.0232884186628652,8.120003684981453,-14.322532418736001,-0.24852619965019407,1,0.25,14.074006219085808,17.35524566321406,-18.534527396845352,True,True,False,False,False,False
60min,60,relative_humidity,120,RANDOM_FOREST,0.25,4,14,-0.3896451269832824,-0.232710356195728,-3.0010966704669055,1.907936874925232,2.0181392317077758,-2.004354309996236,1.3819988268172254,2,0.5,3.3863531368134616,3.0010966704669055,-2.676161092219185,True,True,False,False,False,False
60min,60,relative_humidity,120,RANDOM_FOREST,0.5,4,14,-2.008865279297062,-1.1729670888079373,-7.74968534349067,2.060158403918296,4.041888884231193,-4.832124818189327,1.6502924500843277,2,0.5,6.482417268273655,7.74968534349067,-6.351597058817433,True,True,False,False,False,False
60min,60,relative_humidity,120,RANDOM_FOREST,0.75,4,14,-4.799301039502676,-3.041069321897455,-14.027655982692162,0.9125904684763688,6.089473011507539,-8.404975778877667,0.5646054174775358,2,0.5,8.969581196355202,14.027655982692162,-11.032773915748097,True,True,False,False,False,False
60min,60,relative_humidity,120,RANDOM_FOREST,1.0,4,14,-8.66816504665259,-6.2470132393008715,-21.598358653300277,-0.5802750547083376,8.177578852292068,-12.637239658352847,-2.277938627600612,0,0.0,10.359301030752235,21.598358653300277,-16.826253418002057,True,True,False,False,False,False
60min,60,relative_humidity,240,RANDOM_FOREST,0.25,4,14,-2.6304035558953847,-2.3267262005745875,-8.939862556994788,3.071700734562424,4.354688542199724,-4.950027813710001,-0.007101942759971447,1,0.25,4.942925870950029,8.939862556994788,-7.0331547752983,True,True,False,False,False,False
60min,60,relative_humidity,240,RANDOM_FOREST,0.5,4,14,-8.611141683249235,-7.127925249097014,-21.504610080965545,1.3158938461626295,8.361726920099079,-12.439456001461162,-3.2996109308850876,1,0.25,9.139845070576074,21.504610080965545,-17.074000304626438,True,True,False,False,False,False
60min,60,relative_humidity,240,RANDOM_FOREST,0.75,4,14,-17.480933234296778,-14.099917118246012,-36.6983169280867,-5.025581772608389,11.8843136881186,-21.97699758374574,-9.60385276879705,0,0.0,12.373144814948688,36.6983169280867,-29.46106875774203,True,True,False,False,False,False
60min,60,relative_humidity,240,RANDOM_FOREST,1.0,4,14,-28.674473257119082,-22.878234497560342,-53.743527974576715,-15.197896058778923,14.998900299346156,-33.11569800139509,-18.43700975328434,0,0.0,14.678688248110749,53.743527974576715,-43.653460615259895,True,True,False,False,False,False
60min,60,relative_humidity,480,RANDOM_FOREST,0.25,4,14,1.4863549485814604,3.5010897634583547,-6.284973637711429,5.228213905120562,4.544171231312954,0.9003221198364395,4.087122592203375,3,0.75,3.1868004723669356,6.284973637711429,0.3364461178470295,True,True,True,True,False,False
60min,60,relative_humidity,480,RANDOM_FOREST,0.5,4,14,0.29161952916969014,4.120096079970798,-13.622285799247141,6.548571755984306,8.165297430762248,-1.4563441189374289,5.868059728077918,3,0.75,7.324403847015347,13.622285799247141,-2.9476772933486606,True,True,True,True,False,False
60min,60,relative_humidity,480,RANDOM_FOREST,0.75,4,14,-3.430815835438193,-0.17309319262774459,-21.821938201747347,8.444861245250065,12.272030389162992,-10.939283282360948,7.3353742542950116,2,0.5,18.27465753665596,21.821938201747347,-14.765906511392561,True,True,False,False,False,False
60min,60,relative_humidity,480,RANDOM_FOREST,1.0,4,14,-9.228393174272247,-7.76404694757383,-30.721757990484047,9.336279188542719,17.749800170356714,-24.744986675546475,7.752546553700396,2,0.5,32.49753322924687,30.721757990484047,-31.69325305981828,True,True,False,False,False,False
