resolution,architecture,candidate_id,seed,training_scope,epoch,loss,val_loss
4min,MLP,1,2026,train_with_validation_monitoring,1,1.4759420156478882,0.6600252985954285
4min,MLP,1,2026,train_with_validation_monitoring,2,0.8051049709320068,0.3839843273162842
4min,MLP,1,2026,train_with_validation_monitoring,3,0.5135486721992493,0.46962642669677734
4min,MLP,1,2026,train_with_validation_monitoring,4,0.4006236493587494,0.2918432950973511
4min,MLP,1,2026,train_with_validation_monitoring,5,0.3347852826118469,0.25280702114105225
4min,MLP,1,2026,train_with_validation_monitoring,6,0.29028722643852234,0.3100224733352661
4min,MLP,1,2026,train_with_validation_monitoring,7,0.28247466683387756,0.20931509137153625
4min,MLP,1,2026,train_with_validation_monitoring,8,0.2403300404548645,0.317473828792572
4min,MLP,1,2026,train_with_validation_monitoring,9,0.23346777260303497,0.2757447063922882
4min,MLP,1,2026,train_with_validation_monitoring,10,0.2273031324148178,0.29191118478775024
4min,MLP,1,2026,train_with_validation_monitoring,11,0.22549109160900116,0.2258843630552292
4min,MLP,1,2026,train_with_validation_monitoring,12,0.22959676384925842,0.23094750940799713
4min,MLP,1,2026,train_with_validation_monitoring,13,0.23635928332805634,0.23053647577762604
4min,MLP,1,2026,train_with_validation_monitoring,14,0.2034851610660553,0.19839128851890564
4min,MLP,1,2026,train_with_validation_monitoring,15,0.19525694847106934,0.17422817647457123
4min,MLP,1,2026,train_with_validation_monitoring,16,0.17391376197338104,0.2054704874753952
4min,MLP,1,2026,train_with_validation_monitoring,17,0.17471244931221008,0.1768040955066681
4min,MLP,1,2026,train_with_validation_monitoring,18,0.16787245869636536,0.21035659313201904
4min,MLP,1,2026,train_with_validation_monitoring,19,0.1702682077884674,0.20571543276309967
4min,MLP,1,2026,train_with_validation_monitoring,20,0.16518576443195343,0.20519299805164337
4min,MLP,1,2026,train_with_validation_monitoring,21,0.15822236239910126,0.19222506880760193
4min,MLP,1,2026,train_with_validation_monitoring,22,0.14542122185230255,0.203553706407547
4min,MLP,1,2026,train_with_validation_monitoring,23,0.14527323842048645,0.18619392812252045
4min,MLP,1,2026,train_with_validation_monitoring,24,0.14755265414714813,0.18773508071899414
4min,MLP,1,2026,train_with_validation_monitoring,25,0.1450270414352417,0.17354974150657654
4min,MLP,1,2026,train_with_validation_monitoring,26,0.14898712933063507,0.23338621854782104
4min,MLP,1,2026,train_with_validation_monitoring,27,0.13676218688488007,0.16855362057685852
4min,MLP,1,2026,train_with_validation_monitoring,28,0.14249081909656525,0.19380567967891693
4min,MLP,1,2026,train_with_validation_monitoring,29,0.13909728825092316,0.1798560619354248
4min,MLP,1,2026,train_with_validation_monitoring,30,0.1404547244310379,0.17347051203250885
4min,MLP,1,2026,train_with_validation_monitoring,31,0.14059396088123322,0.17837540805339813
4min,MLP,1,2026,train_with_validation_monitoring,32,0.13449107110500336,0.17545366287231445
4min,MLP,1,2026,train_with_validation_monitoring,33,0.13412003219127655,0.17832916975021362
4min,MLP,1,2026,train_with_validation_monitoring,34,0.13386592268943787,0.1714508980512619
4min,MLP,1,2026,train_with_validation_monitoring,35,0.1384262889623642,0.17203782498836517
4min,MLP,1,2026,train_with_validation_monitoring,36,0.13564461469650269,0.16688908636569977
4min,MLP,1,2026,train_with_validation_monitoring,37,0.12678702175617218,0.1656126230955124
4min,MLP,1,2026,train_with_validation_monitoring,38,0.12247838824987411,0.16919143497943878
4min,MLP,1,2026,train_with_validation_monitoring,39,0.13632149994373322,0.17783105373382568
4min,MLP,1,2026,train_with_validation_monitoring,40,0.12842145562171936,0.17279987037181854
4min,MLP,1,2026,train_with_validation_monitoring,41,0.12577813863754272,0.17368139326572418
4min,MLP,1,2026,train_with_validation_monitoring,42,0.12464465945959091,0.16831421852111816
4min,MLP,1,2026,train_with_validation_monitoring,43,0.11667689681053162,0.17383921146392822
4min,MLP,1,2026,train_with_validation_monitoring,44,0.12615396082401276,0.1651293784379959
4min,MLP,1,2026,train_with_validation_monitoring,45,0.12203869223594666,0.17538556456565857
4min,MLP,1,2026,train_with_validation_monitoring,46,0.12120123952627182,0.16799794137477875
4min,MLP,1,2026,train_with_validation_monitoring,47,0.13120965659618378,0.17518353462219238
4min,MLP,1,2026,train_with_validation_monitoring,48,0.13095511496067047,0.17147456109523773
4min,MLP,1,2026,train_with_validation_monitoring,49,0.11849505454301834,0.16533198952674866
4min,MLP,1,2026,train_with_validation_monitoring,50,0.1249089390039444,0.1746067851781845
4min,MLP,1,2026,train_with_validation_monitoring,51,0.12223315984010696,0.17765089869499207
4min,MLP,1,2026,train_with_validation_monitoring,52,0.12208138406276703,0.1715487688779831
4min,MLP,1,2026,train_with_validation_monitoring,53,0.11580417305231094,0.1779211461544037
4min,MLP,1,2026,train_with_validation_monitoring,54,0.11982806026935577,0.17784005403518677
4min,MLP,1,2027,train_with_validation_monitoring,1,1.4209293127059937,0.6466725468635559
4min,MLP,1,2027,train_with_validation_monitoring,2,0.7284714579582214,0.3776533901691437
4min,MLP,1,2027,train_with_validation_monitoring,3,0.486451655626297,0.41144871711730957
4min,MLP,1,2027,train_with_validation_monitoring,4,0.40989816188812256,0.24283669888973236
4min,MLP,1,2027,train_with_validation_monitoring,5,0.3447050154209137,0.2878321707248688
4min,MLP,1,2027,train_with_validation_monitoring,6,0.305838018655777,0.21371902525424957
4min,MLP,1,2027,train_with_validation_monitoring,7,0.2640773057937622,0.18961434066295624
4min,MLP,1,2027,train_with_validation_monitoring,8,0.2554664611816406,0.20136277377605438
4min,MLP,1,2027,train_with_validation_monitoring,9,0.23308295011520386,0.23286870121955872
4min,MLP,1,2027,train_with_validation_monitoring,10,0.22091926634311676,0.256984144449234
4min,MLP,1,2027,train_with_validation_monitoring,11,0.21841298043727875,0.19899827241897583
4min,MLP,1,2027,train_with_validation_monitoring,12,0.22046738862991333,0.2019542157649994
4min,MLP,1,2027,train_with_validation_monitoring,13,0.2051740139722824,0.1748979091644287
4min,MLP,1,2027,train_with_validation_monitoring,14,0.19049187004566193,0.19761326909065247
4min,MLP,1,2027,train_with_validation_monitoring,15,0.1807861626148224,0.17208558320999146
4min,MLP,1,2027,train_with_validation_monitoring,16,0.18067485094070435,0.17629212141036987
4min,MLP,1,2027,train_with_validation_monitoring,17,0.1728331446647644,0.24742931127548218
4min,MLP,1,2027,train_with_validation_monitoring,18,0.17046882212162018,0.20394471287727356
4min,MLP,1,2027,train_with_validation_monitoring,19,0.16512876749038696,0.17556051909923553
4min,MLP,1,2027,train_with_validation_monitoring,20,0.16345828771591187,0.1820557564496994
4min,MLP,1,2027,train_with_validation_monitoring,21,0.16765901446342468,0.2053067982196808
4min,MLP,1,2027,train_with_validation_monitoring,22,0.1461912840604782,0.1607355773448944
4min,MLP,1,2027,train_with_validation_monitoring,23,0.14352966845035553,0.17589621245861053
4min,MLP,1,2027,train_with_validation_monitoring,24,0.14792819321155548,0.18711861968040466
4min,MLP,1,2027,train_with_validation_monitoring,25,0.14381389319896698,0.16501879692077637
4min,MLP,1,2027,train_with_validation_monitoring,26,0.14487427473068237,0.1699148714542389
4min,MLP,1,2027,train_with_validation_monitoring,27,0.1511927992105484,0.1468651443719864
4min,MLP,1,2027,train_with_validation_monitoring,28,0.15067781507968903,0.1631290763616562
4min,MLP,1,2027,train_with_validation_monitoring,29,0.14927233755588531,0.17369602620601654
4min,MLP,1,2027,train_with_validation_monitoring,30,0.13774234056472778,0.15614420175552368
4min,MLP,1,2027,train_with_validation_monitoring,31,0.137920081615448,0.1556456834077835
4min,MLP,1,2027,train_with_validation_monitoring,32,0.14414337277412415,0.1635185331106186
4min,MLP,1,2027,train_with_validation_monitoring,33,0.12963536381721497,0.16473115980625153
4min,MLP,1,2027,train_with_validation_monitoring,34,0.1357172280550003,0.17527475953102112
4min,MLP,1,2027,train_with_validation_monitoring,35,0.12758959829807281,0.14463500678539276
4min,MLP,1,2027,train_with_validation_monitoring,36,0.1283847689628601,0.1607290804386139
4min,MLP,1,2027,train_with_validation_monitoring,37,0.1307900995016098,0.15646693110466003
4min,MLP,1,2027,train_with_validation_monitoring,38,0.12819185853004456,0.16027644276618958
4min,MLP,1,2027,train_with_validation_monitoring,39,0.12332001328468323,0.16689343750476837
4min,MLP,1,2027,train_with_validation_monitoring,40,0.12582063674926758,0.15332189202308655
4min,MLP,1,2027,train_with_validation_monitoring,41,0.12251090258359909,0.15601316094398499
4min,MLP,1,2027,train_with_validation_monitoring,42,0.12930828332901,0.15351508557796478
4min,MLP,1,2027,train_with_validation_monitoring,43,0.11987818032503128,0.15657363831996918
4min,MLP,1,2027,train_with_validation_monitoring,44,0.1265632063150406,0.1598493754863739
4min,MLP,1,2027,train_with_validation_monitoring,45,0.11514715105295181,0.15392930805683136
4min,MLP,1,2028,train_with_validation_monitoring,1,1.5743504762649536,0.6780550479888916
4min,MLP,1,2028,train_with_validation_monitoring,2,0.7873483300209045,0.2590924799442291
4min,MLP,1,2028,train_with_validation_monitoring,3,0.5157144665718079,0.31855204701423645
4min,MLP,1,2028,train_with_validation_monitoring,4,0.37699025869369507,0.22266903519630432
4min,MLP,1,2028,train_with_validation_monitoring,5,0.3402494192123413,0.20425961911678314
4min,MLP,1,2028,train_with_validation_monitoring,6,0.2853040099143982,0.20307496190071106
4min,MLP,1,2028,train_with_validation_monitoring,7,0.2732788622379303,0.21775828301906586
4min,MLP,1,2028,train_with_validation_monitoring,8,0.2596069276332855,0.1924881935119629
4min,MLP,1,2028,train_with_validation_monitoring,9,0.22904843091964722,0.19896695017814636
4min,MLP,1,2028,train_with_validation_monitoring,10,0.23475533723831177,0.20288294553756714
4min,MLP,1,2028,train_with_validation_monitoring,11,0.21827910840511322,0.2065712958574295
4min,MLP,1,2028,train_with_validation_monitoring,12,0.221872940659523,0.20112372934818268
4min,MLP,1,2028,train_with_validation_monitoring,13,0.21953147649765015,0.19264480471611023
4min,MLP,1,2028,train_with_validation_monitoring,14,0.19508427381515503,0.2124129831790924
4min,MLP,1,2028,train_with_validation_monitoring,15,0.18011315166950226,0.1845521777868271
4min,MLP,1,2028,train_with_validation_monitoring,16,0.1823180466890335,0.2013772428035736
4min,MLP,1,2028,train_with_validation_monitoring,17,0.1733824610710144,0.16454574465751648
4min,MLP,1,2028,train_with_validation_monitoring,18,0.1697765439748764,0.17086023092269897
4min,MLP,1,2028,train_with_validation_monitoring,19,0.1690092533826828,0.18336759507656097
4min,MLP,1,2028,train_with_validation_monitoring,20,0.1652713567018509,0.1692899614572525
4min,MLP,1,2028,train_with_validation_monitoring,21,0.16340334713459015,0.16529786586761475
4min,MLP,1,2028,train_with_validation_monitoring,22,0.14805454015731812,0.18971478939056396
4min,MLP,1,2028,train_with_validation_monitoring,23,0.15365469455718994,0.1841960847377777
4min,MLP,1,2028,train_with_validation_monitoring,24,0.15167206525802612,0.17252472043037415
4min,MLP,1,2028,train_with_validation_monitoring,25,0.14865301549434662,0.17344841361045837
4min,MLP,1,2028,train_with_validation_monitoring,26,0.1423330307006836,0.1638108491897583
4min,MLP,1,2028,train_with_validation_monitoring,27,0.14281761646270752,0.15767714381217957
4min,MLP,1,2028,train_with_validation_monitoring,28,0.14399059116840363,0.17947813868522644
4min,MLP,1,2028,train_with_validation_monitoring,29,0.1456514149904251,0.15470470488071442
4min,MLP,1,2028,train_with_validation_monitoring,30,0.13846354186534882,0.1701694130897522
4min,MLP,1,2028,train_with_validation_monitoring,31,0.13423234224319458,0.16099867224693298
4min,MLP,1,2028,train_with_validation_monitoring,32,0.1465223878622055,0.18428027629852295
4min,MLP,1,2028,train_with_validation_monitoring,33,0.1392761617898941,0.157908633351326
4min,MLP,1,2028,train_with_validation_monitoring,34,0.13605110347270966,0.17037361860275269
4min,MLP,1,2028,train_with_validation_monitoring,35,0.14320051670074463,0.172857865691185
4min,MLP,1,2028,train_with_validation_monitoring,36,0.1361769586801529,0.1580045521259308
4min,MLP,1,2028,train_with_validation_monitoring,37,0.13593830168247223,0.1644524186849594
4min,MLP,1,2028,train_with_validation_monitoring,38,0.13632550835609436,0.1662352979183197
4min,MLP,1,2028,train_with_validation_monitoring,39,0.13137389719486237,0.16515755653381348
4min,MLP,2,2026,train_with_validation_monitoring,1,1.384024977684021,0.6169552803039551
4min,MLP,2,2026,train_with_validation_monitoring,2,0.713967502117157,0.3110714852809906
4min,MLP,2,2026,train_with_validation_monitoring,3,0.4793543219566345,0.24171163141727448
4min,MLP,2,2026,train_with_validation_monitoring,4,0.36258822679519653,0.20821119844913483
4min,MLP,2,2026,train_with_validation_monitoring,5,0.3088861405849457,0.25808900594711304
4min,MLP,2,2026,train_with_validation_monitoring,6,0.27483391761779785,0.2305324822664261
4min,MLP,2,2026,train_with_validation_monitoring,7,0.2595358192920685,0.21704743802547455
4min,MLP,2,2026,train_with_validation_monitoring,8,0.2421240508556366,0.25394394993782043
4min,MLP,2,2026,train_with_validation_monitoring,9,0.21933923661708832,0.21638895571231842
4min,MLP,2,2026,train_with_validation_monitoring,10,0.20999273657798767,0.18274210393428802
4min,MLP,2,2026,train_with_validation_monitoring,11,0.19002173840999603,0.1916588693857193
4min,MLP,2,2026,train_with_validation_monitoring,12,0.19057278335094452,0.19487668573856354
4min,MLP,2,2026,train_with_validation_monitoring,13,0.17900177836418152,0.20893488824367523
4min,MLP,2,2026,train_with_validation_monitoring,14,0.17879176139831543,0.1588270515203476
4min,MLP,2,2026,train_with_validation_monitoring,15,0.16977623105049133,0.20048615336418152
4min,MLP,2,2026,train_with_validation_monitoring,16,0.174735888838768,0.19323964416980743
4min,MLP,2,2026,train_with_validation_monitoring,17,0.17262263596057892,0.1639176309108734
4min,MLP,2,2026,train_with_validation_monitoring,18,0.15486270189285278,0.2083469033241272
4min,MLP,2,2026,train_with_validation_monitoring,19,0.16566230356693268,0.1781211793422699
4min,MLP,2,2026,train_with_validation_monitoring,20,0.15912634134292603,0.17395491898059845
4min,MLP,2,2026,train_with_validation_monitoring,21,0.14909331500530243,0.1599109023809433
4min,MLP,2,2026,train_with_validation_monitoring,22,0.14408867061138153,0.19230689108371735
4min,MLP,2,2026,train_with_validation_monitoring,23,0.15124790370464325,0.16205663979053497
4min,MLP,2,2026,train_with_validation_monitoring,24,0.14578837156295776,0.17040178179740906
4min,MLP,2,2027,train_with_validation_monitoring,1,1.3302996158599854,0.4677903950214386
4min,MLP,2,2027,train_with_validation_monitoring,2,0.6712062358856201,0.28215962648391724
4min,MLP,2,2027,train_with_validation_monitoring,3,0.4416063725948334,0.20055001974105835
4min,MLP,2,2027,train_with_validation_monitoring,4,0.3612399995326996,0.21587100625038147
4min,MLP,2,2027,train_with_validation_monitoring,5,0.31254035234451294,0.1739540994167328
4min,MLP,2,2027,train_with_validation_monitoring,6,0.2750161290168762,0.22592735290527344
4min,MLP,2,2027,train_with_validation_monitoring,7,0.2510567307472229,0.22910046577453613
4min,MLP,2,2027,train_with_validation_monitoring,8,0.2483394742012024,0.17595455050468445
4min,MLP,2,2027,train_with_validation_monitoring,9,0.2408791482448578,0.1964268535375595
4min,MLP,2,2027,train_with_validation_monitoring,10,0.23211829364299774,0.2434787154197693
4min,MLP,2,2027,train_with_validation_monitoring,11,0.21264497935771942,0.17616362869739532
4min,MLP,2,2027,train_with_validation_monitoring,12,0.20043273270130157,0.2264585942029953
4min,MLP,2,2027,train_with_validation_monitoring,13,0.18149639666080475,0.18592409789562225
4min,MLP,2,2027,train_with_validation_monitoring,14,0.17989374697208405,0.16779901087284088
4min,MLP,2,2027,train_with_validation_monitoring,15,0.1685529500246048,0.17231369018554688
4min,MLP,2,2027,train_with_validation_monitoring,16,0.17010489106178284,0.1827385425567627
4min,MLP,2,2027,train_with_validation_monitoring,17,0.16984321177005768,0.2118498682975769
4min,MLP,2,2027,train_with_validation_monitoring,18,0.17213667929172516,0.16750666499137878
4min,MLP,2,2027,train_with_validation_monitoring,19,0.16047044098377228,0.18204237520694733
4min,MLP,2,2027,train_with_validation_monitoring,20,0.16083768010139465,0.18456564843654633
4min,MLP,2,2027,train_with_validation_monitoring,21,0.1607692837715149,0.16394813358783722
4min,MLP,2,2027,train_with_validation_monitoring,22,0.15615740418434143,0.17391687631607056
4min,MLP,2,2027,train_with_validation_monitoring,23,0.15194961428642273,0.1696690022945404
4min,MLP,2,2027,train_with_validation_monitoring,24,0.15350420773029327,0.17425936460494995
4min,MLP,2,2027,train_with_validation_monitoring,25,0.1586449295282364,0.1749931275844574
4min,MLP,2,2027,train_with_validation_monitoring,26,0.156029611825943,0.16784091293811798
4min,MLP,2,2027,train_with_validation_monitoring,27,0.15259316563606262,0.17727728188037872
4min,MLP,2,2027,train_with_validation_monitoring,28,0.1399940401315689,0.17984111607074738
4min,MLP,2,2027,train_with_validation_monitoring,29,0.14047034084796906,0.18000884354114532
4min,MLP,2,2027,train_with_validation_monitoring,30,0.13587921857833862,0.18021361529827118
4min,MLP,2,2027,train_with_validation_monitoring,31,0.13325655460357666,0.18572846055030823
4min,MLP,2,2028,train_with_validation_monitoring,1,1.6359448432922363,0.4669313132762909
4min,MLP,2,2028,train_with_validation_monitoring,2,0.7855035662651062,0.30402490496635437
4min,MLP,2,2028,train_with_validation_monitoring,3,0.5012858510017395,0.2631348967552185
4min,MLP,2,2028,train_with_validation_monitoring,4,0.39469996094703674,0.20734566450119019
4min,MLP,2,2028,train_with_validation_monitoring,5,0.33626577258110046,0.21607911586761475
4min,MLP,2,2028,train_with_validation_monitoring,6,0.2960910499095917,0.19163532555103302
4min,MLP,2,2028,train_with_validation_monitoring,7,0.27396562695503235,0.18883587419986725
4min,MLP,2,2028,train_with_validation_monitoring,8,0.25147995352745056,0.17501237988471985
4min,MLP,2,2028,train_with_validation_monitoring,9,0.2251189649105072,0.2007257342338562
4min,MLP,2,2028,train_with_validation_monitoring,10,0.21805748343467712,0.24220626056194305
4min,MLP,2,2028,train_with_validation_monitoring,11,0.2036488652229309,0.19762088358402252
4min,MLP,2,2028,train_with_validation_monitoring,12,0.20327675342559814,0.21323201060295105
4min,MLP,2,2028,train_with_validation_monitoring,13,0.19596655666828156,0.17923647165298462
4min,MLP,2,2028,train_with_validation_monitoring,14,0.19670027494430542,0.2086704969406128
4min,MLP,2,2028,train_with_validation_monitoring,15,0.18341778218746185,0.18217159807682037
4min,MLP,2,2028,train_with_validation_monitoring,16,0.17681476473808289,0.19226643443107605
4min,MLP,2,2028,train_with_validation_monitoring,17,0.17068889737129211,0.2113853394985199
4min,MLP,2,2028,train_with_validation_monitoring,18,0.16709479689598083,0.15852686762809753
4min,MLP,2,2028,train_with_validation_monitoring,19,0.1782679259777069,0.19107231497764587
4min,MLP,2,2028,train_with_validation_monitoring,20,0.1608482301235199,0.18992836773395538
4min,MLP,2,2028,train_with_validation_monitoring,21,0.1652895212173462,0.18958359956741333
4min,MLP,2,2028,train_with_validation_monitoring,22,0.15791261196136475,0.17289318144321442
4min,MLP,2,2028,train_with_validation_monitoring,23,0.15389418601989746,0.20354388654232025
4min,MLP,2,2028,train_with_validation_monitoring,24,0.15290214121341705,0.18631158769130707
4min,MLP,2,2028,train_with_validation_monitoring,25,0.14961808919906616,0.1754540354013443
4min,MLP,2,2028,train_with_validation_monitoring,26,0.14020860195159912,0.195497527718544
4min,MLP,2,2028,train_with_validation_monitoring,27,0.14707624912261963,0.17286863923072815
4min,MLP,2,2028,train_with_validation_monitoring,28,0.13928887248039246,0.1872149556875229
4min,LSTM,1,2026,train_with_validation_monitoring,1,0.9380604028701782,0.680404543876648
4min,LSTM,1,2026,train_with_validation_monitoring,2,0.7251623272895813,0.5797936916351318
4min,LSTM,1,2026,train_with_validation_monitoring,3,0.565373420715332,0.4523458480834961
4min,LSTM,1,2026,train_with_validation_monitoring,4,0.4619847238063812,0.31543079018592834
4min,LSTM,1,2026,train_with_validation_monitoring,5,0.3864254355430603,0.23465102910995483
4min,LSTM,1,2026,train_with_validation_monitoring,6,0.3458558917045593,0.20343171060085297
4min,LSTM,1,2026,train_with_validation_monitoring,7,0.30536359548568726,0.19477301836013794
4min,LSTM,1,2026,train_with_validation_monitoring,8,0.2775731086730957,0.17985399067401886
4min,LSTM,1,2026,train_with_validation_monitoring,9,0.27936282753944397,0.1546187400817871
4min,LSTM,1,2026,train_with_validation_monitoring,10,0.2511170506477356,0.1718209981918335
4min,LSTM,1,2026,train_with_validation_monitoring,11,0.24853414297103882,0.18719260394573212
4min,LSTM,1,2026,train_with_validation_monitoring,12,0.2532236874103546,0.17834584414958954
4min,LSTM,1,2026,train_with_validation_monitoring,13,0.25570791959762573,0.1784014105796814
4min,LSTM,1,2026,train_with_validation_monitoring,14,0.22907470166683197,0.16405992209911346
4min,LSTM,1,2026,train_with_validation_monitoring,15,0.22907929122447968,0.17154546082019806
4min,LSTM,1,2026,train_with_validation_monitoring,16,0.21887578070163727,0.17014315724372864
4min,LSTM,1,2026,train_with_validation_monitoring,17,0.21374820172786713,0.1594909131526947
4min,LSTM,1,2026,train_with_validation_monitoring,18,0.20994994044303894,0.1553950011730194
4min,LSTM,1,2026,train_with_validation_monitoring,19,0.20581184327602386,0.14801567792892456
4min,LSTM,1,2026,train_with_validation_monitoring,20,0.21770615875720978,0.14276164770126343
4min,LSTM,1,2026,train_with_validation_monitoring,21,0.20770202577114105,0.14306171238422394
4min,LSTM,1,2026,train_with_validation_monitoring,22,0.18912561237812042,0.14920823276042938
4min,LSTM,1,2026,train_with_validation_monitoring,23,0.20148435235023499,0.13978172838687897
4min,LSTM,1,2026,train_with_validation_monitoring,24,0.18800580501556396,0.1482197493314743
4min,LSTM,1,2026,train_with_validation_monitoring,25,0.1827906221151352,0.14852088689804077
4min,LSTM,1,2026,train_with_validation_monitoring,26,0.1915159374475479,0.1402359902858734
4min,LSTM,1,2026,train_with_validation_monitoring,27,0.17600838840007782,0.14148220419883728
4min,LSTM,1,2026,train_with_validation_monitoring,28,0.18313080072402954,0.1407148838043213
4min,LSTM,1,2026,train_with_validation_monitoring,29,0.17934563755989075,0.132358118891716
4min,LSTM,1,2026,train_with_validation_monitoring,30,0.17416955530643463,0.12866514921188354
4min,LSTM,1,2026,train_with_validation_monitoring,31,0.16587628424167633,0.14160791039466858
4min,LSTM,1,2026,train_with_validation_monitoring,32,0.18612012267112732,0.14147354662418365
4min,LSTM,1,2026,train_with_validation_monitoring,33,0.17440471053123474,0.14508719742298126
4min,LSTM,1,2026,train_with_validation_monitoring,34,0.17775295674800873,0.14379487931728363
4min,LSTM,1,2026,train_with_validation_monitoring,35,0.16542722284793854,0.14272332191467285
4min,LSTM,1,2026,train_with_validation_monitoring,36,0.17347776889801025,0.14661751687526703
4min,LSTM,1,2026,train_with_validation_monitoring,37,0.17854546010494232,0.14608262479305267
4min,LSTM,1,2026,train_with_validation_monitoring,38,0.16842588782310486,0.14259275794029236
4min,LSTM,1,2026,train_with_validation_monitoring,39,0.15842604637145996,0.14236263930797577
4min,LSTM,1,2026,train_with_validation_monitoring,40,0.167782723903656,0.14281176030635834
4min,LSTM,1,2027,train_with_validation_monitoring,1,0.9486977458000183,0.7388232946395874
4min,LSTM,1,2027,train_with_validation_monitoring,2,0.74196457862854,0.6160832643508911
4min,LSTM,1,2027,train_with_validation_monitoring,3,0.59530109167099,0.49573156237602234
4min,LSTM,1,2027,train_with_validation_monitoring,4,0.49893099069595337,0.3883382976055145
4min,LSTM,1,2027,train_with_validation_monitoring,5,0.4070136547088623,0.2897048890590668
4min,LSTM,1,2027,train_with_validation_monitoring,6,0.35861748456954956,0.22001343965530396
4min,LSTM,1,2027,train_with_validation_monitoring,7,0.32739925384521484,0.19388297200202942
4min,LSTM,1,2027,train_with_validation_monitoring,8,0.31769219040870667,0.16616475582122803
4min,LSTM,1,2027,train_with_validation_monitoring,9,0.281720906496048,0.1644010990858078
4min,LSTM,1,2027,train_with_validation_monitoring,10,0.26517990231513977,0.1465665102005005
4min,LSTM,1,2027,train_with_validation_monitoring,11,0.25769737362861633,0.15325260162353516
4min,LSTM,1,2027,train_with_validation_monitoring,12,0.2400520145893097,0.1301359236240387
4min,LSTM,1,2027,train_with_validation_monitoring,13,0.23103958368301392,0.1328846514225006
4min,LSTM,1,2027,train_with_validation_monitoring,14,0.21076001226902008,0.1352427899837494
4min,LSTM,1,2027,train_with_validation_monitoring,15,0.21747460961341858,0.13410551846027374
4min,LSTM,1,2027,train_with_validation_monitoring,16,0.21930712461471558,0.1348324567079544
4min,LSTM,1,2027,train_with_validation_monitoring,17,0.20355772972106934,0.12536406517028809
4min,LSTM,1,2027,train_with_validation_monitoring,18,0.20308718085289001,0.1344767063856125
4min,LSTM,1,2027,train_with_validation_monitoring,19,0.1982753574848175,0.13669566810131073
4min,LSTM,1,2027,train_with_validation_monitoring,20,0.18334951996803284,0.11691292375326157
4min,LSTM,1,2027,train_with_validation_monitoring,21,0.20160076022148132,0.11988312751054764
4min,LSTM,1,2027,train_with_validation_monitoring,22,0.19607514142990112,0.1276749074459076
4min,LSTM,1,2027,train_with_validation_monitoring,23,0.1980513483285904,0.1287393569946289
4min,LSTM,1,2027,train_with_validation_monitoring,24,0.19466347992420197,0.13741306960582733
4min,LSTM,1,2027,train_with_validation_monitoring,25,0.1966996043920517,0.12291783839464188
4min,LSTM,1,2027,train_with_validation_monitoring,26,0.17801342904567719,0.12113258987665176
4min,LSTM,1,2027,train_with_validation_monitoring,27,0.17743763327598572,0.1166294664144516
4min,LSTM,1,2027,train_with_validation_monitoring,28,0.16402755677700043,0.11964540183544159
4min,LSTM,1,2027,train_with_validation_monitoring,29,0.1718694418668747,0.11640171706676483
4min,LSTM,1,2027,train_with_validation_monitoring,30,0.16463597118854523,0.12386901676654816
4min,LSTM,1,2027,train_with_validation_monitoring,31,0.16515351831912994,0.11414625495672226
4min,LSTM,1,2027,train_with_validation_monitoring,32,0.16953045129776,0.12125561386346817
4min,LSTM,1,2027,train_with_validation_monitoring,33,0.16230006515979767,0.13088415563106537
4min,LSTM,1,2027,train_with_validation_monitoring,34,0.15483760833740234,0.11975912004709244
4min,LSTM,1,2027,train_with_validation_monitoring,35,0.15594413876533508,0.11834927648305893
4min,LSTM,1,2027,train_with_validation_monitoring,36,0.14719559252262115,0.12561246752738953
4min,LSTM,1,2027,train_with_validation_monitoring,37,0.1592990756034851,0.12564319372177124
4min,LSTM,1,2027,train_with_validation_monitoring,38,0.145587757229805,0.12236513942480087
4min,LSTM,1,2027,train_with_validation_monitoring,39,0.1515348106622696,0.12299377471208572
4min,LSTM,1,2027,train_with_validation_monitoring,40,0.14611563086509705,0.12805499136447906
4min,LSTM,1,2027,train_with_validation_monitoring,41,0.1566498726606369,0.12939776480197906
4min,LSTM,1,2028,train_with_validation_monitoring,1,0.9086950421333313,0.6974425911903381
4min,LSTM,1,2028,train_with_validation_monitoring,2,0.6956867575645447,0.5450425744056702
4min,LSTM,1,2028,train_with_validation_monitoring,3,0.5394253134727478,0.3992011547088623
4min,LSTM,1,2028,train_with_validation_monitoring,4,0.42161446809768677,0.29427969455718994
4min,LSTM,1,2028,train_with_validation_monitoring,5,0.36970463395118713,0.24597762525081635
4min,LSTM,1,2028,train_with_validation_monitoring,6,0.34388259053230286,0.2037040889263153
4min,LSTM,1,2028,train_with_validation_monitoring,7,0.31530120968818665,0.1874292492866516
4min,LSTM,1,2028,train_with_validation_monitoring,8,0.2892879843711853,0.17650313675403595
4min,LSTM,1,2028,train_with_validation_monitoring,9,0.25998780131340027,0.16939926147460938
4min,LSTM,1,2028,train_with_validation_monitoring,10,0.27650031447410583,0.15849453210830688
4min,LSTM,1,2028,train_with_validation_monitoring,11,0.2488219290971756,0.1556912064552307
4min,LSTM,1,2028,train_with_validation_monitoring,12,0.2702745795249939,0.1620558649301529
4min,LSTM,1,2028,train_with_validation_monitoring,13,0.2308131456375122,0.1521342545747757
4min,LSTM,1,2028,train_with_validation_monitoring,14,0.24334067106246948,0.1436377316713333
4min,LSTM,1,2028,train_with_validation_monitoring,15,0.23101772367954254,0.16771870851516724
4min,LSTM,1,2028,train_with_validation_monitoring,16,0.21838055551052094,0.13818950951099396
4min,LSTM,1,2028,train_with_validation_monitoring,17,0.2170785814523697,0.14504829049110413
4min,LSTM,1,2028,train_with_validation_monitoring,18,0.2119673192501068,0.15992915630340576
4min,LSTM,1,2028,train_with_validation_monitoring,19,0.20041805505752563,0.14145907759666443
4min,LSTM,1,2028,train_with_validation_monitoring,20,0.2116549015045166,0.13280844688415527
4min,LSTM,1,2028,train_with_validation_monitoring,21,0.19800886511802673,0.1339169591665268
4min,LSTM,1,2028,train_with_validation_monitoring,22,0.18588516116142273,0.14225083589553833
4min,LSTM,1,2028,train_with_validation_monitoring,23,0.2029925137758255,0.15039636194705963
4min,LSTM,1,2028,train_with_validation_monitoring,24,0.1856863796710968,0.15623338520526886
4min,LSTM,1,2028,train_with_validation_monitoring,25,0.23034387826919556,0.14289940893650055
4min,LSTM,1,2028,train_with_validation_monitoring,26,0.19314216077327728,0.15345050394535065
4min,LSTM,1,2028,train_with_validation_monitoring,27,0.18368980288505554,0.11901838332414627
4min,LSTM,1,2028,train_with_validation_monitoring,28,0.17510102689266205,0.1266222894191742
4min,LSTM,1,2028,train_with_validation_monitoring,29,0.17575888335704803,0.13111403584480286
4min,LSTM,1,2028,train_with_validation_monitoring,30,0.1530030518770218,0.13543938100337982
4min,LSTM,1,2028,train_with_validation_monitoring,31,0.16338618099689484,0.12519356608390808
4min,LSTM,1,2028,train_with_validation_monitoring,32,0.16499470174312592,0.1385211944580078
4min,LSTM,1,2028,train_with_validation_monitoring,33,0.1502218246459961,0.13375744223594666
4min,LSTM,1,2028,train_with_validation_monitoring,34,0.1613355278968811,0.12912201881408691
4min,LSTM,1,2028,train_with_validation_monitoring,35,0.16308453679084778,0.1311524510383606
4min,LSTM,1,2028,train_with_validation_monitoring,36,0.1572374403476715,0.13900867104530334
4min,LSTM,1,2028,train_with_validation_monitoring,37,0.14909909665584564,0.13544908165931702
4min,LSTM,2,2026,train_with_validation_monitoring,1,1.0095804929733276,0.7442228198051453
4min,LSTM,2,2026,train_with_validation_monitoring,2,0.8088849186897278,0.6048935651779175
4min,LSTM,2,2026,train_with_validation_monitoring,3,0.6570901870727539,0.5063359141349792
4min,LSTM,2,2026,train_with_validation_monitoring,4,0.5564807057380676,0.4103196859359741
4min,LSTM,2,2026,train_with_validation_monitoring,5,0.47932350635528564,0.32845133543014526
4min,LSTM,2,2026,train_with_validation_monitoring,6,0.42852187156677246,0.27281126379966736
4min,LSTM,2,2026,train_with_validation_monitoring,7,0.39242711663246155,0.23223359882831573
4min,LSTM,2,2026,train_with_validation_monitoring,8,0.3781656324863434,0.22710244357585907
4min,LSTM,2,2026,train_with_validation_monitoring,9,0.3643651306629181,0.19605423510074615
4min,LSTM,2,2026,train_with_validation_monitoring,10,0.34435078501701355,0.1873607486486435
4min,LSTM,2,2026,train_with_validation_monitoring,11,0.34638547897338867,0.1652304232120514
4min,LSTM,2,2026,train_with_validation_monitoring,12,0.3305540084838867,0.1605033576488495
4min,LSTM,2,2026,train_with_validation_monitoring,13,0.3172968327999115,0.14222364127635956
4min,LSTM,2,2026,train_with_validation_monitoring,14,0.30030280351638794,0.13618387281894684
4min,LSTM,2,2026,train_with_validation_monitoring,15,0.29713892936706543,0.1376817375421524
4min,LSTM,2,2026,train_with_validation_monitoring,16,0.2914406359195709,0.13431192934513092
4min,LSTM,2,2026,train_with_validation_monitoring,17,0.2944738566875458,0.15047204494476318
4min,LSTM,2,2026,train_with_validation_monitoring,18,0.2556132674217224,0.14447002112865448
4min,LSTM,2,2026,train_with_validation_monitoring,19,0.274716854095459,0.1362188160419464
4min,LSTM,2,2026,train_with_validation_monitoring,20,0.29351893067359924,0.1512635350227356
4min,LSTM,2,2026,train_with_validation_monitoring,21,0.2608581483364105,0.1384386569261551
4min,LSTM,2,2026,train_with_validation_monitoring,22,0.26472219824790955,0.13510224223136902
4min,LSTM,2,2026,train_with_validation_monitoring,23,0.25839605927467346,0.13916364312171936
4min,LSTM,2,2026,train_with_validation_monitoring,24,0.2620047330856323,0.14031271636486053
4min,LSTM,2,2026,train_with_validation_monitoring,25,0.2569791376590729,0.15690499544143677
4min,LSTM,2,2026,train_with_validation_monitoring,26,0.2511950433254242,0.14034272730350494
4min,LSTM,2,2027,train_with_validation_monitoring,1,0.9699843525886536,0.779115617275238
4min,LSTM,2,2027,train_with_validation_monitoring,2,0.8170318603515625,0.6684682965278625
4min,LSTM,2,2027,train_with_validation_monitoring,3,0.6848170161247253,0.5647346377372742
4min,LSTM,2,2027,train_with_validation_monitoring,4,0.5975404381752014,0.4822778105735779
4min,LSTM,2,2027,train_with_validation_monitoring,5,0.5169467329978943,0.40382352471351624
4min,LSTM,2,2027,train_with_validation_monitoring,6,0.47783902287483215,0.3187517523765564
4min,LSTM,2,2027,train_with_validation_monitoring,7,0.4292744994163513,0.2685531973838806
4min,LSTM,2,2027,train_with_validation_monitoring,8,0.41297248005867004,0.24313735961914062
4min,LSTM,2,2027,train_with_validation_monitoring,9,0.40042129158973694,0.23053348064422607
4min,LSTM,2,2027,train_with_validation_monitoring,10,0.3766610622406006,0.21226197481155396
4min,LSTM,2,2027,train_with_validation_monitoring,11,0.3540443778038025,0.18677903711795807
4min,LSTM,2,2027,train_with_validation_monitoring,12,0.335236132144928,0.19324545562267303
4min,LSTM,2,2027,train_with_validation_monitoring,13,0.3154345452785492,0.17163988947868347
4min,LSTM,2,2027,train_with_validation_monitoring,14,0.3070450723171234,0.18219003081321716
4min,LSTM,2,2027,train_with_validation_monitoring,15,0.28568699955940247,0.16675743460655212
4min,LSTM,2,2027,train_with_validation_monitoring,16,0.2792115807533264,0.15667274594306946
4min,LSTM,2,2027,train_with_validation_monitoring,17,0.2745509147644043,0.16121672093868256
4min,LSTM,2,2027,train_with_validation_monitoring,18,0.27429941296577454,0.17393681406974792
4min,LSTM,2,2027,train_with_validation_monitoring,19,0.2693491280078888,0.17963945865631104
4min,LSTM,2,2027,train_with_validation_monitoring,20,0.2843793034553528,0.16688430309295654
4min,LSTM,2,2027,train_with_validation_monitoring,21,0.26689887046813965,0.1712920367717743
4min,LSTM,2,2027,train_with_validation_monitoring,22,0.26632827520370483,0.15099921822547913
4min,LSTM,2,2027,train_with_validation_monitoring,23,0.24906572699546814,0.15686540305614471
4min,LSTM,2,2027,train_with_validation_monitoring,24,0.23440776765346527,0.14606310427188873
4min,LSTM,2,2027,train_with_validation_monitoring,25,0.24268627166748047,0.15359050035476685
4min,LSTM,2,2027,train_with_validation_monitoring,26,0.237291157245636,0.1484736204147339
4min,LSTM,2,2027,train_with_validation_monitoring,27,0.23905083537101746,0.14197464287281036
4min,LSTM,2,2027,train_with_validation_monitoring,28,0.2216678261756897,0.1465984731912613
4min,LSTM,2,2027,train_with_validation_monitoring,29,0.23985789716243744,0.14308735728263855
4min,LSTM,2,2027,train_with_validation_monitoring,30,0.2366023063659668,0.1359780728816986
4min,LSTM,2,2027,train_with_validation_monitoring,31,0.22808346152305603,0.13942676782608032
4min,LSTM,2,2027,train_with_validation_monitoring,32,0.228537455201149,0.14362820982933044
4min,LSTM,2,2027,train_with_validation_monitoring,33,0.21586742997169495,0.13402093946933746
4min,LSTM,2,2027,train_with_validation_monitoring,34,0.23545102775096893,0.1579492837190628
4min,LSTM,2,2027,train_with_validation_monitoring,35,0.22911199927330017,0.13183152675628662
4min,LSTM,2,2027,train_with_validation_monitoring,36,0.22409571707248688,0.15169744193553925
4min,LSTM,2,2027,train_with_validation_monitoring,37,0.22764822840690613,0.14379136264324188
4min,LSTM,2,2027,train_with_validation_monitoring,38,0.21028809249401093,0.13447199761867523
4min,LSTM,2,2027,train_with_validation_monitoring,39,0.21216526627540588,0.12937891483306885
4min,LSTM,2,2027,train_with_validation_monitoring,40,0.19166938960552216,0.14226779341697693
4min,LSTM,2,2027,train_with_validation_monitoring,41,0.21211250126361847,0.14075879752635956
4min,LSTM,2,2027,train_with_validation_monitoring,42,0.1935771256685257,0.13491132855415344
4min,LSTM,2,2027,train_with_validation_monitoring,43,0.19770139455795288,0.14881683886051178
4min,LSTM,2,2027,train_with_validation_monitoring,44,0.21005277335643768,0.1281593292951584
4min,LSTM,2,2027,train_with_validation_monitoring,45,0.21510469913482666,0.17172478139400482
4min,LSTM,2,2027,train_with_validation_monitoring,46,0.2061949074268341,0.14592550694942474
4min,LSTM,2,2027,train_with_validation_monitoring,47,0.19289937615394592,0.12259124219417572
4min,LSTM,2,2027,train_with_validation_monitoring,48,0.20079365372657776,0.128922700881958
4min,LSTM,2,2027,train_with_validation_monitoring,49,0.2050461322069168,0.1273517906665802
4min,LSTM,2,2027,train_with_validation_monitoring,50,0.18932418525218964,0.12561693787574768
4min,LSTM,2,2027,train_with_validation_monitoring,51,0.18192249536514282,0.12851884961128235
4min,LSTM,2,2027,train_with_validation_monitoring,52,0.18392255902290344,0.13020166754722595
4min,LSTM,2,2027,train_with_validation_monitoring,53,0.1902856081724167,0.13645416498184204
4min,LSTM,2,2027,train_with_validation_monitoring,54,0.18472005426883698,0.13457147777080536
4min,LSTM,2,2027,train_with_validation_monitoring,55,0.17719297111034393,0.13081441819667816
4min,LSTM,2,2027,train_with_validation_monitoring,56,0.18186672031879425,0.1284303516149521
4min,LSTM,2,2027,train_with_validation_monitoring,57,0.17673248052597046,0.13966284692287445
4min,LSTM,2,2028,train_with_validation_monitoring,1,0.9113427996635437,0.647810161113739
4min,LSTM,2,2028,train_with_validation_monitoring,2,0.7314344048500061,0.5567760467529297
4min,LSTM,2,2028,train_with_validation_monitoring,3,0.6378050446510315,0.499260276556015
4min,LSTM,2,2028,train_with_validation_monitoring,4,0.5404946804046631,0.4357307255268097
4min,LSTM,2,2028,train_with_validation_monitoring,5,0.5000060796737671,0.351708322763443
4min,LSTM,2,2028,train_with_validation_monitoring,6,0.45758378505706787,0.2862856388092041
4min,LSTM,2,2028,train_with_validation_monitoring,7,0.4341919422149658,0.2459629476070404
4min,LSTM,2,2028,train_with_validation_monitoring,8,0.3960764408111572,0.23503153026103973
4min,LSTM,2,2028,train_with_validation_monitoring,9,0.357388436794281,0.19470474123954773
4min,LSTM,2,2028,train_with_validation_monitoring,10,0.36099597811698914,0.16878367960453033
4min,LSTM,2,2028,train_with_validation_monitoring,11,0.34895503520965576,0.1736612468957901
4min,LSTM,2,2028,train_with_validation_monitoring,12,0.3425738513469696,0.1728142499923706
4min,LSTM,2,2028,train_with_validation_monitoring,13,0.32756876945495605,0.18758638203144073
4min,LSTM,2,2028,train_with_validation_monitoring,14,0.3749551773071289,0.2122092992067337
4min,LSTM,2,2028,train_with_validation_monitoring,15,0.3387513756752014,0.22218292951583862
4min,LSTM,2,2028,train_with_validation_monitoring,16,0.3226359784603119,0.20876680314540863
4min,LSTM,2,2028,train_with_validation_monitoring,17,0.319250226020813,0.18891814351081848
4min,LSTM,2,2028,train_with_validation_monitoring,18,0.31371328234672546,0.17603470385074615
4min,LSTM,2,2028,train_with_validation_monitoring,19,0.2969280183315277,0.16977961361408234
4min,LSTM,2,2028,train_with_validation_monitoring,20,0.29233407974243164,0.166219562292099
4min,LSTM,2,2028,train_with_validation_monitoring,21,0.2877063751220703,0.15948835015296936
4min,LSTM,2,2028,train_with_validation_monitoring,22,0.27858370542526245,0.1543038785457611
4min,LSTM,2,2028,train_with_validation_monitoring,23,0.29255616664886475,0.15328402817249298
4min,LSTM,2,2028,train_with_validation_monitoring,24,0.27591314911842346,0.15041780471801758
4min,LSTM,2,2028,train_with_validation_monitoring,25,0.2775917053222656,0.1419186145067215
4min,LSTM,2,2028,train_with_validation_monitoring,26,0.26094958186149597,0.13856469094753265
4min,LSTM,2,2028,train_with_validation_monitoring,27,0.2627284526824951,0.13757078349590302
4min,LSTM,2,2028,train_with_validation_monitoring,28,0.2504468560218811,0.1377807855606079
4min,LSTM,2,2028,train_with_validation_monitoring,29,0.2708049714565277,0.13760897517204285
4min,LSTM,2,2028,train_with_validation_monitoring,30,0.23724572360515594,0.1439000517129898
4min,LSTM,2,2028,train_with_validation_monitoring,31,0.2566225826740265,0.136770099401474
4min,LSTM,2,2028,train_with_validation_monitoring,32,0.2506798207759857,0.13706308603286743
4min,LSTM,2,2028,train_with_validation_monitoring,33,0.2606171667575836,0.14432550966739655
4min,LSTM,2,2028,train_with_validation_monitoring,34,0.24639764428138733,0.13646602630615234
4min,LSTM,2,2028,train_with_validation_monitoring,35,0.25994086265563965,0.13585688173770905
4min,LSTM,2,2028,train_with_validation_monitoring,36,0.23241688311100006,0.14963281154632568
4min,LSTM,2,2028,train_with_validation_monitoring,37,0.242598295211792,0.14774863421916962
4min,LSTM,2,2028,train_with_validation_monitoring,38,0.23260237276554108,0.14060504734516144
4min,LSTM,2,2028,train_with_validation_monitoring,39,0.238357275724411,0.13616631925106049
4min,LSTM,2,2028,train_with_validation_monitoring,40,0.21858979761600494,0.13650673627853394
4min,LSTM,2,2028,train_with_validation_monitoring,41,0.223451167345047,0.13429220020771027
4min,LSTM,2,2028,train_with_validation_monitoring,42,0.23430080711841583,0.13429638743400574
4min,LSTM,2,2028,train_with_validation_monitoring,43,0.24160027503967285,0.13600386679172516
4min,LSTM,2,2028,train_with_validation_monitoring,44,0.2432115375995636,0.13536551594734192
4min,LSTM,2,2028,train_with_validation_monitoring,45,0.23960454761981964,0.13500714302062988
4min,LSTM,2,2028,train_with_validation_monitoring,46,0.23145605623722076,0.1349811553955078
4min,LSTM,2,2028,train_with_validation_monitoring,47,0.22436468303203583,0.13512875139713287
4min,LSTM,2,2028,train_with_validation_monitoring,48,0.2283824235200882,0.13467615842819214
4min,LSTM,2,2028,train_with_validation_monitoring,49,0.22390525043010712,0.134546160697937
4min,LSTM,2,2028,train_with_validation_monitoring,50,0.22570490837097168,0.1378750205039978
4min,LSTM,2,2028,train_with_validation_monitoring,51,0.22963261604309082,0.13610024750232697
4min,GRU,1,2026,train_with_validation_monitoring,1,0.9899935722351074,0.7438129782676697
4min,GRU,1,2026,train_with_validation_monitoring,2,0.7575775980949402,0.5875858664512634
4min,GRU,1,2026,train_with_validation_monitoring,3,0.6049392819404602,0.46398723125457764
4min,GRU,1,2026,train_with_validation_monitoring,4,0.49796056747436523,0.36258459091186523
4min,GRU,1,2026,train_with_validation_monitoring,5,0.4317004680633545,0.2905999720096588
4min,GRU,1,2026,train_with_validation_monitoring,6,0.39834287762641907,0.25598177313804626
4min,GRU,1,2026,train_with_validation_monitoring,7,0.36005088686943054,0.2293402999639511
4min,GRU,1,2026,train_with_validation_monitoring,8,0.341816782951355,0.21922914683818817
4min,GRU,1,2026,train_with_validation_monitoring,9,0.33871832489967346,0.2031378597021103
4min,GRU,1,2026,train_with_validation_monitoring,10,0.32295405864715576,0.20308665931224823
4min,GRU,1,2026,train_with_validation_monitoring,11,0.316167950630188,0.20158234238624573
4min,GRU,1,2026,train_with_validation_monitoring,12,0.311999648809433,0.18123579025268555
4min,GRU,1,2026,train_with_validation_monitoring,13,0.3122854232788086,0.1768103390932083
4min,GRU,1,2026,train_with_validation_monitoring,14,0.279814749956131,0.17900659143924713
4min,GRU,1,2026,train_with_validation_monitoring,15,0.2818571925163269,0.17523573338985443
4min,GRU,1,2026,train_with_validation_monitoring,16,0.28310626745224,0.18637607991695404
4min,GRU,1,2026,train_with_validation_monitoring,17,0.28188392519950867,0.15935398638248444
4min,GRU,1,2026,train_with_validation_monitoring,18,0.2664130628108978,0.16096849739551544
4min,GRU,1,2026,train_with_validation_monitoring,19,0.2519519329071045,0.15706272423267365
4min,GRU,1,2026,train_with_validation_monitoring,20,0.25792717933654785,0.16970720887184143
4min,GRU,1,2026,train_with_validation_monitoring,21,0.25453513860702515,0.15737394988536835
4min,GRU,1,2026,train_with_validation_monitoring,22,0.2432554066181183,0.1411920189857483
4min,GRU,1,2026,train_with_validation_monitoring,23,0.24764858186244965,0.1538688838481903
4min,GRU,1,2026,train_with_validation_monitoring,24,0.24220803380012512,0.15260902047157288
4min,GRU,1,2026,train_with_validation_monitoring,25,0.24033887684345245,0.15371963381767273
4min,GRU,1,2026,train_with_validation_monitoring,26,0.24171708524227142,0.14989787340164185
4min,GRU,1,2026,train_with_validation_monitoring,27,0.22765107452869415,0.1316933035850525
4min,GRU,1,2026,train_with_validation_monitoring,28,0.21941950917243958,0.12092255800962448
4min,GRU,1,2026,train_with_validation_monitoring,29,0.2325315773487091,0.12942196428775787
4min,GRU,1,2026,train_with_validation_monitoring,30,0.21306933462619781,0.14315129816532135
4min,GRU,1,2026,train_with_validation_monitoring,31,0.20270714163780212,0.13062815368175507
4min,GRU,1,2026,train_with_validation_monitoring,32,0.21130116283893585,0.11656668037176132
4min,GRU,1,2026,train_with_validation_monitoring,33,0.2118980437517166,0.14331722259521484
4min,GRU,1,2026,train_with_validation_monitoring,34,0.20754894614219666,0.12901337444782257
4min,GRU,1,2026,train_with_validation_monitoring,35,0.18203072249889374,0.1364004760980606
4min,GRU,1,2026,train_with_validation_monitoring,36,0.1940372735261917,0.12122248113155365
4min,GRU,1,2026,train_with_validation_monitoring,37,0.19708463549613953,0.13515600562095642
4min,GRU,1,2026,train_with_validation_monitoring,38,0.1804974526166916,0.1364426463842392
4min,GRU,1,2026,train_with_validation_monitoring,39,0.1814546287059784,0.12157254666090012
4min,GRU,1,2026,train_with_validation_monitoring,40,0.18676309287548065,0.13226108253002167
4min,GRU,1,2026,train_with_validation_monitoring,41,0.18655383586883545,0.12821543216705322
4min,GRU,1,2026,train_with_validation_monitoring,42,0.17977957427501678,0.13900694251060486
4min,GRU,1,2027,train_with_validation_monitoring,1,0.9300116896629333,0.6501742005348206
4min,GRU,1,2027,train_with_validation_monitoring,2,0.7056694626808167,0.5160261392593384
4min,GRU,1,2027,train_with_validation_monitoring,3,0.5558809638023376,0.4196406304836273
4min,GRU,1,2027,train_with_validation_monitoring,4,0.483230322599411,0.36009833216667175
4min,GRU,1,2027,train_with_validation_monitoring,5,0.41169777512550354,0.3171369135379791
4min,GRU,1,2027,train_with_validation_monitoring,6,0.373770147562027,0.28532397747039795
4min,GRU,1,2027,train_with_validation_monitoring,7,0.35910841822624207,0.2675437033176422
4min,GRU,1,2027,train_with_validation_monitoring,8,0.3598400354385376,0.24410229921340942
4min,GRU,1,2027,train_with_validation_monitoring,9,0.3316420912742615,0.2183803915977478
4min,GRU,1,2027,train_with_validation_monitoring,10,0.3247379958629608,0.2250434160232544
4min,GRU,1,2027,train_with_validation_monitoring,11,0.314383864402771,0.22532279789447784
4min,GRU,1,2027,train_with_validation_monitoring,12,0.2895451784133911,0.18413527309894562
4min,GRU,1,2027,train_with_validation_monitoring,13,0.2806207239627838,0.17211370170116425
4min,GRU,1,2027,train_with_validation_monitoring,14,0.2704735994338989,0.18540233373641968
4min,GRU,1,2027,train_with_validation_monitoring,15,0.27247369289398193,0.18635065853595734
4min,GRU,1,2027,train_with_validation_monitoring,16,0.2682627737522125,0.1647394895553589
4min,GRU,1,2027,train_with_validation_monitoring,17,0.2545483112335205,0.16103646159172058
4min,GRU,1,2027,train_with_validation_monitoring,18,0.27429264783859253,0.17323052883148193
4min,GRU,1,2027,train_with_validation_monitoring,19,0.2647184729576111,0.14656785130500793
4min,GRU,1,2027,train_with_validation_monitoring,20,0.23438508808612823,0.14869189262390137
4min,GRU,1,2027,train_with_validation_monitoring,21,0.24581071734428406,0.147088885307312
4min,GRU,1,2027,train_with_validation_monitoring,22,0.23754657804965973,0.1377968043088913
4min,GRU,1,2027,train_with_validation_monitoring,23,0.23591169714927673,0.1562751978635788
4min,GRU,1,2027,train_with_validation_monitoring,24,0.22740939259529114,0.14379724860191345
4min,GRU,1,2027,train_with_validation_monitoring,25,0.21903161704540253,0.14817091822624207
4min,GRU,1,2027,train_with_validation_monitoring,26,0.2082321047782898,0.13404370844364166
4min,GRU,1,2027,train_with_validation_monitoring,27,0.2064266949892044,0.13247017562389374
4min,GRU,1,2027,train_with_validation_monitoring,28,0.19213151931762695,0.1464208960533142
4min,GRU,1,2027,train_with_validation_monitoring,29,0.1955195665359497,0.1316828578710556
4min,GRU,1,2027,train_with_validation_monitoring,30,0.20089267194271088,0.1251644492149353
4min,GRU,1,2027,train_with_validation_monitoring,31,0.19534997642040253,0.12745358049869537
4min,GRU,1,2027,train_with_validation_monitoring,32,0.19154009222984314,0.13696178793907166
4min,GRU,1,2027,train_with_validation_monitoring,33,0.18633203208446503,0.13459421694278717
4min,GRU,1,2027,train_with_validation_monitoring,34,0.175303652882576,0.122981958091259
4min,GRU,1,2027,train_with_validation_monitoring,35,0.18278191983699799,0.10731258243322372
4min,GRU,1,2027,train_with_validation_monitoring,36,0.17624372243881226,0.1353422850370407
4min,GRU,1,2027,train_with_validation_monitoring,37,0.17580966651439667,0.11160300672054291
4min,GRU,1,2027,train_with_validation_monitoring,38,0.16479888558387756,0.127095028758049
4min,GRU,1,2027,train_with_validation_monitoring,39,0.16557830572128296,0.11175950616598129
4min,GRU,1,2027,train_with_validation_monitoring,40,0.16404423117637634,0.11723223328590393
4min,GRU,1,2027,train_with_validation_monitoring,41,0.16723398864269257,0.11832848191261292
4min,GRU,1,2027,train_with_validation_monitoring,42,0.15807683765888214,0.12240999191999435
4min,GRU,1,2027,train_with_validation_monitoring,43,0.15263287723064423,0.1106366366147995
4min,GRU,1,2027,train_with_validation_monitoring,44,0.15521621704101562,0.10413594543933868
4min,GRU,1,2027,train_with_validation_monitoring,45,0.15230022370815277,0.11590497940778732
4min,GRU,1,2027,train_with_validation_monitoring,46,0.16037240624427795,0.10243363678455353
4min,GRU,1,2027,train_with_validation_monitoring,47,0.14871026575565338,0.11908160895109177
4min,GRU,1,2027,train_with_validation_monitoring,48,0.14903806149959564,0.10729527473449707
4min,GRU,1,2027,train_with_validation_monitoring,49,0.13805441558361053,0.10949104279279709
4min,GRU,1,2027,train_with_validation_monitoring,50,0.15378770232200623,0.10051191598176956
4min,GRU,1,2027,train_with_validation_monitoring,51,0.14485415816307068,0.11313989013433456
4min,GRU,1,2027,train_with_validation_monitoring,52,0.13875547051429749,0.11760188639163971
4min,GRU,1,2027,train_with_validation_monitoring,53,0.14181597530841827,0.1094522550702095
4min,GRU,1,2027,train_with_validation_monitoring,54,0.14254626631736755,0.11064845323562622
4min,GRU,1,2027,train_with_validation_monitoring,55,0.14986839890480042,0.1239483654499054
4min,GRU,1,2027,train_with_validation_monitoring,56,0.1490170657634735,0.11684774607419968
4min,GRU,1,2027,train_with_validation_monitoring,57,0.14141148328781128,0.11194531619548798
4min,GRU,1,2027,train_with_validation_monitoring,58,0.1394360065460205,0.10117018967866898
4min,GRU,1,2027,train_with_validation_monitoring,59,0.13504953682422638,0.10524582862854004
4min,GRU,1,2027,train_with_validation_monitoring,60,0.1391139030456543,0.10712093859910965
4min,GRU,1,2028,train_with_validation_monitoring,1,0.8493850827217102,0.5823097825050354
4min,GRU,1,2028,train_with_validation_monitoring,2,0.6213239431381226,0.44608089327812195
4min,GRU,1,2028,train_with_validation_monitoring,3,0.49568766355514526,0.35344362258911133
4min,GRU,1,2028,train_with_validation_monitoring,4,0.4206983149051666,0.31960493326187134
4min,GRU,1,2028,train_with_validation_monitoring,5,0.390240341424942,0.30438584089279175
4min,GRU,1,2028,train_with_validation_monitoring,6,0.36718103289604187,0.28076261281967163
4min,GRU,1,2028,train_with_validation_monitoring,7,0.35023316740989685,0.25119468569755554
4min,GRU,1,2028,train_with_validation_monitoring,8,0.324018269777298,0.23730584979057312
4min,GRU,1,2028,train_with_validation_monitoring,9,0.30541136860847473,0.1957993060350418
4min,GRU,1,2028,train_with_validation_monitoring,10,0.3178471326828003,0.1921525001525879
4min,GRU,1,2028,train_with_validation_monitoring,11,0.3039271831512451,0.18153393268585205
4min,GRU,1,2028,train_with_validation_monitoring,12,0.3067147433757782,0.17950929701328278
4min,GRU,1,2028,train_with_validation_monitoring,13,0.2840694487094879,0.16908147931098938
4min,GRU,1,2028,train_with_validation_monitoring,14,0.2979435622692108,0.17437393963336945
4min,GRU,1,2028,train_with_validation_monitoring,15,0.28776824474334717,0.17917589843273163
4min,GRU,1,2028,train_with_validation_monitoring,16,0.27794238924980164,0.1616981327533722
4min,GRU,1,2028,train_with_validation_monitoring,17,0.27119919657707214,0.17205627262592316
4min,GRU,1,2028,train_with_validation_monitoring,18,0.2617608904838562,0.17027606070041656
4min,GRU,1,2028,train_with_validation_monitoring,19,0.24991166591644287,0.16110438108444214
4min,GRU,1,2028,train_with_validation_monitoring,20,0.2406677007675171,0.14390449225902557
4min,GRU,1,2028,train_with_validation_monitoring,21,0.23925065994262695,0.15083661675453186
4min,GRU,1,2028,train_with_validation_monitoring,22,0.22284287214279175,0.15535572171211243
4min,GRU,1,2028,train_with_validation_monitoring,23,0.24538668990135193,0.1551189124584198
4min,GRU,1,2028,train_with_validation_monitoring,24,0.21959535777568817,0.14854735136032104
4min,GRU,1,2028,train_with_validation_monitoring,25,0.22295218706130981,0.13281264901161194
4min,GRU,1,2028,train_with_validation_monitoring,26,0.2285100370645523,0.1441231667995453
4min,GRU,1,2028,train_with_validation_monitoring,27,0.21866998076438904,0.13548827171325684
4min,GRU,1,2028,train_with_validation_monitoring,28,0.20838198065757751,0.13161563873291016
4min,GRU,1,2028,train_with_validation_monitoring,29,0.2109980434179306,0.12851129472255707
4min,GRU,1,2028,train_with_validation_monitoring,30,0.18899862468242645,0.14007188379764557
4min,GRU,1,2028,train_with_validation_monitoring,31,0.19595466554164886,0.127851665019989
4min,GRU,1,2028,train_with_validation_monitoring,32,0.18155525624752045,0.14511269330978394
4min,GRU,1,2028,train_with_validation_monitoring,33,0.17208175361156464,0.1261238306760788
4min,GRU,1,2028,train_with_validation_monitoring,34,0.1772327870130539,0.11457497626543045
4min,GRU,1,2028,train_with_validation_monitoring,35,0.17718996107578278,0.12975367903709412
4min,GRU,1,2028,train_with_validation_monitoring,36,0.1718967705965042,0.13422350585460663
4min,GRU,1,2028,train_with_validation_monitoring,37,0.16788630187511444,0.11896582692861557
4min,GRU,1,2028,train_with_validation_monitoring,38,0.17005114257335663,0.13984714448451996
4min,GRU,1,2028,train_with_validation_monitoring,39,0.18021591007709503,0.14010433852672577
4min,GRU,1,2028,train_with_validation_monitoring,40,0.17802193760871887,0.12292566895484924
4min,GRU,1,2028,train_with_validation_monitoring,41,0.17865291237831116,0.12379273027181625
4min,GRU,1,2028,train_with_validation_monitoring,42,0.16744011640548706,0.11805899441242218
4min,GRU,1,2028,train_with_validation_monitoring,43,0.16840031743049622,0.12327436357736588
4min,GRU,1,2028,train_with_validation_monitoring,44,0.15899696946144104,0.12011800706386566
4min,GRU,2,2026,train_with_validation_monitoring,1,1.1067578792572021,0.7816336750984192
4min,GRU,2,2026,train_with_validation_monitoring,2,0.8540932536125183,0.6329067349433899
4min,GRU,2,2026,train_with_validation_monitoring,3,0.6940516829490662,0.5187556743621826
4min,GRU,2,2026,train_with_validation_monitoring,4,0.5984312295913696,0.44103771448135376
4min,GRU,2,2026,train_with_validation_monitoring,5,0.5273887515068054,0.39144328236579895
4min,GRU,2,2026,train_with_validation_monitoring,6,0.4711894392967224,0.359513521194458
4min,GRU,2,2026,train_with_validation_monitoring,7,0.43863049149513245,0.3291897773742676
4min,GRU,2,2026,train_with_validation_monitoring,8,0.43337684869766235,0.3160596787929535
4min,GRU,2,2026,train_with_validation_monitoring,9,0.42527785897254944,0.3041325807571411
4min,GRU,2,2026,train_with_validation_monitoring,10,0.4134494662284851,0.2937451899051666
4min,GRU,2,2026,train_with_validation_monitoring,11,0.41461825370788574,0.28914517164230347
4min,GRU,2,2026,train_with_validation_monitoring,12,0.4151940643787384,0.28379514813423157
4min,GRU,2,2026,train_with_validation_monitoring,13,0.3971720039844513,0.27029332518577576
4min,GRU,2,2026,train_with_validation_monitoring,14,0.3773183822631836,0.23671337962150574
4min,GRU,2,2026,train_with_validation_monitoring,15,0.3720947802066803,0.2397647649049759
4min,GRU,2,2026,train_with_validation_monitoring,16,0.3843197524547577,0.2571496069431305
4min,GRU,2,2026,train_with_validation_monitoring,17,0.38502299785614014,0.25161758065223694
4min,GRU,2,2026,train_with_validation_monitoring,18,0.3510087728500366,0.2478613257408142
4min,GRU,2,2026,train_with_validation_monitoring,19,0.33787012100219727,0.22619907557964325
4min,GRU,2,2026,train_with_validation_monitoring,20,0.3460928499698639,0.22418250143527985
4min,GRU,2,2026,train_with_validation_monitoring,21,0.3362295925617218,0.22034847736358643
4min,GRU,2,2026,train_with_validation_monitoring,22,0.3534337282180786,0.21826902031898499
4min,GRU,2,2026,train_with_validation_monitoring,23,0.33768343925476074,0.2146398425102234
4min,GRU,2,2026,train_with_validation_monitoring,24,0.351911723613739,0.2179480344057083
4min,GRU,2,2026,train_with_validation_monitoring,25,0.3239705562591553,0.21793997287750244
4min,GRU,2,2026,train_with_validation_monitoring,26,0.3240143060684204,0.20282602310180664
4min,GRU,2,2026,train_with_validation_monitoring,27,0.3230074346065521,0.19715677201747894
4min,GRU,2,2026,train_with_validation_monitoring,28,0.3195333480834961,0.18270249664783478
4min,GRU,2,2026,train_with_validation_monitoring,29,0.32226940989494324,0.18376590311527252
4min,GRU,2,2026,train_with_validation_monitoring,30,0.30215179920196533,0.18775378167629242
4min,GRU,2,2026,train_with_validation_monitoring,31,0.2982458174228668,0.18598680198192596
4min,GRU,2,2026,train_with_validation_monitoring,32,0.31110334396362305,0.17576029896736145
4min,GRU,2,2026,train_with_validation_monitoring,33,0.3112872242927551,0.1858837902545929
4min,GRU,2,2026,train_with_validation_monitoring,34,0.28972315788269043,0.18701449036598206
4min,GRU,2,2026,train_with_validation_monitoring,35,0.2877613306045532,0.18780821561813354
4min,GRU,2,2026,train_with_validation_monitoring,36,0.2937501072883606,0.1782406121492386
4min,GRU,2,2026,train_with_validation_monitoring,37,0.290470689535141,0.15909737348556519
4min,GRU,2,2026,train_with_validation_monitoring,38,0.27249228954315186,0.18553350865840912
4min,GRU,2,2026,train_with_validation_monitoring,39,0.2740541398525238,0.1675441861152649
4min,GRU,2,2026,train_with_validation_monitoring,40,0.25637948513031006,0.1588478684425354
4min,GRU,2,2026,train_with_validation_monitoring,41,0.2616437077522278,0.15922366082668304
4min,GRU,2,2026,train_with_validation_monitoring,42,0.24195460975170135,0.18442402780056
4min,GRU,2,2026,train_with_validation_monitoring,43,0.24717682600021362,0.15167918801307678
4min,GRU,2,2026,train_with_validation_monitoring,44,0.23952262103557587,0.15431901812553406
4min,GRU,2,2026,train_with_validation_monitoring,45,0.23269376158714294,0.15429751574993134
4min,GRU,2,2026,train_with_validation_monitoring,46,0.2209784984588623,0.1372840404510498
4min,GRU,2,2026,train_with_validation_monitoring,47,0.23580560088157654,0.1516101360321045
4min,GRU,2,2026,train_with_validation_monitoring,48,0.24539954960346222,0.1441851556301117
4min,GRU,2,2026,train_with_validation_monitoring,49,0.24528305232524872,0.1514100581407547
4min,GRU,2,2026,train_with_validation_monitoring,50,0.23181140422821045,0.1356133669614792
4min,GRU,2,2026,train_with_validation_monitoring,51,0.21875815093517303,0.13282138109207153
4min,GRU,2,2026,train_with_validation_monitoring,52,0.22354987263679504,0.14206475019454956
4min,GRU,2,2026,train_with_validation_monitoring,53,0.2255028933286667,0.1421068161725998
4min,GRU,2,2026,train_with_validation_monitoring,54,0.2037266492843628,0.148101344704628
4min,GRU,2,2026,train_with_validation_monitoring,55,0.2173568606376648,0.13692227005958557
4min,GRU,2,2026,train_with_validation_monitoring,56,0.22120051085948944,0.13587835431098938
4min,GRU,2,2026,train_with_validation_monitoring,57,0.22351165115833282,0.1314755231142044
4min,GRU,2,2026,train_with_validation_monitoring,58,0.20784145593643188,0.1519688367843628
4min,GRU,2,2026,train_with_validation_monitoring,59,0.21972574293613434,0.1467098742723465
4min,GRU,2,2026,train_with_validation_monitoring,60,0.20973925292491913,0.13561303913593292
4min,GRU,2,2026,train_with_validation_monitoring,61,0.18913239240646362,0.14001578092575073
4min,GRU,2,2026,train_with_validation_monitoring,62,0.2133340984582901,0.1360984742641449
4min,GRU,2,2026,train_with_validation_monitoring,63,0.20098333060741425,0.13697154819965363
4min,GRU,2,2026,train_with_validation_monitoring,64,0.19120380282402039,0.14026853442192078
4min,GRU,2,2026,train_with_validation_monitoring,65,0.2049681395292282,0.13880231976509094
4min,GRU,2,2026,train_with_validation_monitoring,66,0.20638738572597504,0.13718265295028687
4min,GRU,2,2026,train_with_validation_monitoring,67,0.18371935188770294,0.13114115595817566
4min,GRU,2,2026,train_with_validation_monitoring,68,0.2027779072523117,0.13563130795955658
4min,GRU,2,2026,train_with_validation_monitoring,69,0.18901054561138153,0.13913202285766602
4min,GRU,2,2026,train_with_validation_monitoring,70,0.20106826722621918,0.13004475831985474
4min,GRU,2,2026,train_with_validation_monitoring,71,0.1969805657863617,0.1384938359260559
4min,GRU,2,2026,train_with_validation_monitoring,72,0.19938063621520996,0.13568030297756195
4min,GRU,2,2026,train_with_validation_monitoring,73,0.19349834322929382,0.13010402023792267
4min,GRU,2,2026,train_with_validation_monitoring,74,0.18765754997730255,0.1332731693983078
4min,GRU,2,2026,train_with_validation_monitoring,75,0.19091831147670746,0.13106240332126617
4min,GRU,2,2026,train_with_validation_monitoring,76,0.17848816514015198,0.13199017941951752
4min,GRU,2,2026,train_with_validation_monitoring,77,0.1757914274930954,0.1364206224679947
4min,GRU,2,2026,train_with_validation_monitoring,78,0.18084082007408142,0.13334520161151886
4min,GRU,2,2026,train_with_validation_monitoring,79,0.18803438544273376,0.13406914472579956
4min,GRU,2,2026,train_with_validation_monitoring,80,0.1969117671251297,0.13558165729045868
4min,GRU,2,2027,train_with_validation_monitoring,1,1.0205907821655273,0.7924715876579285
4min,GRU,2,2027,train_with_validation_monitoring,2,0.8411903977394104,0.6866148114204407
4min,GRU,2,2027,train_with_validation_monitoring,3,0.7198261618614197,0.6037821769714355
4min,GRU,2,2027,train_with_validation_monitoring,4,0.6289290189743042,0.5247974991798401
4min,GRU,2,2027,train_with_validation_monitoring,5,0.5547903180122375,0.4575900137424469
4min,GRU,2,2027,train_with_validation_monitoring,6,0.5282304883003235,0.4037684500217438
4min,GRU,2,2027,train_with_validation_monitoring,7,0.4824771583080292,0.3579806387424469
4min,GRU,2,2027,train_with_validation_monitoring,8,0.45450490713119507,0.3149036169052124
4min,GRU,2,2027,train_with_validation_monitoring,9,0.4440199136734009,0.2870270013809204
4min,GRU,2,2027,train_with_validation_monitoring,10,0.43795934319496155,0.2821965217590332
4min,GRU,2,2027,train_with_validation_monitoring,11,0.4182746112346649,0.2757708430290222
4min,GRU,2,2027,train_with_validation_monitoring,12,0.40859484672546387,0.25680533051490784
4min,GRU,2,2027,train_with_validation_monitoring,13,0.38093847036361694,0.23405475914478302
4min,GRU,2,2027,train_with_validation_monitoring,14,0.3731594979763031,0.23145966231822968
4min,GRU,2,2027,train_with_validation_monitoring,15,0.3732236623764038,0.23368139564990997
4min,GRU,2,2027,train_with_validation_monitoring,16,0.3763868510723114,0.23095063865184784
4min,GRU,2,2027,train_with_validation_monitoring,17,0.3722333312034607,0.22932301461696625
4min,GRU,2,2027,train_with_validation_monitoring,18,0.36936554312705994,0.23931774497032166
4min,GRU,2,2027,train_with_validation_monitoring,19,0.3777810335159302,0.2183881402015686
4min,GRU,2,2027,train_with_validation_monitoring,20,0.350219190120697,0.2092779576778412
4min,GRU,2,2027,train_with_validation_monitoring,21,0.35123828053474426,0.19309380650520325
4min,GRU,2,2027,train_with_validation_monitoring,22,0.3473081588745117,0.19062398374080658
4min,GRU,2,2027,train_with_validation_monitoring,23,0.33157339692115784,0.20169316232204437
4min,GRU,2,2027,train_with_validation_monitoring,24,0.318951815366745,0.1876043677330017
4min,GRU,2,2027,train_with_validation_monitoring,25,0.33351102471351624,0.20528142154216766
4min,GRU,2,2027,train_with_validation_monitoring,26,0.3165581524372101,0.19093425571918488
4min,GRU,2,2027,train_with_validation_monitoring,27,0.3171655535697937,0.1765470951795578
4min,GRU,2,2027,train_with_validation_monitoring,28,0.2948479950428009,0.17416933178901672
4min,GRU,2,2027,train_with_validation_monitoring,29,0.31011900305747986,0.1914617121219635
4min,GRU,2,2027,train_with_validation_monitoring,30,0.3157378137111664,0.16218537092208862
4min,GRU,2,2027,train_with_validation_monitoring,31,0.31409168243408203,0.15409085154533386
4min,GRU,2,2027,train_with_validation_monitoring,32,0.30655568838119507,0.17213009297847748
4min,GRU,2,2027,train_with_validation_monitoring,33,0.3055630624294281,0.18913264572620392
4min,GRU,2,2027,train_with_validation_monitoring,34,0.2983866035938263,0.16553214192390442
4min,GRU,2,2027,train_with_validation_monitoring,35,0.3054189085960388,0.1557333916425705
4min,GRU,2,2027,train_with_validation_monitoring,36,0.28240907192230225,0.17656880617141724
4min,GRU,2,2027,train_with_validation_monitoring,37,0.2816791832447052,0.16121961176395416
4min,GRU,2,2027,train_with_validation_monitoring,38,0.2868545651435852,0.16240735352039337
4min,GRU,2,2027,train_with_validation_monitoring,39,0.2772640883922577,0.1665661334991455
4min,GRU,2,2027,train_with_validation_monitoring,40,0.26674243807792664,0.17046549916267395
4min,GRU,2,2027,train_with_validation_monitoring,41,0.2728927433490753,0.16208884119987488
4min,GRU,2,2028,train_with_validation_monitoring,1,0.9033113718032837,0.6011642813682556
4min,GRU,2,2028,train_with_validation_monitoring,2,0.7116238474845886,0.4854516088962555
4min,GRU,2,2028,train_with_validation_monitoring,3,0.5923753976821899,0.41178807616233826
4min,GRU,2,2028,train_with_validation_monitoring,4,0.5212695598602295,0.3697192370891571
4min,GRU,2,2028,train_with_validation_monitoring,5,0.4904865026473999,0.34004172682762146
4min,GRU,2,2028,train_with_validation_monitoring,6,0.4565410614013672,0.3032567501068115
4min,GRU,2,2028,train_with_validation_monitoring,7,0.45556938648223877,0.2724998891353607
4min,GRU,2,2028,train_with_validation_monitoring,8,0.42389848828315735,0.2727620005607605
4min,GRU,2,2028,train_with_validation_monitoring,9,0.3972233831882477,0.2596016228199005
4min,GRU,2,2028,train_with_validation_monitoring,10,0.420091837644577,0.24668018519878387
4min,GRU,2,2028,train_with_validation_monitoring,11,0.41543033719062805,0.25212374329566956
4min,GRU,2,2028,train_with_validation_monitoring,12,0.4151530861854553,0.24430133402347565
4min,GRU,2,2028,train_with_validation_monitoring,13,0.3874876797199249,0.23872143030166626
4min,GRU,2,2028,train_with_validation_monitoring,14,0.38942065834999084,0.23820200562477112
4min,GRU,2,2028,train_with_validation_monitoring,15,0.3674180507659912,0.254726767539978
4min,GRU,2,2028,train_with_validation_monitoring,16,0.3647896945476532,0.23214343190193176
4min,GRU,2,2028,train_with_validation_monitoring,17,0.3690639138221741,0.21876484155654907
4min,GRU,2,2028,train_with_validation_monitoring,18,0.3573259711265564,0.21661920845508575
4min,GRU,2,2028,train_with_validation_monitoring,19,0.35662761330604553,0.2292419970035553
4min,GRU,2,2028,train_with_validation_monitoring,20,0.33642756938934326,0.23254059255123138
4min,GRU,2,2028,train_with_validation_monitoring,21,0.3368717432022095,0.2179419845342636
4min,GRU,2,2028,train_with_validation_monitoring,22,0.32174161076545715,0.2072094976902008
4min,GRU,2,2028,train_with_validation_monitoring,23,0.335725337266922,0.2123008519411087
4min,GRU,2,2028,train_with_validation_monitoring,24,0.33123648166656494,0.18774661421775818
4min,GRU,2,2028,train_with_validation_monitoring,25,0.31804630160331726,0.1753539890050888
4min,GRU,2,2028,train_with_validation_monitoring,26,0.32182732224464417,0.19802623987197876
4min,GRU,2,2028,train_with_validation_monitoring,27,0.31399378180503845,0.18599753081798553
4min,GRU,2,2028,train_with_validation_monitoring,28,0.312529981136322,0.17656326293945312
4min,GRU,2,2028,train_with_validation_monitoring,29,0.3094384968280792,0.18624041974544525
4min,GRU,2,2028,train_with_validation_monitoring,30,0.293719083070755,0.18924903869628906
4min,GRU,2,2028,train_with_validation_monitoring,31,0.2906789779663086,0.18648308515548706
4min,GRU,2,2028,train_with_validation_monitoring,32,0.2855207622051239,0.1748344600200653
4min,GRU,2,2028,train_with_validation_monitoring,33,0.27746760845184326,0.16921110451221466
4min,GRU,2,2028,train_with_validation_monitoring,34,0.27879956364631653,0.1646338552236557
4min,GRU,2,2028,train_with_validation_monitoring,35,0.29850703477859497,0.1699504256248474
4min,GRU,2,2028,train_with_validation_monitoring,36,0.26340314745903015,0.1804923266172409
4min,GRU,2,2028,train_with_validation_monitoring,37,0.2796862721443176,0.1608675867319107
4min,GRU,2,2028,train_with_validation_monitoring,38,0.26699551939964294,0.15475501120090485
4min,GRU,2,2028,train_with_validation_monitoring,39,0.28865325450897217,0.16751447319984436
4min,GRU,2,2028,train_with_validation_monitoring,40,0.2609178125858307,0.16739042103290558
4min,GRU,2,2028,train_with_validation_monitoring,41,0.2652258276939392,0.15374869108200073
4min,GRU,2,2028,train_with_validation_monitoring,42,0.2765450179576874,0.1602548211812973
4min,GRU,2,2028,train_with_validation_monitoring,43,0.28723981976509094,0.15417025983333588
4min,GRU,2,2028,train_with_validation_monitoring,44,0.27858445048332214,0.14872439205646515
4min,GRU,2,2028,train_with_validation_monitoring,45,0.26826709508895874,0.15746554732322693
4min,GRU,2,2028,train_with_validation_monitoring,46,0.2661648988723755,0.15008214116096497
4min,GRU,2,2028,train_with_validation_monitoring,47,0.25175777077674866,0.14465688169002533
4min,GRU,2,2028,train_with_validation_monitoring,48,0.2628338038921356,0.1344415545463562
4min,GRU,2,2028,train_with_validation_monitoring,49,0.2513680160045624,0.1296899914741516
4min,GRU,2,2028,train_with_validation_monitoring,50,0.2556692361831665,0.14104311168193817
4min,GRU,2,2028,train_with_validation_monitoring,51,0.2580159306526184,0.13228192925453186
4min,GRU,2,2028,train_with_validation_monitoring,52,0.2616446018218994,0.13406185805797577
4min,GRU,2,2028,train_with_validation_monitoring,53,0.24468229711055756,0.12838558852672577
4min,GRU,2,2028,train_with_validation_monitoring,54,0.2415255755186081,0.13671812415122986
4min,GRU,2,2028,train_with_validation_monitoring,55,0.2358277291059494,0.12985040247440338
4min,GRU,2,2028,train_with_validation_monitoring,56,0.24541039764881134,0.1444828063249588
4min,GRU,2,2028,train_with_validation_monitoring,57,0.23634658753871918,0.13993071019649506
4min,GRU,2,2028,train_with_validation_monitoring,58,0.23397435247898102,0.13955554366111755
4min,GRU,2,2028,train_with_validation_monitoring,59,0.22537146508693695,0.13739995658397675
4min,GRU,2,2028,train_with_validation_monitoring,60,0.2348005175590515,0.13198357820510864
4min,GRU,2,2028,train_with_validation_monitoring,61,0.22635966539382935,0.138149693608284
4min,GRU,2,2028,train_with_validation_monitoring,62,0.2242085039615631,0.13693271577358246
4min,GRU,2,2028,train_with_validation_monitoring,63,0.23595571517944336,0.12728630006313324
4min,GRU,2,2028,train_with_validation_monitoring,64,0.23891189694404602,0.12816719710826874
4min,GRU,2,2028,train_with_validation_monitoring,65,0.23453645408153534,0.12267939746379852
4min,GRU,2,2028,train_with_validation_monitoring,66,0.22053353488445282,0.12574461102485657
4min,GRU,2,2028,train_with_validation_monitoring,67,0.20721639692783356,0.12743563950061798
4min,GRU,2,2028,train_with_validation_monitoring,68,0.22126203775405884,0.12447423487901688
4min,GRU,2,2028,train_with_validation_monitoring,69,0.22115392982959747,0.12496808171272278
4min,GRU,2,2028,train_with_validation_monitoring,70,0.22493554651737213,0.1260477751493454
4min,GRU,2,2028,train_with_validation_monitoring,71,0.22488027811050415,0.12417750060558319
4min,GRU,2,2028,train_with_validation_monitoring,72,0.21478289365768433,0.12281609326601028
4min,GRU,2,2028,train_with_validation_monitoring,73,0.20831213891506195,0.12467736005783081
4min,GRU,2,2028,train_with_validation_monitoring,74,0.21964684128761292,0.12379832565784454
4min,GRU,2,2028,train_with_validation_monitoring,75,0.22083255648612976,0.12079696357250214
4min,GRU,2,2028,train_with_validation_monitoring,76,0.22777770459651947,0.1231585219502449
4min,GRU,2,2028,train_with_validation_monitoring,77,0.2154710441827774,0.12313453108072281
4min,GRU,2,2028,train_with_validation_monitoring,78,0.22511954605579376,0.12410294264554977
4min,GRU,2,2028,train_with_validation_monitoring,79,0.2187221795320511,0.12371214479207993
4min,GRU,2,2028,train_with_validation_monitoring,80,0.2172812521457672,0.12281517684459686
4min,TCN,1,2026,train_with_validation_monitoring,1,1.7838612794876099,0.9408680200576782
4min,TCN,1,2026,train_with_validation_monitoring,2,1.037361741065979,0.8808977603912354
4min,TCN,1,2026,train_with_validation_monitoring,3,0.945701539516449,0.8958685994148254
4min,TCN,1,2026,train_with_validation_monitoring,4,0.9176477789878845,0.8900861740112305
4min,TCN,1,2026,train_with_validation_monitoring,5,0.8920308351516724,0.8933835625648499
4min,TCN,1,2026,train_with_validation_monitoring,6,0.86527419090271,0.8969863057136536
4min,TCN,1,2026,train_with_validation_monitoring,7,0.853982150554657,0.8869994282722473
4min,TCN,1,2026,train_with_validation_monitoring,8,0.8362796902656555,0.8847978711128235
4min,TCN,1,2026,train_with_validation_monitoring,9,0.8219423890113831,0.877769947052002
4min,TCN,1,2026,train_with_validation_monitoring,10,0.8090999722480774,0.8671234846115112
4min,TCN,1,2026,train_with_validation_monitoring,11,0.7892839908599854,0.8744356632232666
4min,TCN,1,2026,train_with_validation_monitoring,12,0.7899075150489807,0.8706963062286377
4min,TCN,1,2026,train_with_validation_monitoring,13,0.7639099359512329,0.8603890538215637
4min,TCN,1,2026,train_with_validation_monitoring,14,0.7576928734779358,0.8526648283004761
4min,TCN,1,2026,train_with_validation_monitoring,15,0.7473655343055725,0.821403443813324
4min,TCN,1,2026,train_with_validation_monitoring,16,0.7272859811782837,0.8074172139167786
4min,TCN,1,2026,train_with_validation_monitoring,17,0.7123709321022034,0.7809426188468933
4min,TCN,1,2026,train_with_validation_monitoring,18,0.6935458183288574,0.75375896692276
4min,TCN,1,2026,train_with_validation_monitoring,19,0.666592001914978,0.7262841463088989
4min,TCN,1,2026,train_with_validation_monitoring,20,0.6482340097427368,0.673748791217804
4min,TCN,1,2026,train_with_validation_monitoring,21,0.6150049567222595,0.6174378991127014
4min,TCN,1,2026,train_with_validation_monitoring,22,0.5959473252296448,0.581135094165802
4min,TCN,1,2026,train_with_validation_monitoring,23,0.5610460638999939,0.5656355023384094
4min,TCN,1,2026,train_with_validation_monitoring,24,0.5365018844604492,0.5677865743637085
4min,TCN,1,2026,train_with_validation_monitoring,25,0.5238354206085205,0.5832163095474243
4min,TCN,1,2026,train_with_validation_monitoring,26,0.5116092562675476,0.613258957862854
4min,TCN,1,2026,train_with_validation_monitoring,27,0.486042320728302,0.5512347221374512
4min,TCN,1,2026,train_with_validation_monitoring,28,0.45510798692703247,0.504322350025177
4min,TCN,1,2026,train_with_validation_monitoring,29,0.4301328957080841,0.5231032967567444
4min,TCN,1,2026,train_with_validation_monitoring,30,0.3919760286808014,0.49907055497169495
4min,TCN,1,2026,train_with_validation_monitoring,31,0.3715052604675293,0.5254981517791748
4min,TCN,1,2026,train_with_validation_monitoring,32,0.36416417360305786,0.5551987886428833
4min,TCN,1,2026,train_with_validation_monitoring,33,0.3603123724460602,0.5031006336212158
4min,TCN,1,2026,train_with_validation_monitoring,34,0.3480319678783417,0.4711351692676544
4min,TCN,1,2026,train_with_validation_monitoring,35,0.33933043479919434,0.4290456473827362
4min,TCN,1,2026,train_with_validation_monitoring,36,0.32108259201049805,0.4097200632095337
4min,TCN,1,2026,train_with_validation_monitoring,37,0.3027200996875763,0.38316449522972107
4min,TCN,1,2026,train_with_validation_monitoring,38,0.29175668954849243,0.35471993684768677
4min,TCN,1,2026,train_with_validation_monitoring,39,0.2864637076854706,0.3348149061203003
4min,TCN,1,2026,train_with_validation_monitoring,40,0.2721545696258545,0.3151305317878723
4min,TCN,1,2026,train_with_validation_monitoring,41,0.2549813985824585,0.291892945766449
4min,TCN,1,2026,train_with_validation_monitoring,42,0.24270236492156982,0.28365087509155273
4min,TCN,1,2026,train_with_validation_monitoring,43,0.23461641371250153,0.27190303802490234
4min,TCN,1,2026,train_with_validation_monitoring,44,0.2249220907688141,0.2669646739959717
4min,TCN,1,2026,train_with_validation_monitoring,45,0.2097356766462326,0.2656698226928711
4min,TCN,1,2026,train_with_validation_monitoring,46,0.20350322127342224,0.26259106397628784
4min,TCN,1,2026,train_with_validation_monitoring,47,0.20336675643920898,0.25485241413116455
4min,TCN,1,2026,train_with_validation_monitoring,48,0.2040785253047943,0.25103890895843506
4min,TCN,1,2026,train_with_validation_monitoring,49,0.19584938883781433,0.2708553373813629
4min,TCN,1,2026,train_with_validation_monitoring,50,0.1788255125284195,0.2590343952178955
4min,TCN,1,2026,train_with_validation_monitoring,51,0.189224511384964,0.2617453336715698
4min,TCN,1,2026,train_with_validation_monitoring,52,0.18448667228221893,0.23895424604415894
4min,TCN,1,2026,train_with_validation_monitoring,53,0.17436924576759338,0.25128570199012756
4min,TCN,1,2026,train_with_validation_monitoring,54,0.17523729801177979,0.2399977743625641
4min,TCN,1,2026,train_with_validation_monitoring,55,0.16899143159389496,0.22924768924713135
4min,TCN,1,2026,train_with_validation_monitoring,56,0.16179749369621277,0.24444448947906494
4min,TCN,1,2026,train_with_validation_monitoring,57,0.16708599030971527,0.21818888187408447
4min,TCN,1,2026,train_with_validation_monitoring,58,0.16429157555103302,0.23387783765792847
4min,TCN,1,2026,train_with_validation_monitoring,59,0.1591058373451233,0.22045238316059113
4min,TCN,1,2026,train_with_validation_monitoring,60,0.15426309406757355,0.22665704786777496
4min,TCN,1,2026,train_with_validation_monitoring,61,0.15235094726085663,0.21655729413032532
4min,TCN,1,2026,train_with_validation_monitoring,62,0.1558963507413864,0.23965997993946075
4min,TCN,1,2026,train_with_validation_monitoring,63,0.1582762598991394,0.21926043927669525
4min,TCN,1,2026,train_with_validation_monitoring,64,0.15269625186920166,0.20646002888679504
4min,TCN,1,2026,train_with_validation_monitoring,65,0.14984945952892303,0.21665005385875702
4min,TCN,1,2026,train_with_validation_monitoring,66,0.15299975872039795,0.2169169783592224
4min,TCN,1,2026,train_with_validation_monitoring,67,0.14952123165130615,0.22098767757415771
4min,TCN,1,2026,train_with_validation_monitoring,68,0.13553975522518158,0.21564257144927979
4min,TCN,1,2026,train_with_validation_monitoring,69,0.13793399930000305,0.20088136196136475
4min,TCN,1,2026,train_with_validation_monitoring,70,0.147311270236969,0.23814184963703156
4min,TCN,1,2026,train_with_validation_monitoring,71,0.13455414772033691,0.20464976131916046
4min,TCN,1,2026,train_with_validation_monitoring,72,0.1391625851392746,0.2407810539007187
4min,TCN,1,2026,train_with_validation_monitoring,73,0.13495540618896484,0.20391839742660522
4min,TCN,1,2026,train_with_validation_monitoring,74,0.13500940799713135,0.2081698626279831
4min,TCN,1,2026,train_with_validation_monitoring,75,0.12556572258472443,0.20060855150222778
4min,TCN,1,2026,train_with_validation_monitoring,76,0.1344456672668457,0.22015610337257385
4min,TCN,1,2026,train_with_validation_monitoring,77,0.1272948980331421,0.218406081199646
4min,TCN,1,2026,train_with_validation_monitoring,78,0.12730269134044647,0.20913787186145782
4min,TCN,1,2026,train_with_validation_monitoring,79,0.12646649777889252,0.22332586348056793
4min,TCN,1,2026,train_with_validation_monitoring,80,0.12609942257404327,0.2101803869009018
4min,TCN,1,2027,train_with_validation_monitoring,1,2.628606081008911,1.242569088935852
4min,TCN,1,2027,train_with_validation_monitoring,2,1.0435881614685059,1.1451992988586426
4min,TCN,1,2027,train_with_validation_monitoring,3,0.9385055899620056,1.0263484716415405
4min,TCN,1,2027,train_with_validation_monitoring,4,0.9087207913398743,0.9408788084983826
4min,TCN,1,2027,train_with_validation_monitoring,5,0.8831144571304321,0.9266608953475952
4min,TCN,1,2027,train_with_validation_monitoring,6,0.8689893484115601,0.9287833571434021
4min,TCN,1,2027,train_with_validation_monitoring,7,0.8620944023132324,0.9074201583862305
4min,TCN,1,2027,train_with_validation_monitoring,8,0.8425981402397156,0.9297396540641785
4min,TCN,1,2027,train_with_validation_monitoring,9,0.8499923348426819,0.9221779108047485
4min,TCN,1,2027,train_with_validation_monitoring,10,0.81986004114151,0.9529611468315125
4min,TCN,1,2027,train_with_validation_monitoring,11,0.8092318773269653,0.9171762466430664
4min,TCN,1,2027,train_with_validation_monitoring,12,0.8162361979484558,0.9050245881080627
4min,TCN,1,2027,train_with_validation_monitoring,13,0.777837872505188,0.9410783648490906
4min,TCN,1,2027,train_with_validation_monitoring,14,0.7556955218315125,0.894571840763092
4min,TCN,1,2027,train_with_validation_monitoring,15,0.7476065158843994,0.9082449674606323
4min,TCN,1,2027,train_with_validation_monitoring,16,0.7161979675292969,0.9698476791381836
4min,TCN,1,2027,train_with_validation_monitoring,17,0.709088146686554,0.9376240968704224
4min,TCN,1,2027,train_with_validation_monitoring,18,0.6852699518203735,0.9148584604263306
4min,TCN,1,2027,train_with_validation_monitoring,19,0.6468179821968079,0.8741196990013123
4min,TCN,1,2027,train_with_validation_monitoring,20,0.6107096076011658,0.7332368493080139
4min,TCN,1,2027,train_with_validation_monitoring,21,0.5690008997917175,0.6786380410194397
4min,TCN,1,2027,train_with_validation_monitoring,22,0.5065599083900452,0.63954758644104
4min,TCN,1,2027,train_with_validation_monitoring,23,0.45021161437034607,0.5842702984809875
4min,TCN,1,2027,train_with_validation_monitoring,24,0.39587321877479553,0.6711555123329163
4min,TCN,1,2027,train_with_validation_monitoring,25,0.3545759916305542,0.5793647766113281
4min,TCN,1,2027,train_with_validation_monitoring,26,0.32520627975463867,0.7169775366783142
4min,TCN,1,2027,train_with_validation_monitoring,27,0.2944597005844116,0.7351998686790466
4min,TCN,1,2027,train_with_validation_monitoring,28,0.2906761169433594,0.4805038571357727
4min,TCN,1,2027,train_with_validation_monitoring,29,0.2878110110759735,0.6681444048881531
4min,TCN,1,2027,train_with_validation_monitoring,30,0.25254419445991516,0.7292131185531616
4min,TCN,1,2027,train_with_validation_monitoring,31,0.25176021456718445,0.6261963248252869
4min,TCN,1,2027,train_with_validation_monitoring,32,0.2349465936422348,0.6532776951789856
4min,TCN,1,2027,train_with_validation_monitoring,33,0.2292964607477188,0.6898302435874939
4min,TCN,1,2027,train_with_validation_monitoring,34,0.2070767730474472,0.6017267107963562
4min,TCN,1,2027,train_with_validation_monitoring,35,0.21895429491996765,0.7331170439720154
4min,TCN,1,2027,train_with_validation_monitoring,36,0.21850574016571045,0.6033986210823059
4min,TCN,1,2027,train_with_validation_monitoring,37,0.2019723504781723,0.6562671065330505
4min,TCN,1,2027,train_with_validation_monitoring,38,0.2083606868982315,0.5290124416351318
4min,TCN,1,2028,train_with_validation_monitoring,1,2.0906434059143066,1.2418075799942017
4min,TCN,1,2028,train_with_validation_monitoring,2,1.06208336353302,0.9013667106628418
4min,TCN,1,2028,train_with_validation_monitoring,3,0.9789283275604248,0.8584164977073669
4min,TCN,1,2028,train_with_validation_monitoring,4,0.9445130228996277,0.8406885266304016
4min,TCN,1,2028,train_with_validation_monitoring,5,0.9270055294036865,0.844881534576416
4min,TCN,1,2028,train_with_validation_monitoring,6,0.9082130193710327,0.8488337397575378
4min,TCN,1,2028,train_with_validation_monitoring,7,0.8906092047691345,0.8467134833335876
4min,TCN,1,2028,train_with_validation_monitoring,8,0.8853117823600769,0.8426253795623779
4min,TCN,1,2028,train_with_validation_monitoring,9,0.8536581993103027,0.8424538373947144
4min,TCN,1,2028,train_with_validation_monitoring,10,0.8373221755027771,0.8397887945175171
4min,TCN,1,2028,train_with_validation_monitoring,11,0.8186845779418945,0.8415822982788086
4min,TCN,1,2028,train_with_validation_monitoring,12,0.8111394047737122,0.8386462330818176
4min,TCN,1,2028,train_with_validation_monitoring,13,0.8013104796409607,0.836998462677002
4min,TCN,1,2028,train_with_validation_monitoring,14,0.7935803532600403,0.8479833602905273
4min,TCN,1,2028,train_with_validation_monitoring,15,0.7772331833839417,0.8375418186187744
4min,TCN,1,2028,train_with_validation_monitoring,16,0.7652058601379395,0.8306564092636108
4min,TCN,1,2028,train_with_validation_monitoring,17,0.757152259349823,0.8315547704696655
4min,TCN,1,2028,train_with_validation_monitoring,18,0.7477729320526123,0.8180826306343079
4min,TCN,1,2028,train_with_validation_monitoring,19,0.7432689666748047,0.80675208568573
4min,TCN,1,2028,train_with_validation_monitoring,20,0.7282618284225464,0.8124970197677612
4min,TCN,1,2028,train_with_validation_monitoring,21,0.7143726348876953,0.7999170422554016
4min,TCN,1,2028,train_with_validation_monitoring,22,0.7039315700531006,0.7882019877433777
4min,TCN,1,2028,train_with_validation_monitoring,23,0.6972620487213135,0.7693834900856018
4min,TCN,1,2028,train_with_validation_monitoring,24,0.6951631307601929,0.7397814393043518
4min,TCN,1,2028,train_with_validation_monitoring,25,0.6802530884742737,0.7336342334747314
4min,TCN,1,2028,train_with_validation_monitoring,26,0.6578419208526611,0.7084488272666931
4min,TCN,1,2028,train_with_validation_monitoring,27,0.6370820999145508,0.707795262336731
4min,TCN,1,2028,train_with_validation_monitoring,28,0.6194797158241272,0.69740891456604
4min,TCN,1,2028,train_with_validation_monitoring,29,0.5925052762031555,0.7354292869567871
4min,TCN,1,2028,train_with_validation_monitoring,30,0.5705525279045105,0.6757490038871765
4min,TCN,1,2028,train_with_validation_monitoring,31,0.5440787672996521,0.7181098461151123
4min,TCN,1,2028,train_with_validation_monitoring,32,0.5170009732246399,0.6561955213546753
4min,TCN,1,2028,train_with_validation_monitoring,33,0.4997277557849884,0.6979838609695435
4min,TCN,1,2028,train_with_validation_monitoring,34,0.4737411141395569,0.6748780608177185
4min,TCN,1,2028,train_with_validation_monitoring,35,0.45429903268814087,0.6665732860565186
4min,TCN,1,2028,train_with_validation_monitoring,36,0.43171992897987366,0.7653307318687439
4min,TCN,1,2028,train_with_validation_monitoring,37,0.4054822325706482,0.68123859167099
4min,TCN,1,2028,train_with_validation_monitoring,38,0.40263041853904724,0.709466814994812
4min,TCN,1,2028,train_with_validation_monitoring,39,0.38957422971725464,0.6705875992774963
4min,TCN,1,2028,train_with_validation_monitoring,40,0.37633177638053894,0.678351104259491
4min,TCN,1,2028,train_with_validation_monitoring,41,0.3592643439769745,0.8291409015655518
4min,TCN,1,2028,train_with_validation_monitoring,42,0.3636876046657562,0.7721338272094727
4min,TCN,2,2026,train_with_validation_monitoring,1,12.29609489440918,1.6686983108520508
4min,TCN,2,2026,train_with_validation_monitoring,2,1.3800500631332397,0.8970563411712646
4min,TCN,2,2026,train_with_validation_monitoring,3,1.114827275276184,0.9911673665046692
4min,TCN,2,2026,train_with_validation_monitoring,4,1.0026178359985352,0.9650155305862427
4min,TCN,2,2026,train_with_validation_monitoring,5,0.9595343470573425,0.9343527555465698
4min,TCN,2,2026,train_with_validation_monitoring,6,0.9384687542915344,0.8908472061157227
4min,TCN,2,2026,train_with_validation_monitoring,7,0.9224932789802551,0.8793653249740601
4min,TCN,2,2026,train_with_validation_monitoring,8,0.9017397165298462,0.8810797333717346
4min,TCN,2,2026,train_with_validation_monitoring,9,0.8922452926635742,0.8828556537628174
4min,TCN,2,2026,train_with_validation_monitoring,10,0.8906006217002869,0.8825995326042175
4min,TCN,2,2026,train_with_validation_monitoring,11,0.8786873817443848,0.8783968091011047
4min,TCN,2,2026,train_with_validation_monitoring,12,0.8681238889694214,0.874047577381134
4min,TCN,2,2026,train_with_validation_monitoring,13,0.8577072620391846,0.8755495548248291
4min,TCN,2,2026,train_with_validation_monitoring,14,0.8636900782585144,0.8784688711166382
4min,TCN,2,2026,train_with_validation_monitoring,15,0.858607292175293,0.8754085898399353
4min,TCN,2,2026,train_with_validation_monitoring,16,0.8379086852073669,0.8667683601379395
4min,TCN,2,2026,train_with_validation_monitoring,17,0.8388060331344604,0.8569157719612122
4min,TCN,2,2026,train_with_validation_monitoring,18,0.8357500433921814,0.8550787568092346
4min,TCN,2,2026,train_with_validation_monitoring,19,0.8297905325889587,0.8564836382865906
4min,TCN,2,2026,train_with_validation_monitoring,20,0.8196354508399963,0.8538419008255005
4min,TCN,2,2026,train_with_validation_monitoring,21,0.8068745136260986,0.8596305251121521
4min,TCN,2,2026,train_with_validation_monitoring,22,0.802804708480835,0.8725275993347168
4min,TCN,2,2026,train_with_validation_monitoring,23,0.7906219363212585,0.8437305688858032
4min,TCN,2,2026,train_with_validation_monitoring,24,0.7858730554580688,0.8774986267089844
4min,TCN,2,2026,train_with_validation_monitoring,25,0.781091570854187,0.8481097221374512
4min,TCN,2,2026,train_with_validation_monitoring,26,0.7741432785987854,0.8579037189483643
4min,TCN,2,2026,train_with_validation_monitoring,27,0.7590248584747314,0.8036044836044312
4min,TCN,2,2026,train_with_validation_monitoring,28,0.7604017853736877,0.8177918791770935
4min,TCN,2,2026,train_with_validation_monitoring,29,0.7333904504776001,0.7810271978378296
4min,TCN,2,2026,train_with_validation_monitoring,30,0.7380589842796326,0.7776815295219421
4min,TCN,2,2026,train_with_validation_monitoring,31,0.7162660360336304,0.7845460772514343
4min,TCN,2,2026,train_with_validation_monitoring,32,0.7289723753929138,0.7850747108459473
4min,TCN,2,2026,train_with_validation_monitoring,33,0.7118375301361084,0.7767672538757324
4min,TCN,2,2026,train_with_validation_monitoring,34,0.6860191226005554,0.7633426189422607
4min,TCN,2,2026,train_with_validation_monitoring,35,0.6749714612960815,0.8048979640007019
4min,TCN,2,2026,train_with_validation_monitoring,36,0.6613885760307312,0.8531262874603271
4min,TCN,2,2026,train_with_validation_monitoring,37,0.6456234455108643,0.9669716358184814
4min,TCN,2,2026,train_with_validation_monitoring,38,0.6289120316505432,0.9758697748184204
4min,TCN,2,2026,train_with_validation_monitoring,39,0.6107476353645325,1.0494505167007446
4min,TCN,2,2026,train_with_validation_monitoring,40,0.6073614358901978,0.8928155899047852
4min,TCN,2,2026,train_with_validation_monitoring,41,0.5897730588912964,0.7509526610374451
4min,TCN,2,2026,train_with_validation_monitoring,42,0.558009922504425,0.7817332148551941
4min,TCN,2,2026,train_with_validation_monitoring,43,0.544093906879425,0.7478927969932556
4min,TCN,2,2026,train_with_validation_monitoring,44,0.5263530015945435,0.8466983437538147
4min,TCN,2,2026,train_with_validation_monitoring,45,0.5136536359786987,0.8375256657600403
4min,TCN,2,2026,train_with_validation_monitoring,46,0.5132886171340942,0.9286720156669617
4min,TCN,2,2026,train_with_validation_monitoring,47,0.49610012769699097,0.9619899392127991
4min,TCN,2,2026,train_with_validation_monitoring,48,0.4762106239795685,1.0775593519210815
4min,TCN,2,2026,train_with_validation_monitoring,49,0.4880828857421875,0.992705225944519
4min,TCN,2,2026,train_with_validation_monitoring,50,0.47791650891304016,0.845885157585144
4min,TCN,2,2026,train_with_validation_monitoring,51,0.47781723737716675,1.0536423921585083
4min,TCN,2,2026,train_with_validation_monitoring,52,0.46513038873672485,1.0702509880065918
4min,TCN,2,2026,train_with_validation_monitoring,53,0.4715060889720917,0.9642952680587769
4min,TCN,2,2027,train_with_validation_monitoring,1,11.068246841430664,1.576837420463562
4min,TCN,2,2027,train_with_validation_monitoring,2,1.8573448657989502,1.4194395542144775
4min,TCN,2,2027,train_with_validation_monitoring,3,1.2840391397476196,1.261433482170105
4min,TCN,2,2027,train_with_validation_monitoring,4,1.062454342842102,1.1779230833053589
4min,TCN,2,2027,train_with_validation_monitoring,5,0.9913973212242126,0.9760845899581909
4min,TCN,2,2027,train_with_validation_monitoring,6,0.9662051200866699,0.9421599507331848
4min,TCN,2,2027,train_with_validation_monitoring,7,0.9425147771835327,0.9432560205459595
4min,TCN,2,2027,train_with_validation_monitoring,8,0.9361793994903564,0.9332655072212219
4min,TCN,2,2027,train_with_validation_monitoring,9,0.9202116131782532,0.9355815052986145
4min,TCN,2,2027,train_with_validation_monitoring,10,0.9071725010871887,0.907458484172821
4min,TCN,2,2027,train_with_validation_monitoring,11,0.9018891453742981,0.8918076157569885
4min,TCN,2,2027,train_with_validation_monitoring,12,0.892584502696991,0.8684449195861816
4min,TCN,2,2027,train_with_validation_monitoring,13,0.8876667022705078,0.8607780337333679
4min,TCN,2,2027,train_with_validation_monitoring,14,0.8773447871208191,0.8519494533538818
4min,TCN,2,2027,train_with_validation_monitoring,15,0.8685998320579529,0.8414732217788696
4min,TCN,2,2027,train_with_validation_monitoring,16,0.8657318949699402,0.8431246876716614
4min,TCN,2,2027,train_with_validation_monitoring,17,0.8597292900085449,0.8308013677597046
4min,TCN,2,2027,train_with_validation_monitoring,18,0.8541826605796814,0.832497239112854
4min,TCN,2,2027,train_with_validation_monitoring,19,0.8436883687973022,0.8255446553230286
4min,TCN,2,2027,train_with_validation_monitoring,20,0.8459765315055847,0.8247806429862976
4min,TCN,2,2027,train_with_validation_monitoring,21,0.8408032655715942,0.8294321298599243
4min,TCN,2,2027,train_with_validation_monitoring,22,0.8300737142562866,0.8160106539726257
4min,TCN,2,2027,train_with_validation_monitoring,23,0.8138394355773926,0.8095088005065918
4min,TCN,2,2027,train_with_validation_monitoring,24,0.8005027770996094,0.8076110482215881
4min,TCN,2,2027,train_with_validation_monitoring,25,0.7970127463340759,0.7954875826835632
4min,TCN,2,2027,train_with_validation_monitoring,26,0.7804335355758667,0.8013942837715149
4min,TCN,2,2027,train_with_validation_monitoring,27,0.7503382563591003,0.7515217661857605
4min,TCN,2,2027,train_with_validation_monitoring,28,0.7301287055015564,0.7285805344581604
4min,TCN,2,2027,train_with_validation_monitoring,29,0.700251042842865,0.6826066970825195
4min,TCN,2,2027,train_with_validation_monitoring,30,0.6730717420578003,0.6541846394538879
4min,TCN,2,2027,train_with_validation_monitoring,31,0.6470575332641602,0.6285557746887207
4min,TCN,2,2027,train_with_validation_monitoring,32,0.6015917062759399,0.60941082239151
4min,TCN,2,2027,train_with_validation_monitoring,33,0.5683152079582214,0.5651003122329712
4min,TCN,2,2027,train_with_validation_monitoring,34,0.5540789365768433,0.5290213823318481
4min,TCN,2,2027,train_with_validation_monitoring,35,0.543677031993866,0.5344132781028748
4min,TCN,2,2027,train_with_validation_monitoring,36,0.5276932716369629,0.5037827491760254
4min,TCN,2,2027,train_with_validation_monitoring,37,0.5111483931541443,0.46990182995796204
4min,TCN,2,2027,train_with_validation_monitoring,38,0.4771357774734497,0.46554338932037354
4min,TCN,2,2027,train_with_validation_monitoring,39,0.4637073874473572,0.43374067544937134
4min,TCN,2,2027,train_with_validation_monitoring,40,0.43622228503227234,0.4114876985549927
4min,TCN,2,2027,train_with_validation_monitoring,41,0.4208705425262451,0.38800522685050964
4min,TCN,2,2027,train_with_validation_monitoring,42,0.39799824357032776,0.37344440817832947
4min,TCN,2,2027,train_with_validation_monitoring,43,0.38657549023628235,0.3407049775123596
4min,TCN,2,2027,train_with_validation_monitoring,44,0.37053871154785156,0.3413057029247284
4min,TCN,2,2027,train_with_validation_monitoring,45,0.3795994818210602,0.35316944122314453
4min,TCN,2,2027,train_with_validation_monitoring,46,0.3534884750843048,0.35256657004356384
4min,TCN,2,2027,train_with_validation_monitoring,47,0.33631494641304016,0.3124527633190155
4min,TCN,2,2027,train_with_validation_monitoring,48,0.33319559693336487,0.31324711441993713
4min,TCN,2,2027,train_with_validation_monitoring,49,0.3234701156616211,0.3022029995918274
4min,TCN,2,2027,train_with_validation_monitoring,50,0.3206535577774048,0.35458213090896606
4min,TCN,2,2027,train_with_validation_monitoring,51,0.31013497710227966,0.3005771338939667
4min,TCN,2,2027,train_with_validation_monitoring,52,0.31466495990753174,0.2915818989276886
4min,TCN,2,2027,train_with_validation_monitoring,53,0.31185993552207947,0.3230386972427368
4min,TCN,2,2027,train_with_validation_monitoring,54,0.2767590582370758,0.28882697224617004
4min,TCN,2,2027,train_with_validation_monitoring,55,0.2885078191757202,0.3758162558078766
4min,TCN,2,2027,train_with_validation_monitoring,56,0.2853441536426544,0.34298452734947205
4min,TCN,2,2027,train_with_validation_monitoring,57,0.27202609181404114,0.29132407903671265
4min,TCN,2,2027,train_with_validation_monitoring,58,0.2787201404571533,0.31628918647766113
4min,TCN,2,2027,train_with_validation_monitoring,59,0.2775285542011261,0.35915619134902954
4min,TCN,2,2027,train_with_validation_monitoring,60,0.26631593704223633,0.28424450755119324
4min,TCN,2,2027,train_with_validation_monitoring,61,0.24838195741176605,0.32849618792533875
4min,TCN,2,2027,train_with_validation_monitoring,62,0.2658839821815491,0.316875696182251
4min,TCN,2,2027,train_with_validation_monitoring,63,0.2675539255142212,0.28627386689186096
4min,TCN,2,2027,train_with_validation_monitoring,64,0.2598054111003876,0.28672096133232117
4min,TCN,2,2027,train_with_validation_monitoring,65,0.2552483379840851,0.28141355514526367
4min,TCN,2,2027,train_with_validation_monitoring,66,0.25113019347190857,0.3063299357891083
4min,TCN,2,2027,train_with_validation_monitoring,67,0.24349141120910645,0.31815654039382935
4min,TCN,2,2027,train_with_validation_monitoring,68,0.251819372177124,0.3281184732913971
4min,TCN,2,2027,train_with_validation_monitoring,69,0.23416419327259064,0.2820144593715668
4min,TCN,2,2027,train_with_validation_monitoring,70,0.24988789856433868,0.3385143280029297
4min,TCN,2,2027,train_with_validation_monitoring,71,0.24563264846801758,0.31412020325660706
4min,TCN,2,2027,train_with_validation_monitoring,72,0.23678669333457947,0.33702391386032104
4min,TCN,2,2027,train_with_validation_monitoring,73,0.24008773267269135,0.3405616581439972
4min,TCN,2,2027,train_with_validation_monitoring,74,0.2435874491930008,0.3169238567352295
4min,TCN,2,2027,train_with_validation_monitoring,75,0.2214914858341217,0.33392828702926636
4min,TCN,2,2028,train_with_validation_monitoring,1,2.9038236141204834,1.1993892192840576
4min,TCN,2,2028,train_with_validation_monitoring,2,1.1746749877929688,0.8905659317970276
4min,TCN,2,2028,train_with_validation_monitoring,3,0.9907258749008179,0.879657506942749
4min,TCN,2,2028,train_with_validation_monitoring,4,0.9351135492324829,0.8724290132522583
4min,TCN,2,2028,train_with_validation_monitoring,5,0.9025038480758667,0.8639803528785706
4min,TCN,2,2028,train_with_validation_monitoring,6,0.8839519023895264,0.86873859167099
4min,TCN,2,2028,train_with_validation_monitoring,7,0.8700066804885864,0.8668310642242432
4min,TCN,2,2028,train_with_validation_monitoring,8,0.8708653450012207,0.8633498549461365
4min,TCN,2,2028,train_with_validation_monitoring,9,0.8598766326904297,0.8684591054916382
4min,TCN,2,2028,train_with_validation_monitoring,10,0.8538793325424194,0.8751252889633179
4min,TCN,2,2028,train_with_validation_monitoring,11,0.845920205116272,0.8844930529594421
4min,TCN,2,2028,train_with_validation_monitoring,12,0.8365331888198853,0.8931823968887329
4min,TCN,2,2028,train_with_validation_monitoring,13,0.8180142641067505,0.8997471928596497
4min,TCN,2,2028,train_with_validation_monitoring,14,0.8162598013877869,0.9117851257324219
4min,TCN,2,2028,train_with_validation_monitoring,15,0.7958075404167175,0.9126774072647095
4min,TCN,2,2028,train_with_validation_monitoring,16,0.7916254997253418,0.9102820158004761
4min,TCN,2,2028,train_with_validation_monitoring,17,0.7894446849822998,0.9238293766975403
4min,TCN,2,2028,train_with_validation_monitoring,18,0.7757754325866699,0.9202429056167603
12min,MLP,1,2026,train_with_validation_monitoring,1,2.546576976776123,1.3302791118621826
12min,MLP,1,2026,train_with_validation_monitoring,2,1.3188285827636719,1.2467665672302246
12min,MLP,1,2026,train_with_validation_monitoring,3,0.9677380919456482,1.159915804862976
12min,MLP,1,2026,train_with_validation_monitoring,4,0.7555946111679077,1.0070345401763916
12min,MLP,1,2026,train_with_validation_monitoring,5,0.7220748066902161,0.8346514105796814
12min,MLP,1,2026,train_with_validation_monitoring,6,0.6327422261238098,0.6787095069885254
12min,MLP,1,2026,train_with_validation_monitoring,7,0.6005253791809082,0.5915260314941406
12min,MLP,1,2026,train_with_validation_monitoring,8,0.5665243268013,0.5642157793045044
12min,MLP,1,2026,train_with_validation_monitoring,9,0.5334364175796509,0.5599920749664307
12min,MLP,1,2026,train_with_validation_monitoring,10,0.5215402841567993,0.5835406184196472
12min,MLP,1,2026,train_with_validation_monitoring,11,0.48296576738357544,0.6211502552032471
12min,MLP,1,2026,train_with_validation_monitoring,12,0.52229905128479,0.6032114028930664
12min,MLP,1,2026,train_with_validation_monitoring,13,0.4183844029903412,0.5608275532722473
12min,MLP,1,2026,train_with_validation_monitoring,14,0.44001081585884094,0.5353237390518188
12min,MLP,1,2026,train_with_validation_monitoring,15,0.44075918197631836,0.5285431742668152
12min,MLP,1,2026,train_with_validation_monitoring,16,0.42171889543533325,0.5127782821655273
12min,MLP,1,2026,train_with_validation_monitoring,17,0.38438713550567627,0.480215847492218
12min,MLP,1,2026,train_with_validation_monitoring,18,0.37873488664627075,0.4588239789009094
12min,MLP,1,2026,train_with_validation_monitoring,19,0.3466779291629791,0.4438943862915039
12min,MLP,1,2026,train_with_validation_monitoring,20,0.3759140372276306,0.44744446873664856
12min,MLP,1,2026,train_with_validation_monitoring,21,0.3653836250305176,0.4657137989997864
12min,MLP,1,2026,train_with_validation_monitoring,22,0.29575347900390625,0.4783799350261688
12min,MLP,1,2026,train_with_validation_monitoring,23,0.2890149652957916,0.48428937792778015
12min,MLP,1,2026,train_with_validation_monitoring,24,0.3020074963569641,0.47439655661582947
12min,MLP,1,2026,train_with_validation_monitoring,25,0.28829678893089294,0.4665898084640503
12min,MLP,1,2026,train_with_validation_monitoring,26,0.28781864047050476,0.4569920599460602
12min,MLP,1,2026,train_with_validation_monitoring,27,0.2882543206214905,0.4476192593574524
12min,MLP,1,2026,train_with_validation_monitoring,28,0.2869119346141815,0.4393600821495056
12min,MLP,1,2026,train_with_validation_monitoring,29,0.2542712688446045,0.4321320652961731
12min,MLP,1,2026,train_with_validation_monitoring,30,0.2474844753742218,0.42411476373672485
12min,MLP,1,2026,train_with_validation_monitoring,31,0.2714588940143585,0.4155281186103821
12min,MLP,1,2026,train_with_validation_monitoring,32,0.2592772841453552,0.4063750207424164
12min,MLP,1,2026,train_with_validation_monitoring,33,0.26776406168937683,0.3922337591648102
12min,MLP,1,2026,train_with_validation_monitoring,34,0.24247431755065918,0.37833234667778015
12min,MLP,1,2026,train_with_validation_monitoring,35,0.241354838013649,0.36658650636672974
12min,MLP,1,2026,train_with_validation_monitoring,36,0.27080458402633667,0.3566771447658539
12min,MLP,1,2026,train_with_validation_monitoring,37,0.26940542459487915,0.3521612584590912
12min,MLP,1,2026,train_with_validation_monitoring,38,0.23846758902072906,0.34973302483558655
12min,MLP,1,2026,train_with_validation_monitoring,39,0.22855469584465027,0.3478791415691376
12min,MLP,1,2026,train_with_validation_monitoring,40,0.2294994741678238,0.3483734726905823
12min,MLP,1,2026,train_with_validation_monitoring,41,0.27890872955322266,0.3510156273841858
12min,MLP,1,2026,train_with_validation_monitoring,42,0.21676863729953766,0.3538897633552551
12min,MLP,1,2026,train_with_validation_monitoring,43,0.22409015893936157,0.35751861333847046
12min,MLP,1,2026,train_with_validation_monitoring,44,0.21209067106246948,0.3560115694999695
12min,MLP,1,2026,train_with_validation_monitoring,45,0.212907075881958,0.35557883977890015
12min,MLP,1,2026,train_with_validation_monitoring,46,0.20078516006469727,0.35468950867652893
12min,MLP,1,2026,train_with_validation_monitoring,47,0.20772968232631683,0.3519049882888794
12min,MLP,1,2026,train_with_validation_monitoring,48,0.22507932782173157,0.3495301902294159
12min,MLP,1,2026,train_with_validation_monitoring,49,0.20110705494880676,0.34848353266716003
12min,MLP,1,2027,train_with_validation_monitoring,1,2.6124002933502197,1.8831278085708618
12min,MLP,1,2027,train_with_validation_monitoring,2,1.2193896770477295,1.3501241207122803
12min,MLP,1,2027,train_with_validation_monitoring,3,0.8125442862510681,1.2815988063812256
12min,MLP,1,2027,train_with_validation_monitoring,4,0.742692232131958,1.0621832609176636
12min,MLP,1,2027,train_with_validation_monitoring,5,0.6840598583221436,0.9114269018173218
12min,MLP,1,2027,train_with_validation_monitoring,6,0.629307210445404,0.8719342947006226
12min,MLP,1,2027,train_with_validation_monitoring,7,0.6267274618148804,0.8895847201347351
12min,MLP,1,2027,train_with_validation_monitoring,8,0.544892430305481,0.8975224494934082
12min,MLP,1,2027,train_with_validation_monitoring,9,0.5052127838134766,0.8462915420532227
12min,MLP,1,2027,train_with_validation_monitoring,10,0.49016863107681274,0.7923632860183716
12min,MLP,1,2027,train_with_validation_monitoring,11,0.4275669455528259,0.7345877885818481
12min,MLP,1,2027,train_with_validation_monitoring,12,0.4783047139644623,0.6844844222068787
12min,MLP,1,2027,train_with_validation_monitoring,13,0.4255269169807434,0.6360446810722351
12min,MLP,1,2027,train_with_validation_monitoring,14,0.3560977280139923,0.5872838497161865
12min,MLP,1,2027,train_with_validation_monitoring,15,0.41306445002555847,0.5515523552894592
12min,MLP,1,2027,train_with_validation_monitoring,16,0.3629828989505768,0.5328546166419983
12min,MLP,1,2027,train_with_validation_monitoring,17,0.3561674654483795,0.509955883026123
12min,MLP,1,2027,train_with_validation_monitoring,18,0.3573761582374573,0.47954514622688293
12min,MLP,1,2027,train_with_validation_monitoring,19,0.33004018664360046,0.4439905285835266
12min,MLP,1,2027,train_with_validation_monitoring,20,0.34217026829719543,0.4130755662918091
12min,MLP,1,2027,train_with_validation_monitoring,21,0.27984631061553955,0.3926438093185425
12min,MLP,1,2027,train_with_validation_monitoring,22,0.30925992131233215,0.38234078884124756
12min,MLP,1,2027,train_with_validation_monitoring,23,0.2929040193557739,0.37568122148513794
12min,MLP,1,2027,train_with_validation_monitoring,24,0.2940759062767029,0.3671165406703949
12min,MLP,1,2027,train_with_validation_monitoring,25,0.30133357644081116,0.35642045736312866
12min,MLP,1,2027,train_with_validation_monitoring,26,0.29298290610313416,0.3474365174770355
12min,MLP,1,2027,train_with_validation_monitoring,27,0.2894446849822998,0.34351998567581177
12min,MLP,1,2027,train_with_validation_monitoring,28,0.27788811922073364,0.3397640585899353
12min,MLP,1,2027,train_with_validation_monitoring,29,0.241285502910614,0.33838874101638794
12min,MLP,1,2027,train_with_validation_monitoring,30,0.24219568073749542,0.33995458483695984
12min,MLP,1,2027,train_with_validation_monitoring,31,0.2485196888446808,0.34438785910606384
12min,MLP,1,2027,train_with_validation_monitoring,32,0.28753823041915894,0.35648879408836365
12min,MLP,1,2027,train_with_validation_monitoring,33,0.26037153601646423,0.3715483844280243
12min,MLP,1,2027,train_with_validation_monitoring,34,0.2534204423427582,0.38360831141471863
12min,MLP,1,2027,train_with_validation_monitoring,35,0.2441519796848297,0.3848488926887512
12min,MLP,1,2027,train_with_validation_monitoring,36,0.24491579830646515,0.38020411133766174
12min,MLP,1,2027,train_with_validation_monitoring,37,0.22091037034988403,0.37274637818336487
12min,MLP,1,2027,train_with_validation_monitoring,38,0.23375877737998962,0.3636960983276367
12min,MLP,1,2027,train_with_validation_monitoring,39,0.20612257719039917,0.3530273735523224
12min,MLP,1,2028,train_with_validation_monitoring,1,2.25535249710083,2.3456127643585205
12min,MLP,1,2028,train_with_validation_monitoring,2,1.1580557823181152,1.845030665397644
12min,MLP,1,2028,train_with_validation_monitoring,3,0.8858683705329895,1.8156393766403198
12min,MLP,1,2028,train_with_validation_monitoring,4,0.7356357574462891,1.8261445760726929
12min,MLP,1,2028,train_with_validation_monitoring,5,0.6781972646713257,1.6565179824829102
12min,MLP,1,2028,train_with_validation_monitoring,6,0.6553360819816589,1.3607749938964844
12min,MLP,1,2028,train_with_validation_monitoring,7,0.6089504957199097,1.0353187322616577
12min,MLP,1,2028,train_with_validation_monitoring,8,0.5496387481689453,0.797836422920227
12min,MLP,1,2028,train_with_validation_monitoring,9,0.5028084516525269,0.636117696762085
12min,MLP,1,2028,train_with_validation_monitoring,10,0.4966132938861847,0.5314006209373474
12min,MLP,1,2028,train_with_validation_monitoring,11,0.4812931716442108,0.44920432567596436
12min,MLP,1,2028,train_with_validation_monitoring,12,0.4841139614582062,0.39568501710891724
12min,MLP,1,2028,train_with_validation_monitoring,13,0.39482763409614563,0.3716315031051636
12min,MLP,1,2028,train_with_validation_monitoring,14,0.41060417890548706,0.34994861483573914
12min,MLP,1,2028,train_with_validation_monitoring,15,0.4063524007797241,0.34708741307258606
12min,MLP,1,2028,train_with_validation_monitoring,16,0.3621622920036316,0.3477746546268463
12min,MLP,1,2028,train_with_validation_monitoring,17,0.3801082372665405,0.34734469652175903
12min,MLP,1,2028,train_with_validation_monitoring,18,0.3233012557029724,0.3452383577823639
12min,MLP,1,2028,train_with_validation_monitoring,19,0.3413197100162506,0.34420084953308105
12min,MLP,1,2028,train_with_validation_monitoring,20,0.301974356174469,0.34102603793144226
12min,MLP,1,2028,train_with_validation_monitoring,21,0.3403186500072479,0.34751859307289124
12min,MLP,1,2028,train_with_validation_monitoring,22,0.3255983591079712,0.3597065508365631
12min,MLP,1,2028,train_with_validation_monitoring,23,0.31552091240882874,0.36200979351997375
12min,MLP,1,2028,train_with_validation_monitoring,24,0.30661875009536743,0.36294353008270264
12min,MLP,1,2028,train_with_validation_monitoring,25,0.27941885590553284,0.3675117790699005
12min,MLP,1,2028,train_with_validation_monitoring,26,0.24697443842887878,0.37190625071525574
12min,MLP,1,2028,train_with_validation_monitoring,27,0.3001108765602112,0.3734235465526581
12min,MLP,1,2028,train_with_validation_monitoring,28,0.30242636799812317,0.37000972032546997
12min,MLP,1,2028,train_with_validation_monitoring,29,0.27318793535232544,0.36584383249282837
12min,MLP,1,2028,train_with_validation_monitoring,30,0.2736545205116272,0.36381837725639343
12min,MLP,2,2026,train_with_validation_monitoring,1,3.1029176712036133,2.9804275035858154
12min,MLP,2,2026,train_with_validation_monitoring,2,1.791978359222412,1.974955677986145
12min,MLP,2,2026,train_with_validation_monitoring,3,1.3866454362869263,1.4189449548721313
12min,MLP,2,2026,train_with_validation_monitoring,4,0.991981565952301,1.1601970195770264
12min,MLP,2,2026,train_with_validation_monitoring,5,0.9057433009147644,0.9434139132499695
12min,MLP,2,2026,train_with_validation_monitoring,6,0.8918185830116272,0.8177143931388855
12min,MLP,2,2026,train_with_validation_monitoring,7,0.7964674830436707,0.7187176942825317
12min,MLP,2,2026,train_with_validation_monitoring,8,0.7563571333885193,0.6417837142944336
12min,MLP,2,2026,train_with_validation_monitoring,9,0.7111324667930603,0.5907750725746155
12min,MLP,2,2026,train_with_validation_monitoring,10,0.6668113470077515,0.5615615248680115
12min,MLP,2,2026,train_with_validation_monitoring,11,0.5323793888092041,0.5358602404594421
12min,MLP,2,2026,train_with_validation_monitoring,12,0.545464277267456,0.5329157710075378
12min,MLP,2,2026,train_with_validation_monitoring,13,0.5121138095855713,0.5369406938552856
12min,MLP,2,2026,train_with_validation_monitoring,14,0.48608526587486267,0.5379812121391296
12min,MLP,2,2026,train_with_validation_monitoring,15,0.5241318941116333,0.534342348575592
12min,MLP,2,2026,train_with_validation_monitoring,16,0.46347489953041077,0.5298380851745605
12min,MLP,2,2026,train_with_validation_monitoring,17,0.452919602394104,0.5225416421890259
12min,MLP,2,2026,train_with_validation_monitoring,18,0.3960915207862854,0.5164700150489807
12min,MLP,2,2026,train_with_validation_monitoring,19,0.452543705701828,0.5103208422660828
12min,MLP,2,2026,train_with_validation_monitoring,20,0.39765453338623047,0.5082210302352905
12min,MLP,2,2026,train_with_validation_monitoring,21,0.40338942408561707,0.49800437688827515
12min,MLP,2,2026,train_with_validation_monitoring,22,0.3841080367565155,0.48120734095573425
12min,MLP,2,2026,train_with_validation_monitoring,23,0.34277260303497314,0.4579222798347473
12min,MLP,2,2026,train_with_validation_monitoring,24,0.3344796597957611,0.43743520975112915
12min,MLP,2,2026,train_with_validation_monitoring,25,0.3210274279117584,0.4272312521934509
12min,MLP,2,2026,train_with_validation_monitoring,26,0.36214062571525574,0.42159485816955566
12min,MLP,2,2026,train_with_validation_monitoring,27,0.29584449529647827,0.4255917966365814
12min,MLP,2,2026,train_with_validation_monitoring,28,0.33244895935058594,0.42683225870132446
12min,MLP,2,2026,train_with_validation_monitoring,29,0.3384670615196228,0.4297017753124237
12min,MLP,2,2026,train_with_validation_monitoring,30,0.3061957359313965,0.4360235035419464
12min,MLP,2,2026,train_with_validation_monitoring,31,0.27499812841415405,0.4413674473762512
12min,MLP,2,2026,train_with_validation_monitoring,32,0.27478310465812683,0.44414791464805603
12min,MLP,2,2026,train_with_validation_monitoring,33,0.2710188031196594,0.4468866288661957
12min,MLP,2,2026,train_with_validation_monitoring,34,0.2700532376766205,0.4496806561946869
12min,MLP,2,2026,train_with_validation_monitoring,35,0.26424577832221985,0.45494186878204346
12min,MLP,2,2026,train_with_validation_monitoring,36,0.2793937921524048,0.45565399527549744
12min,MLP,2,2027,train_with_validation_monitoring,1,3.062164068222046,1.7939350605010986
12min,MLP,2,2027,train_with_validation_monitoring,2,1.6143156290054321,1.187258243560791
12min,MLP,2,2027,train_with_validation_monitoring,3,1.3109809160232544,0.9870992302894592
12min,MLP,2,2027,train_with_validation_monitoring,4,1.0213106870651245,0.9311877489089966
12min,MLP,2,2027,train_with_validation_monitoring,5,0.91780024766922,0.8323962092399597
12min,MLP,2,2027,train_with_validation_monitoring,6,0.816148042678833,0.7227110862731934
12min,MLP,2,2027,train_with_validation_monitoring,7,0.7302007079124451,0.6110430955886841
12min,MLP,2,2027,train_with_validation_monitoring,8,0.7258961200714111,0.534606397151947
12min,MLP,2,2027,train_with_validation_monitoring,9,0.661367654800415,0.477682501077652
12min,MLP,2,2027,train_with_validation_monitoring,10,0.571743369102478,0.44678112864494324
12min,MLP,2,2027,train_with_validation_monitoring,11,0.5783153176307678,0.4389244019985199
12min,MLP,2,2027,train_with_validation_monitoring,12,0.5378342866897583,0.4456075429916382
12min,MLP,2,2027,train_with_validation_monitoring,13,0.4466751515865326,0.4480188488960266
12min,MLP,2,2027,train_with_validation_monitoring,14,0.43819883465766907,0.4474419057369232
12min,MLP,2,2027,train_with_validation_monitoring,15,0.43817365169525146,0.44268599152565
12min,MLP,2,2027,train_with_validation_monitoring,16,0.48808610439300537,0.43581199645996094
12min,MLP,2,2027,train_with_validation_monitoring,17,0.3977450728416443,0.42053285241127014
12min,MLP,2,2027,train_with_validation_monitoring,18,0.4030008316040039,0.41066068410873413
12min,MLP,2,2027,train_with_validation_monitoring,19,0.4043448865413666,0.41179364919662476
12min,MLP,2,2027,train_with_validation_monitoring,20,0.3542633056640625,0.4168095588684082
12min,MLP,2,2027,train_with_validation_monitoring,21,0.339323490858078,0.4130931496620178
12min,MLP,2,2027,train_with_validation_monitoring,22,0.331746369600296,0.4059920907020569
12min,MLP,2,2027,train_with_validation_monitoring,23,0.32521727681159973,0.3996792137622833
12min,MLP,2,2027,train_with_validation_monitoring,24,0.3331119418144226,0.3851250410079956
12min,MLP,2,2027,train_with_validation_monitoring,25,0.34720975160598755,0.370566189289093
12min,MLP,2,2027,train_with_validation_monitoring,26,0.32603704929351807,0.35452714562416077
12min,MLP,2,2027,train_with_validation_monitoring,27,0.30744045972824097,0.33795562386512756
12min,MLP,2,2027,train_with_validation_monitoring,28,0.31481727957725525,0.32480117678642273
12min,MLP,2,2027,train_with_validation_monitoring,29,0.31219974160194397,0.31617918610572815
12min,MLP,2,2027,train_with_validation_monitoring,30,0.30527999997138977,0.3083098828792572
12min,MLP,2,2027,train_with_validation_monitoring,31,0.2786046862602234,0.2986723482608795
12min,MLP,2,2027,train_with_validation_monitoring,32,0.2974475026130676,0.29174092411994934
12min,MLP,2,2027,train_with_validation_monitoring,33,0.2700546085834503,0.2881811857223511
12min,MLP,2,2027,train_with_validation_monitoring,34,0.26348811388015747,0.28428730368614197
12min,MLP,2,2027,train_with_validation_monitoring,35,0.27154189348220825,0.2822232246398926
12min,MLP,2,2027,train_with_validation_monitoring,36,0.23754027485847473,0.28421592712402344
12min,MLP,2,2027,train_with_validation_monitoring,37,0.2344338297843933,0.2917763292789459
12min,MLP,2,2027,train_with_validation_monitoring,38,0.2411593496799469,0.3038468062877655
12min,MLP,2,2027,train_with_validation_monitoring,39,0.21543730795383453,0.316007137298584
12min,MLP,2,2027,train_with_validation_monitoring,40,0.22613364458084106,0.33240970969200134
12min,MLP,2,2027,train_with_validation_monitoring,41,0.23548215627670288,0.33851730823516846
12min,MLP,2,2027,train_with_validation_monitoring,42,0.24226535856723785,0.34568724036216736
12min,MLP,2,2027,train_with_validation_monitoring,43,0.2395617812871933,0.35115525126457214
12min,MLP,2,2027,train_with_validation_monitoring,44,0.2527764141559601,0.3524809181690216
12min,MLP,2,2027,train_with_validation_monitoring,45,0.19838190078735352,0.3517354428768158
12min,MLP,2,2028,train_with_validation_monitoring,1,3.3878355026245117,2.0366811752319336
12min,MLP,2,2028,train_with_validation_monitoring,2,1.80645751953125,1.4867063760757446
12min,MLP,2,2028,train_with_validation_monitoring,3,1.391944408416748,1.1775832176208496
12min,MLP,2,2028,train_with_validation_monitoring,4,1.1226283311843872,1.000501275062561
12min,MLP,2,2028,train_with_validation_monitoring,5,1.0485048294067383,0.8268817663192749
12min,MLP,2,2028,train_with_validation_monitoring,6,0.9372867345809937,0.7130212187767029
12min,MLP,2,2028,train_with_validation_monitoring,7,0.8463613986968994,0.6438025832176208
12min,MLP,2,2028,train_with_validation_monitoring,8,0.7497483491897583,0.5935989022254944
12min,MLP,2,2028,train_with_validation_monitoring,9,0.7731831073760986,0.5301216244697571
12min,MLP,2,2028,train_with_validation_monitoring,10,0.6940184235572815,0.49786484241485596
12min,MLP,2,2028,train_with_validation_monitoring,11,0.6257928013801575,0.48903852701187134
12min,MLP,2,2028,train_with_validation_monitoring,12,0.6019605398178101,0.4940321147441864
12min,MLP,2,2028,train_with_validation_monitoring,13,0.5542572736740112,0.502175509929657
12min,MLP,2,2028,train_with_validation_monitoring,14,0.5697230696678162,0.5153301358222961
12min,MLP,2,2028,train_with_validation_monitoring,15,0.5249915719032288,0.529637336730957
12min,MLP,2,2028,train_with_validation_monitoring,16,0.5521789193153381,0.5425788760185242
12min,MLP,2,2028,train_with_validation_monitoring,17,0.4579606354236603,0.5398201942443848
12min,MLP,2,2028,train_with_validation_monitoring,18,0.45389053225517273,0.5319454073905945
12min,MLP,2,2028,train_with_validation_monitoring,19,0.4794404208660126,0.5243197679519653
12min,MLP,2,2028,train_with_validation_monitoring,20,0.41671377420425415,0.51507967710495
12min,MLP,2,2028,train_with_validation_monitoring,21,0.46290862560272217,0.5024427771568298
12min,LSTM,1,2026,train_with_validation_monitoring,1,1.0686140060424805,1.0699338912963867
12min,LSTM,1,2026,train_with_validation_monitoring,2,1.0343589782714844,1.043224573135376
12min,LSTM,1,2026,train_with_validation_monitoring,3,0.9855232834815979,1.0195839405059814
12min,LSTM,1,2026,train_with_validation_monitoring,4,0.9473649263381958,0.9978647828102112
12min,LSTM,1,2026,train_with_validation_monitoring,5,0.9294112324714661,0.9792507886886597
12min,LSTM,1,2026,train_with_validation_monitoring,6,0.8954963684082031,0.9616327285766602
12min,LSTM,1,2026,train_with_validation_monitoring,7,0.8733558654785156,0.9474438428878784
12min,LSTM,1,2026,train_with_validation_monitoring,8,0.862465500831604,0.9353159666061401
12min,LSTM,1,2026,train_with_validation_monitoring,9,0.8046357035636902,0.925565242767334
12min,LSTM,1,2026,train_with_validation_monitoring,10,0.8114830851554871,0.9175258874893188
12min,LSTM,1,2026,train_with_validation_monitoring,11,0.7771681547164917,0.9108639359474182
12min,LSTM,1,2026,train_with_validation_monitoring,12,0.7495249509811401,0.9055225849151611
12min,LSTM,1,2026,train_with_validation_monitoring,13,0.7191895246505737,0.9015976190567017
12min,LSTM,1,2026,train_with_validation_monitoring,14,0.7094637751579285,0.8986222743988037
12min,LSTM,1,2026,train_with_validation_monitoring,15,0.6761914491653442,0.8966033458709717
12min,LSTM,1,2026,train_with_validation_monitoring,16,0.6853379607200623,0.8975441455841064
12min,LSTM,1,2026,train_with_validation_monitoring,17,0.6513426899909973,0.8999696373939514
12min,LSTM,1,2026,train_with_validation_monitoring,18,0.643736720085144,0.9010751843452454
12min,LSTM,1,2026,train_with_validation_monitoring,19,0.6469918489456177,0.9037701487541199
12min,LSTM,1,2026,train_with_validation_monitoring,20,0.615121603012085,0.9007281064987183
12min,LSTM,1,2026,train_with_validation_monitoring,21,0.564674437046051,0.8974341154098511
12min,LSTM,1,2026,train_with_validation_monitoring,22,0.5815359354019165,0.8938225507736206
12min,LSTM,1,2026,train_with_validation_monitoring,23,0.5555903911590576,0.8887592554092407
12min,LSTM,1,2026,train_with_validation_monitoring,24,0.5141549706459045,0.8818024396896362
12min,LSTM,1,2026,train_with_validation_monitoring,25,0.5738860964775085,0.873281717300415
12min,LSTM,1,2026,train_with_validation_monitoring,26,0.537911057472229,0.862994909286499
12min,LSTM,1,2026,train_with_validation_monitoring,27,0.5283241271972656,0.8531607985496521
12min,LSTM,1,2026,train_with_validation_monitoring,28,0.5208758115768433,0.8437084555625916
12min,LSTM,1,2026,train_with_validation_monitoring,29,0.5124989151954651,0.834558367729187
12min,LSTM,1,2026,train_with_validation_monitoring,30,0.5248963236808777,0.8264093399047852
12min,LSTM,1,2026,train_with_validation_monitoring,31,0.49823254346847534,0.8182217478752136
12min,LSTM,1,2026,train_with_validation_monitoring,32,0.5055519342422485,0.8101038932800293
12min,LSTM,1,2026,train_with_validation_monitoring,33,0.471576064825058,0.8016275763511658
12min,LSTM,1,2026,train_with_validation_monitoring,34,0.4865811765193939,0.7937981486320496
12min,LSTM,1,2026,train_with_validation_monitoring,35,0.45958566665649414,0.7852474451065063
12min,LSTM,1,2026,train_with_validation_monitoring,36,0.4880949854850769,0.7767582535743713
12min,LSTM,1,2026,train_with_validation_monitoring,37,0.44242745637893677,0.7690147757530212
12min,LSTM,1,2026,train_with_validation_monitoring,38,0.46801263093948364,0.761574923992157
12min,LSTM,1,2026,train_with_validation_monitoring,39,0.4744383990764618,0.7537097930908203
12min,LSTM,1,2026,train_with_validation_monitoring,40,0.45769837498664856,0.7445933818817139
12min,LSTM,1,2026,train_with_validation_monitoring,41,0.44799157977104187,0.7369084358215332
12min,LSTM,1,2026,train_with_validation_monitoring,42,0.4120092988014221,0.7306341528892517
12min,LSTM,1,2026,train_with_validation_monitoring,43,0.40779539942741394,0.7254544496536255
12min,LSTM,1,2026,train_with_validation_monitoring,44,0.46065858006477356,0.7190816402435303
12min,LSTM,1,2026,train_with_validation_monitoring,45,0.43808335065841675,0.71248459815979
12min,LSTM,1,2026,train_with_validation_monitoring,46,0.45879215002059937,0.7056908011436462
12min,LSTM,1,2026,train_with_validation_monitoring,47,0.4319671094417572,0.6980191469192505
12min,LSTM,1,2026,train_with_validation_monitoring,48,0.43595629930496216,0.692266047000885
12min,LSTM,1,2026,train_with_validation_monitoring,49,0.4127810299396515,0.6837867498397827
12min,LSTM,1,2026,train_with_validation_monitoring,50,0.4035332500934601,0.6757426857948303
12min,LSTM,1,2026,train_with_validation_monitoring,51,0.38851264119148254,0.6699740886688232
12min,LSTM,1,2026,train_with_validation_monitoring,52,0.38668107986450195,0.6658533215522766
12min,LSTM,1,2026,train_with_validation_monitoring,53,0.3775533437728882,0.657166600227356
12min,LSTM,1,2026,train_with_validation_monitoring,54,0.4082835912704468,0.6508576273918152
12min,LSTM,1,2026,train_with_validation_monitoring,55,0.4064456522464752,0.645452082157135
12min,LSTM,1,2026,train_with_validation_monitoring,56,0.3791259527206421,0.6410500407218933
12min,LSTM,1,2026,train_with_validation_monitoring,57,0.3621569871902466,0.6368985772132874
12min,LSTM,1,2026,train_with_validation_monitoring,58,0.4222199320793152,0.6314893960952759
12min,LSTM,1,2026,train_with_validation_monitoring,59,0.34471291303634644,0.6237848997116089
12min,LSTM,1,2026,train_with_validation_monitoring,60,0.35302770137786865,0.6151552796363831
12min,LSTM,1,2026,train_with_validation_monitoring,61,0.34105777740478516,0.6073408126831055
12min,LSTM,1,2026,train_with_validation_monitoring,62,0.34216025471687317,0.5978370904922485
12min,LSTM,1,2026,train_with_validation_monitoring,63,0.38336676359176636,0.5888485312461853
12min,LSTM,1,2026,train_with_validation_monitoring,64,0.34087345004081726,0.5814984440803528
12min,LSTM,1,2026,train_with_validation_monitoring,65,0.3857286274433136,0.574327290058136
12min,LSTM,1,2026,train_with_validation_monitoring,66,0.3440589904785156,0.5677182674407959
12min,LSTM,1,2026,train_with_validation_monitoring,67,0.32433459162712097,0.5623204708099365
12min,LSTM,1,2026,train_with_validation_monitoring,68,0.3080599904060364,0.5554303526878357
12min,LSTM,1,2026,train_with_validation_monitoring,69,0.3067249059677124,0.5452382564544678
12min,LSTM,1,2026,train_with_validation_monitoring,70,0.3222997486591339,0.5331559777259827
12min,LSTM,1,2026,train_with_validation_monitoring,71,0.3100399374961853,0.519173800945282
12min,LSTM,1,2026,train_with_validation_monitoring,72,0.2943408787250519,0.5038985013961792
12min,LSTM,1,2026,train_with_validation_monitoring,73,0.3124973177909851,0.48917633295059204
12min,LSTM,1,2026,train_with_validation_monitoring,74,0.32700687646865845,0.4733235836029053
12min,LSTM,1,2026,train_with_validation_monitoring,75,0.33946579694747925,0.4581596255302429
12min,LSTM,1,2026,train_with_validation_monitoring,76,0.32321107387542725,0.4435291886329651
12min,LSTM,1,2026,train_with_validation_monitoring,77,0.29960936307907104,0.43082329630851746
12min,LSTM,1,2026,train_with_validation_monitoring,78,0.34142178297042847,0.42092350125312805
12min,LSTM,1,2026,train_with_validation_monitoring,79,0.3486074209213257,0.41377201676368713
12min,LSTM,1,2026,train_with_validation_monitoring,80,0.2879910171031952,0.40880629420280457
12min,LSTM,1,2027,train_with_validation_monitoring,1,1.0702711343765259,1.1206978559494019
12min,LSTM,1,2027,train_with_validation_monitoring,2,1.0185776948928833,1.0858267545700073
12min,LSTM,1,2027,train_with_validation_monitoring,3,1.0001566410064697,1.056682825088501
12min,LSTM,1,2027,train_with_validation_monitoring,4,0.9601717591285706,1.031379222869873
12min,LSTM,1,2027,train_with_validation_monitoring,5,0.9280009865760803,1.0073052644729614
12min,LSTM,1,2027,train_with_validation_monitoring,6,0.8890131711959839,0.9861772060394287
12min,LSTM,1,2027,train_with_validation_monitoring,7,0.8917154669761658,0.9666876792907715
12min,LSTM,1,2027,train_with_validation_monitoring,8,0.8512086272239685,0.9498801827430725
12min,LSTM,1,2027,train_with_validation_monitoring,9,0.8426161408424377,0.9355015158653259
12min,LSTM,1,2027,train_with_validation_monitoring,10,0.8218813538551331,0.9232385158538818
12min,LSTM,1,2027,train_with_validation_monitoring,11,0.7995268106460571,0.9128047227859497
12min,LSTM,1,2027,train_with_validation_monitoring,12,0.7642543315887451,0.903331995010376
12min,LSTM,1,2027,train_with_validation_monitoring,13,0.7759392261505127,0.8937512636184692
12min,LSTM,1,2027,train_with_validation_monitoring,14,0.7522306442260742,0.8841776847839355
12min,LSTM,1,2027,train_with_validation_monitoring,15,0.7092102766036987,0.8742109537124634
12min,LSTM,1,2027,train_with_validation_monitoring,16,0.7031319737434387,0.86386638879776
12min,LSTM,1,2027,train_with_validation_monitoring,17,0.6841631531715393,0.8533910512924194
12min,LSTM,1,2027,train_with_validation_monitoring,18,0.6616755127906799,0.8430630564689636
12min,LSTM,1,2027,train_with_validation_monitoring,19,0.680587649345398,0.8335288763046265
12min,LSTM,1,2027,train_with_validation_monitoring,20,0.6596072316169739,0.8242732882499695
12min,LSTM,1,2027,train_with_validation_monitoring,21,0.6073189377784729,0.8140333890914917
12min,LSTM,1,2027,train_with_validation_monitoring,22,0.6410595774650574,0.80341637134552
12min,LSTM,1,2027,train_with_validation_monitoring,23,0.5868768095970154,0.79280024766922
12min,LSTM,1,2027,train_with_validation_monitoring,24,0.5682491064071655,0.7813708782196045
12min,LSTM,1,2027,train_with_validation_monitoring,25,0.5732343196868896,0.7704150676727295
12min,LSTM,1,2027,train_with_validation_monitoring,26,0.5513050556182861,0.7589736580848694
12min,LSTM,1,2027,train_with_validation_monitoring,27,0.5590690970420837,0.7462643384933472
12min,LSTM,1,2027,train_with_validation_monitoring,28,0.5356730818748474,0.7327778935432434
12min,LSTM,1,2027,train_with_validation_monitoring,29,0.5314107537269592,0.7192763090133667
12min,LSTM,1,2027,train_with_validation_monitoring,30,0.4928109049797058,0.7059158682823181
12min,LSTM,1,2027,train_with_validation_monitoring,31,0.5078869462013245,0.6925622224807739
12min,LSTM,1,2027,train_with_validation_monitoring,32,0.47156745195388794,0.6775975823402405
12min,LSTM,1,2027,train_with_validation_monitoring,33,0.45458999276161194,0.6615826487541199
12min,LSTM,1,2027,train_with_validation_monitoring,34,0.44477877020835876,0.6446818113327026
12min,LSTM,1,2027,train_with_validation_monitoring,35,0.4713638126850128,0.6293219923973083
12min,LSTM,1,2027,train_with_validation_monitoring,36,0.46532583236694336,0.6133499145507812
12min,LSTM,1,2027,train_with_validation_monitoring,37,0.42077702283859253,0.5968324542045593
12min,LSTM,1,2027,train_with_validation_monitoring,38,0.42801153659820557,0.5793981552124023
12min,LSTM,1,2027,train_with_validation_monitoring,39,0.41258785128593445,0.5625850558280945
12min,LSTM,1,2027,train_with_validation_monitoring,40,0.3846297562122345,0.5438419580459595
12min,LSTM,1,2027,train_with_validation_monitoring,41,0.4137457013130188,0.5268571376800537
12min,LSTM,1,2027,train_with_validation_monitoring,42,0.38101446628570557,0.5083038806915283
12min,LSTM,1,2027,train_with_validation_monitoring,43,0.3293672800064087,0.4921005666255951
12min,LSTM,1,2027,train_with_validation_monitoring,44,0.37600231170654297,0.47707921266555786
12min,LSTM,1,2027,train_with_validation_monitoring,45,0.3572119176387787,0.46115416288375854
12min,LSTM,1,2027,train_with_validation_monitoring,46,0.3364443778991699,0.4457706809043884
12min,LSTM,1,2027,train_with_validation_monitoring,47,0.3583559989929199,0.4314490854740143
12min,LSTM,1,2027,train_with_validation_monitoring,48,0.31761667132377625,0.4189367890357971
12min,LSTM,1,2027,train_with_validation_monitoring,49,0.321098268032074,0.40788397192955017
12min,LSTM,1,2027,train_with_validation_monitoring,50,0.33934229612350464,0.3984375
12min,LSTM,1,2027,train_with_validation_monitoring,51,0.3552328646183014,0.3913310766220093
12min,LSTM,1,2027,train_with_validation_monitoring,52,0.32255440950393677,0.38628605008125305
12min,LSTM,1,2027,train_with_validation_monitoring,53,0.3227234482765198,0.3826797306537628
12min,LSTM,1,2027,train_with_validation_monitoring,54,0.31219789385795593,0.37937939167022705
12min,LSTM,1,2027,train_with_validation_monitoring,55,0.29132890701293945,0.3782493770122528
12min,LSTM,1,2027,train_with_validation_monitoring,56,0.31857314705848694,0.3786851465702057
12min,LSTM,1,2027,train_with_validation_monitoring,57,0.3060271739959717,0.37906116247177124
12min,LSTM,1,2027,train_with_validation_monitoring,58,0.2517733573913574,0.37930214405059814
12min,LSTM,1,2027,train_with_validation_monitoring,59,0.2721518278121948,0.3788919150829315
12min,LSTM,1,2027,train_with_validation_monitoring,60,0.26190394163131714,0.3777792453765869
12min,LSTM,1,2027,train_with_validation_monitoring,61,0.252829909324646,0.37603920698165894
12min,LSTM,1,2027,train_with_validation_monitoring,62,0.23845122754573822,0.3733324408531189
12min,LSTM,1,2027,train_with_validation_monitoring,63,0.26562485098838806,0.37023863196372986
12min,LSTM,1,2027,train_with_validation_monitoring,64,0.2168758511543274,0.3668145537376404
12min,LSTM,1,2027,train_with_validation_monitoring,65,0.24229338765144348,0.3635532259941101
12min,LSTM,1,2027,train_with_validation_monitoring,66,0.2719067335128784,0.3611261546611786
12min,LSTM,1,2027,train_with_validation_monitoring,67,0.22070440649986267,0.35955408215522766
12min,LSTM,1,2027,train_with_validation_monitoring,68,0.2271501123905182,0.36067336797714233
12min,LSTM,1,2027,train_with_validation_monitoring,69,0.22704531252384186,0.3592775762081146
12min,LSTM,1,2027,train_with_validation_monitoring,70,0.24874335527420044,0.3561152219772339
12min,LSTM,1,2027,train_with_validation_monitoring,71,0.20852120220661163,0.3513280153274536
12min,LSTM,1,2027,train_with_validation_monitoring,72,0.2356065958738327,0.3453257381916046
12min,LSTM,1,2027,train_with_validation_monitoring,73,0.2125096321105957,0.3398680090904236
12min,LSTM,1,2027,train_with_validation_monitoring,74,0.2513359785079956,0.3339919447898865
12min,LSTM,1,2027,train_with_validation_monitoring,75,0.21550996601581573,0.3297901153564453
12min,LSTM,1,2027,train_with_validation_monitoring,76,0.2066061645746231,0.32729580998420715
12min,LSTM,1,2027,train_with_validation_monitoring,77,0.21819859743118286,0.32547610998153687
12min,LSTM,1,2027,train_with_validation_monitoring,78,0.19816912710666656,0.3235446512699127
12min,LSTM,1,2027,train_with_validation_monitoring,79,0.1859663873910904,0.3240044116973877
12min,LSTM,1,2027,train_with_validation_monitoring,80,0.2115904986858368,0.3228408694267273
12min,LSTM,1,2028,train_with_validation_monitoring,1,1.0074198246002197,1.0270066261291504
12min,LSTM,1,2028,train_with_validation_monitoring,2,0.9874532222747803,1.013131022453308
12min,LSTM,1,2028,train_with_validation_monitoring,3,0.9649311900138855,0.9987424612045288
12min,LSTM,1,2028,train_with_validation_monitoring,4,0.9161596298217773,0.9867030382156372
12min,LSTM,1,2028,train_with_validation_monitoring,5,0.8907127380371094,0.9766405820846558
12min,LSTM,1,2028,train_with_validation_monitoring,6,0.8679056167602539,0.9666915535926819
12min,LSTM,1,2028,train_with_validation_monitoring,7,0.8399059772491455,0.9573766589164734
12min,LSTM,1,2028,train_with_validation_monitoring,8,0.8305642604827881,0.9485726952552795
12min,LSTM,1,2028,train_with_validation_monitoring,9,0.8185663819313049,0.93892902135849
12min,LSTM,1,2028,train_with_validation_monitoring,10,0.7917684316635132,0.9287710189819336
12min,LSTM,1,2028,train_with_validation_monitoring,11,0.7639273405075073,0.9176314473152161
12min,LSTM,1,2028,train_with_validation_monitoring,12,0.7460587024688721,0.9063265323638916
12min,LSTM,1,2028,train_with_validation_monitoring,13,0.7015577554702759,0.8948394060134888
12min,LSTM,1,2028,train_with_validation_monitoring,14,0.6861774921417236,0.8831449151039124
12min,LSTM,1,2028,train_with_validation_monitoring,15,0.680317759513855,0.8709285855293274
12min,LSTM,1,2028,train_with_validation_monitoring,16,0.6580435037612915,0.8585280776023865
12min,LSTM,1,2028,train_with_validation_monitoring,17,0.6371720433235168,0.8464148640632629
12min,LSTM,1,2028,train_with_validation_monitoring,18,0.6298230886459351,0.8340340256690979
12min,LSTM,1,2028,train_with_validation_monitoring,19,0.6129748225212097,0.8222427368164062
12min,LSTM,1,2028,train_with_validation_monitoring,20,0.5583890676498413,0.8109468221664429
12min,LSTM,1,2028,train_with_validation_monitoring,21,0.5536354780197144,0.8006438612937927
12min,LSTM,1,2028,train_with_validation_monitoring,22,0.5503623485565186,0.7908143997192383
12min,LSTM,1,2028,train_with_validation_monitoring,23,0.5155470371246338,0.7817962169647217
12min,LSTM,1,2028,train_with_validation_monitoring,24,0.4985927939414978,0.7735883593559265
12min,LSTM,1,2028,train_with_validation_monitoring,25,0.5079983472824097,0.7653406858444214
12min,LSTM,1,2028,train_with_validation_monitoring,26,0.5291429758071899,0.7565721869468689
12min,LSTM,1,2028,train_with_validation_monitoring,27,0.4971381425857544,0.7483438849449158
12min,LSTM,1,2028,train_with_validation_monitoring,28,0.43568265438079834,0.7393151521682739
12min,LSTM,1,2028,train_with_validation_monitoring,29,0.4443540573120117,0.7291721701622009
12min,LSTM,1,2028,train_with_validation_monitoring,30,0.4144502878189087,0.7201058268547058
12min,LSTM,1,2028,train_with_validation_monitoring,31,0.3907946050167084,0.7107722759246826
12min,LSTM,1,2028,train_with_validation_monitoring,32,0.3964148759841919,0.700944721698761
12min,LSTM,1,2028,train_with_validation_monitoring,33,0.4092009663581848,0.6908348798751831
12min,LSTM,1,2028,train_with_validation_monitoring,34,0.4178617596626282,0.67530357837677
12min,LSTM,1,2028,train_with_validation_monitoring,35,0.38406431674957275,0.6600574254989624
12min,LSTM,1,2028,train_with_validation_monitoring,36,0.3854869604110718,0.6404662132263184
12min,LSTM,1,2028,train_with_validation_monitoring,37,0.3507968783378601,0.621828556060791
12min,LSTM,1,2028,train_with_validation_monitoring,38,0.3349679112434387,0.6040720343589783
12min,LSTM,1,2028,train_with_validation_monitoring,39,0.36243724822998047,0.5858656764030457
12min,LSTM,1,2028,train_with_validation_monitoring,40,0.33619388937950134,0.5668867826461792
12min,LSTM,1,2028,train_with_validation_monitoring,41,0.386940062046051,0.5505744814872742
12min,LSTM,1,2028,train_with_validation_monitoring,42,0.36885884404182434,0.5398940443992615
12min,LSTM,1,2028,train_with_validation_monitoring,43,0.327919065952301,0.5314216613769531
12min,LSTM,1,2028,train_with_validation_monitoring,44,0.32081979513168335,0.5235795378684998
12min,LSTM,1,2028,train_with_validation_monitoring,45,0.3699844479560852,0.5172609090805054
12min,LSTM,1,2028,train_with_validation_monitoring,46,0.349139004945755,0.5104303956031799
12min,LSTM,1,2028,train_with_validation_monitoring,47,0.30265873670578003,0.5014927387237549
12min,LSTM,1,2028,train_with_validation_monitoring,48,0.3261263966560364,0.49316462874412537
12min,LSTM,1,2028,train_with_validation_monitoring,49,0.35311639308929443,0.48670896887779236
12min,LSTM,1,2028,train_with_validation_monitoring,50,0.3059791624546051,0.47886091470718384
12min,LSTM,1,2028,train_with_validation_monitoring,51,0.2959590256214142,0.47292986512184143
12min,LSTM,1,2028,train_with_validation_monitoring,52,0.2678107023239136,0.4710594415664673
12min,LSTM,1,2028,train_with_validation_monitoring,53,0.25843408703804016,0.4692460298538208
12min,LSTM,1,2028,train_with_validation_monitoring,54,0.3098181188106537,0.46580687165260315
12min,LSTM,1,2028,train_with_validation_monitoring,55,0.31251096725463867,0.4588887691497803
12min,LSTM,1,2028,train_with_validation_monitoring,56,0.27412787079811096,0.45151185989379883
12min,LSTM,1,2028,train_with_validation_monitoring,57,0.26947021484375,0.44397979974746704
12min,LSTM,1,2028,train_with_validation_monitoring,58,0.288696825504303,0.4360620081424713
12min,LSTM,1,2028,train_with_validation_monitoring,59,0.2567916214466095,0.42722347378730774
12min,LSTM,1,2028,train_with_validation_monitoring,60,0.25592195987701416,0.4186883270740509
12min,LSTM,1,2028,train_with_validation_monitoring,61,0.26523786783218384,0.41071924567222595
12min,LSTM,1,2028,train_with_validation_monitoring,62,0.256369948387146,0.40450218319892883
12min,LSTM,1,2028,train_with_validation_monitoring,63,0.2671324610710144,0.4001089036464691
12min,LSTM,1,2028,train_with_validation_monitoring,64,0.2680819630622864,0.39563068747520447
12min,LSTM,1,2028,train_with_validation_monitoring,65,0.2949105501174927,0.39416229724884033
12min,LSTM,1,2028,train_with_validation_monitoring,66,0.26389577984809875,0.3935278654098511
12min,LSTM,1,2028,train_with_validation_monitoring,67,0.2674519717693329,0.3932884633541107
12min,LSTM,1,2028,train_with_validation_monitoring,68,0.2864340841770172,0.391458123922348
12min,LSTM,1,2028,train_with_validation_monitoring,69,0.2120070457458496,0.3909398019313812
12min,LSTM,1,2028,train_with_validation_monitoring,70,0.2540949285030365,0.3897172212600708
12min,LSTM,1,2028,train_with_validation_monitoring,71,0.23207920789718628,0.3885469138622284
12min,LSTM,1,2028,train_with_validation_monitoring,72,0.198603093624115,0.38752421736717224
12min,LSTM,1,2028,train_with_validation_monitoring,73,0.25295960903167725,0.38886964321136475
12min,LSTM,1,2028,train_with_validation_monitoring,74,0.24043148756027222,0.3888889253139496
12min,LSTM,1,2028,train_with_validation_monitoring,75,0.21348223090171814,0.38551270961761475
12min,LSTM,1,2028,train_with_validation_monitoring,76,0.21852053701877594,0.3815838098526001
12min,LSTM,1,2028,train_with_validation_monitoring,77,0.1950584501028061,0.3781947195529938
12min,LSTM,1,2028,train_with_validation_monitoring,78,0.21487021446228027,0.37600353360176086
12min,LSTM,1,2028,train_with_validation_monitoring,79,0.20561102032661438,0.37163838744163513
12min,LSTM,1,2028,train_with_validation_monitoring,80,0.2266847938299179,0.36698123812675476
12min,LSTM,2,2026,train_with_validation_monitoring,1,1.1343008279800415,1.1297378540039062
12min,LSTM,2,2026,train_with_validation_monitoring,2,1.0963133573532104,1.096816062927246
12min,LSTM,2,2026,train_with_validation_monitoring,3,1.0548608303070068,1.0677170753479004
12min,LSTM,2,2026,train_with_validation_monitoring,4,1.0277190208435059,1.0409295558929443
12min,LSTM,2,2026,train_with_validation_monitoring,5,0.9884929656982422,1.0169677734375
12min,LSTM,2,2026,train_with_validation_monitoring,6,0.9707310199737549,0.9954141974449158
12min,LSTM,2,2026,train_with_validation_monitoring,7,0.9383540749549866,0.9757342338562012
12min,LSTM,2,2026,train_with_validation_monitoring,8,0.9264010190963745,0.9575910568237305
12min,LSTM,2,2026,train_with_validation_monitoring,9,0.9039386510848999,0.9408858418464661
12min,LSTM,2,2026,train_with_validation_monitoring,10,0.9028173685073853,0.925809919834137
12min,LSTM,2,2026,train_with_validation_monitoring,11,0.8754034638404846,0.9122194647789001
12min,LSTM,2,2026,train_with_validation_monitoring,12,0.843407392501831,0.8995236754417419
12min,LSTM,2,2026,train_with_validation_monitoring,13,0.8367539644241333,0.887913703918457
12min,LSTM,2,2026,train_with_validation_monitoring,14,0.795906662940979,0.877832293510437
12min,LSTM,2,2026,train_with_validation_monitoring,15,0.7914666533470154,0.8685551881790161
12min,LSTM,2,2026,train_with_validation_monitoring,16,0.7754850387573242,0.8608289957046509
12min,LSTM,2,2026,train_with_validation_monitoring,17,0.7501952648162842,0.8536253571510315
12min,LSTM,2,2026,train_with_validation_monitoring,18,0.7610212564468384,0.8468818664550781
12min,LSTM,2,2026,train_with_validation_monitoring,19,0.7464202046394348,0.8405690789222717
12min,LSTM,2,2026,train_with_validation_monitoring,20,0.7106161713600159,0.834349513053894
12min,LSTM,2,2026,train_with_validation_monitoring,21,0.6990257501602173,0.8283601999282837
12min,LSTM,2,2026,train_with_validation_monitoring,22,0.6533176898956299,0.822971522808075
12min,LSTM,2,2026,train_with_validation_monitoring,23,0.6665924787521362,0.8187041282653809
12min,LSTM,2,2026,train_with_validation_monitoring,24,0.6389154195785522,0.8142471313476562
12min,LSTM,2,2026,train_with_validation_monitoring,25,0.6427193880081177,0.8098557591438293
12min,LSTM,2,2026,train_with_validation_monitoring,26,0.6401835083961487,0.8058906197547913
12min,LSTM,2,2026,train_with_validation_monitoring,27,0.5846580266952515,0.8022797107696533
12min,LSTM,2,2026,train_with_validation_monitoring,28,0.586790144443512,0.7969421744346619
12min,LSTM,2,2026,train_with_validation_monitoring,29,0.5263380408287048,0.7904403209686279
12min,LSTM,2,2026,train_with_validation_monitoring,30,0.5663065314292908,0.7849074602127075
12min,LSTM,2,2026,train_with_validation_monitoring,31,0.5789123177528381,0.7781068682670593
12min,LSTM,2,2026,train_with_validation_monitoring,32,0.5551997423171997,0.7702271342277527
12min,LSTM,2,2026,train_with_validation_monitoring,33,0.5027108788490295,0.7637808322906494
12min,LSTM,2,2026,train_with_validation_monitoring,34,0.5797799825668335,0.7555111646652222
12min,LSTM,2,2026,train_with_validation_monitoring,35,0.5446439981460571,0.7456508278846741
12min,LSTM,2,2026,train_with_validation_monitoring,36,0.4897794723510742,0.7353595495223999
12min,LSTM,2,2026,train_with_validation_monitoring,37,0.4777853786945343,0.7267363667488098
12min,LSTM,2,2026,train_with_validation_monitoring,38,0.5309828519821167,0.7161239981651306
12min,LSTM,2,2026,train_with_validation_monitoring,39,0.474113792181015,0.7030723094940186
12min,LSTM,2,2026,train_with_validation_monitoring,40,0.43304508924484253,0.6882387399673462
12min,LSTM,2,2026,train_with_validation_monitoring,41,0.4340347945690155,0.6757891178131104
12min,LSTM,2,2026,train_with_validation_monitoring,42,0.46705788373947144,0.6628265976905823
12min,LSTM,2,2026,train_with_validation_monitoring,43,0.4215063452720642,0.6513550281524658
12min,LSTM,2,2026,train_with_validation_monitoring,44,0.46945154666900635,0.638533353805542
12min,LSTM,2,2026,train_with_validation_monitoring,45,0.4713382124900818,0.6231562495231628
12min,LSTM,2,2026,train_with_validation_monitoring,46,0.4443633258342743,0.6113744974136353
12min,LSTM,2,2026,train_with_validation_monitoring,47,0.44151175022125244,0.5999019742012024
12min,LSTM,2,2026,train_with_validation_monitoring,48,0.4239085912704468,0.5924415588378906
12min,LSTM,2,2026,train_with_validation_monitoring,49,0.40883520245552063,0.5795553922653198
12min,LSTM,2,2026,train_with_validation_monitoring,50,0.43590646982192993,0.5701135396957397
12min,LSTM,2,2026,train_with_validation_monitoring,51,0.37009069323539734,0.5609059929847717
12min,LSTM,2,2026,train_with_validation_monitoring,52,0.40282532572746277,0.5499146580696106
12min,LSTM,2,2026,train_with_validation_monitoring,53,0.37929171323776245,0.5368473529815674
12min,LSTM,2,2026,train_with_validation_monitoring,54,0.4743296504020691,0.5256879925727844
12min,LSTM,2,2026,train_with_validation_monitoring,55,0.4206278920173645,0.5176740288734436
12min,LSTM,2,2026,train_with_validation_monitoring,56,0.38343194127082825,0.5096623301506042
12min,LSTM,2,2026,train_with_validation_monitoring,57,0.3588551878929138,0.5027335286140442
12min,LSTM,2,2026,train_with_validation_monitoring,58,0.33866816759109497,0.49720361828804016
12min,LSTM,2,2026,train_with_validation_monitoring,59,0.35615286231040955,0.4906923770904541
12min,LSTM,2,2026,train_with_validation_monitoring,60,0.3973531126976013,0.4862157106399536
12min,LSTM,2,2026,train_with_validation_monitoring,61,0.3600695729255676,0.48433923721313477
12min,LSTM,2,2026,train_with_validation_monitoring,62,0.36261415481567383,0.48269325494766235
12min,LSTM,2,2026,train_with_validation_monitoring,63,0.40216201543807983,0.47921526432037354
12min,LSTM,2,2026,train_with_validation_monitoring,64,0.36324822902679443,0.47574105858802795
12min,LSTM,2,2026,train_with_validation_monitoring,65,0.3579874336719513,0.4734867811203003
12min,LSTM,2,2026,train_with_validation_monitoring,66,0.2856242060661316,0.4710336923599243
12min,LSTM,2,2026,train_with_validation_monitoring,67,0.3120672404766083,0.46982353925704956
12min,LSTM,2,2026,train_with_validation_monitoring,68,0.3315947353839874,0.4670136868953705
12min,LSTM,2,2026,train_with_validation_monitoring,69,0.2915738821029663,0.4623240530490875
12min,LSTM,2,2026,train_with_validation_monitoring,70,0.2940323054790497,0.4520726799964905
12min,LSTM,2,2026,train_with_validation_monitoring,71,0.2921431362628937,0.44214391708374023
12min,LSTM,2,2026,train_with_validation_monitoring,72,0.2896985709667206,0.4322231411933899
12min,LSTM,2,2026,train_with_validation_monitoring,73,0.29781442880630493,0.42491787672042847
12min,LSTM,2,2026,train_with_validation_monitoring,74,0.3205547630786896,0.4187025725841522
12min,LSTM,2,2026,train_with_validation_monitoring,75,0.31531551480293274,0.40888556838035583
12min,LSTM,2,2026,train_with_validation_monitoring,76,0.34357210993766785,0.39754512906074524
12min,LSTM,2,2026,train_with_validation_monitoring,77,0.28191903233528137,0.3841964304447174
12min,LSTM,2,2026,train_with_validation_monitoring,78,0.36621490120887756,0.3720598518848419
12min,LSTM,2,2026,train_with_validation_monitoring,79,0.29682987928390503,0.3624705374240875
12min,LSTM,2,2026,train_with_validation_monitoring,80,0.2794046700000763,0.3574393093585968
12min,LSTM,2,2027,train_with_validation_monitoring,1,1.0526498556137085,1.0960874557495117
12min,LSTM,2,2027,train_with_validation_monitoring,2,1.0324318408966064,1.079270601272583
12min,LSTM,2,2027,train_with_validation_monitoring,3,0.9986270070075989,1.064852237701416
12min,LSTM,2,2027,train_with_validation_monitoring,4,0.9723934531211853,1.0526810884475708
12min,LSTM,2,2027,train_with_validation_monitoring,5,0.9475301504135132,1.0402277708053589
12min,LSTM,2,2027,train_with_validation_monitoring,6,0.9392074942588806,1.0290265083312988
12min,LSTM,2,2027,train_with_validation_monitoring,7,0.9176119565963745,1.017799973487854
12min,LSTM,2,2027,train_with_validation_monitoring,8,0.9104947447776794,1.0067846775054932
12min,LSTM,2,2027,train_with_validation_monitoring,9,0.8827637434005737,0.9963093996047974
12min,LSTM,2,2027,train_with_validation_monitoring,10,0.86912602186203,0.9861178994178772
12min,LSTM,2,2027,train_with_validation_monitoring,11,0.8525062203407288,0.9764654040336609
12min,LSTM,2,2027,train_with_validation_monitoring,12,0.8164125680923462,0.9673182964324951
12min,LSTM,2,2027,train_with_validation_monitoring,13,0.8425593972206116,0.9588844776153564
12min,LSTM,2,2027,train_with_validation_monitoring,14,0.8128529787063599,0.9505078196525574
12min,LSTM,2,2027,train_with_validation_monitoring,15,0.7787730693817139,0.9419071674346924
12min,LSTM,2,2027,train_with_validation_monitoring,16,0.7882938981056213,0.9339463114738464
12min,LSTM,2,2027,train_with_validation_monitoring,17,0.7726668119430542,0.926837146282196
12min,LSTM,2,2027,train_with_validation_monitoring,18,0.7403452396392822,0.9202283620834351
12min,LSTM,2,2027,train_with_validation_monitoring,19,0.7363167405128479,0.9135205149650574
12min,LSTM,2,2027,train_with_validation_monitoring,20,0.7276261448860168,0.90635085105896
12min,LSTM,2,2027,train_with_validation_monitoring,21,0.7079045176506042,0.8987672924995422
12min,LSTM,2,2027,train_with_validation_monitoring,22,0.7265682220458984,0.890477180480957
12min,LSTM,2,2027,train_with_validation_monitoring,23,0.6800962686538696,0.881829023361206
12min,LSTM,2,2027,train_with_validation_monitoring,24,0.6717126369476318,0.8729320168495178
12min,LSTM,2,2027,train_with_validation_monitoring,25,0.665412187576294,0.8644605278968811
12min,LSTM,2,2027,train_with_validation_monitoring,26,0.6458069682121277,0.8559166193008423
12min,LSTM,2,2027,train_with_validation_monitoring,27,0.6590265035629272,0.8472574949264526
12min,LSTM,2,2027,train_with_validation_monitoring,28,0.6546280384063721,0.8386781811714172
12min,LSTM,2,2027,train_with_validation_monitoring,29,0.6196301579475403,0.8308559656143188
12min,LSTM,2,2027,train_with_validation_monitoring,30,0.633912980556488,0.8233747482299805
12min,LSTM,2,2027,train_with_validation_monitoring,31,0.5810616612434387,0.816510796546936
12min,LSTM,2,2027,train_with_validation_monitoring,32,0.5945047736167908,0.8096708059310913
12min,LSTM,2,2027,train_with_validation_monitoring,33,0.563328206539154,0.80242919921875
12min,LSTM,2,2027,train_with_validation_monitoring,34,0.5502442121505737,0.7953473925590515
12min,LSTM,2,2027,train_with_validation_monitoring,35,0.5619179010391235,0.7885890007019043
12min,LSTM,2,2027,train_with_validation_monitoring,36,0.5599209070205688,0.7819859981536865
12min,LSTM,2,2027,train_with_validation_monitoring,37,0.5386616587638855,0.7767444849014282
12min,LSTM,2,2027,train_with_validation_monitoring,38,0.5270017385482788,0.7714861631393433
12min,LSTM,2,2027,train_with_validation_monitoring,39,0.5494387745857239,0.7671818733215332
12min,LSTM,2,2027,train_with_validation_monitoring,40,0.5005000829696655,0.7625716328620911
12min,LSTM,2,2027,train_with_validation_monitoring,41,0.544731080532074,0.7585152983665466
12min,LSTM,2,2027,train_with_validation_monitoring,42,0.47263094782829285,0.7539800405502319
12min,LSTM,2,2027,train_with_validation_monitoring,43,0.4352489709854126,0.7492809891700745
12min,LSTM,2,2027,train_with_validation_monitoring,44,0.46208909153938293,0.7450549006462097
12min,LSTM,2,2027,train_with_validation_monitoring,45,0.44564539194107056,0.7391108274459839
12min,LSTM,2,2027,train_with_validation_monitoring,46,0.43077394366264343,0.7332517504692078
12min,LSTM,2,2027,train_with_validation_monitoring,47,0.46797385811805725,0.7260203957557678
12min,LSTM,2,2027,train_with_validation_monitoring,48,0.4457440674304962,0.7199012637138367
12min,LSTM,2,2027,train_with_validation_monitoring,49,0.4285997152328491,0.711952805519104
12min,LSTM,2,2027,train_with_validation_monitoring,50,0.4504736363887787,0.7037155628204346
12min,LSTM,2,2027,train_with_validation_monitoring,51,0.4326316714286804,0.6953107714653015
12min,LSTM,2,2027,train_with_validation_monitoring,52,0.40000423789024353,0.6852459907531738
12min,LSTM,2,2027,train_with_validation_monitoring,53,0.43100911378860474,0.6733361482620239
12min,LSTM,2,2027,train_with_validation_monitoring,54,0.4099978804588318,0.6580356359481812
12min,LSTM,2,2027,train_with_validation_monitoring,55,0.40610232949256897,0.6409261226654053
12min,LSTM,2,2027,train_with_validation_monitoring,56,0.39521926641464233,0.6254809498786926
12min,LSTM,2,2027,train_with_validation_monitoring,57,0.37552738189697266,0.6108793616294861
12min,LSTM,2,2027,train_with_validation_monitoring,58,0.3774002492427826,0.5996498465538025
12min,LSTM,2,2027,train_with_validation_monitoring,59,0.378202885389328,0.5847679376602173
12min,LSTM,2,2027,train_with_validation_monitoring,60,0.3638562560081482,0.5695960521697998
12min,LSTM,2,2027,train_with_validation_monitoring,61,0.3438510298728943,0.5515018105506897
12min,LSTM,2,2027,train_with_validation_monitoring,62,0.33773094415664673,0.5379602313041687
12min,LSTM,2,2027,train_with_validation_monitoring,63,0.3190707564353943,0.532652735710144
12min,LSTM,2,2027,train_with_validation_monitoring,64,0.3602425456047058,0.5316118597984314
12min,LSTM,2,2027,train_with_validation_monitoring,65,0.3393678069114685,0.5324222445487976
12min,LSTM,2,2027,train_with_validation_monitoring,66,0.36584967374801636,0.5344451069831848
12min,LSTM,2,2027,train_with_validation_monitoring,67,0.2978702485561371,0.533220112323761
12min,LSTM,2,2027,train_with_validation_monitoring,68,0.3410884439945221,0.5327538251876831
12min,LSTM,2,2027,train_with_validation_monitoring,69,0.331755667924881,0.5260100364685059
12min,LSTM,2,2027,train_with_validation_monitoring,70,0.35614922642707825,0.511288583278656
12min,LSTM,2,2027,train_with_validation_monitoring,71,0.3249661326408386,0.49625763297080994
12min,LSTM,2,2027,train_with_validation_monitoring,72,0.2945939898490906,0.47757166624069214
12min,LSTM,2,2027,train_with_validation_monitoring,73,0.3093562424182892,0.4591407775878906
12min,LSTM,2,2027,train_with_validation_monitoring,74,0.3183581233024597,0.4502117335796356
12min,LSTM,2,2027,train_with_validation_monitoring,75,0.276466429233551,0.4418119490146637
12min,LSTM,2,2027,train_with_validation_monitoring,76,0.2725529074668884,0.43555596470832825
12min,LSTM,2,2027,train_with_validation_monitoring,77,0.32222869992256165,0.42720523476600647
12min,LSTM,2,2027,train_with_validation_monitoring,78,0.31283921003341675,0.4202110767364502
12min,LSTM,2,2027,train_with_validation_monitoring,79,0.2749658524990082,0.41642212867736816
12min,LSTM,2,2027,train_with_validation_monitoring,80,0.3122923672199249,0.41674870252609253
12min,LSTM,2,2028,train_with_validation_monitoring,1,0.9951794147491455,0.9379791021347046
12min,LSTM,2,2028,train_with_validation_monitoring,2,0.9577759504318237,0.9176569581031799
12min,LSTM,2,2028,train_with_validation_monitoring,3,0.9371011257171631,0.8991495370864868
12min,LSTM,2,2028,train_with_validation_monitoring,4,0.9081023335456848,0.8820114135742188
12min,LSTM,2,2028,train_with_validation_monitoring,5,0.8940063118934631,0.8659911155700684
12min,LSTM,2,2028,train_with_validation_monitoring,6,0.8700532913208008,0.8508473634719849
12min,LSTM,2,2028,train_with_validation_monitoring,7,0.8584041595458984,0.8371716141700745
12min,LSTM,2,2028,train_with_validation_monitoring,8,0.8464897871017456,0.8250534534454346
12min,LSTM,2,2028,train_with_validation_monitoring,9,0.8154717683792114,0.8145924806594849
12min,LSTM,2,2028,train_with_validation_monitoring,10,0.7824925780296326,0.8063825368881226
12min,LSTM,2,2028,train_with_validation_monitoring,11,0.752940833568573,0.7995600700378418
12min,LSTM,2,2028,train_with_validation_monitoring,12,0.7779000997543335,0.7942937612533569
12min,LSTM,2,2028,train_with_validation_monitoring,13,0.7278690338134766,0.7905752658843994
12min,LSTM,2,2028,train_with_validation_monitoring,14,0.7136598229408264,0.7879842519760132
12min,LSTM,2,2028,train_with_validation_monitoring,15,0.7272729277610779,0.7856361865997314
12min,LSTM,2,2028,train_with_validation_monitoring,16,0.6897895336151123,0.7834543585777283
12min,LSTM,2,2028,train_with_validation_monitoring,17,0.7005805969238281,0.7821484804153442
12min,LSTM,2,2028,train_with_validation_monitoring,18,0.644493818283081,0.7813358306884766
12min,LSTM,2,2028,train_with_validation_monitoring,19,0.6573193073272705,0.7817248106002808
12min,LSTM,2,2028,train_with_validation_monitoring,20,0.6423739194869995,0.7811842560768127
12min,LSTM,2,2028,train_with_validation_monitoring,21,0.6440994739532471,0.7816209197044373
12min,LSTM,2,2028,train_with_validation_monitoring,22,0.6252769827842712,0.7822876572608948
12min,LSTM,2,2028,train_with_validation_monitoring,23,0.6494709849357605,0.7833700180053711
12min,LSTM,2,2028,train_with_validation_monitoring,24,0.5842078924179077,0.7851276397705078
12min,LSTM,2,2028,train_with_validation_monitoring,25,0.6179625988006592,0.7876145243644714
12min,LSTM,2,2028,train_with_validation_monitoring,26,0.5908337831497192,0.7884032130241394
12min,LSTM,2,2028,train_with_validation_monitoring,27,0.6048116087913513,0.7888230085372925
12min,LSTM,2,2028,train_with_validation_monitoring,28,0.5473633408546448,0.7895351052284241
12min,LSTM,2,2028,train_with_validation_monitoring,29,0.5722135305404663,0.7902235388755798
12min,LSTM,2,2028,train_with_validation_monitoring,30,0.562014639377594,0.7906586527824402
12min,GRU,1,2026,train_with_validation_monitoring,1,1.123827576637268,1.3106557130813599
12min,GRU,1,2026,train_with_validation_monitoring,2,1.0942511558532715,1.2645055055618286
12min,GRU,1,2026,train_with_validation_monitoring,3,1.0463597774505615,1.2229962348937988
12min,GRU,1,2026,train_with_validation_monitoring,4,1.0005682706832886,1.184821605682373
12min,GRU,1,2026,train_with_validation_monitoring,5,0.9804528951644897,1.1525715589523315
12min,GRU,1,2026,train_with_validation_monitoring,6,0.9516753554344177,1.1236152648925781
12min,GRU,1,2026,train_with_validation_monitoring,7,0.9038400053977966,1.098248839378357
12min,GRU,1,2026,train_with_validation_monitoring,8,0.8834308385848999,1.0754145383834839
12min,GRU,1,2026,train_with_validation_monitoring,9,0.82136470079422,1.0535433292388916
12min,GRU,1,2026,train_with_validation_monitoring,10,0.8282436728477478,1.0330541133880615
12min,GRU,1,2026,train_with_validation_monitoring,11,0.8058090209960938,1.0136436223983765
12min,GRU,1,2026,train_with_validation_monitoring,12,0.7951752543449402,0.9946831464767456
12min,GRU,1,2026,train_with_validation_monitoring,13,0.7460432648658752,0.977442741394043
12min,GRU,1,2026,train_with_validation_monitoring,14,0.7351019978523254,0.960074782371521
12min,GRU,1,2026,train_with_validation_monitoring,15,0.723591685295105,0.9423223733901978
12min,GRU,1,2026,train_with_validation_monitoring,16,0.708808958530426,0.9261480569839478
12min,GRU,1,2026,train_with_validation_monitoring,17,0.6840273141860962,0.9115657210350037
12min,GRU,1,2026,train_with_validation_monitoring,18,0.6632286906242371,0.8983511328697205
12min,GRU,1,2026,train_with_validation_monitoring,19,0.688014566898346,0.8882217407226562
12min,GRU,1,2026,train_with_validation_monitoring,20,0.6422224640846252,0.8778954744338989
12min,GRU,1,2026,train_with_validation_monitoring,21,0.60130774974823,0.86768639087677
12min,GRU,1,2026,train_with_validation_monitoring,22,0.5755397081375122,0.8581060171127319
12min,GRU,1,2026,train_with_validation_monitoring,23,0.5773866772651672,0.8476905822753906
12min,GRU,1,2026,train_with_validation_monitoring,24,0.5600744485855103,0.8344020247459412
12min,GRU,1,2026,train_with_validation_monitoring,25,0.5874214768409729,0.8212045431137085
12min,GRU,1,2026,train_with_validation_monitoring,26,0.5410551428794861,0.8073766827583313
12min,GRU,1,2026,train_with_validation_monitoring,27,0.5303094387054443,0.7936974763870239
12min,GRU,1,2026,train_with_validation_monitoring,28,0.5081838369369507,0.7811191082000732
12min,GRU,1,2026,train_with_validation_monitoring,29,0.5074715614318848,0.7694157958030701
12min,GRU,1,2026,train_with_validation_monitoring,30,0.4948638081550598,0.7591561079025269
12min,GRU,1,2026,train_with_validation_monitoring,31,0.5011706948280334,0.7483510375022888
12min,GRU,1,2026,train_with_validation_monitoring,32,0.48242825269699097,0.7365217208862305
12min,GRU,1,2026,train_with_validation_monitoring,33,0.4629670977592468,0.723354160785675
12min,GRU,1,2026,train_with_validation_monitoring,34,0.48556196689605713,0.7097597718238831
12min,GRU,1,2026,train_with_validation_monitoring,35,0.4432763457298279,0.6950480937957764
12min,GRU,1,2026,train_with_validation_monitoring,36,0.4564487636089325,0.680858850479126
12min,GRU,1,2026,train_with_validation_monitoring,37,0.4324142038822174,0.6671664118766785
12min,GRU,1,2026,train_with_validation_monitoring,38,0.4532601237297058,0.6540163159370422
12min,GRU,1,2026,train_with_validation_monitoring,39,0.4503900706768036,0.6395375728607178
12min,GRU,1,2026,train_with_validation_monitoring,40,0.4340043365955353,0.6235262751579285
12min,GRU,1,2026,train_with_validation_monitoring,41,0.4272504150867462,0.6106477975845337
12min,GRU,1,2026,train_with_validation_monitoring,42,0.38396409153938293,0.5996957421302795
12min,GRU,1,2026,train_with_validation_monitoring,43,0.38371217250823975,0.5892477035522461
12min,GRU,1,2026,train_with_validation_monitoring,44,0.43611210584640503,0.5801136493682861
12min,GRU,1,2026,train_with_validation_monitoring,45,0.41254982352256775,0.5708639025688171
12min,GRU,1,2026,train_with_validation_monitoring,46,0.4239172637462616,0.5625228881835938
12min,GRU,1,2026,train_with_validation_monitoring,47,0.40472742915153503,0.5530177354812622
12min,GRU,1,2026,train_with_validation_monitoring,48,0.4101962447166443,0.5465370416641235
12min,GRU,1,2026,train_with_validation_monitoring,49,0.38569867610931396,0.5365004539489746
12min,GRU,1,2026,train_with_validation_monitoring,50,0.40726274251937866,0.5269548296928406
12min,GRU,1,2026,train_with_validation_monitoring,51,0.35852813720703125,0.5210897326469421
12min,GRU,1,2026,train_with_validation_monitoring,52,0.36155980825424194,0.5160024166107178
12min,GRU,1,2026,train_with_validation_monitoring,53,0.36086907982826233,0.5094648003578186
12min,GRU,1,2026,train_with_validation_monitoring,54,0.39705225825309753,0.5064265727996826
12min,GRU,1,2026,train_with_validation_monitoring,55,0.4107004404067993,0.5044760704040527
12min,GRU,1,2026,train_with_validation_monitoring,56,0.4110001027584076,0.5033348202705383
12min,GRU,1,2026,train_with_validation_monitoring,57,0.3419854938983917,0.5007862448692322
12min,GRU,1,2026,train_with_validation_monitoring,58,0.4230359196662903,0.4971337914466858
12min,GRU,1,2026,train_with_validation_monitoring,59,0.3365364670753479,0.49329307675361633
12min,GRU,1,2026,train_with_validation_monitoring,60,0.3599206507205963,0.48848864436149597
12min,GRU,1,2026,train_with_validation_monitoring,61,0.3578406572341919,0.4827018976211548
12min,GRU,1,2026,train_with_validation_monitoring,62,0.36854198575019836,0.4740312695503235
12min,GRU,1,2026,train_with_validation_monitoring,63,0.36970454454421997,0.4656083881855011
12min,GRU,1,2026,train_with_validation_monitoring,64,0.35428524017333984,0.45866358280181885
12min,GRU,1,2026,train_with_validation_monitoring,65,0.3733038604259491,0.45388761162757874
12min,GRU,1,2026,train_with_validation_monitoring,66,0.34249454736709595,0.4481966495513916
12min,GRU,1,2026,train_with_validation_monitoring,67,0.3219182789325714,0.4428154528141022
12min,GRU,1,2026,train_with_validation_monitoring,68,0.3225674033164978,0.43704459071159363
12min,GRU,1,2026,train_with_validation_monitoring,69,0.3163211941719055,0.4270823895931244
12min,GRU,1,2026,train_with_validation_monitoring,70,0.36600127816200256,0.417146235704422
12min,GRU,1,2026,train_with_validation_monitoring,71,0.31476467847824097,0.4065277874469757
12min,GRU,1,2026,train_with_validation_monitoring,72,0.2896048426628113,0.39627888798713684
12min,GRU,1,2026,train_with_validation_monitoring,73,0.2953059673309326,0.38869160413742065
12min,GRU,1,2026,train_with_validation_monitoring,74,0.3363889455795288,0.3825905919075012
12min,GRU,1,2026,train_with_validation_monitoring,75,0.36675456166267395,0.37773028016090393
12min,GRU,1,2026,train_with_validation_monitoring,76,0.3445471227169037,0.3723779022693634
12min,GRU,1,2026,train_with_validation_monitoring,77,0.34426844120025635,0.3672598600387573
12min,GRU,1,2026,train_with_validation_monitoring,78,0.38884836435317993,0.36572396755218506
12min,GRU,1,2026,train_with_validation_monitoring,79,0.38343626260757446,0.3677131235599518
12min,GRU,1,2026,train_with_validation_monitoring,80,0.28072863817214966,0.3716013729572296
12min,GRU,1,2027,train_with_validation_monitoring,1,1.051357388496399,0.9950169324874878
12min,GRU,1,2027,train_with_validation_monitoring,2,1.013839602470398,0.9627826809883118
12min,GRU,1,2027,train_with_validation_monitoring,3,0.9718620777130127,0.9340567588806152
12min,GRU,1,2027,train_with_validation_monitoring,4,0.9477668404579163,0.9076060056686401
12min,GRU,1,2027,train_with_validation_monitoring,5,0.911197304725647,0.8831236958503723
12min,GRU,1,2027,train_with_validation_monitoring,6,0.8658500909805298,0.8607378005981445
12min,GRU,1,2027,train_with_validation_monitoring,7,0.8560620546340942,0.839606523513794
12min,GRU,1,2027,train_with_validation_monitoring,8,0.8256963491439819,0.8199950456619263
12min,GRU,1,2027,train_with_validation_monitoring,9,0.8045952320098877,0.8028964400291443
12min,GRU,1,2027,train_with_validation_monitoring,10,0.7897168397903442,0.7878619432449341
12min,GRU,1,2027,train_with_validation_monitoring,11,0.7664639353752136,0.7745414972305298
12min,GRU,1,2027,train_with_validation_monitoring,12,0.7210782766342163,0.7617228627204895
12min,GRU,1,2027,train_with_validation_monitoring,13,0.7491289377212524,0.7498604655265808
12min,GRU,1,2027,train_with_validation_monitoring,14,0.6957645416259766,0.7380667328834534
12min,GRU,1,2027,train_with_validation_monitoring,15,0.6514923572540283,0.7260203957557678
12min,GRU,1,2027,train_with_validation_monitoring,16,0.6423056125640869,0.7145677208900452
12min,GRU,1,2027,train_with_validation_monitoring,17,0.6495980620384216,0.7042841911315918
12min,GRU,1,2027,train_with_validation_monitoring,18,0.5992090702056885,0.6947928071022034
12min,GRU,1,2027,train_with_validation_monitoring,19,0.6313846111297607,0.6867263913154602
12min,GRU,1,2027,train_with_validation_monitoring,20,0.6002705097198486,0.6794970631599426
12min,GRU,1,2027,train_with_validation_monitoring,21,0.5665839314460754,0.6721912622451782
12min,GRU,1,2027,train_with_validation_monitoring,22,0.5865294933319092,0.6650292873382568
12min,GRU,1,2027,train_with_validation_monitoring,23,0.5492836236953735,0.6589108109474182
12min,GRU,1,2027,train_with_validation_monitoring,24,0.5474134683609009,0.6528573632240295
12min,GRU,1,2027,train_with_validation_monitoring,25,0.5303027033805847,0.6481272578239441
12min,GRU,1,2027,train_with_validation_monitoring,26,0.5276323556900024,0.643988847732544
12min,GRU,1,2027,train_with_validation_monitoring,27,0.53847336769104,0.6407243609428406
12min,GRU,1,2027,train_with_validation_monitoring,28,0.5166745781898499,0.6377317309379578
12min,GRU,1,2027,train_with_validation_monitoring,29,0.5155564546585083,0.6357467174530029
12min,GRU,1,2027,train_with_validation_monitoring,30,0.4741853177547455,0.6349253058433533
12min,GRU,1,2027,train_with_validation_monitoring,31,0.49617165327072144,0.6346202492713928
12min,GRU,1,2027,train_with_validation_monitoring,32,0.4527279734611511,0.6337273120880127
12min,GRU,1,2027,train_with_validation_monitoring,33,0.44962990283966064,0.6327022910118103
12min,GRU,1,2027,train_with_validation_monitoring,34,0.43254512548446655,0.631016194820404
12min,GRU,1,2027,train_with_validation_monitoring,35,0.46973916888237,0.6299732327461243
12min,GRU,1,2027,train_with_validation_monitoring,36,0.47148242592811584,0.6273308992385864
12min,GRU,1,2027,train_with_validation_monitoring,37,0.43078774213790894,0.6240848302841187
12min,GRU,1,2027,train_with_validation_monitoring,38,0.4112700819969177,0.6197037100791931
12min,GRU,1,2027,train_with_validation_monitoring,39,0.45468977093696594,0.61655592918396
12min,GRU,1,2027,train_with_validation_monitoring,40,0.4143246114253998,0.6130045652389526
12min,GRU,1,2027,train_with_validation_monitoring,41,0.43295133113861084,0.6115888357162476
12min,GRU,1,2027,train_with_validation_monitoring,42,0.4192328155040741,0.609832227230072
12min,GRU,1,2027,train_with_validation_monitoring,43,0.34988850355148315,0.6068103909492493
12min,GRU,1,2027,train_with_validation_monitoring,44,0.409566193819046,0.6043879389762878
12min,GRU,1,2027,train_with_validation_monitoring,45,0.4058295786380768,0.6006918549537659
12min,GRU,1,2027,train_with_validation_monitoring,46,0.3691733479499817,0.5973958373069763
12min,GRU,1,2027,train_with_validation_monitoring,47,0.3724176585674286,0.5937919616699219
12min,GRU,1,2027,train_with_validation_monitoring,48,0.36583617329597473,0.5922632813453674
12min,GRU,1,2027,train_with_validation_monitoring,49,0.36744844913482666,0.5907015800476074
12min,GRU,1,2027,train_with_validation_monitoring,50,0.416792094707489,0.5895110964775085
12min,GRU,1,2027,train_with_validation_monitoring,51,0.40966668725013733,0.5855950117111206
12min,GRU,1,2027,train_with_validation_monitoring,52,0.3559923768043518,0.5812520384788513
12min,GRU,1,2027,train_with_validation_monitoring,53,0.3730168044567108,0.5775799751281738
12min,GRU,1,2027,train_with_validation_monitoring,54,0.3508068323135376,0.5721243619918823
12min,GRU,1,2027,train_with_validation_monitoring,55,0.31643760204315186,0.5676484704017639
12min,GRU,1,2027,train_with_validation_monitoring,56,0.3627491593360901,0.565925657749176
12min,GRU,1,2027,train_with_validation_monitoring,57,0.3752085268497467,0.565487802028656
12min,GRU,1,2027,train_with_validation_monitoring,58,0.3044845759868622,0.5670351386070251
12min,GRU,1,2027,train_with_validation_monitoring,59,0.3417539894580841,0.5697609186172485
12min,GRU,1,2027,train_with_validation_monitoring,60,0.338703989982605,0.5730589628219604
12min,GRU,1,2027,train_with_validation_monitoring,61,0.34031155705451965,0.5730924010276794
12min,GRU,1,2027,train_with_validation_monitoring,62,0.27371126413345337,0.5719674825668335
12min,GRU,1,2027,train_with_validation_monitoring,63,0.31919920444488525,0.5720072984695435
12min,GRU,1,2027,train_with_validation_monitoring,64,0.3347353935241699,0.5717601776123047
12min,GRU,1,2027,train_with_validation_monitoring,65,0.38541701436042786,0.5718501806259155
12min,GRU,1,2027,train_with_validation_monitoring,66,0.3283251225948334,0.5724168419837952
12min,GRU,1,2027,train_with_validation_monitoring,67,0.3096062242984772,0.5729660391807556
12min,GRU,1,2028,train_with_validation_monitoring,1,0.9635899066925049,0.9735656976699829
12min,GRU,1,2028,train_with_validation_monitoring,2,0.948176920413971,0.9481943845748901
12min,GRU,1,2028,train_with_validation_monitoring,3,0.8932988047599792,0.9243349432945251
12min,GRU,1,2028,train_with_validation_monitoring,4,0.8602215647697449,0.9003123641014099
12min,GRU,1,2028,train_with_validation_monitoring,5,0.8361498117446899,0.8768143057823181
12min,GRU,1,2028,train_with_validation_monitoring,6,0.8020004630088806,0.8536348342895508
12min,GRU,1,2028,train_with_validation_monitoring,7,0.764759361743927,0.8312111496925354
12min,GRU,1,2028,train_with_validation_monitoring,8,0.7306057810783386,0.8087406754493713
12min,GRU,1,2028,train_with_validation_monitoring,9,0.720815122127533,0.7864171266555786
12min,GRU,1,2028,train_with_validation_monitoring,10,0.7001027464866638,0.7648270726203918
12min,GRU,1,2028,train_with_validation_monitoring,11,0.6503964066505432,0.7442762851715088
12min,GRU,1,2028,train_with_validation_monitoring,12,0.6557448506355286,0.7246256470680237
12min,GRU,1,2028,train_with_validation_monitoring,13,0.6035338640213013,0.7061580419540405
12min,GRU,1,2028,train_with_validation_monitoring,14,0.5974368453025818,0.6891558766365051
12min,GRU,1,2028,train_with_validation_monitoring,15,0.6016614437103271,0.6736184358596802
12min,GRU,1,2028,train_with_validation_monitoring,16,0.5914853811264038,0.6585346460342407
12min,GRU,1,2028,train_with_validation_monitoring,17,0.5538814067840576,0.6439144611358643
12min,GRU,1,2028,train_with_validation_monitoring,18,0.5339133143424988,0.6297216415405273
12min,GRU,1,2028,train_with_validation_monitoring,19,0.5296137928962708,0.6166812777519226
12min,GRU,1,2028,train_with_validation_monitoring,20,0.4835187494754791,0.6045351624488831
12min,GRU,1,2028,train_with_validation_monitoring,21,0.5209007263183594,0.5941373705863953
12min,GRU,1,2028,train_with_validation_monitoring,22,0.5536707043647766,0.5843216776847839
12min,GRU,1,2028,train_with_validation_monitoring,23,0.5042005181312561,0.5760734677314758
12min,GRU,1,2028,train_with_validation_monitoring,24,0.4542822539806366,0.5693734884262085
12min,GRU,1,2028,train_with_validation_monitoring,25,0.4762340784072876,0.5640515685081482
12min,GRU,1,2028,train_with_validation_monitoring,26,0.5175853371620178,0.5604296922683716
12min,GRU,1,2028,train_with_validation_monitoring,27,0.444973886013031,0.5575185418128967
12min,GRU,1,2028,train_with_validation_monitoring,28,0.44206956028938293,0.5559551119804382
12min,GRU,1,2028,train_with_validation_monitoring,29,0.44899609684944153,0.5564450621604919
12min,GRU,1,2028,train_with_validation_monitoring,30,0.4310316741466522,0.5590324997901917
12min,GRU,1,2028,train_with_validation_monitoring,31,0.39116227626800537,0.561989963054657
12min,GRU,1,2028,train_with_validation_monitoring,32,0.405592143535614,0.5660303831100464
12min,GRU,1,2028,train_with_validation_monitoring,33,0.4484335780143738,0.5709995031356812
12min,GRU,1,2028,train_with_validation_monitoring,34,0.4295816421508789,0.572493851184845
12min,GRU,1,2028,train_with_validation_monitoring,35,0.42161065340042114,0.5734294652938843
12min,GRU,1,2028,train_with_validation_monitoring,36,0.40397611260414124,0.5737884044647217
12min,GRU,1,2028,train_with_validation_monitoring,37,0.40240347385406494,0.5751758217811584
12min,GRU,1,2028,train_with_validation_monitoring,38,0.3832278549671173,0.5762288570404053
12min,GRU,2,2026,train_with_validation_monitoring,1,1.198361873626709,1.1574933528900146
12min,GRU,2,2026,train_with_validation_monitoring,2,1.2026381492614746,1.1276284456253052
12min,GRU,2,2026,train_with_validation_monitoring,3,1.1458675861358643,1.0993835926055908
12min,GRU,2,2026,train_with_validation_monitoring,4,1.112742304801941,1.072096347808838
12min,GRU,2,2026,train_with_validation_monitoring,5,1.0720707178115845,1.0468159914016724
12min,GRU,2,2026,train_with_validation_monitoring,6,1.0667322874069214,1.022530436515808
12min,GRU,2,2026,train_with_validation_monitoring,7,1.0383139848709106,0.9997859001159668
12min,GRU,2,2026,train_with_validation_monitoring,8,0.9962972402572632,0.9781984686851501
12min,GRU,2,2026,train_with_validation_monitoring,9,0.9600931406021118,0.9580093026161194
12min,GRU,2,2026,train_with_validation_monitoring,10,0.9408707022666931,0.9394343495368958
12min,GRU,2,2026,train_with_validation_monitoring,11,0.9176044464111328,0.9224039316177368
12min,GRU,2,2026,train_with_validation_monitoring,12,0.9132670164108276,0.906940758228302
12min,GRU,2,2026,train_with_validation_monitoring,13,0.8616906404495239,0.8926178812980652
12min,GRU,2,2026,train_with_validation_monitoring,14,0.8305078744888306,0.8788928985595703
12min,GRU,2,2026,train_with_validation_monitoring,15,0.8169140219688416,0.8658609390258789
12min,GRU,2,2026,train_with_validation_monitoring,16,0.8011957406997681,0.8535233736038208
12min,GRU,2,2026,train_with_validation_monitoring,17,0.7615088224411011,0.841702401638031
12min,GRU,2,2026,train_with_validation_monitoring,18,0.7886629104614258,0.8302715420722961
12min,GRU,2,2026,train_with_validation_monitoring,19,0.7706865072250366,0.8193201422691345
12min,GRU,2,2026,train_with_validation_monitoring,20,0.7237614989280701,0.8086170554161072
12min,GRU,2,2026,train_with_validation_monitoring,21,0.7318457365036011,0.7983323931694031
12min,GRU,2,2026,train_with_validation_monitoring,22,0.6754356026649475,0.7887377738952637
12min,GRU,2,2026,train_with_validation_monitoring,23,0.6861226558685303,0.7800106406211853
12min,GRU,2,2026,train_with_validation_monitoring,24,0.6730793714523315,0.7716686129570007
12min,GRU,2,2026,train_with_validation_monitoring,25,0.6728346943855286,0.7635745406150818
12min,GRU,2,2026,train_with_validation_monitoring,26,0.658842146396637,0.7557404637336731
12min,GRU,2,2026,train_with_validation_monitoring,27,0.6283100843429565,0.7491039633750916
12min,GRU,2,2026,train_with_validation_monitoring,28,0.6238731741905212,0.7426556348800659
12min,GRU,2,2026,train_with_validation_monitoring,29,0.5701921582221985,0.736792802810669
12min,GRU,2,2026,train_with_validation_monitoring,30,0.6089324951171875,0.7317120432853699
12min,GRU,2,2026,train_with_validation_monitoring,31,0.6230831146240234,0.7269108295440674
12min,GRU,2,2026,train_with_validation_monitoring,32,0.5930408835411072,0.722297728061676
12min,GRU,2,2026,train_with_validation_monitoring,33,0.5401768088340759,0.719054639339447
12min,GRU,2,2026,train_with_validation_monitoring,34,0.6115167737007141,0.7161556482315063
12min,GRU,2,2026,train_with_validation_monitoring,35,0.5612983107566833,0.7137022614479065
12min,GRU,2,2026,train_with_validation_monitoring,36,0.5354518890380859,0.7125551700592041
12min,GRU,2,2026,train_with_validation_monitoring,37,0.510450005531311,0.7123215794563293
12min,GRU,2,2026,train_with_validation_monitoring,38,0.5548873543739319,0.71282559633255
12min,GRU,2,2026,train_with_validation_monitoring,39,0.5214189291000366,0.7127391695976257
12min,GRU,2,2026,train_with_validation_monitoring,40,0.49739760160446167,0.7118111252784729
12min,GRU,2,2026,train_with_validation_monitoring,41,0.5040460824966431,0.7115325331687927
12min,GRU,2,2026,train_with_validation_monitoring,42,0.5253691077232361,0.711181104183197
12min,GRU,2,2026,train_with_validation_monitoring,43,0.5041424632072449,0.7108052968978882
12min,GRU,2,2026,train_with_validation_monitoring,44,0.507216215133667,0.7089306712150574
12min,GRU,2,2026,train_with_validation_monitoring,45,0.5209890604019165,0.7051853537559509
12min,GRU,2,2026,train_with_validation_monitoring,46,0.49350422620773315,0.7017525434494019
12min,GRU,2,2026,train_with_validation_monitoring,47,0.496860146522522,0.697845458984375
12min,GRU,2,2026,train_with_validation_monitoring,48,0.4546108841896057,0.6947093605995178
12min,GRU,2,2026,train_with_validation_monitoring,49,0.49915143847465515,0.6887441277503967
12min,GRU,2,2026,train_with_validation_monitoring,50,0.47692012786865234,0.682361900806427
12min,GRU,2,2026,train_with_validation_monitoring,51,0.42253378033638,0.6750705242156982
12min,GRU,2,2026,train_with_validation_monitoring,52,0.44399696588516235,0.6671133637428284
12min,GRU,2,2026,train_with_validation_monitoring,53,0.48220115900039673,0.6582502722740173
12min,GRU,2,2026,train_with_validation_monitoring,54,0.5476605296134949,0.65101557970047
12min,GRU,2,2026,train_with_validation_monitoring,55,0.49507904052734375,0.6449069976806641
12min,GRU,2,2026,train_with_validation_monitoring,56,0.48648393154144287,0.6398941874504089
12min,GRU,2,2026,train_with_validation_monitoring,57,0.445710152387619,0.6352639198303223
12min,GRU,2,2026,train_with_validation_monitoring,58,0.44072824716567993,0.6309136748313904
12min,GRU,2,2026,train_with_validation_monitoring,59,0.4107809066772461,0.6269320249557495
12min,GRU,2,2026,train_with_validation_monitoring,60,0.48299747705459595,0.6223210692405701
12min,GRU,2,2026,train_with_validation_monitoring,61,0.47868621349334717,0.6184030771255493
12min,GRU,2,2026,train_with_validation_monitoring,62,0.4535299837589264,0.6147236824035645
12min,GRU,2,2026,train_with_validation_monitoring,63,0.4546840786933899,0.6097264885902405
12min,GRU,2,2026,train_with_validation_monitoring,64,0.489075243473053,0.6056696176528931
12min,GRU,2,2026,train_with_validation_monitoring,65,0.4201812744140625,0.6021369695663452
12min,GRU,2,2026,train_with_validation_monitoring,66,0.4060474932193756,0.5993538498878479
12min,GRU,2,2026,train_with_validation_monitoring,67,0.41230201721191406,0.5972205400466919
12min,GRU,2,2026,train_with_validation_monitoring,68,0.4473913908004761,0.5953659415245056
12min,GRU,2,2026,train_with_validation_monitoring,69,0.40984976291656494,0.5913081765174866
12min,GRU,2,2026,train_with_validation_monitoring,70,0.4206760823726654,0.5864421129226685
12min,GRU,2,2026,train_with_validation_monitoring,71,0.40892982482910156,0.5808776021003723
12min,GRU,2,2026,train_with_validation_monitoring,72,0.4013670086860657,0.57725989818573
12min,GRU,2,2026,train_with_validation_monitoring,73,0.369642049074173,0.5744224190711975
12min,GRU,2,2026,train_with_validation_monitoring,74,0.4242309331893921,0.5726867318153381
12min,GRU,2,2026,train_with_validation_monitoring,75,0.46884042024612427,0.5702661871910095
12min,GRU,2,2026,train_with_validation_monitoring,76,0.4545239806175232,0.5668790936470032
12min,GRU,2,2026,train_with_validation_monitoring,77,0.46051084995269775,0.561755359172821
12min,GRU,2,2026,train_with_validation_monitoring,78,0.48385047912597656,0.5565234422683716
12min,GRU,2,2026,train_with_validation_monitoring,79,0.41823965311050415,0.5514744520187378
12min,GRU,2,2026,train_with_validation_monitoring,80,0.3924237787723541,0.5475863218307495
12min,GRU,2,2027,train_with_validation_monitoring,1,1.1394505500793457,1.0954691171646118
12min,GRU,2,2027,train_with_validation_monitoring,2,1.098596215248108,1.0708361864089966
12min,GRU,2,2027,train_with_validation_monitoring,3,1.0459158420562744,1.048843502998352
12min,GRU,2,2027,train_with_validation_monitoring,4,1.023102045059204,1.0292097330093384
12min,GRU,2,2027,train_with_validation_monitoring,5,0.983366847038269,1.0102711915969849
12min,GRU,2,2027,train_with_validation_monitoring,6,0.974348783493042,0.9929310083389282
12min,GRU,2,2027,train_with_validation_monitoring,7,0.9689427614212036,0.9761313199996948
12min,GRU,2,2027,train_with_validation_monitoring,8,0.9608930349349976,0.9606286883354187
12min,GRU,2,2027,train_with_validation_monitoring,9,0.9248500466346741,0.9462743997573853
12min,GRU,2,2027,train_with_validation_monitoring,10,0.9163617491722107,0.9330794811248779
12min,GRU,2,2027,train_with_validation_monitoring,11,0.8960500955581665,0.9206951856613159
12min,GRU,2,2027,train_with_validation_monitoring,12,0.8317759037017822,0.9090940952301025
12min,GRU,2,2027,train_with_validation_monitoring,13,0.8656960725784302,0.8984405398368835
12min,GRU,2,2027,train_with_validation_monitoring,14,0.8448631763458252,0.8884437680244446
12min,GRU,2,2027,train_with_validation_monitoring,15,0.8022393584251404,0.8784263134002686
12min,GRU,2,2027,train_with_validation_monitoring,16,0.7956084609031677,0.8691628575325012
12min,GRU,2,2027,train_with_validation_monitoring,17,0.8105278611183167,0.8606917858123779
12min,GRU,2,2027,train_with_validation_monitoring,18,0.7815818786621094,0.8528181910514832
12min,GRU,2,2027,train_with_validation_monitoring,19,0.7512468099594116,0.8448117971420288
12min,GRU,2,2027,train_with_validation_monitoring,20,0.7617025971412659,0.8367666006088257
12min,GRU,2,2027,train_with_validation_monitoring,21,0.7305307984352112,0.8282797336578369
12min,GRU,2,2027,train_with_validation_monitoring,22,0.7435120344161987,0.8195211887359619
12min,GRU,2,2027,train_with_validation_monitoring,23,0.6981818675994873,0.8108292818069458
12min,GRU,2,2027,train_with_validation_monitoring,24,0.7061353921890259,0.8020307421684265
12min,GRU,2,2027,train_with_validation_monitoring,25,0.7042632699012756,0.7935633063316345
12min,GRU,2,2027,train_with_validation_monitoring,26,0.6955255270004272,0.7849499583244324
12min,GRU,2,2027,train_with_validation_monitoring,27,0.6629455089569092,0.7762365937232971
12min,GRU,2,2027,train_with_validation_monitoring,28,0.6606518626213074,0.7680079936981201
12min,GRU,2,2027,train_with_validation_monitoring,29,0.6458730101585388,0.7604978084564209
12min,GRU,2,2027,train_with_validation_monitoring,30,0.6682950258255005,0.7533262968063354
12min,GRU,2,2027,train_with_validation_monitoring,31,0.6122766137123108,0.7468053698539734
12min,GRU,2,2027,train_with_validation_monitoring,32,0.610111653804779,0.739848792552948
12min,GRU,2,2027,train_with_validation_monitoring,33,0.6067723035812378,0.7326623797416687
12min,GRU,2,2027,train_with_validation_monitoring,34,0.5773999691009521,0.7252503633499146
12min,GRU,2,2027,train_with_validation_monitoring,35,0.5882073640823364,0.7179058790206909
12min,GRU,2,2027,train_with_validation_monitoring,36,0.6013308167457581,0.7107321619987488
12min,GRU,2,2027,train_with_validation_monitoring,37,0.5873979926109314,0.7036271095275879
12min,GRU,2,2027,train_with_validation_monitoring,38,0.5701314210891724,0.6963065266609192
12min,GRU,2,2027,train_with_validation_monitoring,39,0.6040030717849731,0.689193069934845
12min,GRU,2,2027,train_with_validation_monitoring,40,0.5702722072601318,0.6819150447845459
12min,GRU,2,2027,train_with_validation_monitoring,41,0.5559214353561401,0.6755794882774353
12min,GRU,2,2027,train_with_validation_monitoring,42,0.5141387581825256,0.6700462102890015
12min,GRU,2,2027,train_with_validation_monitoring,43,0.4817114472389221,0.6647072434425354
12min,GRU,2,2027,train_with_validation_monitoring,44,0.5212024450302124,0.6598913073539734
12min,GRU,2,2027,train_with_validation_monitoring,45,0.5191807150840759,0.6547026038169861
12min,GRU,2,2027,train_with_validation_monitoring,46,0.5063415169715881,0.6499432325363159
12min,GRU,2,2027,train_with_validation_monitoring,47,0.5219358205795288,0.6444754004478455
12min,GRU,2,2027,train_with_validation_monitoring,48,0.5136387348175049,0.6395009756088257
12min,GRU,2,2027,train_with_validation_monitoring,49,0.5231027603149414,0.634606122970581
12min,GRU,2,2027,train_with_validation_monitoring,50,0.5370470285415649,0.6302469372749329
12min,GRU,2,2027,train_with_validation_monitoring,51,0.4729054570198059,0.6260868310928345
12min,GRU,2,2027,train_with_validation_monitoring,52,0.47291094064712524,0.6220486164093018
12min,GRU,2,2027,train_with_validation_monitoring,53,0.5174149870872498,0.6175292730331421
12min,GRU,2,2027,train_with_validation_monitoring,54,0.48826855421066284,0.6123846769332886
12min,GRU,2,2027,train_with_validation_monitoring,55,0.48593664169311523,0.6071090698242188
12min,GRU,2,2027,train_with_validation_monitoring,56,0.453811913728714,0.6015835404396057
12min,GRU,2,2027,train_with_validation_monitoring,57,0.5091041922569275,0.5963538289070129
12min,GRU,2,2027,train_with_validation_monitoring,58,0.45122385025024414,0.5919498801231384
12min,GRU,2,2027,train_with_validation_monitoring,59,0.4558768570423126,0.588068425655365
12min,GRU,2,2027,train_with_validation_monitoring,60,0.456225723028183,0.5836706757545471
12min,GRU,2,2027,train_with_validation_monitoring,61,0.43219706416130066,0.5788369178771973
12min,GRU,2,2027,train_with_validation_monitoring,62,0.42980292439460754,0.5726040005683899
12min,GRU,2,2027,train_with_validation_monitoring,63,0.4103836715221405,0.5668737888336182
12min,GRU,2,2027,train_with_validation_monitoring,64,0.47971051931381226,0.5615238547325134
12min,GRU,2,2027,train_with_validation_monitoring,65,0.45668771862983704,0.5571617484092712
12min,GRU,2,2027,train_with_validation_monitoring,66,0.44225946068763733,0.5536915063858032
12min,GRU,2,2027,train_with_validation_monitoring,67,0.42003583908081055,0.5503489971160889
12min,GRU,2,2027,train_with_validation_monitoring,68,0.4179965555667877,0.5478236675262451
12min,GRU,2,2027,train_with_validation_monitoring,69,0.431510865688324,0.5457658767700195
12min,GRU,2,2027,train_with_validation_monitoring,70,0.44351181387901306,0.5440260767936707
12min,GRU,2,2027,train_with_validation_monitoring,71,0.43518930673599243,0.5425876379013062
12min,GRU,2,2027,train_with_validation_monitoring,72,0.4230823814868927,0.5405945181846619
12min,GRU,2,2027,train_with_validation_monitoring,73,0.42019814252853394,0.5387552976608276
12min,GRU,2,2027,train_with_validation_monitoring,74,0.4288026690483093,0.5384534597396851
12min,GRU,2,2027,train_with_validation_monitoring,75,0.3843054473400116,0.5366355776786804
12min,GRU,2,2027,train_with_validation_monitoring,76,0.3999566435813904,0.5352745056152344
12min,GRU,2,2027,train_with_validation_monitoring,77,0.4555947184562683,0.5339451432228088
12min,GRU,2,2027,train_with_validation_monitoring,78,0.4146767258644104,0.5327362418174744
12min,GRU,2,2027,train_with_validation_monitoring,79,0.4194187521934509,0.5309422612190247
12min,GRU,2,2027,train_with_validation_monitoring,80,0.4088641405105591,0.5286542773246765
12min,GRU,2,2028,train_with_validation_monitoring,1,0.9795745015144348,0.9479189515113831
12min,GRU,2,2028,train_with_validation_monitoring,2,0.9484481811523438,0.9240838289260864
12min,GRU,2,2028,train_with_validation_monitoring,3,0.9426804184913635,0.9008804559707642
12min,GRU,2,2028,train_with_validation_monitoring,4,0.8745580911636353,0.8789588809013367
12min,GRU,2,2028,train_with_validation_monitoring,5,0.9049369096755981,0.8589400053024292
12min,GRU,2,2028,train_with_validation_monitoring,6,0.8685178160667419,0.840329110622406
12min,GRU,2,2028,train_with_validation_monitoring,7,0.8547070026397705,0.8230329751968384
12min,GRU,2,2028,train_with_validation_monitoring,8,0.8427318930625916,0.8062961101531982
12min,GRU,2,2028,train_with_validation_monitoring,9,0.8132352232933044,0.7894647717475891
12min,GRU,2,2028,train_with_validation_monitoring,10,0.7670578360557556,0.7732978463172913
12min,GRU,2,2028,train_with_validation_monitoring,11,0.7443563938140869,0.7577847242355347
12min,GRU,2,2028,train_with_validation_monitoring,12,0.7566858530044556,0.7430804371833801
12min,GRU,2,2028,train_with_validation_monitoring,13,0.7008469700813293,0.7291846871376038
12min,GRU,2,2028,train_with_validation_monitoring,14,0.6948902606964111,0.716668426990509
12min,GRU,2,2028,train_with_validation_monitoring,15,0.6928125619888306,0.7049432992935181
12min,GRU,2,2028,train_with_validation_monitoring,16,0.6594221591949463,0.6942070722579956
12min,GRU,2,2028,train_with_validation_monitoring,17,0.6436755657196045,0.6842253804206848
12min,GRU,2,2028,train_with_validation_monitoring,18,0.6166843175888062,0.6749256253242493
12min,GRU,2,2028,train_with_validation_monitoring,19,0.5991665124893188,0.6668744683265686
12min,GRU,2,2028,train_with_validation_monitoring,20,0.6011286377906799,0.6592939496040344
12min,GRU,2,2028,train_with_validation_monitoring,21,0.6119108200073242,0.6527562737464905
12min,GRU,2,2028,train_with_validation_monitoring,22,0.6103986501693726,0.6473146080970764
12min,GRU,2,2028,train_with_validation_monitoring,23,0.6228657960891724,0.6432216167449951
12min,GRU,2,2028,train_with_validation_monitoring,24,0.5127139687538147,0.6403999328613281
12min,GRU,2,2028,train_with_validation_monitoring,25,0.5877310037612915,0.6387691497802734
12min,GRU,2,2028,train_with_validation_monitoring,26,0.5691081285476685,0.6375358700752258
12min,GRU,2,2028,train_with_validation_monitoring,27,0.5430244207382202,0.6370648145675659
12min,GRU,2,2028,train_with_validation_monitoring,28,0.5202914476394653,0.6377173662185669
12min,GRU,2,2028,train_with_validation_monitoring,29,0.5442076325416565,0.6389508843421936
12min,GRU,2,2028,train_with_validation_monitoring,30,0.5092697739601135,0.6404063105583191
12min,GRU,2,2028,train_with_validation_monitoring,31,0.5038860440254211,0.6428512334823608
12min,GRU,2,2028,train_with_validation_monitoring,32,0.49745431542396545,0.6445651054382324
12min,GRU,2,2028,train_with_validation_monitoring,33,0.5248081684112549,0.6453856229782104
12min,GRU,2,2028,train_with_validation_monitoring,34,0.5269806981086731,0.6458845734596252
12min,GRU,2,2028,train_with_validation_monitoring,35,0.4970906674861908,0.6459391117095947
12min,GRU,2,2028,train_with_validation_monitoring,36,0.4776218831539154,0.6453855037689209
12min,GRU,2,2028,train_with_validation_monitoring,37,0.49392303824424744,0.6448634266853333
12min,TCN,1,2026,train_with_validation_monitoring,1,3.865595817565918,3.5136513710021973
12min,TCN,1,2026,train_with_validation_monitoring,2,2.5173685550689697,2.257758855819702
12min,TCN,1,2026,train_with_validation_monitoring,3,1.761230230331421,1.6665315628051758
12min,TCN,1,2026,train_with_validation_monitoring,4,1.432990312576294,1.4320980310440063
12min,TCN,1,2026,train_with_validation_monitoring,5,1.2720627784729004,1.3200267553329468
12min,TCN,1,2026,train_with_validation_monitoring,6,1.1734585762023926,1.2443666458129883
12min,TCN,1,2026,train_with_validation_monitoring,7,1.1913025379180908,1.201367974281311
12min,TCN,1,2026,train_with_validation_monitoring,8,1.0795680284500122,1.1767096519470215
12min,TCN,1,2026,train_with_validation_monitoring,9,1.091271162033081,1.1646065711975098
12min,TCN,1,2026,train_with_validation_monitoring,10,1.0221352577209473,1.1586755514144897
12min,TCN,1,2026,train_with_validation_monitoring,11,0.9890490174293518,1.1535063982009888
12min,TCN,1,2026,train_with_validation_monitoring,12,0.9737547636032104,1.1418746709823608
12min,TCN,1,2026,train_with_validation_monitoring,13,1.0145169496536255,1.1278823614120483
12min,TCN,1,2026,train_with_validation_monitoring,14,0.9853745698928833,1.1141093969345093
12min,TCN,1,2026,train_with_validation_monitoring,15,0.9709519743919373,1.1006165742874146
12min,TCN,1,2026,train_with_validation_monitoring,16,0.9623202085494995,1.0926131010055542
12min,TCN,1,2026,train_with_validation_monitoring,17,0.9175077676773071,1.0829768180847168
12min,TCN,1,2026,train_with_validation_monitoring,18,0.9266538023948669,1.0747720003128052
12min,TCN,1,2026,train_with_validation_monitoring,19,0.8947910666465759,1.0664211511611938
12min,TCN,1,2026,train_with_validation_monitoring,20,0.8849554657936096,1.0589174032211304
12min,TCN,1,2026,train_with_validation_monitoring,21,0.8859318494796753,1.052734375
12min,TCN,1,2026,train_with_validation_monitoring,22,0.8700265288352966,1.0462114810943604
12min,TCN,1,2026,train_with_validation_monitoring,23,0.8668285012245178,1.039735198020935
12min,TCN,1,2026,train_with_validation_monitoring,24,0.858449399471283,1.0316177606582642
12min,TCN,1,2026,train_with_validation_monitoring,25,0.8473562598228455,1.0219945907592773
12min,TCN,1,2026,train_with_validation_monitoring,26,0.8130115866661072,1.0118004083633423
12min,TCN,1,2026,train_with_validation_monitoring,27,0.8505057096481323,1.0030633211135864
12min,TCN,1,2026,train_with_validation_monitoring,28,0.8106764554977417,0.9957951307296753
12min,TCN,1,2026,train_with_validation_monitoring,29,0.8185032606124878,0.9906250238418579
12min,TCN,1,2026,train_with_validation_monitoring,30,0.8039742708206177,0.9880079627037048
12min,TCN,1,2026,train_with_validation_monitoring,31,0.803935706615448,0.9895060062408447
12min,TCN,1,2026,train_with_validation_monitoring,32,0.7543615102767944,0.9917781352996826
12min,TCN,1,2026,train_with_validation_monitoring,33,0.7781285047531128,0.99644535779953
12min,TCN,1,2026,train_with_validation_monitoring,34,0.7339948415756226,1.0004081726074219
12min,TCN,1,2026,train_with_validation_monitoring,35,0.7427993416786194,1.0043011903762817
12min,TCN,1,2026,train_with_validation_monitoring,36,0.7375098466873169,1.0056220293045044
12min,TCN,1,2026,train_with_validation_monitoring,37,0.7452567219734192,1.006955862045288
12min,TCN,1,2026,train_with_validation_monitoring,38,0.7196305394172668,1.0075016021728516
12min,TCN,1,2026,train_with_validation_monitoring,39,0.7009096741676331,1.0067923069000244
12min,TCN,1,2026,train_with_validation_monitoring,40,0.7285956144332886,1.0052683353424072
12min,TCN,1,2027,train_with_validation_monitoring,1,5.681699275970459,7.706822395324707
12min,TCN,1,2027,train_with_validation_monitoring,2,3.364008665084839,5.212040424346924
12min,TCN,1,2027,train_with_validation_monitoring,3,2.246751070022583,3.5766046047210693
12min,TCN,1,2027,train_with_validation_monitoring,4,1.7109413146972656,2.4936811923980713
12min,TCN,1,2027,train_with_validation_monitoring,5,1.4700249433517456,2.032874584197998
12min,TCN,1,2027,train_with_validation_monitoring,6,1.363529086112976,1.8662872314453125
12min,TCN,1,2027,train_with_validation_monitoring,7,1.2566678524017334,1.7697868347167969
12min,TCN,1,2027,train_with_validation_monitoring,8,1.2090208530426025,1.6475796699523926
12min,TCN,1,2027,train_with_validation_monitoring,9,1.151652455329895,1.5354167222976685
12min,TCN,1,2027,train_with_validation_monitoring,10,1.0976438522338867,1.4715162515640259
12min,TCN,1,2027,train_with_validation_monitoring,11,1.0454511642456055,1.4551867246627808
12min,TCN,1,2027,train_with_validation_monitoring,12,1.020122766494751,1.4598551988601685
12min,TCN,1,2027,train_with_validation_monitoring,13,0.9959186911582947,1.462753415107727
12min,TCN,1,2027,train_with_validation_monitoring,14,0.9689273238182068,1.4526745080947876
12min,TCN,1,2027,train_with_validation_monitoring,15,0.9798765778541565,1.4298019409179688
12min,TCN,1,2027,train_with_validation_monitoring,16,0.9616160988807678,1.4055033922195435
12min,TCN,1,2027,train_with_validation_monitoring,17,0.95723956823349,1.3806815147399902
12min,TCN,1,2027,train_with_validation_monitoring,18,0.9186049699783325,1.3634905815124512
12min,TCN,1,2027,train_with_validation_monitoring,19,0.9213511943817139,1.3569713830947876
12min,TCN,1,2027,train_with_validation_monitoring,20,0.914315938949585,1.3532196283340454
12min,TCN,1,2027,train_with_validation_monitoring,21,0.9184716939926147,1.3463342189788818
12min,TCN,1,2027,train_with_validation_monitoring,22,0.9028319716453552,1.340746521949768
12min,TCN,1,2027,train_with_validation_monitoring,23,0.9167051911354065,1.3390495777130127
12min,TCN,1,2027,train_with_validation_monitoring,24,0.9063476920127869,1.3353816270828247
12min,TCN,1,2027,train_with_validation_monitoring,25,0.8906508088111877,1.3295254707336426
12min,TCN,1,2027,train_with_validation_monitoring,26,0.8993666768074036,1.320317029953003
12min,TCN,1,2027,train_with_validation_monitoring,27,0.888616681098938,1.3108012676239014
12min,TCN,1,2027,train_with_validation_monitoring,28,0.8800004720687866,1.2983217239379883
12min,TCN,1,2027,train_with_validation_monitoring,29,0.8760551810264587,1.2838433980941772
12min,TCN,1,2027,train_with_validation_monitoring,30,0.8679055571556091,1.2671672105789185
12min,TCN,1,2027,train_with_validation_monitoring,31,0.8528925180435181,1.2471427917480469
12min,TCN,1,2027,train_with_validation_monitoring,32,0.8683938980102539,1.2279472351074219
12min,TCN,1,2027,train_with_validation_monitoring,33,0.8603192567825317,1.216025710105896
12min,TCN,1,2027,train_with_validation_monitoring,34,0.854759156703949,1.2026222944259644
12min,TCN,1,2027,train_with_validation_monitoring,35,0.8492621779441833,1.1948050260543823
12min,TCN,1,2027,train_with_validation_monitoring,36,0.8587468266487122,1.1963108777999878
12min,TCN,1,2027,train_with_validation_monitoring,37,0.8382688760757446,1.2082915306091309
12min,TCN,1,2027,train_with_validation_monitoring,38,0.8500099778175354,1.232492208480835
12min,TCN,1,2027,train_with_validation_monitoring,39,0.833354651927948,1.2606778144836426
12min,TCN,1,2027,train_with_validation_monitoring,40,0.8431771993637085,1.2895358800888062
12min,TCN,1,2027,train_with_validation_monitoring,41,0.8243139982223511,1.3012573719024658
12min,TCN,1,2027,train_with_validation_monitoring,42,0.8424052000045776,1.3116979598999023
12min,TCN,1,2027,train_with_validation_monitoring,43,0.8268365263938904,1.3193845748901367
12min,TCN,1,2027,train_with_validation_monitoring,44,0.8309053182601929,1.3233898878097534
12min,TCN,1,2027,train_with_validation_monitoring,45,0.8168323040008545,1.3251006603240967
12min,TCN,1,2028,train_with_validation_monitoring,1,4.0848388671875,5.204990386962891
12min,TCN,1,2028,train_with_validation_monitoring,2,2.2809202671051025,3.1019978523254395
12min,TCN,1,2028,train_with_validation_monitoring,3,1.7595690488815308,3.028597593307495
12min,TCN,1,2028,train_with_validation_monitoring,4,1.4991893768310547,2.9057631492614746
12min,TCN,1,2028,train_with_validation_monitoring,5,1.448127269744873,2.640144109725952
12min,TCN,1,2028,train_with_validation_monitoring,6,1.353527545928955,2.330979347229004
12min,TCN,1,2028,train_with_validation_monitoring,7,1.29667067527771,2.0267086029052734
12min,TCN,1,2028,train_with_validation_monitoring,8,1.1996674537658691,1.754454493522644
12min,TCN,1,2028,train_with_validation_monitoring,9,1.1635122299194336,1.5390427112579346
12min,TCN,1,2028,train_with_validation_monitoring,10,1.1050670146942139,1.3796929121017456
12min,TCN,1,2028,train_with_validation_monitoring,11,1.043716311454773,1.2638767957687378
12min,TCN,1,2028,train_with_validation_monitoring,12,1.0419092178344727,1.1819483041763306
12min,TCN,1,2028,train_with_validation_monitoring,13,1.0035393238067627,1.1244221925735474
12min,TCN,1,2028,train_with_validation_monitoring,14,0.9944902658462524,1.0870035886764526
12min,TCN,1,2028,train_with_validation_monitoring,15,0.979877233505249,1.0638277530670166
12min,TCN,1,2028,train_with_validation_monitoring,16,0.9776224493980408,1.0505547523498535
12min,TCN,1,2028,train_with_validation_monitoring,17,0.9672625064849854,1.044197678565979
12min,TCN,1,2028,train_with_validation_monitoring,18,0.9548552632331848,1.0418719053268433
12min,TCN,1,2028,train_with_validation_monitoring,19,0.939857542514801,1.0424052476882935
12min,TCN,1,2028,train_with_validation_monitoring,20,0.9262040853500366,1.042659044265747
12min,TCN,1,2028,train_with_validation_monitoring,21,0.9281085133552551,1.0425186157226562
12min,TCN,1,2028,train_with_validation_monitoring,22,0.9191163778305054,1.0411772727966309
12min,TCN,1,2028,train_with_validation_monitoring,23,0.9032077193260193,1.0374425649642944
12min,TCN,1,2028,train_with_validation_monitoring,24,0.9040037393569946,1.032312035560608
12min,TCN,1,2028,train_with_validation_monitoring,25,0.891884446144104,1.0264445543289185
12min,TCN,1,2028,train_with_validation_monitoring,26,0.8885420560836792,1.0203264951705933
12min,TCN,1,2028,train_with_validation_monitoring,27,0.8922688364982605,1.0148931741714478
12min,TCN,1,2028,train_with_validation_monitoring,28,0.8774494528770447,1.0085556507110596
12min,TCN,1,2028,train_with_validation_monitoring,29,0.8782927989959717,1.0025631189346313
12min,TCN,1,2028,train_with_validation_monitoring,30,0.8713634014129639,0.9979671835899353
12min,TCN,1,2028,train_with_validation_monitoring,31,0.8574637770652771,0.994521975517273
12min,TCN,1,2028,train_with_validation_monitoring,32,0.8530826568603516,0.9916430711746216
12min,TCN,1,2028,train_with_validation_monitoring,33,0.844697892665863,0.9890120029449463
12min,TCN,1,2028,train_with_validation_monitoring,34,0.8447365164756775,0.9875768423080444
12min,TCN,1,2028,train_with_validation_monitoring,35,0.8309580087661743,0.9874014258384705
12min,TCN,1,2028,train_with_validation_monitoring,36,0.8377198576927185,0.9876784682273865
12min,TCN,1,2028,train_with_validation_monitoring,37,0.8381440043449402,0.9881793856620789
12min,TCN,1,2028,train_with_validation_monitoring,38,0.8024511337280273,0.988380491733551
12min,TCN,1,2028,train_with_validation_monitoring,39,0.8134406208992004,0.9875784516334534
12min,TCN,1,2028,train_with_validation_monitoring,40,0.8038393259048462,0.987368106842041
12min,TCN,1,2028,train_with_validation_monitoring,41,0.7972774505615234,0.9869344234466553
12min,TCN,1,2028,train_with_validation_monitoring,42,0.7963780760765076,0.9867056608200073
12min,TCN,1,2028,train_with_validation_monitoring,43,0.774476945400238,0.9867663383483887
12min,TCN,1,2028,train_with_validation_monitoring,44,0.8035853505134583,0.9873735308647156
12min,TCN,1,2028,train_with_validation_monitoring,45,0.7598370909690857,0.9879103899002075
12min,TCN,1,2028,train_with_validation_monitoring,46,0.7722632884979248,0.9886778593063354
12min,TCN,1,2028,train_with_validation_monitoring,47,0.7767134308815002,0.9897416830062866
12min,TCN,1,2028,train_with_validation_monitoring,48,0.7530527710914612,0.9903267025947571
12min,TCN,1,2028,train_with_validation_monitoring,49,0.7906147837638855,0.9910954236984253
12min,TCN,1,2028,train_with_validation_monitoring,50,0.7731543183326721,0.99185711145401
12min,TCN,1,2028,train_with_validation_monitoring,51,0.7639217376708984,0.9926577210426331
12min,TCN,1,2028,train_with_validation_monitoring,52,0.7506482005119324,0.9935134053230286
12min,TCN,2,2026,train_with_validation_monitoring,1,34.98609161376953,61.220428466796875
12min,TCN,2,2026,train_with_validation_monitoring,2,22.026817321777344,31.984880447387695
12min,TCN,2,2026,train_with_validation_monitoring,3,12.109772682189941,16.861316680908203
12min,TCN,2,2026,train_with_validation_monitoring,4,7.449802875518799,9.998800277709961
12min,TCN,2,2026,train_with_validation_monitoring,5,4.8474202156066895,6.624636650085449
12min,TCN,2,2026,train_with_validation_monitoring,6,3.475684642791748,4.681235313415527
12min,TCN,2,2026,train_with_validation_monitoring,7,2.6153247356414795,3.6185247898101807
12min,TCN,2,2026,train_with_validation_monitoring,8,2.218740224838257,2.901296377182007
12min,TCN,2,2026,train_with_validation_monitoring,9,1.7649201154708862,2.377739429473877
12min,TCN,2,2026,train_with_validation_monitoring,10,1.549552321434021,1.996026873588562
12min,TCN,2,2026,train_with_validation_monitoring,11,1.5073676109313965,1.7233366966247559
12min,TCN,2,2026,train_with_validation_monitoring,12,1.3842982053756714,1.5508098602294922
12min,TCN,2,2026,train_with_validation_monitoring,13,1.339677095413208,1.4298454523086548
12min,TCN,2,2026,train_with_validation_monitoring,14,1.3017477989196777,1.3455981016159058
12min,TCN,2,2026,train_with_validation_monitoring,15,1.2351170778274536,1.280221939086914
12min,TCN,2,2026,train_with_validation_monitoring,16,1.196539044380188,1.2393503189086914
12min,TCN,2,2026,train_with_validation_monitoring,17,1.1718037128448486,1.2218385934829712
12min,TCN,2,2026,train_with_validation_monitoring,18,1.1746788024902344,1.2216973304748535
12min,TCN,2,2026,train_with_validation_monitoring,19,1.162733793258667,1.2356204986572266
12min,TCN,2,2026,train_with_validation_monitoring,20,1.1086500883102417,1.2617530822753906
12min,TCN,2,2026,train_with_validation_monitoring,21,1.122480034828186,1.2965890169143677
12min,TCN,2,2026,train_with_validation_monitoring,22,1.070997953414917,1.338976502418518
12min,TCN,2,2026,train_with_validation_monitoring,23,1.0984241962432861,1.3825440406799316
12min,TCN,2,2026,train_with_validation_monitoring,24,1.0242877006530762,1.4001102447509766
12min,TCN,2,2026,train_with_validation_monitoring,25,1.025877833366394,1.4105055332183838
12min,TCN,2,2026,train_with_validation_monitoring,26,1.0283253192901611,1.4174458980560303
12min,TCN,2,2026,train_with_validation_monitoring,27,1.0595533847808838,1.4230936765670776
12min,TCN,2,2026,train_with_validation_monitoring,28,1.0144037008285522,1.4266315698623657
12min,TCN,2,2027,train_with_validation_monitoring,1,35.36598205566406,27.29159164428711
12min,TCN,2,2027,train_with_validation_monitoring,2,17.561445236206055,13.477625846862793
12min,TCN,2,2027,train_with_validation_monitoring,3,8.758235931396484,6.598221778869629
12min,TCN,2,2027,train_with_validation_monitoring,4,4.8876566886901855,3.996778726577759
12min,TCN,2,2027,train_with_validation_monitoring,5,3.366126537322998,2.766697406768799
12min,TCN,2,2027,train_with_validation_monitoring,6,2.5601954460144043,2.1801583766937256
12min,TCN,2,2027,train_with_validation_monitoring,7,2.3033552169799805,1.9312188625335693
12min,TCN,2,2027,train_with_validation_monitoring,8,2.4808783531188965,1.8611310720443726
12min,TCN,2,2027,train_with_validation_monitoring,9,2.2473983764648438,1.8412729501724243
12min,TCN,2,2027,train_with_validation_monitoring,10,1.997251033782959,1.8224709033966064
12min,TCN,2,2027,train_with_validation_monitoring,11,1.9189469814300537,1.8066612482070923
12min,TCN,2,2027,train_with_validation_monitoring,12,1.8739591836929321,1.7999563217163086
12min,TCN,2,2027,train_with_validation_monitoring,13,1.7082988023757935,1.8311059474945068
12min,TCN,2,2027,train_with_validation_monitoring,14,1.7344759702682495,1.8818751573562622
12min,TCN,2,2027,train_with_validation_monitoring,15,1.5394768714904785,1.9327428340911865
12min,TCN,2,2027,train_with_validation_monitoring,16,1.5391789674758911,1.966156005859375
12min,TCN,2,2027,train_with_validation_monitoring,17,1.2636080980300903,1.957269549369812
12min,TCN,2,2027,train_with_validation_monitoring,18,1.3112261295318604,1.9389797449111938
12min,TCN,2,2027,train_with_validation_monitoring,19,1.3824727535247803,1.899719476699829
12min,TCN,2,2027,train_with_validation_monitoring,20,1.2453701496124268,1.8524202108383179
12min,TCN,2,2027,train_with_validation_monitoring,21,1.2804310321807861,1.800628900527954
12min,TCN,2,2027,train_with_validation_monitoring,22,1.3121590614318848,1.746389389038086
12min,TCN,2,2027,train_with_validation_monitoring,23,1.2399169206619263,1.699385404586792
12min,TCN,2,2027,train_with_validation_monitoring,24,1.2265843152999878,1.6620063781738281
12min,TCN,2,2027,train_with_validation_monitoring,25,1.209550380706787,1.6358827352523804
12min,TCN,2,2027,train_with_validation_monitoring,26,1.1396002769470215,1.6197457313537598
12min,TCN,2,2027,train_with_validation_monitoring,27,1.1234829425811768,1.6129931211471558
12min,TCN,2,2027,train_with_validation_monitoring,28,1.2015961408615112,1.6152896881103516
12min,TCN,2,2027,train_with_validation_monitoring,29,1.1818979978561401,1.6195180416107178
12min,TCN,2,2027,train_with_validation_monitoring,30,1.158875584602356,1.623610019683838
12min,TCN,2,2027,train_with_validation_monitoring,31,1.118212342262268,1.6273797750473022
12min,TCN,2,2027,train_with_validation_monitoring,32,1.121865153312683,1.6293376684188843
12min,TCN,2,2027,train_with_validation_monitoring,33,1.0602800846099854,1.6301935911178589
12min,TCN,2,2027,train_with_validation_monitoring,34,1.1188241243362427,1.6304656267166138
12min,TCN,2,2027,train_with_validation_monitoring,35,1.023596167564392,1.6321347951889038
12min,TCN,2,2027,train_with_validation_monitoring,36,1.051206111907959,1.6321520805358887
12min,TCN,2,2027,train_with_validation_monitoring,37,1.0349056720733643,1.6327604055404663
12min,TCN,2,2028,train_with_validation_monitoring,1,6.8229827880859375,3.7793164253234863
12min,TCN,2,2028,train_with_validation_monitoring,2,3.4657881259918213,2.4449679851531982
12min,TCN,2,2028,train_with_validation_monitoring,3,2.539445161819458,1.8413938283920288
12min,TCN,2,2028,train_with_validation_monitoring,4,2.1003167629241943,1.5450586080551147
12min,TCN,2,2028,train_with_validation_monitoring,5,1.8581846952438354,1.4674785137176514
12min,TCN,2,2028,train_with_validation_monitoring,6,1.4509532451629639,1.452054738998413
12min,TCN,2,2028,train_with_validation_monitoring,7,1.2865192890167236,1.42006254196167
12min,TCN,2,2028,train_with_validation_monitoring,8,1.3692362308502197,1.3773142099380493
12min,TCN,2,2028,train_with_validation_monitoring,9,1.3134962320327759,1.3253593444824219
12min,TCN,2,2028,train_with_validation_monitoring,10,1.1886990070343018,1.2762192487716675
12min,TCN,2,2028,train_with_validation_monitoring,11,1.1576249599456787,1.2320054769515991
12min,TCN,2,2028,train_with_validation_monitoring,12,1.1476584672927856,1.2029674053192139
12min,TCN,2,2028,train_with_validation_monitoring,13,1.0735098123550415,1.1887296438217163
12min,TCN,2,2028,train_with_validation_monitoring,14,1.0543111562728882,1.1841410398483276
12min,TCN,2,2028,train_with_validation_monitoring,15,1.0280125141143799,1.178233027458191
12min,TCN,2,2028,train_with_validation_monitoring,16,1.0104172229766846,1.1704427003860474
12min,TCN,2,2028,train_with_validation_monitoring,17,0.9901036024093628,1.1627970933914185
12min,TCN,2,2028,train_with_validation_monitoring,18,0.9787402749061584,1.1559137105941772
12min,TCN,2,2028,train_with_validation_monitoring,19,0.9929360747337341,1.1503381729125977
12min,TCN,2,2028,train_with_validation_monitoring,20,0.9464761018753052,1.1464946269989014
12min,TCN,2,2028,train_with_validation_monitoring,21,0.9278611540794373,1.1437947750091553
12min,TCN,2,2028,train_with_validation_monitoring,22,0.9396220445632935,1.1418228149414062
12min,TCN,2,2028,train_with_validation_monitoring,23,0.8987979888916016,1.1404062509536743
12min,TCN,2,2028,train_with_validation_monitoring,24,0.9013792872428894,1.1390124559402466
12min,TCN,2,2028,train_with_validation_monitoring,25,0.867554783821106,1.1379873752593994
12min,TCN,2,2028,train_with_validation_monitoring,26,0.8756090402603149,1.1372202634811401
12min,TCN,2,2028,train_with_validation_monitoring,27,0.8995499014854431,1.137300968170166
12min,TCN,2,2028,train_with_validation_monitoring,28,0.8275790810585022,1.1377317905426025
12min,TCN,2,2028,train_with_validation_monitoring,29,0.8856891989707947,1.1388877630233765
12min,TCN,2,2028,train_with_validation_monitoring,30,0.8541568517684937,1.1394211053848267
12min,TCN,2,2028,train_with_validation_monitoring,31,0.8308241963386536,1.1395153999328613
12min,TCN,2,2028,train_with_validation_monitoring,32,0.8615640997886658,1.1393815279006958
12min,TCN,2,2028,train_with_validation_monitoring,33,0.8473412394523621,1.1393951177597046
12min,TCN,2,2028,train_with_validation_monitoring,34,0.8395626544952393,1.1395013332366943
12min,TCN,2,2028,train_with_validation_monitoring,35,0.8401533365249634,1.1397634744644165
12min,TCN,2,2028,train_with_validation_monitoring,36,0.8333369493484497,1.1394059658050537
20min,MLP,1,2026,train_with_validation_monitoring,1,2.1216373443603516,0.8591522574424744
20min,MLP,1,2026,train_with_validation_monitoring,2,1.0159122943878174,0.7421553134918213
20min,MLP,1,2026,train_with_validation_monitoring,3,0.6885556578636169,0.7255557775497437
20min,MLP,1,2026,train_with_validation_monitoring,4,0.6392599940299988,0.6395161151885986
20min,MLP,1,2026,train_with_validation_monitoring,5,0.5138707160949707,0.577426016330719
20min,MLP,1,2026,train_with_validation_monitoring,6,0.5035063624382019,0.5308432579040527
20min,MLP,1,2026,train_with_validation_monitoring,7,0.4616905152797699,0.4949587881565094
20min,MLP,1,2026,train_with_validation_monitoring,8,0.432148814201355,0.47565674781799316
20min,MLP,1,2026,train_with_validation_monitoring,9,0.357577383518219,0.47555139660835266
20min,MLP,1,2026,train_with_validation_monitoring,10,0.40176811814308167,0.48159244656562805
20min,MLP,1,2026,train_with_validation_monitoring,11,0.3540395498275757,0.5055067539215088
20min,MLP,1,2026,train_with_validation_monitoring,12,0.402223140001297,0.49799221754074097
20min,MLP,1,2026,train_with_validation_monitoring,13,0.34091517329216003,0.44387876987457275
20min,MLP,1,2026,train_with_validation_monitoring,14,0.3121781349182129,0.36265939474105835
20min,MLP,1,2026,train_with_validation_monitoring,15,0.31505244970321655,0.2808910310268402
20min,MLP,1,2026,train_with_validation_monitoring,16,0.27328041195869446,0.24374626576900482
20min,MLP,1,2026,train_with_validation_monitoring,17,0.2677612900733948,0.2563312351703644
20min,MLP,1,2026,train_with_validation_monitoring,18,0.2614363431930542,0.2950334846973419
20min,MLP,1,2026,train_with_validation_monitoring,19,0.23448854684829712,0.3178798258304596
20min,MLP,1,2026,train_with_validation_monitoring,20,0.26446333527565,0.30580082535743713
20min,MLP,1,2026,train_with_validation_monitoring,21,0.2565839886665344,0.28381597995758057
20min,MLP,1,2026,train_with_validation_monitoring,22,0.2424820363521576,0.27822166681289673
20min,MLP,1,2026,train_with_validation_monitoring,23,0.2616848945617676,0.27495741844177246
20min,MLP,1,2026,train_with_validation_monitoring,24,0.25442537665367126,0.2711597681045532
20min,MLP,1,2026,train_with_validation_monitoring,25,0.23964157700538635,0.2649400532245636
20min,MLP,1,2026,train_with_validation_monitoring,26,0.24491621553897858,0.25627532601356506
20min,MLP,1,2027,train_with_validation_monitoring,1,2.6908493041992188,1.0902482271194458
20min,MLP,1,2027,train_with_validation_monitoring,2,1.2050879001617432,0.8436700701713562
20min,MLP,1,2027,train_with_validation_monitoring,3,0.8018854260444641,0.8676252365112305
20min,MLP,1,2027,train_with_validation_monitoring,4,0.6947024464607239,0.8671787977218628
20min,MLP,1,2027,train_with_validation_monitoring,5,0.6419863700866699,0.9145696759223938
20min,MLP,1,2027,train_with_validation_monitoring,6,0.5690550804138184,0.9092033505439758
20min,MLP,1,2027,train_with_validation_monitoring,7,0.5015712976455688,0.8721402287483215
20min,MLP,1,2027,train_with_validation_monitoring,8,0.4747437834739685,0.827463686466217
20min,MLP,1,2027,train_with_validation_monitoring,9,0.45285964012145996,0.759375810623169
20min,MLP,1,2027,train_with_validation_monitoring,10,0.41862326860427856,0.6893648505210876
20min,MLP,1,2027,train_with_validation_monitoring,11,0.3976380527019501,0.6154124736785889
20min,MLP,1,2027,train_with_validation_monitoring,12,0.39327412843704224,0.5597540736198425
20min,MLP,1,2027,train_with_validation_monitoring,13,0.3652818500995636,0.520297646522522
20min,MLP,1,2027,train_with_validation_monitoring,14,0.35988399386405945,0.4903642237186432
20min,MLP,1,2027,train_with_validation_monitoring,15,0.35277417302131653,0.46794405579566956
20min,MLP,1,2027,train_with_validation_monitoring,16,0.37413203716278076,0.44579124450683594
20min,MLP,1,2027,train_with_validation_monitoring,17,0.3495226204395294,0.4299456775188446
20min,MLP,1,2027,train_with_validation_monitoring,18,0.33998632431030273,0.4184949994087219
20min,MLP,1,2027,train_with_validation_monitoring,19,0.2929981052875519,0.4101369082927704
20min,MLP,1,2027,train_with_validation_monitoring,20,0.3410387337207794,0.3997074067592621
20min,MLP,1,2027,train_with_validation_monitoring,21,0.2755061089992523,0.3908748924732208
20min,MLP,1,2027,train_with_validation_monitoring,22,0.3033854067325592,0.3898641765117645
20min,MLP,1,2027,train_with_validation_monitoring,23,0.26801007986068726,0.3983229696750641
20min,MLP,1,2027,train_with_validation_monitoring,24,0.30315253138542175,0.40631431341171265
20min,MLP,1,2027,train_with_validation_monitoring,25,0.2762302756309509,0.41359639167785645
20min,MLP,1,2027,train_with_validation_monitoring,26,0.30418726801872253,0.4217105805873871
20min,MLP,1,2027,train_with_validation_monitoring,27,0.2703486382961273,0.42880746722221375
20min,MLP,1,2027,train_with_validation_monitoring,28,0.2503770887851715,0.4302193820476532
20min,MLP,1,2027,train_with_validation_monitoring,29,0.2631959021091461,0.42887207865715027
20min,MLP,1,2027,train_with_validation_monitoring,30,0.2721056342124939,0.42488980293273926
20min,MLP,1,2027,train_with_validation_monitoring,31,0.2355901598930359,0.4180692434310913
20min,MLP,1,2027,train_with_validation_monitoring,32,0.2664371430873871,0.4098174273967743
20min,MLP,1,2028,train_with_validation_monitoring,1,2.32077693939209,1.629245400428772
20min,MLP,1,2028,train_with_validation_monitoring,2,1.0732210874557495,1.3218562602996826
20min,MLP,1,2028,train_with_validation_monitoring,3,0.7926516532897949,1.2201539278030396
20min,MLP,1,2028,train_with_validation_monitoring,4,0.6889304518699646,1.1177054643630981
20min,MLP,1,2028,train_with_validation_monitoring,5,0.5861333608627319,0.9340888261795044
20min,MLP,1,2028,train_with_validation_monitoring,6,0.5274534821510315,0.78642737865448
20min,MLP,1,2028,train_with_validation_monitoring,7,0.5050103664398193,0.6333142518997192
20min,MLP,1,2028,train_with_validation_monitoring,8,0.4280080497264862,0.49573519825935364
20min,MLP,1,2028,train_with_validation_monitoring,9,0.4047108590602875,0.41613224148750305
20min,MLP,1,2028,train_with_validation_monitoring,10,0.3991263508796692,0.38405078649520874
20min,MLP,1,2028,train_with_validation_monitoring,11,0.3957519829273224,0.3630543351173401
20min,MLP,1,2028,train_with_validation_monitoring,12,0.3556080162525177,0.35073789954185486
20min,MLP,1,2028,train_with_validation_monitoring,13,0.3545733690261841,0.3686152994632721
20min,MLP,1,2028,train_with_validation_monitoring,14,0.34378284215927124,0.4043177664279938
20min,MLP,1,2028,train_with_validation_monitoring,15,0.3135889172554016,0.4370173513889313
20min,MLP,1,2028,train_with_validation_monitoring,16,0.31580907106399536,0.476209431886673
20min,MLP,1,2028,train_with_validation_monitoring,17,0.3448955714702606,0.5240918397903442
20min,MLP,1,2028,train_with_validation_monitoring,18,0.2894473075866699,0.5412619113922119
20min,MLP,1,2028,train_with_validation_monitoring,19,0.2478177845478058,0.5492774248123169
20min,MLP,1,2028,train_with_validation_monitoring,20,0.25896820425987244,0.5460346341133118
20min,MLP,1,2028,train_with_validation_monitoring,21,0.2771429419517517,0.5321162939071655
20min,MLP,1,2028,train_with_validation_monitoring,22,0.2862666845321655,0.5158502459526062
20min,MLP,2,2026,train_with_validation_monitoring,1,2.511322498321533,1.5042431354522705
20min,MLP,2,2026,train_with_validation_monitoring,2,1.4166125059127808,0.97652268409729
20min,MLP,2,2026,train_with_validation_monitoring,3,1.0401290655136108,0.7690260410308838
20min,MLP,2,2026,train_with_validation_monitoring,4,0.7977264523506165,0.6809520721435547
20min,MLP,2,2026,train_with_validation_monitoring,5,0.7198404669761658,0.6084008812904358
20min,MLP,2,2026,train_with_validation_monitoring,6,0.609366238117218,0.5502917170524597
20min,MLP,2,2026,train_with_validation_monitoring,7,0.5642848014831543,0.5128506422042847
20min,MLP,2,2026,train_with_validation_monitoring,8,0.5371156930923462,0.4627547264099121
20min,MLP,2,2026,train_with_validation_monitoring,9,0.4846569299697876,0.42215943336486816
20min,MLP,2,2026,train_with_validation_monitoring,10,0.4315869212150574,0.40331029891967773
20min,MLP,2,2026,train_with_validation_monitoring,11,0.4682896137237549,0.4025072455406189
20min,MLP,2,2026,train_with_validation_monitoring,12,0.3789769113063812,0.4033154547214508
20min,MLP,2,2026,train_with_validation_monitoring,13,0.3745209574699402,0.4009876847267151
20min,MLP,2,2026,train_with_validation_monitoring,14,0.37489283084869385,0.4022117853164673
20min,MLP,2,2026,train_with_validation_monitoring,15,0.38870519399642944,0.4113469421863556
20min,MLP,2,2026,train_with_validation_monitoring,16,0.33192718029022217,0.4229685366153717
20min,MLP,2,2026,train_with_validation_monitoring,17,0.3299781084060669,0.4267066717147827
20min,MLP,2,2026,train_with_validation_monitoring,18,0.3368605077266693,0.42307987809181213
20min,MLP,2,2026,train_with_validation_monitoring,19,0.3234148621559143,0.4166630208492279
20min,MLP,2,2026,train_with_validation_monitoring,20,0.3204914629459381,0.40562567114830017
20min,MLP,2,2026,train_with_validation_monitoring,21,0.29933854937553406,0.3923819363117218
20min,MLP,2,2026,train_with_validation_monitoring,22,0.28005313873291016,0.38013264536857605
20min,MLP,2,2026,train_with_validation_monitoring,23,0.31077733635902405,0.37080758810043335
20min,MLP,2,2026,train_with_validation_monitoring,24,0.2925257682800293,0.3634158968925476
20min,MLP,2,2026,train_with_validation_monitoring,25,0.25992608070373535,0.35731640458106995
20min,MLP,2,2026,train_with_validation_monitoring,26,0.2710922360420227,0.3548583388328552
20min,MLP,2,2026,train_with_validation_monitoring,27,0.23432616889476776,0.35542115569114685
20min,MLP,2,2026,train_with_validation_monitoring,28,0.29287806153297424,0.3579813539981842
20min,MLP,2,2026,train_with_validation_monitoring,29,0.25142550468444824,0.3602216839790344
20min,MLP,2,2026,train_with_validation_monitoring,30,0.26586151123046875,0.3602536916732788
20min,MLP,2,2026,train_with_validation_monitoring,31,0.2485997974872589,0.35829272866249084
20min,MLP,2,2026,train_with_validation_monitoring,32,0.2217974215745926,0.3571656048297882
20min,MLP,2,2026,train_with_validation_monitoring,33,0.2404281198978424,0.3551274836063385
20min,MLP,2,2026,train_with_validation_monitoring,34,0.22905349731445312,0.35231342911720276
20min,MLP,2,2026,train_with_validation_monitoring,35,0.2461698353290558,0.34905877709388733
20min,MLP,2,2026,train_with_validation_monitoring,36,0.24888163805007935,0.345234751701355
20min,MLP,2,2026,train_with_validation_monitoring,37,0.25809910893440247,0.3399997353553772
20min,MLP,2,2026,train_with_validation_monitoring,38,0.23470476269721985,0.33584505319595337
20min,MLP,2,2026,train_with_validation_monitoring,39,0.2609269320964813,0.33388251066207886
20min,MLP,2,2026,train_with_validation_monitoring,40,0.22595737874507904,0.33287036418914795
20min,MLP,2,2026,train_with_validation_monitoring,41,0.22158518433570862,0.3323560059070587
20min,MLP,2,2026,train_with_validation_monitoring,42,0.24367883801460266,0.33182293176651
20min,MLP,2,2026,train_with_validation_monitoring,43,0.22402389347553253,0.3318628966808319
20min,MLP,2,2026,train_with_validation_monitoring,44,0.21217143535614014,0.33264029026031494
20min,MLP,2,2026,train_with_validation_monitoring,45,0.21497301757335663,0.3342250883579254
20min,MLP,2,2026,train_with_validation_monitoring,46,0.23013582825660706,0.3355867266654968
20min,MLP,2,2026,train_with_validation_monitoring,47,0.2477368712425232,0.3365088999271393
20min,MLP,2,2026,train_with_validation_monitoring,48,0.23783645033836365,0.33619004487991333
20min,MLP,2,2026,train_with_validation_monitoring,49,0.20168215036392212,0.3348533511161804
20min,MLP,2,2026,train_with_validation_monitoring,50,0.22483745217323303,0.3330993056297302
20min,MLP,2,2026,train_with_validation_monitoring,51,0.21103356778621674,0.33053717017173767
20min,MLP,2,2026,train_with_validation_monitoring,52,0.22041931748390198,0.32838648557662964
20min,MLP,2,2026,train_with_validation_monitoring,53,0.22696585953235626,0.3263160288333893
20min,MLP,2,2026,train_with_validation_monitoring,54,0.22004342079162598,0.3239729404449463
20min,MLP,2,2026,train_with_validation_monitoring,55,0.21728162467479706,0.3218904733657837
20min,MLP,2,2026,train_with_validation_monitoring,56,0.20738165080547333,0.3193444311618805
20min,MLP,2,2026,train_with_validation_monitoring,57,0.2272958904504776,0.31687209010124207
20min,MLP,2,2026,train_with_validation_monitoring,58,0.23886579275131226,0.31456413865089417
20min,MLP,2,2026,train_with_validation_monitoring,59,0.24113401770591736,0.3134949207305908
20min,MLP,2,2026,train_with_validation_monitoring,60,0.22083334624767303,0.3130924105644226
20min,MLP,2,2026,train_with_validation_monitoring,61,0.21665507555007935,0.312452107667923
20min,MLP,2,2026,train_with_validation_monitoring,62,0.20264308154582977,0.31196555495262146
20min,MLP,2,2026,train_with_validation_monitoring,63,0.2234850823879242,0.3121618926525116
20min,MLP,2,2026,train_with_validation_monitoring,64,0.2198861837387085,0.31315380334854126
20min,MLP,2,2026,train_with_validation_monitoring,65,0.22449132800102234,0.3156898021697998
20min,MLP,2,2026,train_with_validation_monitoring,66,0.18992777168750763,0.31879231333732605
20min,MLP,2,2026,train_with_validation_monitoring,67,0.19755327701568604,0.32160335779190063
20min,MLP,2,2026,train_with_validation_monitoring,68,0.21376214921474457,0.32242995500564575
20min,MLP,2,2026,train_with_validation_monitoring,69,0.18426740169525146,0.32295718789100647
20min,MLP,2,2026,train_with_validation_monitoring,70,0.20956334471702576,0.32356759905815125
20min,MLP,2,2026,train_with_validation_monitoring,71,0.2063298225402832,0.3242943286895752
20min,MLP,2,2026,train_with_validation_monitoring,72,0.21091122925281525,0.32485321164131165
20min,MLP,2,2027,train_with_validation_monitoring,1,2.4099280834198,1.11576509475708
20min,MLP,2,2027,train_with_validation_monitoring,2,1.3584266901016235,0.9905033707618713
20min,MLP,2,2027,train_with_validation_monitoring,3,0.9295606017112732,1.0300910472869873
20min,MLP,2,2027,train_with_validation_monitoring,4,0.8523464202880859,0.9816829562187195
20min,MLP,2,2027,train_with_validation_monitoring,5,0.7820152640342712,0.8359028697013855
20min,MLP,2,2027,train_with_validation_monitoring,6,0.6772208213806152,0.6448832750320435
20min,MLP,2,2027,train_with_validation_monitoring,7,0.6125001311302185,0.49793851375579834
20min,MLP,2,2027,train_with_validation_monitoring,8,0.5089208483695984,0.4241912364959717
20min,MLP,2,2027,train_with_validation_monitoring,9,0.48572206497192383,0.38906586170196533
20min,MLP,2,2027,train_with_validation_monitoring,10,0.47908976674079895,0.37042129039764404
20min,MLP,2,2027,train_with_validation_monitoring,11,0.47406360507011414,0.3557151257991791
20min,MLP,2,2027,train_with_validation_monitoring,12,0.39649733901023865,0.34211087226867676
20min,MLP,2,2027,train_with_validation_monitoring,13,0.4455161988735199,0.33508262038230896
20min,MLP,2,2027,train_with_validation_monitoring,14,0.3943091034889221,0.33395469188690186
20min,MLP,2,2027,train_with_validation_monitoring,15,0.36954304575920105,0.33582741022109985
20min,MLP,2,2027,train_with_validation_monitoring,16,0.410722553730011,0.3444638252258301
20min,MLP,2,2027,train_with_validation_monitoring,17,0.3177603781223297,0.3535984456539154
20min,MLP,2,2027,train_with_validation_monitoring,18,0.3314841389656067,0.36360782384872437
20min,MLP,2,2027,train_with_validation_monitoring,19,0.29396626353263855,0.3730001747608185
20min,MLP,2,2027,train_with_validation_monitoring,20,0.2897256016731262,0.3724605143070221
20min,MLP,2,2027,train_with_validation_monitoring,21,0.29662588238716125,0.36814406514167786
20min,MLP,2,2027,train_with_validation_monitoring,22,0.2987282872200012,0.3621289134025574
20min,MLP,2,2027,train_with_validation_monitoring,23,0.28481951355934143,0.35692688822746277
20min,MLP,2,2027,train_with_validation_monitoring,24,0.2819824516773224,0.3507980406284332
20min,MLP,2,2028,train_with_validation_monitoring,1,2.951085329055786,1.0500961542129517
20min,MLP,2,2028,train_with_validation_monitoring,2,1.6352261304855347,0.8772059679031372
20min,MLP,2,2028,train_with_validation_monitoring,3,1.0528976917266846,0.8296820521354675
20min,MLP,2,2028,train_with_validation_monitoring,4,0.90268874168396,0.7459753751754761
20min,MLP,2,2028,train_with_validation_monitoring,5,0.7917686104774475,0.6490201950073242
20min,MLP,2,2028,train_with_validation_monitoring,6,0.7532184720039368,0.5663972496986389
20min,MLP,2,2028,train_with_validation_monitoring,7,0.6766283512115479,0.5127453207969666
20min,MLP,2,2028,train_with_validation_monitoring,8,0.5790361166000366,0.48036837577819824
20min,MLP,2,2028,train_with_validation_monitoring,9,0.49972477555274963,0.4578951597213745
20min,MLP,2,2028,train_with_validation_monitoring,10,0.4816232919692993,0.43675756454467773
20min,MLP,2,2028,train_with_validation_monitoring,11,0.49480873346328735,0.42491021752357483
20min,MLP,2,2028,train_with_validation_monitoring,12,0.4770399034023285,0.40225765109062195
20min,MLP,2,2028,train_with_validation_monitoring,13,0.42414596676826477,0.38553833961486816
20min,MLP,2,2028,train_with_validation_monitoring,14,0.3742554187774658,0.3675878643989563
20min,MLP,2,2028,train_with_validation_monitoring,15,0.3729461133480072,0.3535124361515045
20min,MLP,2,2028,train_with_validation_monitoring,16,0.3444945216178894,0.34389540553092957
20min,MLP,2,2028,train_with_validation_monitoring,17,0.3773617148399353,0.34040072560310364
20min,MLP,2,2028,train_with_validation_monitoring,18,0.3447149693965912,0.3465270400047302
20min,MLP,2,2028,train_with_validation_monitoring,19,0.307422399520874,0.3551422357559204
20min,MLP,2,2028,train_with_validation_monitoring,20,0.30626970529556274,0.3632829785346985
20min,MLP,2,2028,train_with_validation_monitoring,21,0.3156559467315674,0.36798593401908875
20min,MLP,2,2028,train_with_validation_monitoring,22,0.26167458295822144,0.36598625779151917
20min,MLP,2,2028,train_with_validation_monitoring,23,0.2875998616218567,0.36157333850860596
20min,MLP,2,2028,train_with_validation_monitoring,24,0.27998384833335876,0.353249192237854
20min,MLP,2,2028,train_with_validation_monitoring,25,0.30156853795051575,0.3393855690956116
20min,MLP,2,2028,train_with_validation_monitoring,26,0.2821211516857147,0.3246605396270752
20min,MLP,2,2028,train_with_validation_monitoring,27,0.2788860499858856,0.3122205436229706
20min,MLP,2,2028,train_with_validation_monitoring,28,0.27694934606552124,0.30099794268608093
20min,MLP,2,2028,train_with_validation_monitoring,29,0.2681671679019928,0.29236382246017456
20min,MLP,2,2028,train_with_validation_monitoring,30,0.2544959783554077,0.28505274653434753
20min,MLP,2,2028,train_with_validation_monitoring,31,0.2523380517959595,0.28066781163215637
20min,MLP,2,2028,train_with_validation_monitoring,32,0.26703670620918274,0.2744884490966797
20min,MLP,2,2028,train_with_validation_monitoring,33,0.2499815821647644,0.26820430159568787
20min,MLP,2,2028,train_with_validation_monitoring,34,0.2516530752182007,0.2646596133708954
20min,MLP,2,2028,train_with_validation_monitoring,35,0.26352858543395996,0.26379215717315674
20min,MLP,2,2028,train_with_validation_monitoring,36,0.2672446370124817,0.26395031809806824
20min,MLP,2,2028,train_with_validation_monitoring,37,0.26789242029190063,0.2646751403808594
20min,MLP,2,2028,train_with_validation_monitoring,38,0.2601684629917145,0.2658248245716095
20min,MLP,2,2028,train_with_validation_monitoring,39,0.22127851843833923,0.2679624557495117
20min,MLP,2,2028,train_with_validation_monitoring,40,0.20289164781570435,0.2708108723163605
20min,MLP,2,2028,train_with_validation_monitoring,41,0.28413259983062744,0.27183204889297485
20min,MLP,2,2028,train_with_validation_monitoring,42,0.25789907574653625,0.2736527621746063
20min,MLP,2,2028,train_with_validation_monitoring,43,0.21196985244750977,0.2755586504936218
20min,MLP,2,2028,train_with_validation_monitoring,44,0.21506056189537048,0.27626949548721313
20min,MLP,2,2028,train_with_validation_monitoring,45,0.21585923433303833,0.27607014775276184
20min,LSTM,1,2026,train_with_validation_monitoring,1,1.0697652101516724,0.9150586724281311
20min,LSTM,1,2026,train_with_validation_monitoring,2,0.9941791892051697,0.8762122988700867
20min,LSTM,1,2026,train_with_validation_monitoring,3,0.9437819123268127,0.8443301916122437
20min,LSTM,1,2026,train_with_validation_monitoring,4,0.9090251326560974,0.818807065486908
20min,LSTM,1,2026,train_with_validation_monitoring,5,0.8569082021713257,0.8006277084350586
20min,LSTM,1,2026,train_with_validation_monitoring,6,0.8277521729469299,0.7861589789390564
20min,LSTM,1,2026,train_with_validation_monitoring,7,0.8002389073371887,0.7735992670059204
20min,LSTM,1,2026,train_with_validation_monitoring,8,0.7322974801063538,0.7631681561470032
20min,LSTM,1,2026,train_with_validation_monitoring,9,0.7041922807693481,0.7559111714363098
20min,LSTM,1,2026,train_with_validation_monitoring,10,0.6707816123962402,0.7512909173965454
20min,LSTM,1,2026,train_with_validation_monitoring,11,0.6642049551010132,0.7444448471069336
20min,LSTM,1,2026,train_with_validation_monitoring,12,0.6177938580513,0.732442319393158
20min,LSTM,1,2026,train_with_validation_monitoring,13,0.5896592140197754,0.7117748856544495
20min,LSTM,1,2026,train_with_validation_monitoring,14,0.5625567436218262,0.6755321025848389
20min,LSTM,1,2026,train_with_validation_monitoring,15,0.5824956893920898,0.6253920197486877
20min,LSTM,1,2026,train_with_validation_monitoring,16,0.495646595954895,0.5894296765327454
20min,LSTM,1,2026,train_with_validation_monitoring,17,0.45226287841796875,0.5611526966094971
20min,LSTM,1,2026,train_with_validation_monitoring,18,0.49590376019477844,0.5387754440307617
20min,LSTM,1,2026,train_with_validation_monitoring,19,0.43752068281173706,0.5147172212600708
20min,LSTM,1,2026,train_with_validation_monitoring,20,0.4277198910713196,0.49267634749412537
20min,LSTM,1,2026,train_with_validation_monitoring,21,0.41406792402267456,0.48055070638656616
20min,LSTM,1,2026,train_with_validation_monitoring,22,0.4015530049800873,0.4668750762939453
20min,LSTM,1,2026,train_with_validation_monitoring,23,0.4060416519641876,0.4509708285331726
20min,LSTM,1,2026,train_with_validation_monitoring,24,0.35724595189094543,0.43915843963623047
20min,LSTM,1,2026,train_with_validation_monitoring,25,0.3815872073173523,0.4219468832015991
20min,LSTM,1,2026,train_with_validation_monitoring,26,0.3508022427558899,0.39973363280296326
20min,LSTM,1,2026,train_with_validation_monitoring,27,0.3449985384941101,0.37026268243789673
20min,LSTM,1,2026,train_with_validation_monitoring,28,0.2979814410209656,0.338751882314682
20min,LSTM,1,2026,train_with_validation_monitoring,29,0.3380820155143738,0.3178848922252655
20min,LSTM,1,2026,train_with_validation_monitoring,30,0.3195198178291321,0.3048965036869049
20min,LSTM,1,2026,train_with_validation_monitoring,31,0.298216313123703,0.29643574357032776
20min,LSTM,1,2026,train_with_validation_monitoring,32,0.31355929374694824,0.29506999254226685
20min,LSTM,1,2026,train_with_validation_monitoring,33,0.2674884498119354,0.2965319752693176
20min,LSTM,1,2026,train_with_validation_monitoring,34,0.2621082365512848,0.29217851161956787
20min,LSTM,1,2026,train_with_validation_monitoring,35,0.24134688079357147,0.28522202372550964
20min,LSTM,1,2026,train_with_validation_monitoring,36,0.28431689739227295,0.2771594822406769
20min,LSTM,1,2026,train_with_validation_monitoring,37,0.26739370822906494,0.26379144191741943
20min,LSTM,1,2026,train_with_validation_monitoring,38,0.2658945322036743,0.252858966588974
20min,LSTM,1,2026,train_with_validation_monitoring,39,0.2562699317932129,0.2523299753665924
20min,LSTM,1,2026,train_with_validation_monitoring,40,0.22748461365699768,0.259830117225647
20min,LSTM,1,2026,train_with_validation_monitoring,41,0.24853980541229248,0.26694953441619873
20min,LSTM,1,2026,train_with_validation_monitoring,42,0.24202096462249756,0.2618827819824219
20min,LSTM,1,2026,train_with_validation_monitoring,43,0.20969602465629578,0.24888870120048523
20min,LSTM,1,2026,train_with_validation_monitoring,44,0.20640051364898682,0.24878308176994324
20min,LSTM,1,2026,train_with_validation_monitoring,45,0.21641969680786133,0.25339275598526
20min,LSTM,1,2026,train_with_validation_monitoring,46,0.22896941006183624,0.25679153203964233
20min,LSTM,1,2026,train_with_validation_monitoring,47,0.25520285964012146,0.2584376931190491
20min,LSTM,1,2026,train_with_validation_monitoring,48,0.24829240143299103,0.2578316926956177
20min,LSTM,1,2026,train_with_validation_monitoring,49,0.2357102483510971,0.2531762719154358
20min,LSTM,1,2026,train_with_validation_monitoring,50,0.2059071660041809,0.24719825387001038
20min,LSTM,1,2026,train_with_validation_monitoring,51,0.2105371356010437,0.2435184270143509
20min,LSTM,1,2026,train_with_validation_monitoring,52,0.22361502051353455,0.24306876957416534
20min,LSTM,1,2026,train_with_validation_monitoring,53,0.23194487392902374,0.24481813609600067
20min,LSTM,1,2026,train_with_validation_monitoring,54,0.1844758540391922,0.24408943951129913
20min,LSTM,1,2026,train_with_validation_monitoring,55,0.20794349908828735,0.24298352003097534
20min,LSTM,1,2026,train_with_validation_monitoring,56,0.2039288878440857,0.24026764929294586
20min,LSTM,1,2026,train_with_validation_monitoring,57,0.24147728085517883,0.23371994495391846
20min,LSTM,1,2026,train_with_validation_monitoring,58,0.17408277094364166,0.2259616106748581
20min,LSTM,1,2026,train_with_validation_monitoring,59,0.18745596706867218,0.219656839966774
20min,LSTM,1,2026,train_with_validation_monitoring,60,0.20663593709468842,0.21604882180690765
20min,LSTM,1,2026,train_with_validation_monitoring,61,0.19630342721939087,0.21442757546901703
20min,LSTM,1,2026,train_with_validation_monitoring,62,0.20390257239341736,0.21542394161224365
20min,LSTM,1,2026,train_with_validation_monitoring,63,0.20077362656593323,0.22123472392559052
20min,LSTM,1,2026,train_with_validation_monitoring,64,0.18782778084278107,0.2261897474527359
20min,LSTM,1,2026,train_with_validation_monitoring,65,0.22314387559890747,0.2247922718524933
20min,LSTM,1,2026,train_with_validation_monitoring,66,0.2377319633960724,0.2198241502046585
20min,LSTM,1,2026,train_with_validation_monitoring,67,0.20480357110500336,0.21936878561973572
20min,LSTM,1,2026,train_with_validation_monitoring,68,0.1727747917175293,0.2200353741645813
20min,LSTM,1,2026,train_with_validation_monitoring,69,0.21475951373577118,0.21980562806129456
20min,LSTM,1,2026,train_with_validation_monitoring,70,0.21885168552398682,0.21949921548366547
20min,LSTM,1,2026,train_with_validation_monitoring,71,0.1871199756860733,0.21937084197998047
20min,LSTM,1,2027,train_with_validation_monitoring,1,1.057515025138855,0.9672922492027283
20min,LSTM,1,2027,train_with_validation_monitoring,2,0.9880707859992981,0.9234058856964111
20min,LSTM,1,2027,train_with_validation_monitoring,3,0.9508779048919678,0.8873228430747986
20min,LSTM,1,2027,train_with_validation_monitoring,4,0.8929733633995056,0.8594799041748047
20min,LSTM,1,2027,train_with_validation_monitoring,5,0.8632725477218628,0.835793673992157
20min,LSTM,1,2027,train_with_validation_monitoring,6,0.822918176651001,0.8148835897445679
20min,LSTM,1,2027,train_with_validation_monitoring,7,0.8172121644020081,0.7956462502479553
20min,LSTM,1,2027,train_with_validation_monitoring,8,0.7721863389015198,0.7789434194564819
20min,LSTM,1,2027,train_with_validation_monitoring,9,0.7396762371063232,0.765177845954895
20min,LSTM,1,2027,train_with_validation_monitoring,10,0.7054562568664551,0.7541226148605347
20min,LSTM,1,2027,train_with_validation_monitoring,11,0.6849698424339294,0.7442347407341003
20min,LSTM,1,2027,train_with_validation_monitoring,12,0.6246198415756226,0.7350278496742249
20min,LSTM,1,2027,train_with_validation_monitoring,13,0.6415485739707947,0.7258602380752563
20min,LSTM,1,2027,train_with_validation_monitoring,14,0.6075350046157837,0.7153974175453186
20min,LSTM,1,2027,train_with_validation_monitoring,15,0.58546382188797,0.704318106174469
20min,LSTM,1,2027,train_with_validation_monitoring,16,0.5435579419136047,0.6920842528343201
20min,LSTM,1,2027,train_with_validation_monitoring,17,0.5392086505889893,0.6798938512802124
20min,LSTM,1,2027,train_with_validation_monitoring,18,0.48438236117362976,0.6650478839874268
20min,LSTM,1,2027,train_with_validation_monitoring,19,0.4753611385822296,0.6437451839447021
20min,LSTM,1,2027,train_with_validation_monitoring,20,0.4656471908092499,0.6194010972976685
20min,LSTM,1,2027,train_with_validation_monitoring,21,0.43315497040748596,0.6013897657394409
20min,LSTM,1,2027,train_with_validation_monitoring,22,0.4097632169723511,0.5887146592140198
20min,LSTM,1,2027,train_with_validation_monitoring,23,0.39092257618904114,0.5850173830986023
20min,LSTM,1,2027,train_with_validation_monitoring,24,0.37172839045524597,0.5856655836105347
20min,LSTM,1,2027,train_with_validation_monitoring,25,0.3915880024433136,0.5845908522605896
20min,LSTM,1,2027,train_with_validation_monitoring,26,0.3781123161315918,0.5718544721603394
20min,LSTM,1,2027,train_with_validation_monitoring,27,0.36253538727760315,0.5514132976531982
20min,LSTM,1,2027,train_with_validation_monitoring,28,0.3607744872570038,0.5258659720420837
20min,LSTM,1,2027,train_with_validation_monitoring,29,0.28936466574668884,0.4986189007759094
20min,LSTM,1,2027,train_with_validation_monitoring,30,0.3321484625339508,0.4603883922100067
20min,LSTM,1,2027,train_with_validation_monitoring,31,0.3035031259059906,0.41633692383766174
20min,LSTM,1,2027,train_with_validation_monitoring,32,0.2935311198234558,0.3879565894603729
20min,LSTM,1,2027,train_with_validation_monitoring,33,0.2831816077232361,0.3671824336051941
20min,LSTM,1,2027,train_with_validation_monitoring,34,0.30633220076560974,0.35806402564048767
20min,LSTM,1,2027,train_with_validation_monitoring,35,0.2843070924282074,0.3528803884983063
20min,LSTM,1,2027,train_with_validation_monitoring,36,0.27470558881759644,0.344231516122818
20min,LSTM,1,2027,train_with_validation_monitoring,37,0.26447996497154236,0.33688443899154663
20min,LSTM,1,2027,train_with_validation_monitoring,38,0.2690572440624237,0.3199046850204468
20min,LSTM,1,2027,train_with_validation_monitoring,39,0.2615586221218109,0.30664560198783875
20min,LSTM,1,2027,train_with_validation_monitoring,40,0.25694090127944946,0.3039361238479614
20min,LSTM,1,2027,train_with_validation_monitoring,41,0.2753201425075531,0.30421796441078186
20min,LSTM,1,2027,train_with_validation_monitoring,42,0.21984463930130005,0.3081941306591034
20min,LSTM,1,2027,train_with_validation_monitoring,43,0.24794551730155945,0.30842021107673645
20min,LSTM,1,2027,train_with_validation_monitoring,44,0.29023388028144836,0.293559730052948
20min,LSTM,1,2027,train_with_validation_monitoring,45,0.20742416381835938,0.2803359627723694
20min,LSTM,1,2027,train_with_validation_monitoring,46,0.2558421492576599,0.27401861548423767
20min,LSTM,1,2027,train_with_validation_monitoring,47,0.22971095144748688,0.2682076394557953
20min,LSTM,1,2027,train_with_validation_monitoring,48,0.215090811252594,0.26151320338249207
20min,LSTM,1,2027,train_with_validation_monitoring,49,0.2101740688085556,0.2565353214740753
20min,LSTM,1,2027,train_with_validation_monitoring,50,0.21876606345176697,0.25463369488716125
20min,LSTM,1,2027,train_with_validation_monitoring,51,0.2137536257505417,0.25493231415748596
20min,LSTM,1,2027,train_with_validation_monitoring,52,0.1913166642189026,0.24972058832645416
20min,LSTM,1,2027,train_with_validation_monitoring,53,0.20359353721141815,0.2440723478794098
20min,LSTM,1,2027,train_with_validation_monitoring,54,0.2092408686876297,0.23873135447502136
20min,LSTM,1,2027,train_with_validation_monitoring,55,0.21869558095932007,0.23608127236366272
20min,LSTM,1,2027,train_with_validation_monitoring,56,0.19564776122570038,0.23331418633460999
20min,LSTM,1,2027,train_with_validation_monitoring,57,0.1793336421251297,0.23135922849178314
20min,LSTM,1,2027,train_with_validation_monitoring,58,0.18290962278842926,0.2340727299451828
20min,LSTM,1,2027,train_with_validation_monitoring,59,0.2008662223815918,0.23954744637012482
20min,LSTM,1,2027,train_with_validation_monitoring,60,0.20470570027828217,0.23399968445301056
20min,LSTM,1,2027,train_with_validation_monitoring,61,0.17336933314800262,0.22919820249080658
20min,LSTM,1,2027,train_with_validation_monitoring,62,0.1703389585018158,0.23140358924865723
20min,LSTM,1,2027,train_with_validation_monitoring,63,0.18443959951400757,0.2357064187526703
20min,LSTM,1,2027,train_with_validation_monitoring,64,0.18105585873126984,0.24154341220855713
20min,LSTM,1,2027,train_with_validation_monitoring,65,0.19653360545635223,0.2453540563583374
20min,LSTM,1,2027,train_with_validation_monitoring,66,0.17937764525413513,0.2435876727104187
20min,LSTM,1,2027,train_with_validation_monitoring,67,0.17307829856872559,0.2406788021326065
20min,LSTM,1,2027,train_with_validation_monitoring,68,0.17594517767429352,0.2377871721982956
20min,LSTM,1,2027,train_with_validation_monitoring,69,0.159762442111969,0.2362738698720932
20min,LSTM,1,2027,train_with_validation_monitoring,70,0.1618245244026184,0.23462699353694916
20min,LSTM,1,2027,train_with_validation_monitoring,71,0.15169890224933624,0.23219305276870728
20min,LSTM,1,2028,train_with_validation_monitoring,1,1.0164964199066162,0.9107624292373657
20min,LSTM,1,2028,train_with_validation_monitoring,2,0.9597072005271912,0.8841714859008789
20min,LSTM,1,2028,train_with_validation_monitoring,3,0.8997845649719238,0.8623256087303162
20min,LSTM,1,2028,train_with_validation_monitoring,4,0.8734069466590881,0.8434851765632629
20min,LSTM,1,2028,train_with_validation_monitoring,5,0.8114235401153564,0.8246575593948364
20min,LSTM,1,2028,train_with_validation_monitoring,6,0.8008823990821838,0.806071937084198
20min,LSTM,1,2028,train_with_validation_monitoring,7,0.7382310032844543,0.787090539932251
20min,LSTM,1,2028,train_with_validation_monitoring,8,0.7087115049362183,0.7671694159507751
20min,LSTM,1,2028,train_with_validation_monitoring,9,0.6774489879608154,0.7459815144538879
20min,LSTM,1,2028,train_with_validation_monitoring,10,0.6377405524253845,0.7238977551460266
20min,LSTM,1,2028,train_with_validation_monitoring,11,0.5952367782592773,0.7014172673225403
20min,LSTM,1,2028,train_with_validation_monitoring,12,0.5678430795669556,0.6759569644927979
20min,LSTM,1,2028,train_with_validation_monitoring,13,0.5292682647705078,0.6460139155387878
20min,LSTM,1,2028,train_with_validation_monitoring,14,0.5116795897483826,0.6104950308799744
20min,LSTM,1,2028,train_with_validation_monitoring,15,0.46687886118888855,0.5708169341087341
20min,LSTM,1,2028,train_with_validation_monitoring,16,0.45302289724349976,0.5277143716812134
20min,LSTM,1,2028,train_with_validation_monitoring,17,0.41799259185791016,0.49067458510398865
20min,LSTM,1,2028,train_with_validation_monitoring,18,0.4033851623535156,0.46495193243026733
20min,LSTM,1,2028,train_with_validation_monitoring,19,0.36365991830825806,0.4419698119163513
20min,LSTM,1,2028,train_with_validation_monitoring,20,0.3770911991596222,0.4172291159629822
20min,LSTM,1,2028,train_with_validation_monitoring,21,0.3462788164615631,0.39618444442749023
20min,LSTM,1,2028,train_with_validation_monitoring,22,0.33272698521614075,0.374494731426239
20min,LSTM,1,2028,train_with_validation_monitoring,23,0.3199165463447571,0.34737277030944824
20min,LSTM,1,2028,train_with_validation_monitoring,24,0.33450520038604736,0.33567649126052856
20min,LSTM,1,2028,train_with_validation_monitoring,25,0.3265831172466278,0.3323092460632324
20min,LSTM,1,2028,train_with_validation_monitoring,26,0.3074004650115967,0.32897040247917175
20min,LSTM,1,2028,train_with_validation_monitoring,27,0.2937430441379547,0.32720014452934265
20min,LSTM,1,2028,train_with_validation_monitoring,28,0.3113682270050049,0.3255893588066101
20min,LSTM,1,2028,train_with_validation_monitoring,29,0.28420573472976685,0.3295644223690033
20min,LSTM,1,2028,train_with_validation_monitoring,30,0.2550201416015625,0.338725745677948
20min,LSTM,1,2028,train_with_validation_monitoring,31,0.2830621600151062,0.3395027220249176
20min,LSTM,1,2028,train_with_validation_monitoring,32,0.2905317544937134,0.3437550663948059
20min,LSTM,1,2028,train_with_validation_monitoring,33,0.26698219776153564,0.33711540699005127
20min,LSTM,1,2028,train_with_validation_monitoring,34,0.2583087384700775,0.33256691694259644
20min,LSTM,1,2028,train_with_validation_monitoring,35,0.2540702223777771,0.32895809412002563
20min,LSTM,1,2028,train_with_validation_monitoring,36,0.26129621267318726,0.32973602414131165
20min,LSTM,1,2028,train_with_validation_monitoring,37,0.24877490103244781,0.32689422369003296
20min,LSTM,1,2028,train_with_validation_monitoring,38,0.264251172542572,0.3196905851364136
20min,LSTM,1,2028,train_with_validation_monitoring,39,0.24735932052135468,0.31061863899230957
20min,LSTM,1,2028,train_with_validation_monitoring,40,0.25984612107276917,0.3007549047470093
20min,LSTM,1,2028,train_with_validation_monitoring,41,0.24829109013080597,0.28162649273872375
20min,LSTM,1,2028,train_with_validation_monitoring,42,0.2550615668296814,0.26279082894325256
20min,LSTM,1,2028,train_with_validation_monitoring,43,0.2803463041782379,0.25657710433006287
20min,LSTM,1,2028,train_with_validation_monitoring,44,0.23107954859733582,0.25345471501350403
20min,LSTM,1,2028,train_with_validation_monitoring,45,0.25000253319740295,0.2519458830356598
20min,LSTM,1,2028,train_with_validation_monitoring,46,0.25319334864616394,0.2504842281341553
20min,LSTM,1,2028,train_with_validation_monitoring,47,0.2115313559770584,0.25125283002853394
20min,LSTM,1,2028,train_with_validation_monitoring,48,0.23792998492717743,0.2541619837284088
20min,LSTM,1,2028,train_with_validation_monitoring,49,0.2318388819694519,0.2569402754306793
20min,LSTM,1,2028,train_with_validation_monitoring,50,0.2409200817346573,0.25244012475013733
20min,LSTM,1,2028,train_with_validation_monitoring,51,0.22128739953041077,0.2484150230884552
20min,LSTM,1,2028,train_with_validation_monitoring,52,0.23517678678035736,0.2454870194196701
20min,LSTM,1,2028,train_with_validation_monitoring,53,0.25170573592185974,0.24245211482048035
20min,LSTM,1,2028,train_with_validation_monitoring,54,0.2430945634841919,0.24146905541419983
20min,LSTM,1,2028,train_with_validation_monitoring,55,0.20519131422042847,0.24327440559864044
20min,LSTM,1,2028,train_with_validation_monitoring,56,0.2356053739786148,0.2457251250743866
20min,LSTM,1,2028,train_with_validation_monitoring,57,0.22183948755264282,0.2459171712398529
20min,LSTM,1,2028,train_with_validation_monitoring,58,0.20570670068264008,0.2456848919391632
20min,LSTM,1,2028,train_with_validation_monitoring,59,0.22185689210891724,0.2480848729610443
20min,LSTM,1,2028,train_with_validation_monitoring,60,0.21582752466201782,0.2491871416568756
20min,LSTM,1,2028,train_with_validation_monitoring,61,0.21052584052085876,0.24880199134349823
20min,LSTM,1,2028,train_with_validation_monitoring,62,0.2186768352985382,0.24776552617549896
20min,LSTM,1,2028,train_with_validation_monitoring,63,0.1957336813211441,0.24616216123104095
20min,LSTM,1,2028,train_with_validation_monitoring,64,0.19203265011310577,0.24487271904945374
20min,LSTM,2,2026,train_with_validation_monitoring,1,1.1222667694091797,0.9951410889625549
20min,LSTM,2,2026,train_with_validation_monitoring,2,1.0801053047180176,0.9462495446205139
20min,LSTM,2,2026,train_with_validation_monitoring,3,1.0144741535186768,0.9024630188941956
20min,LSTM,2,2026,train_with_validation_monitoring,4,0.9717845916748047,0.8665243983268738
20min,LSTM,2,2026,train_with_validation_monitoring,5,0.9406027793884277,0.8362666964530945
20min,LSTM,2,2026,train_with_validation_monitoring,6,0.9026797413825989,0.8120923638343811
20min,LSTM,2,2026,train_with_validation_monitoring,7,0.8752250075340271,0.7902749180793762
20min,LSTM,2,2026,train_with_validation_monitoring,8,0.8523184657096863,0.7687223553657532
20min,LSTM,2,2026,train_with_validation_monitoring,9,0.7936630249023438,0.7481799125671387
20min,LSTM,2,2026,train_with_validation_monitoring,10,0.7786680459976196,0.7286823987960815
20min,LSTM,2,2026,train_with_validation_monitoring,11,0.7690793871879578,0.7089348435401917
20min,LSTM,2,2026,train_with_validation_monitoring,12,0.7448661923408508,0.6882083415985107
20min,LSTM,2,2026,train_with_validation_monitoring,13,0.7121859192848206,0.6684285998344421
20min,LSTM,2,2026,train_with_validation_monitoring,14,0.6752448678016663,0.6491196155548096
20min,LSTM,2,2026,train_with_validation_monitoring,15,0.6783686876296997,0.629625141620636
20min,LSTM,2,2026,train_with_validation_monitoring,16,0.6506040692329407,0.6123312711715698
20min,LSTM,2,2026,train_with_validation_monitoring,17,0.6172285079956055,0.5964054465293884
20min,LSTM,2,2026,train_with_validation_monitoring,18,0.623181939125061,0.5770794749259949
20min,LSTM,2,2026,train_with_validation_monitoring,19,0.5495859384536743,0.5531052947044373
20min,LSTM,2,2026,train_with_validation_monitoring,20,0.5303078889846802,0.526699423789978
20min,LSTM,2,2026,train_with_validation_monitoring,21,0.5374459624290466,0.49918508529663086
20min,LSTM,2,2026,train_with_validation_monitoring,22,0.49047455191612244,0.46595776081085205
20min,LSTM,2,2026,train_with_validation_monitoring,23,0.49248331785202026,0.43186888098716736
20min,LSTM,2,2026,train_with_validation_monitoring,24,0.4633884131908417,0.4025401473045349
20min,LSTM,2,2026,train_with_validation_monitoring,25,0.43847233057022095,0.37214455008506775
20min,LSTM,2,2026,train_with_validation_monitoring,26,0.4598034918308258,0.3430892527103424
20min,LSTM,2,2026,train_with_validation_monitoring,27,0.429972767829895,0.32169848680496216
20min,LSTM,2,2026,train_with_validation_monitoring,28,0.4085196852684021,0.3080795407295227
20min,LSTM,2,2026,train_with_validation_monitoring,29,0.3798635005950928,0.2976199984550476
20min,LSTM,2,2026,train_with_validation_monitoring,30,0.3669513165950775,0.29141315817832947
20min,LSTM,2,2026,train_with_validation_monitoring,31,0.3674195110797882,0.2888864576816559
20min,LSTM,2,2026,train_with_validation_monitoring,32,0.38789820671081543,0.2895160913467407
20min,LSTM,2,2026,train_with_validation_monitoring,33,0.3513879179954529,0.29018259048461914
20min,LSTM,2,2026,train_with_validation_monitoring,34,0.33412399888038635,0.28543177247047424
20min,LSTM,2,2026,train_with_validation_monitoring,35,0.35825595259666443,0.28307804465293884
20min,LSTM,2,2026,train_with_validation_monitoring,36,0.36635905504226685,0.28151971101760864
20min,LSTM,2,2026,train_with_validation_monitoring,37,0.35509049892425537,0.2803737223148346
20min,LSTM,2,2026,train_with_validation_monitoring,38,0.3224026560783386,0.2767828106880188
20min,LSTM,2,2026,train_with_validation_monitoring,39,0.322410523891449,0.26753219962120056
20min,LSTM,2,2026,train_with_validation_monitoring,40,0.31909698247909546,0.256032258272171
20min,LSTM,2,2026,train_with_validation_monitoring,41,0.29617440700531006,0.24446405470371246
20min,LSTM,2,2026,train_with_validation_monitoring,42,0.31919461488723755,0.2354353815317154
20min,LSTM,2,2026,train_with_validation_monitoring,43,0.30486372113227844,0.2360435277223587
20min,LSTM,2,2026,train_with_validation_monitoring,44,0.2688857316970825,0.2426481395959854
20min,LSTM,2,2026,train_with_validation_monitoring,45,0.29610922932624817,0.2488596886396408
20min,LSTM,2,2026,train_with_validation_monitoring,46,0.28437018394470215,0.2528093755245209
20min,LSTM,2,2026,train_with_validation_monitoring,47,0.27713045477867126,0.2521536648273468
20min,LSTM,2,2026,train_with_validation_monitoring,48,0.2792506814002991,0.2510264813899994
20min,LSTM,2,2026,train_with_validation_monitoring,49,0.30343541502952576,0.2488033026456833
20min,LSTM,2,2026,train_with_validation_monitoring,50,0.2776161730289459,0.24682697653770447
20min,LSTM,2,2026,train_with_validation_monitoring,51,0.28303179144859314,0.24352958798408508
20min,LSTM,2,2026,train_with_validation_monitoring,52,0.2990320920944214,0.24092654883861542
20min,LSTM,2,2027,train_with_validation_monitoring,1,1.0305505990982056,0.9646326899528503
20min,LSTM,2,2027,train_with_validation_monitoring,2,1.0027201175689697,0.9393643736839294
20min,LSTM,2,2027,train_with_validation_monitoring,3,0.9660421013832092,0.9168997406959534
20min,LSTM,2,2027,train_with_validation_monitoring,4,0.9461494088172913,0.8975646495819092
20min,LSTM,2,2027,train_with_validation_monitoring,5,0.9056559801101685,0.8801253437995911
20min,LSTM,2,2027,train_with_validation_monitoring,6,0.8859678506851196,0.864442765712738
20min,LSTM,2,2027,train_with_validation_monitoring,7,0.8717382550239563,0.8500695824623108
20min,LSTM,2,2027,train_with_validation_monitoring,8,0.8492347002029419,0.8373093605041504
20min,LSTM,2,2027,train_with_validation_monitoring,9,0.8085747361183167,0.8255507946014404
20min,LSTM,2,2027,train_with_validation_monitoring,10,0.7877546548843384,0.8136499524116516
20min,LSTM,2,2027,train_with_validation_monitoring,11,0.7725343108177185,0.8023613095283508
20min,LSTM,2,2027,train_with_validation_monitoring,12,0.7301161289215088,0.790603518486023
20min,LSTM,2,2027,train_with_validation_monitoring,13,0.7191916108131409,0.7784231305122375
20min,LSTM,2,2027,train_with_validation_monitoring,14,0.7039795517921448,0.7655584812164307
20min,LSTM,2,2027,train_with_validation_monitoring,15,0.6856078505516052,0.752613365650177
20min,LSTM,2,2027,train_with_validation_monitoring,16,0.6588958501815796,0.739980936050415
20min,LSTM,2,2027,train_with_validation_monitoring,17,0.6339161396026611,0.7279682159423828
20min,LSTM,2,2027,train_with_validation_monitoring,18,0.6213474273681641,0.715372622013092
20min,LSTM,2,2027,train_with_validation_monitoring,19,0.5988456010818481,0.7030972838401794
20min,LSTM,2,2027,train_with_validation_monitoring,20,0.5749804377555847,0.6928560137748718
20min,LSTM,2,2027,train_with_validation_monitoring,21,0.585141122341156,0.6832168102264404
20min,LSTM,2,2027,train_with_validation_monitoring,22,0.5641379952430725,0.671241283416748
20min,LSTM,2,2027,train_with_validation_monitoring,23,0.5567804574966431,0.6611706018447876
20min,LSTM,2,2027,train_with_validation_monitoring,24,0.5168009400367737,0.6493065357208252
20min,LSTM,2,2027,train_with_validation_monitoring,25,0.48048850893974304,0.6366299986839294
20min,LSTM,2,2027,train_with_validation_monitoring,26,0.46029558777809143,0.6258626580238342
20min,LSTM,2,2027,train_with_validation_monitoring,27,0.45495715737342834,0.6161370277404785
20min,LSTM,2,2027,train_with_validation_monitoring,28,0.4330688714981079,0.6078783273696899
20min,LSTM,2,2027,train_with_validation_monitoring,29,0.40018290281295776,0.5980656147003174
20min,LSTM,2,2027,train_with_validation_monitoring,30,0.4483950436115265,0.5744061470031738
20min,LSTM,2,2027,train_with_validation_monitoring,31,0.3927595615386963,0.5403878688812256
20min,LSTM,2,2027,train_with_validation_monitoring,32,0.38266339898109436,0.5123213529586792
20min,LSTM,2,2027,train_with_validation_monitoring,33,0.3746059834957123,0.49827322363853455
20min,LSTM,2,2027,train_with_validation_monitoring,34,0.3792182207107544,0.5014422535896301
20min,LSTM,2,2027,train_with_validation_monitoring,35,0.38998425006866455,0.508707582950592
20min,LSTM,2,2027,train_with_validation_monitoring,36,0.3989620804786682,0.487027645111084
20min,LSTM,2,2027,train_with_validation_monitoring,37,0.3735203742980957,0.4682498872280121
20min,LSTM,2,2027,train_with_validation_monitoring,38,0.34562715888023376,0.4519078731536865
20min,LSTM,2,2027,train_with_validation_monitoring,39,0.3291853666305542,0.4426281452178955
20min,LSTM,2,2027,train_with_validation_monitoring,40,0.33256441354751587,0.44054800271987915
20min,LSTM,2,2027,train_with_validation_monitoring,41,0.3245667815208435,0.43322527408599854
20min,LSTM,2,2027,train_with_validation_monitoring,42,0.3182167112827301,0.4418722689151764
20min,LSTM,2,2027,train_with_validation_monitoring,43,0.3165934979915619,0.46956267952919006
20min,LSTM,2,2027,train_with_validation_monitoring,44,0.3607066571712494,0.477703332901001
20min,LSTM,2,2027,train_with_validation_monitoring,45,0.3063387870788574,0.4510236978530884
20min,LSTM,2,2027,train_with_validation_monitoring,46,0.338972270488739,0.42396220564842224
20min,LSTM,2,2027,train_with_validation_monitoring,47,0.31576356291770935,0.4120026230812073
20min,LSTM,2,2027,train_with_validation_monitoring,48,0.29527270793914795,0.40257057547569275
20min,LSTM,2,2027,train_with_validation_monitoring,49,0.280337929725647,0.3897101879119873
20min,LSTM,2,2027,train_with_validation_monitoring,50,0.28171733021736145,0.3642341196537018
20min,LSTM,2,2027,train_with_validation_monitoring,51,0.2665484845638275,0.346954345703125
20min,LSTM,2,2027,train_with_validation_monitoring,52,0.3095639944076538,0.3318636119365692
20min,LSTM,2,2027,train_with_validation_monitoring,53,0.26971182227134705,0.326898455619812
20min,LSTM,2,2027,train_with_validation_monitoring,54,0.27956557273864746,0.32505154609680176
20min,LSTM,2,2027,train_with_validation_monitoring,55,0.25111037492752075,0.3281899094581604
20min,LSTM,2,2027,train_with_validation_monitoring,56,0.27047112584114075,0.33418112993240356
20min,LSTM,2,2027,train_with_validation_monitoring,57,0.26217782497406006,0.3365568220615387
20min,LSTM,2,2027,train_with_validation_monitoring,58,0.24370737373828888,0.3445015251636505
20min,LSTM,2,2027,train_with_validation_monitoring,59,0.26569002866744995,0.33672207593917847
20min,LSTM,2,2027,train_with_validation_monitoring,60,0.29255327582359314,0.3193504810333252
20min,LSTM,2,2027,train_with_validation_monitoring,61,0.2529454231262207,0.29970839619636536
20min,LSTM,2,2027,train_with_validation_monitoring,62,0.24843114614486694,0.2876151502132416
20min,LSTM,2,2027,train_with_validation_monitoring,63,0.2734721302986145,0.2790626883506775
20min,LSTM,2,2027,train_with_validation_monitoring,64,0.24904611706733704,0.27374234795570374
20min,LSTM,2,2027,train_with_validation_monitoring,65,0.2637258470058441,0.27060896158218384
20min,LSTM,2,2027,train_with_validation_monitoring,66,0.2545779049396515,0.26651468873023987
20min,LSTM,2,2027,train_with_validation_monitoring,67,0.2507674992084503,0.2632589340209961
20min,LSTM,2,2027,train_with_validation_monitoring,68,0.23700794577598572,0.2618239223957062
20min,LSTM,2,2027,train_with_validation_monitoring,69,0.25886186957359314,0.2622769773006439
20min,LSTM,2,2027,train_with_validation_monitoring,70,0.21426983177661896,0.26409226655960083
20min,LSTM,2,2027,train_with_validation_monitoring,71,0.19926877319812775,0.26590296626091003
20min,LSTM,2,2027,train_with_validation_monitoring,72,0.2505224347114563,0.26822248101234436
20min,LSTM,2,2027,train_with_validation_monitoring,73,0.23224200308322906,0.2694527804851532
20min,LSTM,2,2027,train_with_validation_monitoring,74,0.2469298243522644,0.26856520771980286
20min,LSTM,2,2027,train_with_validation_monitoring,75,0.22362954914569855,0.2670450508594513
20min,LSTM,2,2027,train_with_validation_monitoring,76,0.2110435962677002,0.26551541686058044
20min,LSTM,2,2027,train_with_validation_monitoring,77,0.23536546528339386,0.26440927386283875
20min,LSTM,2,2027,train_with_validation_monitoring,78,0.24036365747451782,0.2632516026496887
20min,LSTM,2,2028,train_with_validation_monitoring,1,1.0029155015945435,0.831515371799469
20min,LSTM,2,2028,train_with_validation_monitoring,2,0.9617730975151062,0.8019804358482361
20min,LSTM,2,2028,train_with_validation_monitoring,3,0.9141576290130615,0.7783283591270447
20min,LSTM,2,2028,train_with_validation_monitoring,4,0.8704220056533813,0.7586416602134705
20min,LSTM,2,2028,train_with_validation_monitoring,5,0.8421094417572021,0.7427971959114075
20min,LSTM,2,2028,train_with_validation_monitoring,6,0.8302143812179565,0.7293187379837036
20min,LSTM,2,2028,train_with_validation_monitoring,7,0.7868062853813171,0.7178521156311035
20min,LSTM,2,2028,train_with_validation_monitoring,8,0.7646909952163696,0.7079130411148071
20min,LSTM,2,2028,train_with_validation_monitoring,9,0.7289212942123413,0.6993981599807739
20min,LSTM,2,2028,train_with_validation_monitoring,10,0.7255905270576477,0.6912701725959778
20min,LSTM,2,2028,train_with_validation_monitoring,11,0.670997679233551,0.6836206912994385
20min,LSTM,2,2028,train_with_validation_monitoring,12,0.6472756862640381,0.6763471364974976
20min,LSTM,2,2028,train_with_validation_monitoring,13,0.6476982831954956,0.6681537628173828
20min,LSTM,2,2028,train_with_validation_monitoring,14,0.6397133469581604,0.6594092845916748
20min,LSTM,2,2028,train_with_validation_monitoring,15,0.6086934208869934,0.6501628160476685
20min,LSTM,2,2028,train_with_validation_monitoring,16,0.5803112983703613,0.6375426054000854
20min,LSTM,2,2028,train_with_validation_monitoring,17,0.5761241912841797,0.6226510405540466
20min,LSTM,2,2028,train_with_validation_monitoring,18,0.5428169369697571,0.6053746938705444
20min,LSTM,2,2028,train_with_validation_monitoring,19,0.5416567325592041,0.5827114582061768
20min,LSTM,2,2028,train_with_validation_monitoring,20,0.5448862314224243,0.5544936656951904
20min,LSTM,2,2028,train_with_validation_monitoring,21,0.4923042356967926,0.5248447060585022
20min,LSTM,2,2028,train_with_validation_monitoring,22,0.4845568537712097,0.4964066445827484
20min,LSTM,2,2028,train_with_validation_monitoring,23,0.4769696891307831,0.4702203869819641
20min,LSTM,2,2028,train_with_validation_monitoring,24,0.4675809144973755,0.44453904032707214
20min,LSTM,2,2028,train_with_validation_monitoring,25,0.45477598905563354,0.4238048791885376
20min,LSTM,2,2028,train_with_validation_monitoring,26,0.45289182662963867,0.40286746621131897
20min,LSTM,2,2028,train_with_validation_monitoring,27,0.430815726518631,0.3830883502960205
20min,LSTM,2,2028,train_with_validation_monitoring,28,0.4447166621685028,0.3653630316257477
20min,LSTM,2,2028,train_with_validation_monitoring,29,0.40700557827949524,0.3509370982646942
20min,LSTM,2,2028,train_with_validation_monitoring,30,0.3719591498374939,0.3408784866333008
20min,LSTM,2,2028,train_with_validation_monitoring,31,0.3908143639564514,0.33121538162231445
20min,LSTM,2,2028,train_with_validation_monitoring,32,0.3686651587486267,0.3222159147262573
20min,LSTM,2,2028,train_with_validation_monitoring,33,0.3537573516368866,0.31577068567276
20min,LSTM,2,2028,train_with_validation_monitoring,34,0.3816075921058655,0.3123461902141571
20min,LSTM,2,2028,train_with_validation_monitoring,35,0.3839796781539917,0.3044109046459198
20min,LSTM,2,2028,train_with_validation_monitoring,36,0.4239931106567383,0.2953588664531708
20min,LSTM,2,2028,train_with_validation_monitoring,37,0.34746435284614563,0.28361332416534424
20min,LSTM,2,2028,train_with_validation_monitoring,38,0.3236561417579651,0.26308882236480713
20min,LSTM,2,2028,train_with_validation_monitoring,39,0.3260502219200134,0.24534036219120026
20min,LSTM,2,2028,train_with_validation_monitoring,40,0.3479924201965332,0.23666830360889435
20min,LSTM,2,2028,train_with_validation_monitoring,41,0.35493144392967224,0.22839786112308502
20min,LSTM,2,2028,train_with_validation_monitoring,42,0.33952754735946655,0.22059448063373566
20min,LSTM,2,2028,train_with_validation_monitoring,43,0.3551119565963745,0.21801339089870453
20min,LSTM,2,2028,train_with_validation_monitoring,44,0.302948534488678,0.21818934381008148
20min,LSTM,2,2028,train_with_validation_monitoring,45,0.33402329683303833,0.22219032049179077
20min,LSTM,2,2028,train_with_validation_monitoring,46,0.29755744338035583,0.22492557764053345
20min,LSTM,2,2028,train_with_validation_monitoring,47,0.2827741801738739,0.22672903537750244
20min,LSTM,2,2028,train_with_validation_monitoring,48,0.31999143958091736,0.2250996083021164
20min,LSTM,2,2028,train_with_validation_monitoring,49,0.31063157320022583,0.22285254299640656
20min,LSTM,2,2028,train_with_validation_monitoring,50,0.30434679985046387,0.21805217862129211
20min,LSTM,2,2028,train_with_validation_monitoring,51,0.30149754881858826,0.21525073051452637
20min,LSTM,2,2028,train_with_validation_monitoring,52,0.2926904857158661,0.21367096900939941
20min,LSTM,2,2028,train_with_validation_monitoring,53,0.31443607807159424,0.21082301437854767
20min,LSTM,2,2028,train_with_validation_monitoring,54,0.28761136531829834,0.20972272753715515
20min,LSTM,2,2028,train_with_validation_monitoring,55,0.2781848907470703,0.2104092240333557
20min,LSTM,2,2028,train_with_validation_monitoring,56,0.3054864704608917,0.21089820563793182
20min,LSTM,2,2028,train_with_validation_monitoring,57,0.29942288994789124,0.21226172149181366
20min,LSTM,2,2028,train_with_validation_monitoring,58,0.27473387122154236,0.21466989815235138
20min,LSTM,2,2028,train_with_validation_monitoring,59,0.25696149468421936,0.217373326420784
20min,LSTM,2,2028,train_with_validation_monitoring,60,0.28430986404418945,0.2186548262834549
20min,LSTM,2,2028,train_with_validation_monitoring,61,0.25248152017593384,0.2186776101589203
20min,LSTM,2,2028,train_with_validation_monitoring,62,0.3007018268108368,0.21851249039173126
20min,LSTM,2,2028,train_with_validation_monitoring,63,0.28297159075737,0.21801307797431946
20min,LSTM,2,2028,train_with_validation_monitoring,64,0.27105996012687683,0.2172757089138031
20min,GRU,1,2026,train_with_validation_monitoring,1,1.1149482727050781,1.033523440361023
20min,GRU,1,2026,train_with_validation_monitoring,2,1.0289853811264038,0.9703949093818665
20min,GRU,1,2026,train_with_validation_monitoring,3,0.9665441513061523,0.9179672598838806
20min,GRU,1,2026,train_with_validation_monitoring,4,0.9153010845184326,0.8752132058143616
20min,GRU,1,2026,train_with_validation_monitoring,5,0.8457618951797485,0.8404900431632996
20min,GRU,1,2026,train_with_validation_monitoring,6,0.8136122226715088,0.8103572130203247
20min,GRU,1,2026,train_with_validation_monitoring,7,0.7795025110244751,0.7838377356529236
20min,GRU,1,2026,train_with_validation_monitoring,8,0.734275221824646,0.7582693696022034
20min,GRU,1,2026,train_with_validation_monitoring,9,0.7022687196731567,0.732265055179596
20min,GRU,1,2026,train_with_validation_monitoring,10,0.6747047901153564,0.7079787254333496
20min,GRU,1,2026,train_with_validation_monitoring,11,0.6679981350898743,0.6854064464569092
20min,GRU,1,2026,train_with_validation_monitoring,12,0.6195183992385864,0.6618764996528625
20min,GRU,1,2026,train_with_validation_monitoring,13,0.6038283705711365,0.6367989778518677
20min,GRU,1,2026,train_with_validation_monitoring,14,0.5836135149002075,0.6109793782234192
20min,GRU,1,2026,train_with_validation_monitoring,15,0.5740068554878235,0.5858238339424133
20min,GRU,1,2026,train_with_validation_monitoring,16,0.5064123868942261,0.5654231905937195
20min,GRU,1,2026,train_with_validation_monitoring,17,0.47970083355903625,0.5474438667297363
20min,GRU,1,2026,train_with_validation_monitoring,18,0.48886656761169434,0.5293488502502441
20min,GRU,1,2026,train_with_validation_monitoring,19,0.4628511667251587,0.507294774055481
20min,GRU,1,2026,train_with_validation_monitoring,20,0.4404875934123993,0.4851323068141937
20min,GRU,1,2026,train_with_validation_monitoring,21,0.4528068006038666,0.46608468890190125
20min,GRU,1,2026,train_with_validation_monitoring,22,0.4242481589317322,0.44640040397644043
20min,GRU,1,2026,train_with_validation_monitoring,23,0.44585904479026794,0.4267009198665619
20min,GRU,1,2026,train_with_validation_monitoring,24,0.35994619131088257,0.41079625487327576
20min,GRU,1,2026,train_with_validation_monitoring,25,0.40733811259269714,0.39716482162475586
20min,GRU,1,2026,train_with_validation_monitoring,26,0.3834170997142792,0.3855692446231842
20min,GRU,1,2026,train_with_validation_monitoring,27,0.4016885757446289,0.3762202858924866
20min,GRU,1,2026,train_with_validation_monitoring,28,0.33010363578796387,0.3674710690975189
20min,GRU,1,2026,train_with_validation_monitoring,29,0.39658570289611816,0.3604745864868164
20min,GRU,1,2026,train_with_validation_monitoring,30,0.4077981114387512,0.3547784984111786
20min,GRU,1,2026,train_with_validation_monitoring,31,0.34518125653266907,0.34915295243263245
20min,GRU,1,2026,train_with_validation_monitoring,32,0.3749082684516907,0.34808310866355896
20min,GRU,1,2026,train_with_validation_monitoring,33,0.3231084644794464,0.34874919056892395
20min,GRU,1,2026,train_with_validation_monitoring,34,0.32407888770103455,0.34500303864479065
20min,GRU,1,2026,train_with_validation_monitoring,35,0.3156869113445282,0.3376753330230713
20min,GRU,1,2026,train_with_validation_monitoring,36,0.3573380708694458,0.3310205936431885
20min,GRU,1,2026,train_with_validation_monitoring,37,0.33335623145103455,0.32679834961891174
20min,GRU,1,2026,train_with_validation_monitoring,38,0.3434111773967743,0.31996992230415344
20min,GRU,1,2026,train_with_validation_monitoring,39,0.30618536472320557,0.3107542395591736
20min,GRU,1,2026,train_with_validation_monitoring,40,0.29818302392959595,0.29865145683288574
20min,GRU,1,2026,train_with_validation_monitoring,41,0.30842578411102295,0.2916956841945648
20min,GRU,1,2026,train_with_validation_monitoring,42,0.32813575863838196,0.29305562376976013
20min,GRU,1,2026,train_with_validation_monitoring,43,0.2732820510864258,0.29601728916168213
20min,GRU,1,2026,train_with_validation_monitoring,44,0.2523920238018036,0.3043665885925293
20min,GRU,1,2026,train_with_validation_monitoring,45,0.30011630058288574,0.3113882541656494
20min,GRU,1,2026,train_with_validation_monitoring,46,0.3112362325191498,0.3145958185195923
20min,GRU,1,2026,train_with_validation_monitoring,47,0.31409960985183716,0.3128066956996918
20min,GRU,1,2026,train_with_validation_monitoring,48,0.29823246598243713,0.31003719568252563
20min,GRU,1,2026,train_with_validation_monitoring,49,0.2839649021625519,0.306701123714447
20min,GRU,1,2026,train_with_validation_monitoring,50,0.26707151532173157,0.3033493161201477
20min,GRU,1,2026,train_with_validation_monitoring,51,0.2614379823207855,0.2991638779640198
20min,GRU,1,2027,train_with_validation_monitoring,1,1.026493787765503,0.8505862951278687
20min,GRU,1,2027,train_with_validation_monitoring,2,0.9653695225715637,0.8047606945037842
20min,GRU,1,2027,train_with_validation_monitoring,3,0.9124639630317688,0.768022358417511
20min,GRU,1,2027,train_with_validation_monitoring,4,0.8599993586540222,0.7360246181488037
20min,GRU,1,2027,train_with_validation_monitoring,5,0.8372153639793396,0.7077085375785828
20min,GRU,1,2027,train_with_validation_monitoring,6,0.7628251314163208,0.6829702854156494
20min,GRU,1,2027,train_with_validation_monitoring,7,0.7677223682403564,0.6606619954109192
20min,GRU,1,2027,train_with_validation_monitoring,8,0.7191586494445801,0.6404758095741272
20min,GRU,1,2027,train_with_validation_monitoring,9,0.6850379705429077,0.6227077841758728
20min,GRU,1,2027,train_with_validation_monitoring,10,0.647696852684021,0.6070851683616638
20min,GRU,1,2027,train_with_validation_monitoring,11,0.6261110901832581,0.5931811332702637
20min,GRU,1,2027,train_with_validation_monitoring,12,0.5688737630844116,0.5806677341461182
20min,GRU,1,2027,train_with_validation_monitoring,13,0.5824846029281616,0.5684047937393188
20min,GRU,1,2027,train_with_validation_monitoring,14,0.5550023317337036,0.5553306937217712
20min,GRU,1,2027,train_with_validation_monitoring,15,0.5653784275054932,0.543189525604248
20min,GRU,1,2027,train_with_validation_monitoring,16,0.5144215226173401,0.531307578086853
20min,GRU,1,2027,train_with_validation_monitoring,17,0.4913613200187683,0.5193319916725159
20min,GRU,1,2027,train_with_validation_monitoring,18,0.4686722457408905,0.50688236951828
20min,GRU,1,2027,train_with_validation_monitoring,19,0.4418962597846985,0.4950439929962158
20min,GRU,1,2027,train_with_validation_monitoring,20,0.437880277633667,0.4844159185886383
20min,GRU,1,2027,train_with_validation_monitoring,21,0.4244774580001831,0.47546151280403137
20min,GRU,1,2027,train_with_validation_monitoring,22,0.4072486162185669,0.4654931426048279
20min,GRU,1,2027,train_with_validation_monitoring,23,0.4213801920413971,0.45675551891326904
20min,GRU,1,2027,train_with_validation_monitoring,24,0.38888391852378845,0.44970110058784485
20min,GRU,1,2027,train_with_validation_monitoring,25,0.3942212760448456,0.4449128806591034
20min,GRU,1,2027,train_with_validation_monitoring,26,0.39770588278770447,0.43802008032798767
20min,GRU,1,2027,train_with_validation_monitoring,27,0.3891124725341797,0.42791640758514404
20min,GRU,1,2027,train_with_validation_monitoring,28,0.3747265636920929,0.41875141859054565
20min,GRU,1,2027,train_with_validation_monitoring,29,0.3280984163284302,0.41081690788269043
20min,GRU,1,2027,train_with_validation_monitoring,30,0.3673308491706848,0.40220966935157776
20min,GRU,1,2027,train_with_validation_monitoring,31,0.3328346014022827,0.3921577036380768
20min,GRU,1,2027,train_with_validation_monitoring,32,0.34412992000579834,0.3825097382068634
20min,GRU,1,2027,train_with_validation_monitoring,33,0.30874666571617126,0.37505844235420227
20min,GRU,1,2027,train_with_validation_monitoring,34,0.3321753144264221,0.37240827083587646
20min,GRU,1,2027,train_with_validation_monitoring,35,0.3179299235343933,0.3751985728740692
20min,GRU,1,2027,train_with_validation_monitoring,36,0.29210805892944336,0.3807648718357086
20min,GRU,1,2027,train_with_validation_monitoring,37,0.3286250829696655,0.38829919695854187
20min,GRU,1,2027,train_with_validation_monitoring,38,0.31072109937667847,0.39179661870002747
20min,GRU,1,2027,train_with_validation_monitoring,39,0.35206764936447144,0.39401865005493164
20min,GRU,1,2027,train_with_validation_monitoring,40,0.3178417682647705,0.3958716094493866
20min,GRU,1,2027,train_with_validation_monitoring,41,0.35374686121940613,0.4004085063934326
20min,GRU,1,2027,train_with_validation_monitoring,42,0.2870914041996002,0.4057433307170868
20min,GRU,1,2027,train_with_validation_monitoring,43,0.3405035734176636,0.41118088364601135
20min,GRU,1,2027,train_with_validation_monitoring,44,0.3396887183189392,0.41865119338035583
20min,GRU,1,2028,train_with_validation_monitoring,1,0.9664129018783569,0.8311272263526917
20min,GRU,1,2028,train_with_validation_monitoring,2,0.9274425506591797,0.7934516668319702
20min,GRU,1,2028,train_with_validation_monitoring,3,0.8254269957542419,0.7585079073905945
20min,GRU,1,2028,train_with_validation_monitoring,4,0.7916128635406494,0.725172758102417
20min,GRU,1,2028,train_with_validation_monitoring,5,0.7454121708869934,0.6934956312179565
20min,GRU,1,2028,train_with_validation_monitoring,6,0.7228664755821228,0.6646169424057007
20min,GRU,1,2028,train_with_validation_monitoring,7,0.6523100733757019,0.6381781101226807
20min,GRU,1,2028,train_with_validation_monitoring,8,0.6329672932624817,0.6133067607879639
20min,GRU,1,2028,train_with_validation_monitoring,9,0.5935953259468079,0.5889933705329895
20min,GRU,1,2028,train_with_validation_monitoring,10,0.5210278630256653,0.5657926797866821
20min,GRU,1,2028,train_with_validation_monitoring,11,0.5567581653594971,0.5448485612869263
20min,GRU,1,2028,train_with_validation_monitoring,12,0.5156749486923218,0.5249236822128296
20min,GRU,1,2028,train_with_validation_monitoring,13,0.5024692416191101,0.5061808824539185
20min,GRU,1,2028,train_with_validation_monitoring,14,0.4821625351905823,0.48978349566459656
20min,GRU,1,2028,train_with_validation_monitoring,15,0.4647282063961029,0.47625094652175903
20min,GRU,1,2028,train_with_validation_monitoring,16,0.4543585181236267,0.4641302824020386
20min,GRU,1,2028,train_with_validation_monitoring,17,0.4414916932582855,0.4541931748390198
20min,GRU,1,2028,train_with_validation_monitoring,18,0.38742882013320923,0.44654756784439087
20min,GRU,1,2028,train_with_validation_monitoring,19,0.3600425720214844,0.4389142096042633
20min,GRU,1,2028,train_with_validation_monitoring,20,0.3964897692203522,0.4295808672904968
20min,GRU,1,2028,train_with_validation_monitoring,21,0.37686029076576233,0.4206245243549347
20min,GRU,1,2028,train_with_validation_monitoring,22,0.38810428977012634,0.4124351441860199
20min,GRU,1,2028,train_with_validation_monitoring,23,0.35795703530311584,0.40305501222610474
20min,GRU,1,2028,train_with_validation_monitoring,24,0.37315958738327026,0.39382773637771606
20min,GRU,1,2028,train_with_validation_monitoring,25,0.3545350730419159,0.38521242141723633
20min,GRU,1,2028,train_with_validation_monitoring,26,0.35709506273269653,0.3746809661388397
20min,GRU,1,2028,train_with_validation_monitoring,27,0.34562453627586365,0.3633602261543274
20min,GRU,1,2028,train_with_validation_monitoring,28,0.3662477135658264,0.3550606071949005
20min,GRU,1,2028,train_with_validation_monitoring,29,0.3274520933628082,0.3470075726509094
20min,GRU,1,2028,train_with_validation_monitoring,30,0.2972038984298706,0.33846402168273926
20min,GRU,1,2028,train_with_validation_monitoring,31,0.3137166500091553,0.3338443338871002
20min,GRU,1,2028,train_with_validation_monitoring,32,0.33497416973114014,0.33092188835144043
20min,GRU,1,2028,train_with_validation_monitoring,33,0.3106478750705719,0.32658520340919495
20min,GRU,1,2028,train_with_validation_monitoring,34,0.3043557107448578,0.3213137686252594
20min,GRU,1,2028,train_with_validation_monitoring,35,0.31933310627937317,0.31579482555389404
20min,GRU,1,2028,train_with_validation_monitoring,36,0.31318050622940063,0.3140513002872467
20min,GRU,1,2028,train_with_validation_monitoring,37,0.29351890087127686,0.3100617825984955
20min,GRU,1,2028,train_with_validation_monitoring,38,0.30447831749916077,0.3039318323135376
20min,GRU,1,2028,train_with_validation_monitoring,39,0.28406521677970886,0.29663407802581787
20min,GRU,1,2028,train_with_validation_monitoring,40,0.294050008058548,0.29337435960769653
20min,GRU,1,2028,train_with_validation_monitoring,41,0.31912630796432495,0.2914869487285614
20min,GRU,1,2028,train_with_validation_monitoring,42,0.2842191457748413,0.2827540338039398
20min,GRU,1,2028,train_with_validation_monitoring,43,0.2958774268627167,0.27601495385169983
20min,GRU,1,2028,train_with_validation_monitoring,44,0.26212871074676514,0.2710117995738983
20min,GRU,1,2028,train_with_validation_monitoring,45,0.2849326431751251,0.2719762623310089
20min,GRU,1,2028,train_with_validation_monitoring,46,0.2966667711734772,0.27210262417793274
20min,GRU,1,2028,train_with_validation_monitoring,47,0.2439599186182022,0.2724260687828064
20min,GRU,1,2028,train_with_validation_monitoring,48,0.2710948586463928,0.27600544691085815
20min,GRU,1,2028,train_with_validation_monitoring,49,0.28442293405532837,0.2814679741859436
20min,GRU,1,2028,train_with_validation_monitoring,50,0.28829285502433777,0.2820599377155304
20min,GRU,1,2028,train_with_validation_monitoring,51,0.27473726868629456,0.28314515948295593
20min,GRU,1,2028,train_with_validation_monitoring,52,0.27833428978919983,0.28501710295677185
20min,GRU,1,2028,train_with_validation_monitoring,53,0.30740052461624146,0.28819504380226135
20min,GRU,1,2028,train_with_validation_monitoring,54,0.3032933175563812,0.29128122329711914
20min,GRU,2,2026,train_with_validation_monitoring,1,1.19698965549469,1.0022283792495728
20min,GRU,2,2026,train_with_validation_monitoring,2,1.1578716039657593,0.95667564868927
20min,GRU,2,2026,train_with_validation_monitoring,3,1.103696346282959,0.9144465923309326
20min,GRU,2,2026,train_with_validation_monitoring,4,1.0444083213806152,0.8776952624320984
20min,GRU,2,2026,train_with_validation_monitoring,5,0.9907652735710144,0.8464078307151794
20min,GRU,2,2026,train_with_validation_monitoring,6,0.9430938363075256,0.8187174201011658
20min,GRU,2,2026,train_with_validation_monitoring,7,0.9022230505943298,0.7941095232963562
20min,GRU,2,2026,train_with_validation_monitoring,8,0.8878384828567505,0.7707059383392334
20min,GRU,2,2026,train_with_validation_monitoring,9,0.8033725023269653,0.7483957409858704
20min,GRU,2,2026,train_with_validation_monitoring,10,0.7960644364356995,0.7265185713768005
20min,GRU,2,2026,train_with_validation_monitoring,11,0.7888630628585815,0.7052925229072571
20min,GRU,2,2026,train_with_validation_monitoring,12,0.7645998597145081,0.6847191452980042
20min,GRU,2,2026,train_with_validation_monitoring,13,0.7286701798439026,0.6658013463020325
20min,GRU,2,2026,train_with_validation_monitoring,14,0.6959991455078125,0.6483919024467468
20min,GRU,2,2026,train_with_validation_monitoring,15,0.6863873600959778,0.6325262784957886
20min,GRU,2,2026,train_with_validation_monitoring,16,0.666249692440033,0.6186016798019409
20min,GRU,2,2026,train_with_validation_monitoring,17,0.645703136920929,0.6061006784439087
20min,GRU,2,2026,train_with_validation_monitoring,18,0.6430740356445312,0.5940728187561035
20min,GRU,2,2026,train_with_validation_monitoring,19,0.590157151222229,0.5823388695716858
20min,GRU,2,2026,train_with_validation_monitoring,20,0.5664424896240234,0.5713955760002136
20min,GRU,2,2026,train_with_validation_monitoring,21,0.5948387384414673,0.5617561936378479
20min,GRU,2,2026,train_with_validation_monitoring,22,0.5620673894882202,0.5516589879989624
20min,GRU,2,2026,train_with_validation_monitoring,23,0.5505372881889343,0.542658269405365
20min,GRU,2,2026,train_with_validation_monitoring,24,0.5122860670089722,0.5341321229934692
20min,GRU,2,2026,train_with_validation_monitoring,25,0.5226577520370483,0.5245392918586731
20min,GRU,2,2026,train_with_validation_monitoring,26,0.508012592792511,0.5136845707893372
20min,GRU,2,2026,train_with_validation_monitoring,27,0.5018773674964905,0.5027379989624023
20min,GRU,2,2026,train_with_validation_monitoring,28,0.4775407910346985,0.4930891692638397
20min,GRU,2,2026,train_with_validation_monitoring,29,0.4751364290714264,0.4830625355243683
20min,GRU,2,2026,train_with_validation_monitoring,30,0.45588114857673645,0.47505098581314087
20min,GRU,2,2026,train_with_validation_monitoring,31,0.451762318611145,0.468043714761734
20min,GRU,2,2026,train_with_validation_monitoring,32,0.4582103490829468,0.4632790684700012
20min,GRU,2,2026,train_with_validation_monitoring,33,0.4344692826271057,0.45980334281921387
20min,GRU,2,2026,train_with_validation_monitoring,34,0.42898261547088623,0.45382073521614075
20min,GRU,2,2026,train_with_validation_monitoring,35,0.44810429215431213,0.4461405575275421
20min,GRU,2,2026,train_with_validation_monitoring,36,0.4571426510810852,0.43788865208625793
20min,GRU,2,2026,train_with_validation_monitoring,37,0.43162867426872253,0.4322156012058258
20min,GRU,2,2026,train_with_validation_monitoring,38,0.4294791519641876,0.4260112941265106
20min,GRU,2,2026,train_with_validation_monitoring,39,0.4087921977043152,0.4166271984577179
20min,GRU,2,2026,train_with_validation_monitoring,40,0.40631556510925293,0.4068863093852997
20min,GRU,2,2026,train_with_validation_monitoring,41,0.4066726863384247,0.4008623957633972
20min,GRU,2,2026,train_with_validation_monitoring,42,0.42674610018730164,0.39591389894485474
20min,GRU,2,2026,train_with_validation_monitoring,43,0.4037982225418091,0.39490529894828796
20min,GRU,2,2026,train_with_validation_monitoring,44,0.3536840081214905,0.3975578546524048
20min,GRU,2,2026,train_with_validation_monitoring,45,0.4233468472957611,0.39820894598960876
20min,GRU,2,2026,train_with_validation_monitoring,46,0.3961278200149536,0.3992176353931427
20min,GRU,2,2026,train_with_validation_monitoring,47,0.3691713213920593,0.39918529987335205
20min,GRU,2,2026,train_with_validation_monitoring,48,0.4112081527709961,0.3994402289390564
20min,GRU,2,2026,train_with_validation_monitoring,49,0.3612816631793976,0.40010178089141846
20min,GRU,2,2026,train_with_validation_monitoring,50,0.3671157658100128,0.40155741572380066
20min,GRU,2,2026,train_with_validation_monitoring,51,0.3875126838684082,0.40214264392852783
20min,GRU,2,2026,train_with_validation_monitoring,52,0.39704641699790955,0.4027903378009796
20min,GRU,2,2026,train_with_validation_monitoring,53,0.4330887198448181,0.4034019708633423
20min,GRU,2,2027,train_with_validation_monitoring,1,1.128118634223938,0.9640386700630188
20min,GRU,2,2027,train_with_validation_monitoring,2,1.0476220846176147,0.9279347062110901
20min,GRU,2,2027,train_with_validation_monitoring,3,1.015798568725586,0.8958783745765686
20min,GRU,2,2027,train_with_validation_monitoring,4,0.9668138027191162,0.8675681352615356
20min,GRU,2,2027,train_with_validation_monitoring,5,0.938451886177063,0.8427847027778625
20min,GRU,2,2027,train_with_validation_monitoring,6,0.8837257027626038,0.8209953904151917
20min,GRU,2,2027,train_with_validation_monitoring,7,0.8775779008865356,0.8016335964202881
20min,GRU,2,2027,train_with_validation_monitoring,8,0.871453046798706,0.785169780254364
20min,GRU,2,2027,train_with_validation_monitoring,9,0.8201375603675842,0.7720406651496887
20min,GRU,2,2027,train_with_validation_monitoring,10,0.8018158674240112,0.7601994872093201
20min,GRU,2,2027,train_with_validation_monitoring,11,0.789141833782196,0.7490459680557251
20min,GRU,2,2027,train_with_validation_monitoring,12,0.752605140209198,0.7387785911560059
20min,GRU,2,2027,train_with_validation_monitoring,13,0.7475601434707642,0.7293919324874878
20min,GRU,2,2027,train_with_validation_monitoring,14,0.7363771200180054,0.7196922898292542
20min,GRU,2,2027,train_with_validation_monitoring,15,0.7089771628379822,0.7097017168998718
20min,GRU,2,2027,train_with_validation_monitoring,16,0.6720705032348633,0.699974000453949
20min,GRU,2,2027,train_with_validation_monitoring,17,0.6157160997390747,0.6902191042900085
20min,GRU,2,2027,train_with_validation_monitoring,18,0.6338467001914978,0.6795035004615784
20min,GRU,2,2027,train_with_validation_monitoring,19,0.6065974831581116,0.6678732633590698
20min,GRU,2,2027,train_with_validation_monitoring,20,0.6207206845283508,0.6564280986785889
20min,GRU,2,2027,train_with_validation_monitoring,21,0.6007386445999146,0.6450036764144897
20min,GRU,2,2027,train_with_validation_monitoring,22,0.5827380418777466,0.6334947943687439
20min,GRU,2,2027,train_with_validation_monitoring,23,0.5987156629562378,0.6235659122467041
20min,GRU,2,2027,train_with_validation_monitoring,24,0.5818871259689331,0.613171398639679
20min,GRU,2,2027,train_with_validation_monitoring,25,0.5228814482688904,0.6024758815765381
20min,GRU,2,2027,train_with_validation_monitoring,26,0.5290364623069763,0.5916216969490051
20min,GRU,2,2027,train_with_validation_monitoring,27,0.4994190037250519,0.5800929665565491
20min,GRU,2,2027,train_with_validation_monitoring,28,0.5203266143798828,0.5681909322738647
20min,GRU,2,2027,train_with_validation_monitoring,29,0.4664545953273773,0.5546444058418274
20min,GRU,2,2027,train_with_validation_monitoring,30,0.5273345112800598,0.5386094450950623
20min,GRU,2,2027,train_with_validation_monitoring,31,0.49447500705718994,0.5212377309799194
20min,GRU,2,2027,train_with_validation_monitoring,32,0.4693104922771454,0.5038397908210754
20min,GRU,2,2027,train_with_validation_monitoring,33,0.4713403284549713,0.48645684123039246
20min,GRU,2,2027,train_with_validation_monitoring,34,0.4798929989337921,0.47041958570480347
20min,GRU,2,2027,train_with_validation_monitoring,35,0.4358035624027252,0.4551372528076172
20min,GRU,2,2027,train_with_validation_monitoring,36,0.500839114189148,0.44176632165908813
20min,GRU,2,2027,train_with_validation_monitoring,37,0.45585742592811584,0.43097972869873047
20min,GRU,2,2027,train_with_validation_monitoring,38,0.43103206157684326,0.4206887483596802
20min,GRU,2,2027,train_with_validation_monitoring,39,0.4334338307380676,0.4122388958930969
20min,GRU,2,2027,train_with_validation_monitoring,40,0.43744727969169617,0.4070734679698944
20min,GRU,2,2027,train_with_validation_monitoring,41,0.4725925922393799,0.4042152166366577
20min,GRU,2,2027,train_with_validation_monitoring,42,0.37841561436653137,0.4017280340194702
20min,GRU,2,2027,train_with_validation_monitoring,43,0.44811373949050903,0.4028588533401489
20min,GRU,2,2027,train_with_validation_monitoring,44,0.4722323417663574,0.40739521384239197
20min,GRU,2,2027,train_with_validation_monitoring,45,0.3803351819515228,0.410210520029068
20min,GRU,2,2027,train_with_validation_monitoring,46,0.4039495289325714,0.41170796751976013
20min,GRU,2,2027,train_with_validation_monitoring,47,0.3901014029979706,0.4144647419452667
20min,GRU,2,2027,train_with_validation_monitoring,48,0.401777982711792,0.4150317311286926
20min,GRU,2,2027,train_with_validation_monitoring,49,0.39127910137176514,0.41463491320610046
20min,GRU,2,2027,train_with_validation_monitoring,50,0.4150366485118866,0.4133700430393219
20min,GRU,2,2027,train_with_validation_monitoring,51,0.4075416922569275,0.4121469259262085
20min,GRU,2,2027,train_with_validation_monitoring,52,0.4824892282485962,0.4098900854587555
20min,GRU,2,2028,train_with_validation_monitoring,1,0.9842010736465454,0.8000048995018005
20min,GRU,2,2028,train_with_validation_monitoring,2,0.9283872842788696,0.7667905688285828
20min,GRU,2,2028,train_with_validation_monitoring,3,0.8936662077903748,0.7373784780502319
20min,GRU,2,2028,train_with_validation_monitoring,4,0.8473677039146423,0.7103563547134399
20min,GRU,2,2028,train_with_validation_monitoring,5,0.8240858316421509,0.6852661967277527
20min,GRU,2,2028,train_with_validation_monitoring,6,0.8132852911949158,0.661696195602417
20min,GRU,2,2028,train_with_validation_monitoring,7,0.7536301016807556,0.6409586071968079
20min,GRU,2,2028,train_with_validation_monitoring,8,0.6968923211097717,0.6227890849113464
20min,GRU,2,2028,train_with_validation_monitoring,9,0.6855952143669128,0.606057345867157
20min,GRU,2,2028,train_with_validation_monitoring,10,0.6563315391540527,0.59102463722229
20min,GRU,2,2028,train_with_validation_monitoring,11,0.6046885848045349,0.5781680941581726
20min,GRU,2,2028,train_with_validation_monitoring,12,0.5993107557296753,0.5665683150291443
20min,GRU,2,2028,train_with_validation_monitoring,13,0.5950427055358887,0.5558767318725586
20min,GRU,2,2028,train_with_validation_monitoring,14,0.5880183577537537,0.5461011528968811
20min,GRU,2,2028,train_with_validation_monitoring,15,0.569908857345581,0.5372361540794373
20min,GRU,2,2028,train_with_validation_monitoring,16,0.5378621816635132,0.5287778973579407
20min,GRU,2,2028,train_with_validation_monitoring,17,0.5536919832229614,0.5229552388191223
20min,GRU,2,2028,train_with_validation_monitoring,18,0.5404309034347534,0.5190778374671936
20min,GRU,2,2028,train_with_validation_monitoring,19,0.5051920413970947,0.5156908631324768
20min,GRU,2,2028,train_with_validation_monitoring,20,0.5473825335502625,0.5109642744064331
20min,GRU,2,2028,train_with_validation_monitoring,21,0.46777239441871643,0.5051251649856567
20min,GRU,2,2028,train_with_validation_monitoring,22,0.4713655114173889,0.49801942706108093
20min,GRU,2,2028,train_with_validation_monitoring,23,0.47013619542121887,0.48852676153182983
20min,GRU,2,2028,train_with_validation_monitoring,24,0.5024135708808899,0.4784661531448364
20min,GRU,2,2028,train_with_validation_monitoring,25,0.4949835240840912,0.4702885150909424
20min,GRU,2,2028,train_with_validation_monitoring,26,0.46836283802986145,0.4634439945220947
20min,GRU,2,2028,train_with_validation_monitoring,27,0.471525102853775,0.4570966362953186
20min,GRU,2,2028,train_with_validation_monitoring,28,0.49222952127456665,0.451151967048645
20min,GRU,2,2028,train_with_validation_monitoring,29,0.4410363733768463,0.4445016086101532
20min,GRU,2,2028,train_with_validation_monitoring,30,0.447903037071228,0.4362369775772095
20min,GRU,2,2028,train_with_validation_monitoring,31,0.43690183758735657,0.4297589361667633
20min,GRU,2,2028,train_with_validation_monitoring,32,0.4115440547466278,0.42274636030197144
20min,GRU,2,2028,train_with_validation_monitoring,33,0.41493716835975647,0.4158645570278168
20min,GRU,2,2028,train_with_validation_monitoring,34,0.4425562918186188,0.4109174609184265
20min,GRU,2,2028,train_with_validation_monitoring,35,0.4163009822368622,0.4048651456832886
20min,GRU,2,2028,train_with_validation_monitoring,36,0.49052396416664124,0.40047335624694824
20min,GRU,2,2028,train_with_validation_monitoring,37,0.4007596969604492,0.39271244406700134
20min,GRU,2,2028,train_with_validation_monitoring,38,0.3978729248046875,0.38198554515838623
20min,GRU,2,2028,train_with_validation_monitoring,39,0.3930192291736603,0.37064066529273987
20min,GRU,2,2028,train_with_validation_monitoring,40,0.4273425340652466,0.3615429103374481
20min,GRU,2,2028,train_with_validation_monitoring,41,0.44641807675361633,0.35409289598464966
20min,GRU,2,2028,train_with_validation_monitoring,42,0.3669968545436859,0.3449840843677521
20min,GRU,2,2028,train_with_validation_monitoring,43,0.42434069514274597,0.3374391794204712
20min,GRU,2,2028,train_with_validation_monitoring,44,0.3625328242778778,0.3292374908924103
20min,GRU,2,2028,train_with_validation_monitoring,45,0.3848670721054077,0.32073259353637695
20min,GRU,2,2028,train_with_validation_monitoring,46,0.38254162669181824,0.30944064259529114
20min,GRU,2,2028,train_with_validation_monitoring,47,0.32406187057495117,0.29693156480789185
20min,GRU,2,2028,train_with_validation_monitoring,48,0.391943097114563,0.2857392132282257
20min,GRU,2,2028,train_with_validation_monitoring,49,0.3915194272994995,0.27827632427215576
20min,GRU,2,2028,train_with_validation_monitoring,50,0.40371981263160706,0.27124613523483276
20min,GRU,2,2028,train_with_validation_monitoring,51,0.40395957231521606,0.26324376463890076
20min,GRU,2,2028,train_with_validation_monitoring,52,0.3664974272251129,0.2580033838748932
20min,GRU,2,2028,train_with_validation_monitoring,53,0.392245352268219,0.25770318508148193
20min,GRU,2,2028,train_with_validation_monitoring,54,0.4068916141986847,0.2608215808868408
20min,GRU,2,2028,train_with_validation_monitoring,55,0.35711830854415894,0.26646119356155396
20min,GRU,2,2028,train_with_validation_monitoring,56,0.38558071851730347,0.27423328161239624
20min,GRU,2,2028,train_with_validation_monitoring,57,0.37418967485427856,0.28095540404319763
20min,GRU,2,2028,train_with_validation_monitoring,58,0.34865331649780273,0.2837989628314972
20min,GRU,2,2028,train_with_validation_monitoring,59,0.3215104341506958,0.28434351086616516
20min,GRU,2,2028,train_with_validation_monitoring,60,0.3733375668525696,0.2857961654663086
20min,GRU,2,2028,train_with_validation_monitoring,61,0.34378600120544434,0.28666749596595764
20min,GRU,2,2028,train_with_validation_monitoring,62,0.37448546290397644,0.28549155592918396
20min,GRU,2,2028,train_with_validation_monitoring,63,0.3678193688392639,0.2824316918849945
20min,TCN,1,2026,train_with_validation_monitoring,1,3.3260726928710938,1.927453637123108
20min,TCN,1,2026,train_with_validation_monitoring,2,1.7479431629180908,1.3027359247207642
20min,TCN,1,2026,train_with_validation_monitoring,3,1.3120671510696411,1.1103472709655762
20min,TCN,1,2026,train_with_validation_monitoring,4,1.12190842628479,1.0188394784927368
20min,TCN,1,2026,train_with_validation_monitoring,5,1.040199875831604,0.969017505645752
20min,TCN,1,2026,train_with_validation_monitoring,6,0.9650859832763672,0.9450339674949646
20min,TCN,1,2026,train_with_validation_monitoring,7,0.9532376527786255,0.9329076409339905
20min,TCN,1,2026,train_with_validation_monitoring,8,0.9436559677124023,0.9218577742576599
20min,TCN,1,2026,train_with_validation_monitoring,9,0.9267967939376831,0.9049630165100098
20min,TCN,1,2026,train_with_validation_monitoring,10,0.8733967542648315,0.8868654370307922
20min,TCN,1,2026,train_with_validation_monitoring,11,0.8526610136032104,0.8720300793647766
20min,TCN,1,2026,train_with_validation_monitoring,12,0.8062670230865479,0.854217529296875
20min,TCN,1,2026,train_with_validation_monitoring,13,0.7984044551849365,0.8372986316680908
20min,TCN,1,2026,train_with_validation_monitoring,14,0.7852586507797241,0.8222467303276062
20min,TCN,1,2026,train_with_validation_monitoring,15,0.7702203989028931,0.8043146729469299
20min,TCN,1,2026,train_with_validation_monitoring,16,0.7327856421470642,0.7710447311401367
20min,TCN,1,2026,train_with_validation_monitoring,17,0.7199970483779907,0.73982834815979
20min,TCN,1,2026,train_with_validation_monitoring,18,0.6537116765975952,0.715157687664032
20min,TCN,1,2026,train_with_validation_monitoring,19,0.6363580226898193,0.689708411693573
20min,TCN,1,2026,train_with_validation_monitoring,20,0.6420584917068481,0.6570217609405518
20min,TCN,1,2026,train_with_validation_monitoring,21,0.5871720910072327,0.6159592866897583
20min,TCN,1,2026,train_with_validation_monitoring,22,0.5472919344902039,0.5764980912208557
20min,TCN,1,2026,train_with_validation_monitoring,23,0.5438243746757507,0.5423490405082703
20min,TCN,1,2026,train_with_validation_monitoring,24,0.5335261821746826,0.5130701661109924
20min,TCN,1,2026,train_with_validation_monitoring,25,0.48390865325927734,0.492568701505661
20min,TCN,1,2026,train_with_validation_monitoring,26,0.4629639983177185,0.46906691789627075
20min,TCN,1,2026,train_with_validation_monitoring,27,0.44663766026496887,0.4544357657432556
20min,TCN,1,2026,train_with_validation_monitoring,28,0.42872869968414307,0.4484282433986664
20min,TCN,1,2026,train_with_validation_monitoring,29,0.4329530894756317,0.4434783160686493
20min,TCN,1,2026,train_with_validation_monitoring,30,0.39544564485549927,0.43720543384552
20min,TCN,1,2026,train_with_validation_monitoring,31,0.4025419056415558,0.4368717074394226
20min,TCN,1,2026,train_with_validation_monitoring,32,0.3713773488998413,0.422782301902771
20min,TCN,1,2026,train_with_validation_monitoring,33,0.4029480218887329,0.41250669956207275
20min,TCN,1,2026,train_with_validation_monitoring,34,0.42622244358062744,0.40766507387161255
20min,TCN,1,2026,train_with_validation_monitoring,35,0.3995231091976166,0.40440213680267334
20min,TCN,1,2026,train_with_validation_monitoring,36,0.3923735022544861,0.40135499835014343
20min,TCN,1,2026,train_with_validation_monitoring,37,0.31596365571022034,0.3967641294002533
20min,TCN,1,2026,train_with_validation_monitoring,38,0.34016790986061096,0.39166828989982605
20min,TCN,1,2026,train_with_validation_monitoring,39,0.3627631664276123,0.3769378662109375
20min,TCN,1,2026,train_with_validation_monitoring,40,0.3226500451564789,0.366585373878479
20min,TCN,1,2026,train_with_validation_monitoring,41,0.32480743527412415,0.3570261001586914
20min,TCN,1,2026,train_with_validation_monitoring,42,0.3120260238647461,0.35681426525115967
20min,TCN,1,2026,train_with_validation_monitoring,43,0.3045598864555359,0.3582403063774109
20min,TCN,1,2026,train_with_validation_monitoring,44,0.2829466164112091,0.3541233539581299
20min,TCN,1,2026,train_with_validation_monitoring,45,0.2834722399711609,0.3494488596916199
20min,TCN,1,2026,train_with_validation_monitoring,46,0.27259689569473267,0.3275938034057617
20min,TCN,1,2026,train_with_validation_monitoring,47,0.2890177071094513,0.31380918622016907
20min,TCN,1,2026,train_with_validation_monitoring,48,0.292278528213501,0.3112204372882843
20min,TCN,1,2026,train_with_validation_monitoring,49,0.3008033335208893,0.31170397996902466
20min,TCN,1,2026,train_with_validation_monitoring,50,0.27892765402793884,0.3173626959323883
20min,TCN,1,2026,train_with_validation_monitoring,51,0.27095872163772583,0.31482231616973877
20min,TCN,1,2026,train_with_validation_monitoring,52,0.26847177743911743,0.3051406741142273
20min,TCN,1,2026,train_with_validation_monitoring,53,0.28096312284469604,0.2971285879611969
20min,TCN,1,2026,train_with_validation_monitoring,54,0.2542628049850464,0.29157546162605286
20min,TCN,1,2026,train_with_validation_monitoring,55,0.2747095227241516,0.29515305161476135
20min,TCN,1,2026,train_with_validation_monitoring,56,0.24874451756477356,0.28500744700431824
20min,TCN,1,2026,train_with_validation_monitoring,57,0.22901561856269836,0.2833173871040344
20min,TCN,1,2026,train_with_validation_monitoring,58,0.2170221507549286,0.2793058454990387
20min,TCN,1,2026,train_with_validation_monitoring,59,0.2254628986120224,0.27574655413627625
20min,TCN,1,2026,train_with_validation_monitoring,60,0.2575960159301758,0.2757597863674164
20min,TCN,1,2026,train_with_validation_monitoring,61,0.21252529323101044,0.27999743819236755
20min,TCN,1,2026,train_with_validation_monitoring,62,0.21387901902198792,0.27376216650009155
20min,TCN,1,2026,train_with_validation_monitoring,63,0.25006452202796936,0.2655212879180908
20min,TCN,1,2026,train_with_validation_monitoring,64,0.20124812424182892,0.2601913511753082
20min,TCN,1,2026,train_with_validation_monitoring,65,0.20798246562480927,0.26033109426498413
20min,TCN,1,2026,train_with_validation_monitoring,66,0.19976133108139038,0.2579672932624817
20min,TCN,1,2026,train_with_validation_monitoring,67,0.21096792817115784,0.2693834602832794
20min,TCN,1,2026,train_with_validation_monitoring,68,0.20179863274097443,0.2658637762069702
20min,TCN,1,2026,train_with_validation_monitoring,69,0.21513648331165314,0.26146355271339417
20min,TCN,1,2026,train_with_validation_monitoring,70,0.19632768630981445,0.2518288195133209
20min,TCN,1,2026,train_with_validation_monitoring,71,0.20289422571659088,0.24949878454208374
20min,TCN,1,2026,train_with_validation_monitoring,72,0.17257829010486603,0.2575530409812927
20min,TCN,1,2026,train_with_validation_monitoring,73,0.1854858547449112,0.27399128675460815
20min,TCN,1,2026,train_with_validation_monitoring,74,0.1724926084280014,0.2683151662349701
20min,TCN,1,2026,train_with_validation_monitoring,75,0.17421342432498932,0.25524911284446716
20min,TCN,1,2026,train_with_validation_monitoring,76,0.20589092373847961,0.23986691236495972
20min,TCN,1,2026,train_with_validation_monitoring,77,0.18205496668815613,0.23949292302131653
20min,TCN,1,2026,train_with_validation_monitoring,78,0.16228754818439484,0.2527424395084381
20min,TCN,1,2026,train_with_validation_monitoring,79,0.18150588870048523,0.24592378735542297
20min,TCN,1,2026,train_with_validation_monitoring,80,0.172782301902771,0.2559843361377716
20min,TCN,1,2027,train_with_validation_monitoring,1,4.6884002685546875,3.215808868408203
20min,TCN,1,2027,train_with_validation_monitoring,2,2.0594239234924316,1.951348066329956
20min,TCN,1,2027,train_with_validation_monitoring,3,1.4714384078979492,1.678170919418335
20min,TCN,1,2027,train_with_validation_monitoring,4,1.2716196775436401,1.6434826850891113
20min,TCN,1,2027,train_with_validation_monitoring,5,1.1473608016967773,1.4514237642288208
20min,TCN,1,2027,train_with_validation_monitoring,6,1.0877532958984375,1.2965211868286133
20min,TCN,1,2027,train_with_validation_monitoring,7,0.9953545331954956,1.1876137256622314
20min,TCN,1,2027,train_with_validation_monitoring,8,0.9480911493301392,1.104522943496704
20min,TCN,1,2027,train_with_validation_monitoring,9,0.901330828666687,1.0504670143127441
20min,TCN,1,2027,train_with_validation_monitoring,10,0.9200319051742554,1.0321941375732422
20min,TCN,1,2027,train_with_validation_monitoring,11,0.8999188542366028,1.0486228466033936
20min,TCN,1,2027,train_with_validation_monitoring,12,0.8783949613571167,1.0859533548355103
20min,TCN,1,2027,train_with_validation_monitoring,13,0.8464615941047668,1.1108155250549316
20min,TCN,1,2027,train_with_validation_monitoring,14,0.8237100839614868,1.118216633796692
20min,TCN,1,2027,train_with_validation_monitoring,15,0.8056296110153198,1.1142159700393677
20min,TCN,1,2027,train_with_validation_monitoring,16,0.8002946376800537,1.107167363166809
20min,TCN,1,2027,train_with_validation_monitoring,17,0.7947794198989868,1.0924131870269775
20min,TCN,1,2027,train_with_validation_monitoring,18,0.8038593530654907,1.0739623308181763
20min,TCN,1,2027,train_with_validation_monitoring,19,0.7964939475059509,1.055014967918396
20min,TCN,1,2027,train_with_validation_monitoring,20,0.7911322712898254,1.0426573753356934
20min,TCN,1,2028,train_with_validation_monitoring,1,3.232992172241211,1.9496527910232544
20min,TCN,1,2028,train_with_validation_monitoring,2,1.6114726066589355,1.7989755868911743
20min,TCN,1,2028,train_with_validation_monitoring,3,1.3179001808166504,1.532760500907898
20min,TCN,1,2028,train_with_validation_monitoring,4,1.176625370979309,1.2458877563476562
20min,TCN,1,2028,train_with_validation_monitoring,5,1.0558136701583862,1.097269892692566
20min,TCN,1,2028,train_with_validation_monitoring,6,1.0051250457763672,1.0296692848205566
20min,TCN,1,2028,train_with_validation_monitoring,7,0.9849832653999329,0.9907959699630737
20min,TCN,1,2028,train_with_validation_monitoring,8,0.9599259495735168,0.960136890411377
20min,TCN,1,2028,train_with_validation_monitoring,9,0.9413001537322998,0.920269787311554
20min,TCN,1,2028,train_with_validation_monitoring,10,0.907733142375946,0.8893543481826782
20min,TCN,1,2028,train_with_validation_monitoring,11,0.9141529202461243,0.8766507506370544
20min,TCN,1,2028,train_with_validation_monitoring,12,0.8790580034255981,0.8669800162315369
20min,TCN,1,2028,train_with_validation_monitoring,13,0.8672859072685242,0.8669691681861877
20min,TCN,1,2028,train_with_validation_monitoring,14,0.860162615776062,0.8753464221954346
20min,TCN,1,2028,train_with_validation_monitoring,15,0.86298668384552,0.8779448866844177
20min,TCN,1,2028,train_with_validation_monitoring,16,0.8268553614616394,0.8736510872840881
20min,TCN,1,2028,train_with_validation_monitoring,17,0.8179354667663574,0.8606401681900024
20min,TCN,1,2028,train_with_validation_monitoring,18,0.7857943773269653,0.85302734375
20min,TCN,1,2028,train_with_validation_monitoring,19,0.7621310353279114,0.8490856885910034
20min,TCN,1,2028,train_with_validation_monitoring,20,0.786048948764801,0.854316771030426
20min,TCN,1,2028,train_with_validation_monitoring,21,0.7408496141433716,0.8768845796585083
20min,TCN,1,2028,train_with_validation_monitoring,22,0.7216075658798218,0.9110928177833557
20min,TCN,1,2028,train_with_validation_monitoring,23,0.726230263710022,0.9201899170875549
20min,TCN,1,2028,train_with_validation_monitoring,24,0.7014115452766418,0.8861165046691895
20min,TCN,1,2028,train_with_validation_monitoring,25,0.6927210688591003,0.8657861948013306
20min,TCN,1,2028,train_with_validation_monitoring,26,0.6552403569221497,0.8475998044013977
20min,TCN,1,2028,train_with_validation_monitoring,27,0.6627010107040405,0.8310534358024597
20min,TCN,1,2028,train_with_validation_monitoring,28,0.6599928736686707,0.8279993534088135
20min,TCN,1,2028,train_with_validation_monitoring,29,0.6415070295333862,0.8316022753715515
20min,TCN,1,2028,train_with_validation_monitoring,30,0.6123522520065308,0.8402631282806396
20min,TCN,1,2028,train_with_validation_monitoring,31,0.6404862403869629,0.8400218486785889
20min,TCN,1,2028,train_with_validation_monitoring,32,0.6066463589668274,0.8282009959220886
20min,TCN,1,2028,train_with_validation_monitoring,33,0.6014630794525146,0.8077371120452881
20min,TCN,1,2028,train_with_validation_monitoring,34,0.5840415954589844,0.7923513054847717
20min,TCN,1,2028,train_with_validation_monitoring,35,0.5956870913505554,0.7865321040153503
20min,TCN,1,2028,train_with_validation_monitoring,36,0.5649806261062622,0.7901561260223389
20min,TCN,1,2028,train_with_validation_monitoring,37,0.5552158951759338,0.7833519577980042
20min,TCN,1,2028,train_with_validation_monitoring,38,0.568472683429718,0.7726045846939087
20min,TCN,1,2028,train_with_validation_monitoring,39,0.5167964100837708,0.7766138315200806
20min,TCN,1,2028,train_with_validation_monitoring,40,0.5510743260383606,0.7832286357879639
20min,TCN,1,2028,train_with_validation_monitoring,41,0.5173375010490417,0.7990742921829224
20min,TCN,1,2028,train_with_validation_monitoring,42,0.517045259475708,0.801974892616272
20min,TCN,1,2028,train_with_validation_monitoring,43,0.5266743302345276,0.7897140979766846
20min,TCN,1,2028,train_with_validation_monitoring,44,0.49817290902137756,0.7800278663635254
20min,TCN,1,2028,train_with_validation_monitoring,45,0.4648746848106384,0.7693582773208618
20min,TCN,1,2028,train_with_validation_monitoring,46,0.5007956027984619,0.757591187953949
20min,TCN,1,2028,train_with_validation_monitoring,47,0.4852566719055176,0.742607831954956
20min,TCN,1,2028,train_with_validation_monitoring,48,0.4648876488208771,0.7260140776634216
20min,TCN,1,2028,train_with_validation_monitoring,49,0.5089308619499207,0.7339061498641968
20min,TCN,1,2028,train_with_validation_monitoring,50,0.46499523520469666,0.7507132887840271
20min,TCN,1,2028,train_with_validation_monitoring,51,0.4858990013599396,0.7559718489646912
20min,TCN,1,2028,train_with_validation_monitoring,52,0.4952007532119751,0.7482323050498962
20min,TCN,1,2028,train_with_validation_monitoring,53,0.43928250670433044,0.7271814942359924
20min,TCN,1,2028,train_with_validation_monitoring,54,0.45588234066963196,0.7154392600059509
20min,TCN,1,2028,train_with_validation_monitoring,55,0.4984414577484131,0.705424427986145
20min,TCN,1,2028,train_with_validation_monitoring,56,0.47162696719169617,0.7001467943191528
20min,TCN,1,2028,train_with_validation_monitoring,57,0.4452773332595825,0.6951490640640259
20min,TCN,1,2028,train_with_validation_monitoring,58,0.4671333134174347,0.6935010552406311
20min,TCN,1,2028,train_with_validation_monitoring,59,0.42821335792541504,0.6964603066444397
20min,TCN,1,2028,train_with_validation_monitoring,60,0.4626045227050781,0.7024030685424805
20min,TCN,1,2028,train_with_validation_monitoring,61,0.4258534014225006,0.7044578194618225
20min,TCN,1,2028,train_with_validation_monitoring,62,0.43699461221694946,0.7040389776229858
20min,TCN,1,2028,train_with_validation_monitoring,63,0.4270991086959839,0.7006403207778931
20min,TCN,1,2028,train_with_validation_monitoring,64,0.4165400564670563,0.6987502574920654
20min,TCN,1,2028,train_with_validation_monitoring,65,0.4576784372329712,0.6994691491127014
20min,TCN,1,2028,train_with_validation_monitoring,66,0.40362825989723206,0.7026106715202332
20min,TCN,1,2028,train_with_validation_monitoring,67,0.42112404108047485,0.7078115344047546
20min,TCN,1,2028,train_with_validation_monitoring,68,0.40681493282318115,0.7095376253128052
20min,TCN,2,2026,train_with_validation_monitoring,1,28.536203384399414,18.19655418395996
20min,TCN,2,2026,train_with_validation_monitoring,2,9.879023551940918,6.0501508712768555
20min,TCN,2,2026,train_with_validation_monitoring,3,4.411276340484619,2.83258056640625
20min,TCN,2,2026,train_with_validation_monitoring,4,2.5154244899749756,1.7146873474121094
20min,TCN,2,2026,train_with_validation_monitoring,5,1.6576985120773315,1.2090346813201904
20min,TCN,2,2026,train_with_validation_monitoring,6,1.3956758975982666,1.01329505443573
20min,TCN,2,2026,train_with_validation_monitoring,7,1.316062092781067,0.9361444711685181
20min,TCN,2,2026,train_with_validation_monitoring,8,1.199683427810669,0.9129737019538879
20min,TCN,2,2026,train_with_validation_monitoring,9,1.152431845664978,0.918504536151886
20min,TCN,2,2026,train_with_validation_monitoring,10,1.1957272291183472,0.9433509707450867
20min,TCN,2,2026,train_with_validation_monitoring,11,1.1161813735961914,0.9830487966537476
20min,TCN,2,2026,train_with_validation_monitoring,12,1.0881096124649048,1.0156528949737549
20min,TCN,2,2026,train_with_validation_monitoring,13,1.0542831420898438,1.0254052877426147
20min,TCN,2,2026,train_with_validation_monitoring,14,1.036603569984436,1.024562954902649
20min,TCN,2,2026,train_with_validation_monitoring,15,1.047391653060913,1.0223532915115356
20min,TCN,2,2026,train_with_validation_monitoring,16,1.0196149349212646,1.019553780555725
20min,TCN,2,2026,train_with_validation_monitoring,17,1.0212702751159668,1.0180299282073975
20min,TCN,2,2026,train_with_validation_monitoring,18,0.9813232421875,1.0191577672958374
20min,TCN,2,2027,train_with_validation_monitoring,1,27.437997817993164,8.509561538696289
20min,TCN,2,2027,train_with_validation_monitoring,2,7.372648239135742,2.897658109664917
20min,TCN,2,2027,train_with_validation_monitoring,3,3.1824252605438232,1.6172633171081543
20min,TCN,2,2027,train_with_validation_monitoring,4,2.3403637409210205,1.1979796886444092
20min,TCN,2,2027,train_with_validation_monitoring,5,1.9367218017578125,1.117845058441162
20min,TCN,2,2027,train_with_validation_monitoring,6,1.7742894887924194,1.1311278343200684
20min,TCN,2,2027,train_with_validation_monitoring,7,1.5603768825531006,1.2380188703536987
20min,TCN,2,2027,train_with_validation_monitoring,8,1.4149103164672852,1.344502568244934
20min,TCN,2,2027,train_with_validation_monitoring,9,1.259019374847412,1.378119945526123
20min,TCN,2,2027,train_with_validation_monitoring,10,1.2402381896972656,1.3635950088500977
20min,TCN,2,2027,train_with_validation_monitoring,11,1.155735731124878,1.3499822616577148
20min,TCN,2,2027,train_with_validation_monitoring,12,1.105546474456787,1.3367739915847778
20min,TCN,2,2027,train_with_validation_monitoring,13,1.1136033535003662,1.3256783485412598
20min,TCN,2,2027,train_with_validation_monitoring,14,1.0415947437286377,1.3138118982315063
20min,TCN,2,2027,train_with_validation_monitoring,15,1.02261483669281,1.3014659881591797
20min,TCN,2,2028,train_with_validation_monitoring,1,5.820698261260986,1.6821812391281128
20min,TCN,2,2028,train_with_validation_monitoring,2,2.500535011291504,1.3052817583084106
20min,TCN,2,2028,train_with_validation_monitoring,3,1.9737732410430908,1.2388631105422974
20min,TCN,2,2028,train_with_validation_monitoring,4,1.4600213766098022,1.1936849355697632
20min,TCN,2,2028,train_with_validation_monitoring,5,1.3202096223831177,1.1240487098693848
20min,TCN,2,2028,train_with_validation_monitoring,6,1.2665913105010986,1.0454720258712769
20min,TCN,2,2028,train_with_validation_monitoring,7,1.1640913486480713,0.985941469669342
20min,TCN,2,2028,train_with_validation_monitoring,8,1.0313197374343872,0.955478310585022
20min,TCN,2,2028,train_with_validation_monitoring,9,0.9898938536643982,0.9367789030075073
20min,TCN,2,2028,train_with_validation_monitoring,10,0.9770135879516602,0.9292941093444824
20min,TCN,2,2028,train_with_validation_monitoring,11,0.9382110238075256,0.9269176721572876
20min,TCN,2,2028,train_with_validation_monitoring,12,0.9272713661193848,0.9270419478416443
20min,TCN,2,2028,train_with_validation_monitoring,13,0.9132077693939209,0.9324138164520264
20min,TCN,2,2028,train_with_validation_monitoring,14,0.8416405320167542,0.9405995011329651
20min,TCN,2,2028,train_with_validation_monitoring,15,0.8540295958518982,0.9478654861450195
20min,TCN,2,2028,train_with_validation_monitoring,16,0.8257521390914917,0.9572597742080688
20min,TCN,2,2028,train_with_validation_monitoring,17,0.8275792598724365,0.9639244079589844
20min,TCN,2,2028,train_with_validation_monitoring,18,0.799627423286438,0.9709875583648682
20min,TCN,2,2028,train_with_validation_monitoring,19,0.79985111951828,0.9780740737915039
20min,TCN,2,2028,train_with_validation_monitoring,20,0.7914563417434692,0.9852913022041321
20min,TCN,2,2028,train_with_validation_monitoring,21,0.7720069289207458,0.9924883246421814
30min,MLP,1,2026,train_with_validation_monitoring,1,2.3216166496276855,1.1692930459976196
30min,MLP,1,2026,train_with_validation_monitoring,2,1.533172607421875,0.7890320420265198
30min,MLP,1,2026,train_with_validation_monitoring,3,1.090611219406128,0.57948237657547
30min,MLP,1,2026,train_with_validation_monitoring,4,0.8446800708770752,0.469382643699646
30min,MLP,1,2026,train_with_validation_monitoring,5,0.730171799659729,0.41682830452919006
30min,MLP,1,2026,train_with_validation_monitoring,6,0.5781185030937195,0.38335466384887695
30min,MLP,1,2026,train_with_validation_monitoring,7,0.6569913625717163,0.362882137298584
30min,MLP,1,2026,train_with_validation_monitoring,8,0.5666213631629944,0.34808844327926636
30min,MLP,1,2026,train_with_validation_monitoring,9,0.5103359818458557,0.33945608139038086
30min,MLP,1,2026,train_with_validation_monitoring,10,0.47653600573539734,0.33346351981163025
30min,MLP,1,2026,train_with_validation_monitoring,11,0.4518379867076874,0.32339146733283997
30min,MLP,1,2026,train_with_validation_monitoring,12,0.40535593032836914,0.3148098587989807
30min,MLP,1,2026,train_with_validation_monitoring,13,0.4243929982185364,0.30427035689353943
30min,MLP,1,2026,train_with_validation_monitoring,14,0.37833377718925476,0.2958613932132721
30min,MLP,1,2026,train_with_validation_monitoring,15,0.3634730577468872,0.28055721521377563
30min,MLP,1,2026,train_with_validation_monitoring,16,0.3691800832748413,0.2647320628166199
30min,MLP,1,2026,train_with_validation_monitoring,17,0.3337586522102356,0.24698343873023987
30min,MLP,1,2026,train_with_validation_monitoring,18,0.3216933608055115,0.23680458962917328
30min,MLP,1,2026,train_with_validation_monitoring,19,0.3181329071521759,0.22920642793178558
30min,MLP,1,2026,train_with_validation_monitoring,20,0.32948991656303406,0.22469717264175415
30min,MLP,1,2026,train_with_validation_monitoring,21,0.34773746132850647,0.22134335339069366
30min,MLP,1,2026,train_with_validation_monitoring,22,0.2990805506706238,0.21768668293952942
30min,MLP,1,2026,train_with_validation_monitoring,23,0.2854824364185333,0.22013011574745178
30min,MLP,1,2026,train_with_validation_monitoring,24,0.25831884145736694,0.2234921008348465
30min,MLP,1,2026,train_with_validation_monitoring,25,0.2697581648826599,0.2285335212945938
30min,MLP,1,2026,train_with_validation_monitoring,26,0.2612016499042511,0.23685280978679657
30min,MLP,1,2026,train_with_validation_monitoring,27,0.2239811271429062,0.24275381863117218
30min,MLP,1,2026,train_with_validation_monitoring,28,0.21643926203250885,0.2435666173696518
30min,MLP,1,2026,train_with_validation_monitoring,29,0.24547141790390015,0.2431299388408661
30min,MLP,1,2026,train_with_validation_monitoring,30,0.25611060857772827,0.2406330108642578
30min,MLP,1,2026,train_with_validation_monitoring,31,0.2322690188884735,0.23513160645961761
30min,MLP,1,2026,train_with_validation_monitoring,32,0.22984717786312103,0.2290966957807541
30min,MLP,1,2027,train_with_validation_monitoring,1,3.148076057434082,2.0464444160461426
30min,MLP,1,2027,train_with_validation_monitoring,2,2.226227045059204,1.4962351322174072
30min,MLP,1,2027,train_with_validation_monitoring,3,1.6693922281265259,1.1451499462127686
30min,MLP,1,2027,train_with_validation_monitoring,4,1.229538083076477,0.9168192744255066
30min,MLP,1,2027,train_with_validation_monitoring,5,0.9086475968360901,0.7581993341445923
30min,MLP,1,2027,train_with_validation_monitoring,6,0.8122297525405884,0.6361731290817261
30min,MLP,1,2027,train_with_validation_monitoring,7,0.6298129558563232,0.5381935238838196
30min,MLP,1,2027,train_with_validation_monitoring,8,0.634162962436676,0.46495410799980164
30min,MLP,1,2027,train_with_validation_monitoring,9,0.522205114364624,0.4153215289115906
30min,MLP,1,2027,train_with_validation_monitoring,10,0.5808426737785339,0.3831504285335541
30min,MLP,1,2027,train_with_validation_monitoring,11,0.5028917789459229,0.36124691367149353
30min,MLP,1,2027,train_with_validation_monitoring,12,0.4700433909893036,0.3475819230079651
30min,MLP,1,2027,train_with_validation_monitoring,13,0.4757198095321655,0.33515575528144836
30min,MLP,1,2027,train_with_validation_monitoring,14,0.5174126029014587,0.3255258798599243
30min,MLP,1,2027,train_with_validation_monitoring,15,0.4272184371948242,0.31370270252227783
30min,MLP,1,2027,train_with_validation_monitoring,16,0.4085206389427185,0.29924681782722473
30min,MLP,1,2027,train_with_validation_monitoring,17,0.3941732943058014,0.282387912273407
30min,MLP,1,2027,train_with_validation_monitoring,18,0.3900159001350403,0.26542043685913086
30min,MLP,1,2027,train_with_validation_monitoring,19,0.385343074798584,0.2513595223426819
30min,MLP,1,2027,train_with_validation_monitoring,20,0.3474513292312622,0.24012012779712677
30min,MLP,1,2027,train_with_validation_monitoring,21,0.33031001687049866,0.23421555757522583
30min,MLP,1,2027,train_with_validation_monitoring,22,0.34345686435699463,0.22930553555488586
30min,MLP,1,2027,train_with_validation_monitoring,23,0.3181915283203125,0.22701886296272278
30min,MLP,1,2027,train_with_validation_monitoring,24,0.301479309797287,0.22815795242786407
30min,MLP,1,2027,train_with_validation_monitoring,25,0.27233654260635376,0.23069752752780914
30min,MLP,1,2027,train_with_validation_monitoring,26,0.34095680713653564,0.2347871959209442
30min,MLP,1,2027,train_with_validation_monitoring,27,0.3025486171245575,0.23699980974197388
30min,MLP,1,2027,train_with_validation_monitoring,28,0.2972618043422699,0.23839998245239258
30min,MLP,1,2027,train_with_validation_monitoring,29,0.27153390645980835,0.2396780252456665
30min,MLP,1,2027,train_with_validation_monitoring,30,0.3423553705215454,0.23865465819835663
30min,MLP,1,2027,train_with_validation_monitoring,31,0.30084431171417236,0.2363961935043335
30min,MLP,1,2027,train_with_validation_monitoring,32,0.2893338203430176,0.23291510343551636
30min,MLP,1,2027,train_with_validation_monitoring,33,0.31781005859375,0.22885145246982574
30min,MLP,1,2028,train_with_validation_monitoring,1,2.406080722808838,1.8842222690582275
30min,MLP,1,2028,train_with_validation_monitoring,2,1.6717935800552368,1.3601059913635254
30min,MLP,1,2028,train_with_validation_monitoring,3,1.2659963369369507,1.0312870740890503
30min,MLP,1,2028,train_with_validation_monitoring,4,0.9947890043258667,0.8424290418624878
30min,MLP,1,2028,train_with_validation_monitoring,5,0.8041371703147888,0.7169840931892395
30min,MLP,1,2028,train_with_validation_monitoring,6,0.7426414489746094,0.6446775197982788
30min,MLP,1,2028,train_with_validation_monitoring,7,0.6454545259475708,0.5831438302993774
30min,MLP,1,2028,train_with_validation_monitoring,8,0.5734115839004517,0.535038948059082
30min,MLP,1,2028,train_with_validation_monitoring,9,0.5545879602432251,0.4902978241443634
30min,MLP,1,2028,train_with_validation_monitoring,10,0.49548181891441345,0.4575233459472656
30min,MLP,1,2028,train_with_validation_monitoring,11,0.4466968774795532,0.435928612947464
30min,MLP,1,2028,train_with_validation_monitoring,12,0.446713387966156,0.4221782088279724
30min,MLP,1,2028,train_with_validation_monitoring,13,0.41045045852661133,0.41550347208976746
30min,MLP,1,2028,train_with_validation_monitoring,14,0.4252578616142273,0.40694761276245117
30min,MLP,1,2028,train_with_validation_monitoring,15,0.3728190064430237,0.3942049443721771
30min,MLP,1,2028,train_with_validation_monitoring,16,0.4310687184333801,0.3792117238044739
30min,MLP,1,2028,train_with_validation_monitoring,17,0.3595365881919861,0.3643365204334259
30min,MLP,1,2028,train_with_validation_monitoring,18,0.32123419642448425,0.3509884774684906
30min,MLP,1,2028,train_with_validation_monitoring,19,0.3390198349952698,0.3374553322792053
30min,MLP,1,2028,train_with_validation_monitoring,20,0.3223891258239746,0.32393497228622437
30min,MLP,1,2028,train_with_validation_monitoring,21,0.33845409750938416,0.31013980507850647
30min,MLP,1,2028,train_with_validation_monitoring,22,0.34882625937461853,0.2958469092845917
30min,MLP,1,2028,train_with_validation_monitoring,23,0.2745106816291809,0.282368928194046
30min,MLP,1,2028,train_with_validation_monitoring,24,0.31503888964653015,0.2699410915374756
30min,MLP,1,2028,train_with_validation_monitoring,25,0.28724974393844604,0.2613433003425598
30min,MLP,1,2028,train_with_validation_monitoring,26,0.2892378866672516,0.256122887134552
30min,MLP,1,2028,train_with_validation_monitoring,27,0.276078462600708,0.24994532763957977
30min,MLP,1,2028,train_with_validation_monitoring,28,0.28286823630332947,0.24561460316181183
30min,MLP,1,2028,train_with_validation_monitoring,29,0.26528334617614746,0.2447676807641983
30min,MLP,1,2028,train_with_validation_monitoring,30,0.2603267431259155,0.24531087279319763
30min,MLP,1,2028,train_with_validation_monitoring,31,0.267865926027298,0.24553182721138
30min,MLP,1,2028,train_with_validation_monitoring,32,0.22652539610862732,0.24366290867328644
30min,MLP,1,2028,train_with_validation_monitoring,33,0.2336648553609848,0.24394138157367706
30min,MLP,1,2028,train_with_validation_monitoring,34,0.2205357402563095,0.24393543601036072
30min,MLP,1,2028,train_with_validation_monitoring,35,0.23575958609580994,0.2415846735239029
30min,MLP,1,2028,train_with_validation_monitoring,36,0.211660698056221,0.2383197695016861
30min,MLP,1,2028,train_with_validation_monitoring,37,0.23187831044197083,0.23365147411823273
30min,MLP,1,2028,train_with_validation_monitoring,38,0.2084825187921524,0.22833791375160217
30min,MLP,1,2028,train_with_validation_monitoring,39,0.2363036572933197,0.22398371994495392
30min,MLP,1,2028,train_with_validation_monitoring,40,0.20586006343364716,0.22011533379554749
30min,MLP,1,2028,train_with_validation_monitoring,41,0.2064748853445053,0.21783946454524994
30min,MLP,1,2028,train_with_validation_monitoring,42,0.18784645199775696,0.21468475461006165
30min,MLP,1,2028,train_with_validation_monitoring,43,0.2082476019859314,0.2129996120929718
30min,MLP,1,2028,train_with_validation_monitoring,44,0.20986101031303406,0.2091176062822342
30min,MLP,1,2028,train_with_validation_monitoring,45,0.22373142838478088,0.20535707473754883
30min,MLP,1,2028,train_with_validation_monitoring,46,0.19569802284240723,0.20236621797084808
30min,MLP,1,2028,train_with_validation_monitoring,47,0.20767483115196228,0.19920484721660614
30min,MLP,1,2028,train_with_validation_monitoring,48,0.2119351327419281,0.20074930787086487
30min,MLP,1,2028,train_with_validation_monitoring,49,0.1887376457452774,0.20402725040912628
30min,MLP,1,2028,train_with_validation_monitoring,50,0.19340597093105316,0.20910422503948212
30min,MLP,1,2028,train_with_validation_monitoring,51,0.18545539677143097,0.21532610058784485
30min,MLP,1,2028,train_with_validation_monitoring,52,0.18779627978801727,0.22138920426368713
30min,MLP,1,2028,train_with_validation_monitoring,53,0.17502982914447784,0.2243470996618271
30min,MLP,1,2028,train_with_validation_monitoring,54,0.18195009231567383,0.2261621206998825
30min,MLP,1,2028,train_with_validation_monitoring,55,0.1811504065990448,0.2270604521036148
30min,MLP,1,2028,train_with_validation_monitoring,56,0.16978813707828522,0.22657561302185059
30min,MLP,1,2028,train_with_validation_monitoring,57,0.180786594748497,0.22617490589618683
30min,MLP,2,2026,train_with_validation_monitoring,1,2.2747905254364014,1.5268940925598145
30min,MLP,2,2026,train_with_validation_monitoring,2,1.724834680557251,1.094443678855896
30min,MLP,2,2026,train_with_validation_monitoring,3,1.3661627769470215,0.8015817403793335
30min,MLP,2,2026,train_with_validation_monitoring,4,1.0278769731521606,0.6161778569221497
30min,MLP,2,2026,train_with_validation_monitoring,5,0.8527565598487854,0.49564194679260254
30min,MLP,2,2026,train_with_validation_monitoring,6,0.8068411350250244,0.420487642288208
30min,MLP,2,2026,train_with_validation_monitoring,7,0.7204867601394653,0.3742891550064087
30min,MLP,2,2026,train_with_validation_monitoring,8,0.6532256603240967,0.346655011177063
30min,MLP,2,2026,train_with_validation_monitoring,9,0.6306030750274658,0.3272927403450012
30min,MLP,2,2026,train_with_validation_monitoring,10,0.6468532085418701,0.3140413165092468
30min,MLP,2,2026,train_with_validation_monitoring,11,0.5653026103973389,0.3044881820678711
30min,MLP,2,2026,train_with_validation_monitoring,12,0.5241819024085999,0.2993096709251404
30min,MLP,2,2026,train_with_validation_monitoring,13,0.4728410542011261,0.2958977520465851
30min,MLP,2,2026,train_with_validation_monitoring,14,0.497562050819397,0.2918999493122101
30min,MLP,2,2026,train_with_validation_monitoring,15,0.49662572145462036,0.2897840738296509
30min,MLP,2,2026,train_with_validation_monitoring,16,0.4226568639278412,0.2896047532558441
30min,MLP,2,2026,train_with_validation_monitoring,17,0.3780007064342499,0.29048532247543335
30min,MLP,2,2026,train_with_validation_monitoring,18,0.38167524337768555,0.29141730070114136
30min,MLP,2,2026,train_with_validation_monitoring,19,0.4046996235847473,0.2922883927822113
30min,MLP,2,2026,train_with_validation_monitoring,20,0.3427710235118866,0.2927669584751129
30min,MLP,2,2026,train_with_validation_monitoring,21,0.3607638478279114,0.2904093861579895
30min,MLP,2,2026,train_with_validation_monitoring,22,0.3414035439491272,0.288019597530365
30min,MLP,2,2026,train_with_validation_monitoring,23,0.337835431098938,0.2854103147983551
30min,MLP,2,2026,train_with_validation_monitoring,24,0.3650332987308502,0.28315261006355286
30min,MLP,2,2026,train_with_validation_monitoring,25,0.2820430397987366,0.28016701340675354
30min,MLP,2,2026,train_with_validation_monitoring,26,0.3224594295024872,0.27607104182243347
30min,MLP,2,2026,train_with_validation_monitoring,27,0.28419262170791626,0.27197855710983276
30min,MLP,2,2026,train_with_validation_monitoring,28,0.28205564618110657,0.26750609278678894
30min,MLP,2,2026,train_with_validation_monitoring,29,0.3215518295764923,0.263249009847641
30min,MLP,2,2026,train_with_validation_monitoring,30,0.2844638526439667,0.2593303322792053
30min,MLP,2,2026,train_with_validation_monitoring,31,0.29199251532554626,0.25537681579589844
30min,MLP,2,2026,train_with_validation_monitoring,32,0.2889915704727173,0.2514532208442688
30min,MLP,2,2026,train_with_validation_monitoring,33,0.27242156863212585,0.24791857600212097
30min,MLP,2,2026,train_with_validation_monitoring,34,0.2781834900379181,0.24438881874084473
30min,MLP,2,2026,train_with_validation_monitoring,35,0.2801527976989746,0.24118784070014954
30min,MLP,2,2026,train_with_validation_monitoring,36,0.2862617075443268,0.23898527026176453
30min,MLP,2,2026,train_with_validation_monitoring,37,0.27222153544425964,0.2367725372314453
30min,MLP,2,2026,train_with_validation_monitoring,38,0.2717665433883667,0.23547309637069702
30min,MLP,2,2026,train_with_validation_monitoring,39,0.27133095264434814,0.23398061096668243
30min,MLP,2,2026,train_with_validation_monitoring,40,0.25888946652412415,0.23235288262367249
30min,MLP,2,2026,train_with_validation_monitoring,41,0.28243717551231384,0.23122774064540863
30min,MLP,2,2026,train_with_validation_monitoring,42,0.25879746675491333,0.23059915006160736
30min,MLP,2,2026,train_with_validation_monitoring,43,0.23774370551109314,0.23017923533916473
30min,MLP,2,2026,train_with_validation_monitoring,44,0.2807454466819763,0.23045969009399414
30min,MLP,2,2026,train_with_validation_monitoring,45,0.2396056056022644,0.23021353781223297
30min,MLP,2,2026,train_with_validation_monitoring,46,0.25495150685310364,0.2298220545053482
30min,MLP,2,2026,train_with_validation_monitoring,47,0.2442745417356491,0.22993268072605133
30min,MLP,2,2026,train_with_validation_monitoring,48,0.23391059041023254,0.2301461100578308
30min,MLP,2,2026,train_with_validation_monitoring,49,0.2499867081642151,0.23000696301460266
30min,MLP,2,2026,train_with_validation_monitoring,50,0.22380946576595306,0.2308184951543808
30min,MLP,2,2026,train_with_validation_monitoring,51,0.2496236264705658,0.2318347543478012
30min,MLP,2,2026,train_with_validation_monitoring,52,0.22891832888126373,0.232242152094841
30min,MLP,2,2026,train_with_validation_monitoring,53,0.2245354950428009,0.23243610560894012
30min,MLP,2,2026,train_with_validation_monitoring,54,0.24522754549980164,0.23242716491222382
30min,MLP,2,2026,train_with_validation_monitoring,55,0.23480486869812012,0.23204639554023743
30min,MLP,2,2026,train_with_validation_monitoring,56,0.23961901664733887,0.2321162223815918
30min,MLP,2,2027,train_with_validation_monitoring,1,2.3412675857543945,1.2814286947250366
30min,MLP,2,2027,train_with_validation_monitoring,2,1.8029969930648804,0.8721416592597961
30min,MLP,2,2027,train_with_validation_monitoring,3,1.4955953359603882,0.6246718168258667
30min,MLP,2,2027,train_with_validation_monitoring,4,1.2119319438934326,0.4944123327732086
30min,MLP,2,2027,train_with_validation_monitoring,5,0.9919141530990601,0.4285617768764496
30min,MLP,2,2027,train_with_validation_monitoring,6,0.8125858306884766,0.40019071102142334
30min,MLP,2,2027,train_with_validation_monitoring,7,0.8113074898719788,0.3877118229866028
30min,MLP,2,2027,train_with_validation_monitoring,8,0.6449333429336548,0.38106250762939453
30min,MLP,2,2027,train_with_validation_monitoring,9,0.6488109230995178,0.37412720918655396
30min,MLP,2,2027,train_with_validation_monitoring,10,0.6128711104393005,0.3645657002925873
30min,MLP,2,2027,train_with_validation_monitoring,11,0.6204650402069092,0.34892091155052185
30min,MLP,2,2027,train_with_validation_monitoring,12,0.5940284729003906,0.3278382122516632
30min,MLP,2,2027,train_with_validation_monitoring,13,0.5501829385757446,0.30648818612098694
30min,MLP,2,2027,train_with_validation_monitoring,14,0.5404952764511108,0.2876277565956116
30min,MLP,2,2027,train_with_validation_monitoring,15,0.4533596634864807,0.2682153582572937
30min,MLP,2,2027,train_with_validation_monitoring,16,0.44103366136550903,0.2541050612926483
30min,MLP,2,2027,train_with_validation_monitoring,17,0.4135073125362396,0.2440280169248581
30min,MLP,2,2027,train_with_validation_monitoring,18,0.38651078939437866,0.23665638267993927
30min,MLP,2,2027,train_with_validation_monitoring,19,0.38753217458724976,0.23283681273460388
30min,MLP,2,2027,train_with_validation_monitoring,20,0.3676215708255768,0.2314281165599823
30min,MLP,2,2027,train_with_validation_monitoring,21,0.3341633081436157,0.23202936351299286
30min,MLP,2,2027,train_with_validation_monitoring,22,0.3404657542705536,0.23160713911056519
30min,MLP,2,2027,train_with_validation_monitoring,23,0.36554622650146484,0.2306993007659912
30min,MLP,2,2027,train_with_validation_monitoring,24,0.290566086769104,0.22809915244579315
30min,MLP,2,2027,train_with_validation_monitoring,25,0.3289526700973511,0.22453255951404572
30min,MLP,2,2027,train_with_validation_monitoring,26,0.31355687975883484,0.21979720890522003
30min,MLP,2,2027,train_with_validation_monitoring,27,0.27514663338661194,0.21426820755004883
30min,MLP,2,2027,train_with_validation_monitoring,28,0.32520973682403564,0.20960888266563416
30min,MLP,2,2027,train_with_validation_monitoring,29,0.2843245267868042,0.20530793070793152
30min,MLP,2,2027,train_with_validation_monitoring,30,0.31333813071250916,0.20250649750232697
30min,MLP,2,2027,train_with_validation_monitoring,31,0.27900826930999756,0.19996251165866852
30min,MLP,2,2027,train_with_validation_monitoring,32,0.26423805952072144,0.19744502007961273
30min,MLP,2,2027,train_with_validation_monitoring,33,0.2625477612018585,0.19480016827583313
30min,MLP,2,2027,train_with_validation_monitoring,34,0.2838331460952759,0.19334958493709564
30min,MLP,2,2027,train_with_validation_monitoring,35,0.2493824064731598,0.1922263652086258
30min,MLP,2,2027,train_with_validation_monitoring,36,0.24811476469039917,0.19070206582546234
30min,MLP,2,2027,train_with_validation_monitoring,37,0.24859175086021423,0.19065463542938232
30min,MLP,2,2027,train_with_validation_monitoring,38,0.24446892738342285,0.19094732403755188
30min,MLP,2,2027,train_with_validation_monitoring,39,0.231231689453125,0.19056713581085205
30min,MLP,2,2027,train_with_validation_monitoring,40,0.26963889598846436,0.1905694305896759
30min,MLP,2,2027,train_with_validation_monitoring,41,0.25324901938438416,0.19002804160118103
30min,MLP,2,2027,train_with_validation_monitoring,42,0.21056239306926727,0.19068485498428345
30min,MLP,2,2027,train_with_validation_monitoring,43,0.2064550817012787,0.1909150630235672
30min,MLP,2,2027,train_with_validation_monitoring,44,0.21887245774269104,0.19090263545513153
30min,MLP,2,2027,train_with_validation_monitoring,45,0.23750139772891998,0.1910792887210846
30min,MLP,2,2027,train_with_validation_monitoring,46,0.21022962033748627,0.19034038484096527
30min,MLP,2,2027,train_with_validation_monitoring,47,0.20955133438110352,0.19023790955543518
30min,MLP,2,2027,train_with_validation_monitoring,48,0.21194951236248016,0.189618781208992
30min,MLP,2,2027,train_with_validation_monitoring,49,0.23623855412006378,0.18904058635234833
30min,MLP,2,2027,train_with_validation_monitoring,50,0.21009515225887299,0.1890249401330948
30min,MLP,2,2027,train_with_validation_monitoring,51,0.21004673838615417,0.18881656229496002
30min,MLP,2,2027,train_with_validation_monitoring,52,0.21661145985126495,0.18829205632209778
30min,MLP,2,2027,train_with_validation_monitoring,53,0.19252565503120422,0.18705317378044128
30min,MLP,2,2027,train_with_validation_monitoring,54,0.2099590003490448,0.18597716093063354
30min,MLP,2,2027,train_with_validation_monitoring,55,0.2079126536846161,0.18553417921066284
30min,MLP,2,2027,train_with_validation_monitoring,56,0.18292716145515442,0.18510566651821136
30min,MLP,2,2027,train_with_validation_monitoring,57,0.19301369786262512,0.18419983983039856
30min,MLP,2,2027,train_with_validation_monitoring,58,0.18321165442466736,0.18301479518413544
30min,MLP,2,2027,train_with_validation_monitoring,59,0.17991916835308075,0.18159019947052002
30min,MLP,2,2027,train_with_validation_monitoring,60,0.19045525789260864,0.18055881559848785
30min,MLP,2,2027,train_with_validation_monitoring,61,0.21770896017551422,0.18037837743759155
30min,MLP,2,2027,train_with_validation_monitoring,62,0.17920027673244476,0.17980581521987915
30min,MLP,2,2027,train_with_validation_monitoring,63,0.20317864418029785,0.1789007931947708
30min,MLP,2,2027,train_with_validation_monitoring,64,0.20397162437438965,0.17925123870372772
30min,MLP,2,2027,train_with_validation_monitoring,65,0.19266678392887115,0.17910133302211761
30min,MLP,2,2027,train_with_validation_monitoring,66,0.2021394670009613,0.1792856603860855
30min,MLP,2,2027,train_with_validation_monitoring,67,0.20215922594070435,0.17981034517288208
30min,MLP,2,2027,train_with_validation_monitoring,68,0.1748046875,0.18029019236564636
30min,MLP,2,2027,train_with_validation_monitoring,69,0.1882724016904831,0.18104763329029083
30min,MLP,2,2027,train_with_validation_monitoring,70,0.17262880504131317,0.18156424164772034
30min,MLP,2,2027,train_with_validation_monitoring,71,0.19148372113704681,0.18208511173725128
30min,MLP,2,2027,train_with_validation_monitoring,72,0.16584700345993042,0.18219593167304993
30min,MLP,2,2027,train_with_validation_monitoring,73,0.18789798021316528,0.18203721940517426
30min,MLP,2,2028,train_with_validation_monitoring,1,2.567702054977417,0.9967758655548096
30min,MLP,2,2028,train_with_validation_monitoring,2,1.9355576038360596,0.794522762298584
30min,MLP,2,2028,train_with_validation_monitoring,3,1.5061062574386597,0.6602362394332886
30min,MLP,2,2028,train_with_validation_monitoring,4,1.253767490386963,0.5757982730865479
30min,MLP,2,2028,train_with_validation_monitoring,5,1.0600682497024536,0.5164820551872253
30min,MLP,2,2028,train_with_validation_monitoring,6,0.9448500275611877,0.4571588635444641
30min,MLP,2,2028,train_with_validation_monitoring,7,0.9434154033660889,0.41161027550697327
30min,MLP,2,2028,train_with_validation_monitoring,8,0.8042882680892944,0.37769389152526855
30min,MLP,2,2028,train_with_validation_monitoring,9,0.7065172791481018,0.3492256999015808
30min,MLP,2,2028,train_with_validation_monitoring,10,0.6284317374229431,0.3253864347934723
30min,MLP,2,2028,train_with_validation_monitoring,11,0.6593037247657776,0.3055613934993744
30min,MLP,2,2028,train_with_validation_monitoring,12,0.5305961966514587,0.289090633392334
30min,MLP,2,2028,train_with_validation_monitoring,13,0.5512192249298096,0.2767806053161621
30min,MLP,2,2028,train_with_validation_monitoring,14,0.5165456533432007,0.2663218379020691
30min,MLP,2,2028,train_with_validation_monitoring,15,0.5011589527130127,0.25651949644088745
30min,MLP,2,2028,train_with_validation_monitoring,16,0.41809484362602234,0.24633686244487762
30min,MLP,2,2028,train_with_validation_monitoring,17,0.41090890765190125,0.2371358424425125
30min,MLP,2,2028,train_with_validation_monitoring,18,0.3994061350822449,0.226395383477211
30min,MLP,2,2028,train_with_validation_monitoring,19,0.3930732309818268,0.21761220693588257
30min,MLP,2,2028,train_with_validation_monitoring,20,0.3885605037212372,0.21016114950180054
30min,MLP,2,2028,train_with_validation_monitoring,21,0.3663680851459503,0.20505815744400024
30min,MLP,2,2028,train_with_validation_monitoring,22,0.38421565294265747,0.20155154168605804
30min,MLP,2,2028,train_with_validation_monitoring,23,0.3590887486934662,0.1988256275653839
30min,MLP,2,2028,train_with_validation_monitoring,24,0.3396880328655243,0.19830171763896942
30min,MLP,2,2028,train_with_validation_monitoring,25,0.34725093841552734,0.19840408861637115
30min,MLP,2,2028,train_with_validation_monitoring,26,0.3193874955177307,0.19987468421459198
30min,MLP,2,2028,train_with_validation_monitoring,27,0.3045196235179901,0.20195157825946808
30min,MLP,2,2028,train_with_validation_monitoring,28,0.30870771408081055,0.204387366771698
30min,MLP,2,2028,train_with_validation_monitoring,29,0.30890750885009766,0.2088441550731659
30min,MLP,2,2028,train_with_validation_monitoring,30,0.28669077157974243,0.21124699711799622
30min,MLP,2,2028,train_with_validation_monitoring,31,0.27645668387413025,0.2133934050798416
30min,MLP,2,2028,train_with_validation_monitoring,32,0.3236334025859833,0.21545687317848206
30min,MLP,2,2028,train_with_validation_monitoring,33,0.25114190578460693,0.21696920692920685
30min,MLP,2,2028,train_with_validation_monitoring,34,0.23084688186645508,0.21802064776420593
30min,LSTM,1,2026,train_with_validation_monitoring,1,1.06446373462677,0.8021244406700134
30min,LSTM,1,2026,train_with_validation_monitoring,2,1.0476189851760864,0.776235044002533
30min,LSTM,1,2026,train_with_validation_monitoring,3,0.9973032474517822,0.7540603280067444
30min,LSTM,1,2026,train_with_validation_monitoring,4,0.9666977524757385,0.7334099411964417
30min,LSTM,1,2026,train_with_validation_monitoring,5,0.9375445246696472,0.715047299861908
30min,LSTM,1,2026,train_with_validation_monitoring,6,0.9285447001457214,0.6982850432395935
30min,LSTM,1,2026,train_with_validation_monitoring,7,0.8971117734909058,0.6826596856117249
30min,LSTM,1,2026,train_with_validation_monitoring,8,0.875320553779602,0.6686389446258545
30min,LSTM,1,2026,train_with_validation_monitoring,9,0.8430273532867432,0.6560421586036682
30min,LSTM,1,2026,train_with_validation_monitoring,10,0.8532695770263672,0.6447998285293579
30min,LSTM,1,2026,train_with_validation_monitoring,11,0.8068305253982544,0.6349021196365356
30min,LSTM,1,2026,train_with_validation_monitoring,12,0.7827498912811279,0.6262893676757812
30min,LSTM,1,2026,train_with_validation_monitoring,13,0.7830715775489807,0.6185474395751953
30min,LSTM,1,2026,train_with_validation_monitoring,14,0.7781214118003845,0.6111813187599182
30min,LSTM,1,2026,train_with_validation_monitoring,15,0.7308260202407837,0.6055055260658264
30min,LSTM,1,2026,train_with_validation_monitoring,16,0.7128580808639526,0.5997403264045715
30min,LSTM,1,2026,train_with_validation_monitoring,17,0.6836777925491333,0.5927586555480957
30min,LSTM,1,2026,train_with_validation_monitoring,18,0.6607919931411743,0.5848131775856018
30min,LSTM,1,2026,train_with_validation_monitoring,19,0.6656056642532349,0.5773540139198303
30min,LSTM,1,2026,train_with_validation_monitoring,20,0.6443602442741394,0.5678632855415344
30min,LSTM,1,2026,train_with_validation_monitoring,21,0.6400145292282104,0.5561264753341675
30min,LSTM,1,2026,train_with_validation_monitoring,22,0.6065059304237366,0.5424477458000183
30min,LSTM,1,2026,train_with_validation_monitoring,23,0.5793778896331787,0.5268186926841736
30min,LSTM,1,2026,train_with_validation_monitoring,24,0.5450906157493591,0.5093157887458801
30min,LSTM,1,2026,train_with_validation_monitoring,25,0.512798011302948,0.48950818181037903
30min,LSTM,1,2026,train_with_validation_monitoring,26,0.501958966255188,0.4690093398094177
30min,LSTM,1,2026,train_with_validation_monitoring,27,0.47582122683525085,0.4489119350910187
30min,LSTM,1,2026,train_with_validation_monitoring,28,0.49856075644493103,0.43029072880744934
30min,LSTM,1,2026,train_with_validation_monitoring,29,0.4816174805164337,0.41040509939193726
30min,LSTM,1,2026,train_with_validation_monitoring,30,0.49361008405685425,0.39321860671043396
30min,LSTM,1,2026,train_with_validation_monitoring,31,0.4058230519294739,0.3771108388900757
30min,LSTM,1,2026,train_with_validation_monitoring,32,0.4352644383907318,0.3625057637691498
30min,LSTM,1,2026,train_with_validation_monitoring,33,0.41165226697921753,0.3486597239971161
30min,LSTM,1,2026,train_with_validation_monitoring,34,0.3873242735862732,0.3370143175125122
30min,LSTM,1,2026,train_with_validation_monitoring,35,0.38119226694107056,0.32713258266448975
30min,LSTM,1,2026,train_with_validation_monitoring,36,0.38378244638442993,0.31774577498435974
30min,LSTM,1,2026,train_with_validation_monitoring,37,0.37105533480644226,0.30803021788597107
30min,LSTM,1,2026,train_with_validation_monitoring,38,0.3481805622577667,0.29898110032081604
30min,LSTM,1,2026,train_with_validation_monitoring,39,0.3761056363582611,0.2900950312614441
30min,LSTM,1,2026,train_with_validation_monitoring,40,0.3527553975582123,0.2817385494709015
30min,LSTM,1,2026,train_with_validation_monitoring,41,0.356211394071579,0.2738906443119049
30min,LSTM,1,2026,train_with_validation_monitoring,42,0.3366534113883972,0.26675209403038025
30min,LSTM,1,2026,train_with_validation_monitoring,43,0.3287509083747864,0.260989248752594
30min,LSTM,1,2026,train_with_validation_monitoring,44,0.3291517496109009,0.2567621171474457
30min,LSTM,1,2026,train_with_validation_monitoring,45,0.30402037501335144,0.25275781750679016
30min,LSTM,1,2026,train_with_validation_monitoring,46,0.3371066451072693,0.24985536932945251
30min,LSTM,1,2026,train_with_validation_monitoring,47,0.28861528635025024,0.24860811233520508
30min,LSTM,1,2026,train_with_validation_monitoring,48,0.26840823888778687,0.24718862771987915
30min,LSTM,1,2026,train_with_validation_monitoring,49,0.2818646728992462,0.24405202269554138
30min,LSTM,1,2026,train_with_validation_monitoring,50,0.2985760569572449,0.23806197941303253
30min,LSTM,1,2026,train_with_validation_monitoring,51,0.2715795934200287,0.23239047825336456
30min,LSTM,1,2026,train_with_validation_monitoring,52,0.22895492613315582,0.22762282192707062
30min,LSTM,1,2026,train_with_validation_monitoring,53,0.27984413504600525,0.22389180958271027
30min,LSTM,1,2026,train_with_validation_monitoring,54,0.27733930945396423,0.2194223254919052
30min,LSTM,1,2026,train_with_validation_monitoring,55,0.261664479970932,0.2168598175048828
30min,LSTM,1,2026,train_with_validation_monitoring,56,0.26063239574432373,0.21611136198043823
30min,LSTM,1,2026,train_with_validation_monitoring,57,0.2699975371360779,0.21661177277565002
30min,LSTM,1,2026,train_with_validation_monitoring,58,0.251787930727005,0.21977099776268005
30min,LSTM,1,2026,train_with_validation_monitoring,59,0.2464861124753952,0.22505494952201843
30min,LSTM,1,2026,train_with_validation_monitoring,60,0.23269668221473694,0.22723539173603058
30min,LSTM,1,2026,train_with_validation_monitoring,61,0.23663495481014252,0.225185364484787
30min,LSTM,1,2026,train_with_validation_monitoring,62,0.2586745619773865,0.22212094068527222
30min,LSTM,1,2026,train_with_validation_monitoring,63,0.2087111622095108,0.21825647354125977
30min,LSTM,1,2026,train_with_validation_monitoring,64,0.25780826807022095,0.2134961038827896
30min,LSTM,1,2026,train_with_validation_monitoring,65,0.2266608327627182,0.2080702930688858
30min,LSTM,1,2026,train_with_validation_monitoring,66,0.24635733664035797,0.20274047553539276
30min,LSTM,1,2026,train_with_validation_monitoring,67,0.2363399714231491,0.19787338376045227
30min,LSTM,1,2026,train_with_validation_monitoring,68,0.2171507179737091,0.1943068504333496
30min,LSTM,1,2026,train_with_validation_monitoring,69,0.2027646154165268,0.19187138974666595
30min,LSTM,1,2026,train_with_validation_monitoring,70,0.22101548314094543,0.1904611587524414
30min,LSTM,1,2026,train_with_validation_monitoring,71,0.22001875936985016,0.18940581381320953
30min,LSTM,1,2026,train_with_validation_monitoring,72,0.22689390182495117,0.18868781626224518
30min,LSTM,1,2026,train_with_validation_monitoring,73,0.23725757002830505,0.1887357532978058
30min,LSTM,1,2026,train_with_validation_monitoring,74,0.19120819866657257,0.18967926502227783
30min,LSTM,1,2026,train_with_validation_monitoring,75,0.2681300938129425,0.19060935080051422
30min,LSTM,1,2026,train_with_validation_monitoring,76,0.19852320849895477,0.19148071110248566
30min,LSTM,1,2026,train_with_validation_monitoring,77,0.24965311586856842,0.19206896424293518
30min,LSTM,1,2026,train_with_validation_monitoring,78,0.22792622447013855,0.19182716310024261
30min,LSTM,1,2026,train_with_validation_monitoring,79,0.24063625931739807,0.19113241136074066
30min,LSTM,1,2026,train_with_validation_monitoring,80,0.19455073773860931,0.19007162749767303
30min,LSTM,1,2027,train_with_validation_monitoring,1,1.0628819465637207,0.8589305877685547
30min,LSTM,1,2027,train_with_validation_monitoring,2,1.0383187532424927,0.8292872309684753
30min,LSTM,1,2027,train_with_validation_monitoring,3,1.0057183504104614,0.8061720728874207
30min,LSTM,1,2027,train_with_validation_monitoring,4,0.9754904508590698,0.7857462763786316
30min,LSTM,1,2027,train_with_validation_monitoring,5,0.9421390295028687,0.7672386765480042
30min,LSTM,1,2027,train_with_validation_monitoring,6,0.92397540807724,0.7505151629447937
30min,LSTM,1,2027,train_with_validation_monitoring,7,0.8931615352630615,0.7355005741119385
30min,LSTM,1,2027,train_with_validation_monitoring,8,0.8635852336883545,0.7217066884040833
30min,LSTM,1,2027,train_with_validation_monitoring,9,0.8611844778060913,0.7087898850440979
30min,LSTM,1,2027,train_with_validation_monitoring,10,0.8306974768638611,0.6969680786132812
30min,LSTM,1,2027,train_with_validation_monitoring,11,0.8039172291755676,0.6865952610969543
30min,LSTM,1,2027,train_with_validation_monitoring,12,0.8041821718215942,0.676137387752533
30min,LSTM,1,2027,train_with_validation_monitoring,13,0.7769361734390259,0.6656951308250427
30min,LSTM,1,2027,train_with_validation_monitoring,14,0.7717273235321045,0.6543200612068176
30min,LSTM,1,2027,train_with_validation_monitoring,15,0.7427015900611877,0.6428391337394714
30min,LSTM,1,2027,train_with_validation_monitoring,16,0.714512288570404,0.6313483119010925
30min,LSTM,1,2027,train_with_validation_monitoring,17,0.7058101296424866,0.6199695467948914
30min,LSTM,1,2027,train_with_validation_monitoring,18,0.6843299865722656,0.6083264350891113
30min,LSTM,1,2027,train_with_validation_monitoring,19,0.6889793872833252,0.5965889692306519
30min,LSTM,1,2027,train_with_validation_monitoring,20,0.6078399419784546,0.5845176577568054
30min,LSTM,1,2027,train_with_validation_monitoring,21,0.6166191101074219,0.5723493099212646
30min,LSTM,1,2027,train_with_validation_monitoring,22,0.6347747445106506,0.560080349445343
30min,LSTM,1,2027,train_with_validation_monitoring,23,0.6084488034248352,0.5471912026405334
30min,LSTM,1,2027,train_with_validation_monitoring,24,0.585237443447113,0.5336514115333557
30min,LSTM,1,2027,train_with_validation_monitoring,25,0.5646163821220398,0.519301176071167
30min,LSTM,1,2027,train_with_validation_monitoring,26,0.5789899826049805,0.5040950775146484
30min,LSTM,1,2027,train_with_validation_monitoring,27,0.5399447083473206,0.48857492208480835
30min,LSTM,1,2027,train_with_validation_monitoring,28,0.4943154752254486,0.4727972447872162
30min,LSTM,1,2027,train_with_validation_monitoring,29,0.5050442218780518,0.45703715085983276
30min,LSTM,1,2027,train_with_validation_monitoring,30,0.4679701626300812,0.44173452258110046
30min,LSTM,1,2027,train_with_validation_monitoring,31,0.4600985646247864,0.4262986183166504
30min,LSTM,1,2027,train_with_validation_monitoring,32,0.4609183669090271,0.4109700322151184
30min,LSTM,1,2027,train_with_validation_monitoring,33,0.4533020257949829,0.39667007327079773
30min,LSTM,1,2027,train_with_validation_monitoring,34,0.41682174801826477,0.38307806849479675
30min,LSTM,1,2027,train_with_validation_monitoring,35,0.4181557297706604,0.370017409324646
30min,LSTM,1,2027,train_with_validation_monitoring,36,0.4296416640281677,0.3579259216785431
30min,LSTM,1,2027,train_with_validation_monitoring,37,0.4000698924064636,0.34805577993392944
30min,LSTM,1,2027,train_with_validation_monitoring,38,0.3628697693347931,0.3391907513141632
30min,LSTM,1,2027,train_with_validation_monitoring,39,0.37014102935791016,0.3323248326778412
30min,LSTM,1,2027,train_with_validation_monitoring,40,0.3540782928466797,0.326030969619751
30min,LSTM,1,2027,train_with_validation_monitoring,41,0.3589644134044647,0.31745144724845886
30min,LSTM,1,2027,train_with_validation_monitoring,42,0.32332655787467957,0.3086683750152588
30min,LSTM,1,2027,train_with_validation_monitoring,43,0.2899485230445862,0.30011096596717834
30min,LSTM,1,2027,train_with_validation_monitoring,44,0.324317991733551,0.2909429967403412
30min,LSTM,1,2027,train_with_validation_monitoring,45,0.31968921422958374,0.2795449197292328
30min,LSTM,1,2027,train_with_validation_monitoring,46,0.29272928833961487,0.2694518566131592
30min,LSTM,1,2027,train_with_validation_monitoring,47,0.3014484941959381,0.2611694931983948
30min,LSTM,1,2027,train_with_validation_monitoring,48,0.2609131634235382,0.253555029630661
30min,LSTM,1,2027,train_with_validation_monitoring,49,0.2748766243457794,0.24646762013435364
30min,LSTM,1,2027,train_with_validation_monitoring,50,0.26112493872642517,0.23827914893627167
30min,LSTM,1,2027,train_with_validation_monitoring,51,0.23828579485416412,0.2281850427389145
30min,LSTM,1,2027,train_with_validation_monitoring,52,0.2351866513490677,0.21552664041519165
30min,LSTM,1,2027,train_with_validation_monitoring,53,0.2747191786766052,0.20337727665901184
30min,LSTM,1,2027,train_with_validation_monitoring,54,0.21878401935100555,0.1950445920228958
30min,LSTM,1,2027,train_with_validation_monitoring,55,0.23572789132595062,0.19048874080181122
30min,LSTM,1,2027,train_with_validation_monitoring,56,0.2488391250371933,0.18800337612628937
30min,LSTM,1,2027,train_with_validation_monitoring,57,0.23343142867088318,0.18563415110111237
30min,LSTM,1,2027,train_with_validation_monitoring,58,0.2383485585451126,0.18403033912181854
30min,LSTM,1,2027,train_with_validation_monitoring,59,0.2314303070306778,0.1833014190196991
30min,LSTM,1,2027,train_with_validation_monitoring,60,0.21104560792446136,0.18214759230613708
30min,LSTM,1,2027,train_with_validation_monitoring,61,0.20238684117794037,0.18108151853084564
30min,LSTM,1,2027,train_with_validation_monitoring,62,0.23409894108772278,0.17981453239917755
30min,LSTM,1,2027,train_with_validation_monitoring,63,0.19540484249591827,0.17941300570964813
30min,LSTM,1,2027,train_with_validation_monitoring,64,0.23709417879581451,0.17968276143074036
30min,LSTM,1,2027,train_with_validation_monitoring,65,0.1994219869375229,0.17929482460021973
30min,LSTM,1,2027,train_with_validation_monitoring,66,0.21496368944644928,0.17704856395721436
30min,LSTM,1,2027,train_with_validation_monitoring,67,0.2237994372844696,0.17497938871383667
30min,LSTM,1,2027,train_with_validation_monitoring,68,0.2411528378725052,0.17460176348686218
30min,LSTM,1,2027,train_with_validation_monitoring,69,0.20370329916477203,0.17579330503940582
30min,LSTM,1,2027,train_with_validation_monitoring,70,0.19898447394371033,0.1742456555366516
30min,LSTM,1,2027,train_with_validation_monitoring,71,0.19085799157619476,0.17097924649715424
30min,LSTM,1,2027,train_with_validation_monitoring,72,0.20326383411884308,0.16699199378490448
30min,LSTM,1,2027,train_with_validation_monitoring,73,0.1784008890390396,0.16416341066360474
30min,LSTM,1,2027,train_with_validation_monitoring,74,0.1700008511543274,0.16303642094135284
30min,LSTM,1,2027,train_with_validation_monitoring,75,0.1925692856311798,0.16348899900913239
30min,LSTM,1,2027,train_with_validation_monitoring,76,0.1655169278383255,0.16350559890270233
30min,LSTM,1,2027,train_with_validation_monitoring,77,0.17263221740722656,0.16304969787597656
30min,LSTM,1,2027,train_with_validation_monitoring,78,0.18445245921611786,0.16257904469966888
30min,LSTM,1,2027,train_with_validation_monitoring,79,0.18854054808616638,0.16179989278316498
30min,LSTM,1,2027,train_with_validation_monitoring,80,0.1613083928823471,0.16181091964244843
30min,LSTM,1,2028,train_with_validation_monitoring,1,1.0374125242233276,0.7942221164703369
30min,LSTM,1,2028,train_with_validation_monitoring,2,0.9927475452423096,0.7821574211120605
30min,LSTM,1,2028,train_with_validation_monitoring,3,0.9637588858604431,0.7683293223381042
30min,LSTM,1,2028,train_with_validation_monitoring,4,0.9356473684310913,0.75411057472229
30min,LSTM,1,2028,train_with_validation_monitoring,5,0.9016669392585754,0.7396863102912903
30min,LSTM,1,2028,train_with_validation_monitoring,6,0.8793179392814636,0.7266508340835571
30min,LSTM,1,2028,train_with_validation_monitoring,7,0.8563128709793091,0.7155764102935791
30min,LSTM,1,2028,train_with_validation_monitoring,8,0.8486529588699341,0.7050527930259705
30min,LSTM,1,2028,train_with_validation_monitoring,9,0.8232472538948059,0.694193959236145
30min,LSTM,1,2028,train_with_validation_monitoring,10,0.7970547080039978,0.6831073760986328
30min,LSTM,1,2028,train_with_validation_monitoring,11,0.7714018225669861,0.6716707348823547
30min,LSTM,1,2028,train_with_validation_monitoring,12,0.7652429342269897,0.6602374315261841
30min,LSTM,1,2028,train_with_validation_monitoring,13,0.7068076729774475,0.648745596408844
30min,LSTM,1,2028,train_with_validation_monitoring,14,0.7165145874023438,0.6372665166854858
30min,LSTM,1,2028,train_with_validation_monitoring,15,0.7096344232559204,0.6257532238960266
30min,LSTM,1,2028,train_with_validation_monitoring,16,0.6456524729728699,0.6136675477027893
30min,LSTM,1,2028,train_with_validation_monitoring,17,0.6177173256874084,0.6011995077133179
30min,LSTM,1,2028,train_with_validation_monitoring,18,0.6127032041549683,0.5877996683120728
30min,LSTM,1,2028,train_with_validation_monitoring,19,0.5803873538970947,0.5727856755256653
30min,LSTM,1,2028,train_with_validation_monitoring,20,0.589739203453064,0.5564608573913574
30min,LSTM,1,2028,train_with_validation_monitoring,21,0.5446280837059021,0.5391426086425781
30min,LSTM,1,2028,train_with_validation_monitoring,22,0.5434170365333557,0.5207000970840454
30min,LSTM,1,2028,train_with_validation_monitoring,23,0.5538475513458252,0.4998621940612793
30min,LSTM,1,2028,train_with_validation_monitoring,24,0.44472646713256836,0.47880828380584717
30min,LSTM,1,2028,train_with_validation_monitoring,25,0.4456820785999298,0.4565637707710266
30min,LSTM,1,2028,train_with_validation_monitoring,26,0.43279585242271423,0.43236643075942993
30min,LSTM,1,2028,train_with_validation_monitoring,27,0.39834028482437134,0.4083125591278076
30min,LSTM,1,2028,train_with_validation_monitoring,28,0.4445149302482605,0.38496169447898865
30min,LSTM,1,2028,train_with_validation_monitoring,29,0.4164409339427948,0.3623656928539276
30min,LSTM,1,2028,train_with_validation_monitoring,30,0.38318362832069397,0.3415740430355072
30min,LSTM,1,2028,train_with_validation_monitoring,31,0.3565349578857422,0.32296493649482727
30min,LSTM,1,2028,train_with_validation_monitoring,32,0.34164392948150635,0.3070641756057739
30min,LSTM,1,2028,train_with_validation_monitoring,33,0.37398847937583923,0.29304781556129456
30min,LSTM,1,2028,train_with_validation_monitoring,34,0.3024740517139435,0.2802489697933197
30min,LSTM,1,2028,train_with_validation_monitoring,35,0.35155099630355835,0.2689347565174103
30min,LSTM,1,2028,train_with_validation_monitoring,36,0.3761977553367615,0.25815191864967346
30min,LSTM,1,2028,train_with_validation_monitoring,37,0.33189767599105835,0.25052410364151
30min,LSTM,1,2028,train_with_validation_monitoring,38,0.35340598225593567,0.24412205815315247
30min,LSTM,1,2028,train_with_validation_monitoring,39,0.3357100784778595,0.2389000952243805
30min,LSTM,1,2028,train_with_validation_monitoring,40,0.2955593764781952,0.23555277287960052
30min,LSTM,1,2028,train_with_validation_monitoring,41,0.28920963406562805,0.2313624918460846
30min,LSTM,1,2028,train_with_validation_monitoring,42,0.28249025344848633,0.2266499400138855
30min,LSTM,1,2028,train_with_validation_monitoring,43,0.2606685161590576,0.22252407670021057
30min,LSTM,1,2028,train_with_validation_monitoring,44,0.31237566471099854,0.2205049693584442
30min,LSTM,1,2028,train_with_validation_monitoring,45,0.2646673619747162,0.21980614960193634
30min,LSTM,1,2028,train_with_validation_monitoring,46,0.2607954740524292,0.21844908595085144
30min,LSTM,1,2028,train_with_validation_monitoring,47,0.27054065465927124,0.21756893396377563
30min,LSTM,1,2028,train_with_validation_monitoring,48,0.26208043098449707,0.21585752069950104
30min,LSTM,1,2028,train_with_validation_monitoring,49,0.2667163014411926,0.21126079559326172
30min,LSTM,1,2028,train_with_validation_monitoring,50,0.27214905619621277,0.2057102620601654
30min,LSTM,1,2028,train_with_validation_monitoring,51,0.2549351453781128,0.2006017416715622
30min,LSTM,1,2028,train_with_validation_monitoring,52,0.2111510932445526,0.19662843644618988
30min,LSTM,1,2028,train_with_validation_monitoring,53,0.22548389434814453,0.19353362917900085
30min,LSTM,1,2028,train_with_validation_monitoring,54,0.26094019412994385,0.19096435606479645
30min,LSTM,1,2028,train_with_validation_monitoring,55,0.2381872832775116,0.18917497992515564
30min,LSTM,1,2028,train_with_validation_monitoring,56,0.2477044314146042,0.18808840215206146
30min,LSTM,1,2028,train_with_validation_monitoring,57,0.22996415197849274,0.18719267845153809
30min,LSTM,1,2028,train_with_validation_monitoring,58,0.22045305371284485,0.18519705533981323
30min,LSTM,1,2028,train_with_validation_monitoring,59,0.1918177753686905,0.18234314024448395
30min,LSTM,1,2028,train_with_validation_monitoring,60,0.19647707045078278,0.17987240850925446
30min,LSTM,1,2028,train_with_validation_monitoring,61,0.20223411917686462,0.17764998972415924
30min,LSTM,1,2028,train_with_validation_monitoring,62,0.2303534597158432,0.17639008164405823
30min,LSTM,1,2028,train_with_validation_monitoring,63,0.23539631068706512,0.17635685205459595
30min,LSTM,1,2028,train_with_validation_monitoring,64,0.21833474934101105,0.17511029541492462
30min,LSTM,1,2028,train_with_validation_monitoring,65,0.23278309404850006,0.17240959405899048
30min,LSTM,1,2028,train_with_validation_monitoring,66,0.21326538920402527,0.1691998988389969
30min,LSTM,1,2028,train_with_validation_monitoring,67,0.19635674357414246,0.16546258330345154
30min,LSTM,1,2028,train_with_validation_monitoring,68,0.21372029185295105,0.16236118972301483
30min,LSTM,1,2028,train_with_validation_monitoring,69,0.1745467185974121,0.16242703795433044
30min,LSTM,1,2028,train_with_validation_monitoring,70,0.21336306631565094,0.16564403474330902
30min,LSTM,1,2028,train_with_validation_monitoring,71,0.19165672361850739,0.1692022681236267
30min,LSTM,1,2028,train_with_validation_monitoring,72,0.16878531873226166,0.17355330288410187
30min,LSTM,1,2028,train_with_validation_monitoring,73,0.21660764515399933,0.17063990235328674
30min,LSTM,1,2028,train_with_validation_monitoring,74,0.19087816774845123,0.16710659861564636
30min,LSTM,1,2028,train_with_validation_monitoring,75,0.20931410789489746,0.1629600077867508
30min,LSTM,1,2028,train_with_validation_monitoring,76,0.16266697645187378,0.15970651805400848
30min,LSTM,1,2028,train_with_validation_monitoring,77,0.18678432703018188,0.1573997437953949
30min,LSTM,1,2028,train_with_validation_monitoring,78,0.19169694185256958,0.1559433937072754
30min,LSTM,1,2028,train_with_validation_monitoring,79,0.1978069692850113,0.15498235821723938
30min,LSTM,1,2028,train_with_validation_monitoring,80,0.2368713915348053,0.15482693910598755
30min,LSTM,2,2026,train_with_validation_monitoring,1,1.1274333000183105,0.8738048672676086
30min,LSTM,2,2026,train_with_validation_monitoring,2,1.0863875150680542,0.8470615744590759
30min,LSTM,2,2026,train_with_validation_monitoring,3,1.075793743133545,0.822077751159668
30min,LSTM,2,2026,train_with_validation_monitoring,4,1.0477668046951294,0.7986905574798584
30min,LSTM,2,2026,train_with_validation_monitoring,5,0.9979737997055054,0.7772840857505798
30min,LSTM,2,2026,train_with_validation_monitoring,6,0.9928535223007202,0.7573768496513367
30min,LSTM,2,2026,train_with_validation_monitoring,7,0.9821415543556213,0.7387198209762573
30min,LSTM,2,2026,train_with_validation_monitoring,8,0.9600416421890259,0.7213252186775208
30min,LSTM,2,2026,train_with_validation_monitoring,9,0.9320805072784424,0.7056114077568054
30min,LSTM,2,2026,train_with_validation_monitoring,10,0.9155761003494263,0.6912659406661987
30min,LSTM,2,2026,train_with_validation_monitoring,11,0.8951572179794312,0.678715169429779
30min,LSTM,2,2026,train_with_validation_monitoring,12,0.8811901807785034,0.6676179766654968
30min,LSTM,2,2026,train_with_validation_monitoring,13,0.8505220413208008,0.6564916968345642
30min,LSTM,2,2026,train_with_validation_monitoring,14,0.8539528250694275,0.6452930569648743
30min,LSTM,2,2026,train_with_validation_monitoring,15,0.8029509782791138,0.6348912119865417
30min,LSTM,2,2026,train_with_validation_monitoring,16,0.7919803857803345,0.6248564720153809
30min,LSTM,2,2026,train_with_validation_monitoring,17,0.7908156514167786,0.614933967590332
30min,LSTM,2,2026,train_with_validation_monitoring,18,0.7552143931388855,0.6047902703285217
30min,LSTM,2,2026,train_with_validation_monitoring,19,0.7497408986091614,0.5943936705589294
30min,LSTM,2,2026,train_with_validation_monitoring,20,0.7192184925079346,0.5840572118759155
30min,LSTM,2,2026,train_with_validation_monitoring,21,0.7217844724655151,0.5732954144477844
30min,LSTM,2,2026,train_with_validation_monitoring,22,0.706065833568573,0.5622645616531372
30min,LSTM,2,2026,train_with_validation_monitoring,23,0.6842756867408752,0.5508133172988892
30min,LSTM,2,2026,train_with_validation_monitoring,24,0.6522850394248962,0.5386714339256287
30min,LSTM,2,2026,train_with_validation_monitoring,25,0.642157793045044,0.5262593626976013
30min,LSTM,2,2026,train_with_validation_monitoring,26,0.5934781432151794,0.5133612155914307
30min,LSTM,2,2026,train_with_validation_monitoring,27,0.6355587244033813,0.49976930022239685
30min,LSTM,2,2026,train_with_validation_monitoring,28,0.6028827428817749,0.4854917526245117
30min,LSTM,2,2026,train_with_validation_monitoring,29,0.5858323574066162,0.46999070048332214
30min,LSTM,2,2026,train_with_validation_monitoring,30,0.5989782214164734,0.45532286167144775
30min,LSTM,2,2026,train_with_validation_monitoring,31,0.556673526763916,0.4399452805519104
30min,LSTM,2,2026,train_with_validation_monitoring,32,0.5506530404090881,0.42404884099960327
30min,LSTM,2,2026,train_with_validation_monitoring,33,0.524821400642395,0.407061368227005
30min,LSTM,2,2026,train_with_validation_monitoring,34,0.5271720886230469,0.3904503583908081
30min,LSTM,2,2026,train_with_validation_monitoring,35,0.5213032364845276,0.3748232424259186
30min,LSTM,2,2026,train_with_validation_monitoring,36,0.48801371455192566,0.36060789227485657
30min,LSTM,2,2026,train_with_validation_monitoring,37,0.44217827916145325,0.34755030274391174
30min,LSTM,2,2026,train_with_validation_monitoring,38,0.41600748896598816,0.3363731801509857
30min,LSTM,2,2026,train_with_validation_monitoring,39,0.47463974356651306,0.3263198733329773
30min,LSTM,2,2026,train_with_validation_monitoring,40,0.45521000027656555,0.3172309100627899
30min,LSTM,2,2026,train_with_validation_monitoring,41,0.4175504148006439,0.30877700448036194
30min,LSTM,2,2026,train_with_validation_monitoring,42,0.42781001329421997,0.3009313941001892
30min,LSTM,2,2026,train_with_validation_monitoring,43,0.4338940978050232,0.29395347833633423
30min,LSTM,2,2026,train_with_validation_monitoring,44,0.3901650309562683,0.2869138717651367
30min,LSTM,2,2026,train_with_validation_monitoring,45,0.3695859909057617,0.27954086661338806
30min,LSTM,2,2026,train_with_validation_monitoring,46,0.43057161569595337,0.27261868119239807
30min,LSTM,2,2026,train_with_validation_monitoring,47,0.3972213566303253,0.26651155948638916
30min,LSTM,2,2026,train_with_validation_monitoring,48,0.33262330293655396,0.26098504662513733
30min,LSTM,2,2026,train_with_validation_monitoring,49,0.34517794847488403,0.2555205523967743
30min,LSTM,2,2026,train_with_validation_monitoring,50,0.3709790110588074,0.24999134242534637
30min,LSTM,2,2026,train_with_validation_monitoring,51,0.3634685277938843,0.24487201869487762
30min,LSTM,2,2026,train_with_validation_monitoring,52,0.3230226933956146,0.24018634855747223
30min,LSTM,2,2026,train_with_validation_monitoring,53,0.3009888827800751,0.23621435463428497
30min,LSTM,2,2026,train_with_validation_monitoring,54,0.35489559173583984,0.23181310296058655
30min,LSTM,2,2026,train_with_validation_monitoring,55,0.3391692042350769,0.2273222953081131
30min,LSTM,2,2026,train_with_validation_monitoring,56,0.311631977558136,0.22356660664081573
30min,LSTM,2,2026,train_with_validation_monitoring,57,0.3192703425884247,0.22067441046237946
30min,LSTM,2,2026,train_with_validation_monitoring,58,0.3145768940448761,0.2180395871400833
30min,LSTM,2,2026,train_with_validation_monitoring,59,0.292859822511673,0.2173873484134674
30min,LSTM,2,2026,train_with_validation_monitoring,60,0.32059749960899353,0.2149776667356491
30min,LSTM,2,2026,train_with_validation_monitoring,61,0.3141830265522003,0.21212318539619446
30min,LSTM,2,2026,train_with_validation_monitoring,62,0.3152359426021576,0.20895597338676453
30min,LSTM,2,2026,train_with_validation_monitoring,63,0.3059500753879547,0.20531322062015533
30min,LSTM,2,2026,train_with_validation_monitoring,64,0.2957976460456848,0.20065757632255554
30min,LSTM,2,2026,train_with_validation_monitoring,65,0.3196338415145874,0.19577662646770477
30min,LSTM,2,2026,train_with_validation_monitoring,66,0.25274458527565,0.191228449344635
30min,LSTM,2,2026,train_with_validation_monitoring,67,0.27139419317245483,0.18692916631698608
30min,LSTM,2,2026,train_with_validation_monitoring,68,0.2535298764705658,0.18378962576389313
30min,LSTM,2,2026,train_with_validation_monitoring,69,0.3120259642601013,0.1811872273683548
30min,LSTM,2,2026,train_with_validation_monitoring,70,0.2566601634025574,0.17883232235908508
30min,LSTM,2,2026,train_with_validation_monitoring,71,0.22185379266738892,0.17663273215293884
30min,LSTM,2,2026,train_with_validation_monitoring,72,0.25534823536872864,0.1729917973279953
30min,LSTM,2,2026,train_with_validation_monitoring,73,0.2795563340187073,0.17003899812698364
30min,LSTM,2,2026,train_with_validation_monitoring,74,0.23080481588840485,0.1682739108800888
30min,LSTM,2,2026,train_with_validation_monitoring,75,0.2811528444290161,0.1673712283372879
30min,LSTM,2,2026,train_with_validation_monitoring,76,0.2627343535423279,0.16729246079921722
30min,LSTM,2,2026,train_with_validation_monitoring,77,0.2611905038356781,0.1670946329832077
30min,LSTM,2,2026,train_with_validation_monitoring,78,0.3120275139808655,0.16759347915649414
30min,LSTM,2,2026,train_with_validation_monitoring,79,0.29176199436187744,0.16725580394268036
30min,LSTM,2,2026,train_with_validation_monitoring,80,0.2274600863456726,0.16551873087882996
30min,LSTM,2,2027,train_with_validation_monitoring,1,1.0356229543685913,0.8469055891036987
30min,LSTM,2,2027,train_with_validation_monitoring,2,1.0278363227844238,0.8289279937744141
30min,LSTM,2,2027,train_with_validation_monitoring,3,1.0062124729156494,0.8129615187644958
30min,LSTM,2,2027,train_with_validation_monitoring,4,0.9854065179824829,0.7980856895446777
30min,LSTM,2,2027,train_with_validation_monitoring,5,0.9749218225479126,0.7837136387825012
30min,LSTM,2,2027,train_with_validation_monitoring,6,0.9365845322608948,0.7701159715652466
30min,LSTM,2,2027,train_with_validation_monitoring,7,0.9363868236541748,0.7573548555374146
30min,LSTM,2,2027,train_with_validation_monitoring,8,0.9365603923797607,0.7448699474334717
30min,LSTM,2,2027,train_with_validation_monitoring,9,0.9045554399490356,0.732662558555603
30min,LSTM,2,2027,train_with_validation_monitoring,10,0.8837071657180786,0.7209740281105042
30min,LSTM,2,2027,train_with_validation_monitoring,11,0.8806875944137573,0.7095683217048645
30min,LSTM,2,2027,train_with_validation_monitoring,12,0.8543583750724792,0.6983306407928467
30min,LSTM,2,2027,train_with_validation_monitoring,13,0.8374671936035156,0.6871053576469421
30min,LSTM,2,2027,train_with_validation_monitoring,14,0.8237254619598389,0.6760501265525818
30min,LSTM,2,2027,train_with_validation_monitoring,15,0.8056327104568481,0.6654174327850342
30min,LSTM,2,2027,train_with_validation_monitoring,16,0.8060754537582397,0.6550233364105225
30min,LSTM,2,2027,train_with_validation_monitoring,17,0.8052167296409607,0.6452628374099731
30min,LSTM,2,2027,train_with_validation_monitoring,18,0.7808528542518616,0.6359317898750305
30min,LSTM,2,2027,train_with_validation_monitoring,19,0.7834961414337158,0.6266898512840271
30min,LSTM,2,2027,train_with_validation_monitoring,20,0.7500174045562744,0.6174668073654175
30min,LSTM,2,2027,train_with_validation_monitoring,21,0.7383466958999634,0.6084277629852295
30min,LSTM,2,2027,train_with_validation_monitoring,22,0.7349988222122192,0.5995299220085144
30min,LSTM,2,2027,train_with_validation_monitoring,23,0.7117016315460205,0.5906724333763123
30min,LSTM,2,2027,train_with_validation_monitoring,24,0.7207452058792114,0.5820145606994629
30min,LSTM,2,2027,train_with_validation_monitoring,25,0.675796627998352,0.5733968019485474
30min,LSTM,2,2027,train_with_validation_monitoring,26,0.6675822734832764,0.5647702217102051
30min,LSTM,2,2027,train_with_validation_monitoring,27,0.6726659536361694,0.555802583694458
30min,LSTM,2,2027,train_with_validation_monitoring,28,0.6429121494293213,0.5469668507575989
30min,LSTM,2,2027,train_with_validation_monitoring,29,0.6252302527427673,0.5380128026008606
30min,LSTM,2,2027,train_with_validation_monitoring,30,0.6234952211380005,0.5286834239959717
30min,LSTM,2,2027,train_with_validation_monitoring,31,0.6037957668304443,0.5186424255371094
30min,LSTM,2,2027,train_with_validation_monitoring,32,0.5986781716346741,0.5084106922149658
30min,LSTM,2,2027,train_with_validation_monitoring,33,0.5889677405357361,0.4987639784812927
30min,LSTM,2,2027,train_with_validation_monitoring,34,0.5449727773666382,0.4888851046562195
30min,LSTM,2,2027,train_with_validation_monitoring,35,0.5407453179359436,0.4784211218357086
30min,LSTM,2,2027,train_with_validation_monitoring,36,0.5322369933128357,0.46747341752052307
30min,LSTM,2,2027,train_with_validation_monitoring,37,0.5038931369781494,0.45596736669540405
30min,LSTM,2,2027,train_with_validation_monitoring,38,0.47045862674713135,0.4439488351345062
30min,LSTM,2,2027,train_with_validation_monitoring,39,0.47492775321006775,0.4309959411621094
30min,LSTM,2,2027,train_with_validation_monitoring,40,0.5205350518226624,0.4165758490562439
30min,LSTM,2,2027,train_with_validation_monitoring,41,0.4635288417339325,0.4021714925765991
30min,LSTM,2,2027,train_with_validation_monitoring,42,0.4396640956401825,0.3867747187614441
30min,LSTM,2,2027,train_with_validation_monitoring,43,0.43648549914360046,0.3706042468547821
30min,LSTM,2,2027,train_with_validation_monitoring,44,0.427451491355896,0.3539976179599762
30min,LSTM,2,2027,train_with_validation_monitoring,45,0.42258819937705994,0.33702316880226135
30min,LSTM,2,2027,train_with_validation_monitoring,46,0.4133799374103546,0.32219600677490234
30min,LSTM,2,2027,train_with_validation_monitoring,47,0.3935547471046448,0.30921515822410583
30min,LSTM,2,2027,train_with_validation_monitoring,48,0.3466143310070038,0.29775577783584595
30min,LSTM,2,2027,train_with_validation_monitoring,49,0.37793347239494324,0.2887849807739258
30min,LSTM,2,2027,train_with_validation_monitoring,50,0.33096498250961304,0.2799999415874481
30min,LSTM,2,2027,train_with_validation_monitoring,51,0.33046865463256836,0.27162691950798035
30min,LSTM,2,2027,train_with_validation_monitoring,52,0.35506880283355713,0.26094791293144226
30min,LSTM,2,2027,train_with_validation_monitoring,53,0.3407084345817566,0.2485094964504242
30min,LSTM,2,2027,train_with_validation_monitoring,54,0.3268468677997589,0.23766568303108215
30min,LSTM,2,2027,train_with_validation_monitoring,55,0.3642042279243469,0.22726571559906006
30min,LSTM,2,2027,train_with_validation_monitoring,56,0.3048917353153229,0.21756601333618164
30min,LSTM,2,2027,train_with_validation_monitoring,57,0.3329962491989136,0.20892663300037384
30min,LSTM,2,2027,train_with_validation_monitoring,58,0.31329265236854553,0.20353522896766663
30min,LSTM,2,2027,train_with_validation_monitoring,59,0.32564985752105713,0.20092864334583282
30min,LSTM,2,2027,train_with_validation_monitoring,60,0.27528780698776245,0.19884607195854187
30min,LSTM,2,2027,train_with_validation_monitoring,61,0.25445133447647095,0.19819824397563934
30min,LSTM,2,2027,train_with_validation_monitoring,62,0.2910160720348358,0.1966051608324051
30min,LSTM,2,2027,train_with_validation_monitoring,63,0.2683045268058777,0.19135086238384247
30min,LSTM,2,2027,train_with_validation_monitoring,64,0.30644142627716064,0.1830308437347412
30min,LSTM,2,2027,train_with_validation_monitoring,65,0.30583494901657104,0.1756918728351593
30min,LSTM,2,2027,train_with_validation_monitoring,66,0.27613237500190735,0.17044928669929504
30min,LSTM,2,2027,train_with_validation_monitoring,67,0.298168808221817,0.16755498945713043
30min,LSTM,2,2027,train_with_validation_monitoring,68,0.29982131719589233,0.1664315015077591
30min,LSTM,2,2027,train_with_validation_monitoring,69,0.25340011715888977,0.16522403061389923
30min,LSTM,2,2027,train_with_validation_monitoring,70,0.25993677973747253,0.16303704679012299
30min,LSTM,2,2027,train_with_validation_monitoring,71,0.2891199290752411,0.16056658327579498
30min,LSTM,2,2027,train_with_validation_monitoring,72,0.2684059739112854,0.15922236442565918
30min,LSTM,2,2027,train_with_validation_monitoring,73,0.2733691930770874,0.1570616364479065
30min,LSTM,2,2027,train_with_validation_monitoring,74,0.259656697511673,0.15400873124599457
30min,LSTM,2,2027,train_with_validation_monitoring,75,0.2292797714471817,0.15315067768096924
30min,LSTM,2,2027,train_with_validation_monitoring,76,0.2812213599681854,0.15466873347759247
30min,LSTM,2,2027,train_with_validation_monitoring,77,0.23426426947116852,0.1579662263393402
30min,LSTM,2,2027,train_with_validation_monitoring,78,0.2627996802330017,0.1588207632303238
30min,LSTM,2,2027,train_with_validation_monitoring,79,0.19547873735427856,0.15706495940685272
30min,LSTM,2,2027,train_with_validation_monitoring,80,0.25224021077156067,0.15494871139526367
30min,LSTM,2,2028,train_with_validation_monitoring,1,1.0204987525939941,0.7294480204582214
30min,LSTM,2,2028,train_with_validation_monitoring,2,1.005240559577942,0.7108795642852783
30min,LSTM,2,2028,train_with_validation_monitoring,3,0.9491672515869141,0.6933555006980896
30min,LSTM,2,2028,train_with_validation_monitoring,4,0.9407914876937866,0.6779013872146606
30min,LSTM,2,2028,train_with_validation_monitoring,5,0.9141906499862671,0.6636843085289001
30min,LSTM,2,2028,train_with_validation_monitoring,6,0.8962395787239075,0.6504719853401184
30min,LSTM,2,2028,train_with_validation_monitoring,7,0.8733859658241272,0.6384704113006592
30min,LSTM,2,2028,train_with_validation_monitoring,8,0.8549619913101196,0.6272606253623962
30min,LSTM,2,2028,train_with_validation_monitoring,9,0.8463294506072998,0.616873025894165
30min,LSTM,2,2028,train_with_validation_monitoring,10,0.8485965728759766,0.6072437167167664
30min,LSTM,2,2028,train_with_validation_monitoring,11,0.8082287311553955,0.5983557105064392
30min,LSTM,2,2028,train_with_validation_monitoring,12,0.806298017501831,0.5898261666297913
30min,LSTM,2,2028,train_with_validation_monitoring,13,0.7636916041374207,0.5816601514816284
30min,LSTM,2,2028,train_with_validation_monitoring,14,0.7413256764411926,0.5737205743789673
30min,LSTM,2,2028,train_with_validation_monitoring,15,0.7375413179397583,0.565717339515686
30min,LSTM,2,2028,train_with_validation_monitoring,16,0.7215477824211121,0.5576431155204773
30min,LSTM,2,2028,train_with_validation_monitoring,17,0.7219696044921875,0.5498071312904358
30min,LSTM,2,2028,train_with_validation_monitoring,18,0.6910431385040283,0.5416234135627747
30min,LSTM,2,2028,train_with_validation_monitoring,19,0.6804630756378174,0.5334064364433289
30min,LSTM,2,2028,train_with_validation_monitoring,20,0.6875070929527283,0.5249401926994324
30min,LSTM,2,2028,train_with_validation_monitoring,21,0.6719659566879272,0.5163735151290894
30min,LSTM,2,2028,train_with_validation_monitoring,22,0.6158561706542969,0.5071883201599121
30min,LSTM,2,2028,train_with_validation_monitoring,23,0.6072376370429993,0.49789154529571533
30min,LSTM,2,2028,train_with_validation_monitoring,24,0.6138028502464294,0.4887232780456543
30min,LSTM,2,2028,train_with_validation_monitoring,25,0.5920814275741577,0.47969570755958557
30min,LSTM,2,2028,train_with_validation_monitoring,26,0.6144258975982666,0.46962007880210876
30min,LSTM,2,2028,train_with_validation_monitoring,27,0.5266526937484741,0.4588594436645508
30min,LSTM,2,2028,train_with_validation_monitoring,28,0.5763574838638306,0.44746193289756775
30min,LSTM,2,2028,train_with_validation_monitoring,29,0.5126998424530029,0.4351523816585541
30min,LSTM,2,2028,train_with_validation_monitoring,30,0.5449385046958923,0.42243191599845886
30min,LSTM,2,2028,train_with_validation_monitoring,31,0.492233008146286,0.4092198610305786
30min,LSTM,2,2028,train_with_validation_monitoring,32,0.4709867238998413,0.3968491852283478
30min,LSTM,2,2028,train_with_validation_monitoring,33,0.5108401775360107,0.38446223735809326
30min,LSTM,2,2028,train_with_validation_monitoring,34,0.4891141653060913,0.3726271688938141
30min,LSTM,2,2028,train_with_validation_monitoring,35,0.4803021252155304,0.36085203289985657
30min,LSTM,2,2028,train_with_validation_monitoring,36,0.4554648697376251,0.3492351472377777
30min,LSTM,2,2028,train_with_validation_monitoring,37,0.4653134047985077,0.3380093276500702
30min,LSTM,2,2028,train_with_validation_monitoring,38,0.44775956869125366,0.3272981345653534
30min,LSTM,2,2028,train_with_validation_monitoring,39,0.4349214434623718,0.3171161711215973
30min,LSTM,2,2028,train_with_validation_monitoring,40,0.45299404859542847,0.3076312243938446
30min,LSTM,2,2028,train_with_validation_monitoring,41,0.3842994272708893,0.2985456883907318
30min,LSTM,2,2028,train_with_validation_monitoring,42,0.38647034764289856,0.2896226942539215
30min,LSTM,2,2028,train_with_validation_monitoring,43,0.4294407069683075,0.2813051640987396
30min,LSTM,2,2028,train_with_validation_monitoring,44,0.425080806016922,0.27365753054618835
30min,LSTM,2,2028,train_with_validation_monitoring,45,0.41802436113357544,0.26687824726104736
30min,LSTM,2,2028,train_with_validation_monitoring,46,0.376637727022171,0.26067104935646057
30min,LSTM,2,2028,train_with_validation_monitoring,47,0.35578155517578125,0.2559349834918976
30min,LSTM,2,2028,train_with_validation_monitoring,48,0.36352235078811646,0.2519863545894623
30min,LSTM,2,2028,train_with_validation_monitoring,49,0.3625342547893524,0.2484734207391739
30min,LSTM,2,2028,train_with_validation_monitoring,50,0.3650467097759247,0.24433527886867523
30min,LSTM,2,2028,train_with_validation_monitoring,51,0.3529723286628723,0.23754775524139404
30min,LSTM,2,2028,train_with_validation_monitoring,52,0.345436155796051,0.23113234341144562
30min,LSTM,2,2028,train_with_validation_monitoring,53,0.2913232147693634,0.22569666802883148
30min,LSTM,2,2028,train_with_validation_monitoring,54,0.37701722979545593,0.22016090154647827
30min,LSTM,2,2028,train_with_validation_monitoring,55,0.3266838490962982,0.21547073125839233
30min,LSTM,2,2028,train_with_validation_monitoring,56,0.290569007396698,0.2107706218957901
30min,LSTM,2,2028,train_with_validation_monitoring,57,0.32790982723236084,0.20642486214637756
30min,LSTM,2,2028,train_with_validation_monitoring,58,0.3305741846561432,0.20314128696918488
30min,LSTM,2,2028,train_with_validation_monitoring,59,0.3241470158100128,0.20038926601409912
30min,LSTM,2,2028,train_with_validation_monitoring,60,0.2946826219558716,0.1981782168149948
30min,LSTM,2,2028,train_with_validation_monitoring,61,0.31037312746047974,0.19743612408638
30min,LSTM,2,2028,train_with_validation_monitoring,62,0.3047252297401428,0.19737090170383453
30min,LSTM,2,2028,train_with_validation_monitoring,63,0.3409595191478729,0.19684581458568573
30min,LSTM,2,2028,train_with_validation_monitoring,64,0.3253205418586731,0.19560834765434265
30min,LSTM,2,2028,train_with_validation_monitoring,65,0.28217843174934387,0.19451244175434113
30min,LSTM,2,2028,train_with_validation_monitoring,66,0.26658880710601807,0.1940491646528244
30min,LSTM,2,2028,train_with_validation_monitoring,67,0.2943931818008423,0.19288994371891022
30min,LSTM,2,2028,train_with_validation_monitoring,68,0.23909497261047363,0.1914473921060562
30min,LSTM,2,2028,train_with_validation_monitoring,69,0.2685045003890991,0.19012096524238586
30min,LSTM,2,2028,train_with_validation_monitoring,70,0.3180587887763977,0.1885625272989273
30min,LSTM,2,2028,train_with_validation_monitoring,71,0.2916184067726135,0.18765214085578918
30min,LSTM,2,2028,train_with_validation_monitoring,72,0.2545022964477539,0.18697668612003326
30min,LSTM,2,2028,train_with_validation_monitoring,73,0.2958642244338989,0.185622438788414
30min,LSTM,2,2028,train_with_validation_monitoring,74,0.26264873147010803,0.1849861741065979
30min,LSTM,2,2028,train_with_validation_monitoring,75,0.27433615922927856,0.1845787614583969
30min,LSTM,2,2028,train_with_validation_monitoring,76,0.25299352407455444,0.18435035645961761
30min,LSTM,2,2028,train_with_validation_monitoring,77,0.2590949535369873,0.18468603491783142
30min,LSTM,2,2028,train_with_validation_monitoring,78,0.2717486619949341,0.1859661191701889
30min,LSTM,2,2028,train_with_validation_monitoring,79,0.2557712495326996,0.18603205680847168
30min,LSTM,2,2028,train_with_validation_monitoring,80,0.2644476592540741,0.18358375132083893
30min,GRU,1,2026,train_with_validation_monitoring,1,1.1534801721572876,0.914915144443512
30min,GRU,1,2026,train_with_validation_monitoring,2,1.0935142040252686,0.8756075501441956
30min,GRU,1,2026,train_with_validation_monitoring,3,1.0275988578796387,0.8424007892608643
30min,GRU,1,2026,train_with_validation_monitoring,4,1.0020853281021118,0.8121401071548462
30min,GRU,1,2026,train_with_validation_monitoring,5,0.9447556734085083,0.7857800126075745
30min,GRU,1,2026,train_with_validation_monitoring,6,0.9384253025054932,0.7621791958808899
30min,GRU,1,2026,train_with_validation_monitoring,7,0.88907790184021,0.7411608695983887
30min,GRU,1,2026,train_with_validation_monitoring,8,0.8857861757278442,0.7219956517219543
30min,GRU,1,2026,train_with_validation_monitoring,9,0.846381425857544,0.703926682472229
30min,GRU,1,2026,train_with_validation_monitoring,10,0.8208132386207581,0.6874243021011353
30min,GRU,1,2026,train_with_validation_monitoring,11,0.8089489340782166,0.6721134781837463
30min,GRU,1,2026,train_with_validation_monitoring,12,0.7643105387687683,0.6571043729782104
30min,GRU,1,2026,train_with_validation_monitoring,13,0.755401074886322,0.6430234909057617
30min,GRU,1,2026,train_with_validation_monitoring,14,0.7771597504615784,0.6289741396903992
30min,GRU,1,2026,train_with_validation_monitoring,15,0.714637815952301,0.6155030131340027
30min,GRU,1,2026,train_with_validation_monitoring,16,0.6999740600585938,0.601442813873291
30min,GRU,1,2026,train_with_validation_monitoring,17,0.6815520524978638,0.5870783925056458
30min,GRU,1,2026,train_with_validation_monitoring,18,0.6442620158195496,0.5726453065872192
30min,GRU,1,2026,train_with_validation_monitoring,19,0.6494389772415161,0.5589815378189087
30min,GRU,1,2026,train_with_validation_monitoring,20,0.6374003887176514,0.5455458164215088
30min,GRU,1,2026,train_with_validation_monitoring,21,0.6282917261123657,0.5322526693344116
30min,GRU,1,2026,train_with_validation_monitoring,22,0.6017612814903259,0.5188887715339661
30min,GRU,1,2026,train_with_validation_monitoring,23,0.5753887295722961,0.5055880546569824
30min,GRU,1,2026,train_with_validation_monitoring,24,0.5559655427932739,0.49285051226615906
30min,GRU,1,2026,train_with_validation_monitoring,25,0.539909303188324,0.4800975024700165
30min,GRU,1,2026,train_with_validation_monitoring,26,0.5090170502662659,0.4671299457550049
30min,GRU,1,2026,train_with_validation_monitoring,27,0.4992428421974182,0.4539000391960144
30min,GRU,1,2026,train_with_validation_monitoring,28,0.49234992265701294,0.44062891602516174
30min,GRU,1,2026,train_with_validation_monitoring,29,0.504338800907135,0.4266561269760132
30min,GRU,1,2026,train_with_validation_monitoring,30,0.4949505031108856,0.41358181834220886
30min,GRU,1,2026,train_with_validation_monitoring,31,0.42600154876708984,0.40054959058761597
30min,GRU,1,2026,train_with_validation_monitoring,32,0.48268187046051025,0.38730964064598083
30min,GRU,1,2026,train_with_validation_monitoring,33,0.45460912585258484,0.3740634620189667
30min,GRU,1,2026,train_with_validation_monitoring,34,0.434489905834198,0.3610331416130066
30min,GRU,1,2026,train_with_validation_monitoring,35,0.41564515233039856,0.3481294810771942
30min,GRU,1,2026,train_with_validation_monitoring,36,0.39817994832992554,0.3359435498714447
30min,GRU,1,2026,train_with_validation_monitoring,37,0.4143029451370239,0.3237006366252899
30min,GRU,1,2026,train_with_validation_monitoring,38,0.38236984610557556,0.3113895654678345
30min,GRU,1,2026,train_with_validation_monitoring,39,0.3974299728870392,0.2987346649169922
30min,GRU,1,2026,train_with_validation_monitoring,40,0.3856485188007355,0.28686660528182983
30min,GRU,1,2026,train_with_validation_monitoring,41,0.3917692005634308,0.2765161097049713
30min,GRU,1,2026,train_with_validation_monitoring,42,0.367229163646698,0.26681339740753174
30min,GRU,1,2026,train_with_validation_monitoring,43,0.3396884500980377,0.25850892066955566
30min,GRU,1,2026,train_with_validation_monitoring,44,0.35598835349082947,0.25102943181991577
30min,GRU,1,2026,train_with_validation_monitoring,45,0.35335075855255127,0.2440529614686966
30min,GRU,1,2026,train_with_validation_monitoring,46,0.4138864278793335,0.237884983420372
30min,GRU,1,2026,train_with_validation_monitoring,47,0.3266811966896057,0.2335357666015625
30min,GRU,1,2026,train_with_validation_monitoring,48,0.30494415760040283,0.23032811284065247
30min,GRU,1,2026,train_with_validation_monitoring,49,0.34372279047966003,0.22840656340122223
30min,GRU,1,2026,train_with_validation_monitoring,50,0.35117265582084656,0.22703100740909576
30min,GRU,1,2026,train_with_validation_monitoring,51,0.29758018255233765,0.2255057990550995
30min,GRU,1,2026,train_with_validation_monitoring,52,0.2804375886917114,0.22462932765483856
30min,GRU,1,2026,train_with_validation_monitoring,53,0.34179431200027466,0.2240418791770935
30min,GRU,1,2026,train_with_validation_monitoring,54,0.3456125259399414,0.22176958620548248
30min,GRU,1,2026,train_with_validation_monitoring,55,0.30945250391960144,0.21985866129398346
30min,GRU,1,2026,train_with_validation_monitoring,56,0.32364365458488464,0.2172854095697403
30min,GRU,1,2026,train_with_validation_monitoring,57,0.3459166884422302,0.21358326077461243
30min,GRU,1,2026,train_with_validation_monitoring,58,0.3013998866081238,0.20967620611190796
30min,GRU,1,2026,train_with_validation_monitoring,59,0.2842448651790619,0.2068263590335846
30min,GRU,1,2026,train_with_validation_monitoring,60,0.2949535846710205,0.203914076089859
30min,GRU,1,2026,train_with_validation_monitoring,61,0.2721044719219208,0.20167872309684753
30min,GRU,1,2026,train_with_validation_monitoring,62,0.3238984942436218,0.19864384829998016
30min,GRU,1,2026,train_with_validation_monitoring,63,0.29601600766181946,0.19509366154670715
30min,GRU,1,2026,train_with_validation_monitoring,64,0.31037089228630066,0.19166842103004456
30min,GRU,1,2026,train_with_validation_monitoring,65,0.30587518215179443,0.18841135501861572
30min,GRU,1,2026,train_with_validation_monitoring,66,0.3144822418689728,0.18524135649204254
30min,GRU,1,2026,train_with_validation_monitoring,67,0.28504785895347595,0.18327681720256805
30min,GRU,1,2026,train_with_validation_monitoring,68,0.26381915807724,0.18132324516773224
30min,GRU,1,2026,train_with_validation_monitoring,69,0.30460694432258606,0.17991036176681519
30min,GRU,1,2026,train_with_validation_monitoring,70,0.24586185812950134,0.17895731329917908
30min,GRU,1,2026,train_with_validation_monitoring,71,0.2821319103240967,0.1770579069852829
30min,GRU,1,2026,train_with_validation_monitoring,72,0.2775326073169708,0.17406265437602997
30min,GRU,1,2026,train_with_validation_monitoring,73,0.2621229887008667,0.17119918763637543
30min,GRU,1,2026,train_with_validation_monitoring,74,0.23117488622665405,0.16856490075588226
30min,GRU,1,2026,train_with_validation_monitoring,75,0.32753488421440125,0.1666601002216339
30min,GRU,1,2026,train_with_validation_monitoring,76,0.25420525670051575,0.164032980799675
30min,GRU,1,2026,train_with_validation_monitoring,77,0.30513983964920044,0.1620088815689087
30min,GRU,1,2026,train_with_validation_monitoring,78,0.2690129578113556,0.15990914404392242
30min,GRU,1,2026,train_with_validation_monitoring,79,0.2865850329399109,0.15825004875659943
30min,GRU,1,2026,train_with_validation_monitoring,80,0.21611052751541138,0.15641885995864868
30min,GRU,1,2027,train_with_validation_monitoring,1,1.04116952419281,0.7485261559486389
30min,GRU,1,2027,train_with_validation_monitoring,2,1.013863444328308,0.7226606011390686
30min,GRU,1,2027,train_with_validation_monitoring,3,0.9869953989982605,0.6993264555931091
30min,GRU,1,2027,train_with_validation_monitoring,4,0.9375813603401184,0.6780677437782288
30min,GRU,1,2027,train_with_validation_monitoring,5,0.8971019983291626,0.6591246724128723
30min,GRU,1,2027,train_with_validation_monitoring,6,0.8786101937294006,0.641838550567627
30min,GRU,1,2027,train_with_validation_monitoring,7,0.850444495677948,0.6256242394447327
30min,GRU,1,2027,train_with_validation_monitoring,8,0.8326292634010315,0.6102885007858276
30min,GRU,1,2027,train_with_validation_monitoring,9,0.8177462220191956,0.5955117344856262
30min,GRU,1,2027,train_with_validation_monitoring,10,0.767431378364563,0.5814115405082703
30min,GRU,1,2027,train_with_validation_monitoring,11,0.7497208118438721,0.5680575370788574
30min,GRU,1,2027,train_with_validation_monitoring,12,0.7237568497657776,0.5553945302963257
30min,GRU,1,2027,train_with_validation_monitoring,13,0.7110199332237244,0.5435425639152527
30min,GRU,1,2027,train_with_validation_monitoring,14,0.7041024565696716,0.5318888425827026
30min,GRU,1,2027,train_with_validation_monitoring,15,0.6546000242233276,0.5202605724334717
30min,GRU,1,2027,train_with_validation_monitoring,16,0.6275228261947632,0.5090385675430298
30min,GRU,1,2027,train_with_validation_monitoring,17,0.6437543630599976,0.49827903509140015
30min,GRU,1,2027,train_with_validation_monitoring,18,0.5876206159591675,0.48749080300331116
30min,GRU,1,2027,train_with_validation_monitoring,19,0.625711977481842,0.47697681188583374
30min,GRU,1,2027,train_with_validation_monitoring,20,0.5346066355705261,0.46679118275642395
30min,GRU,1,2027,train_with_validation_monitoring,21,0.5456705093383789,0.4569461941719055
30min,GRU,1,2027,train_with_validation_monitoring,22,0.5608633160591125,0.44739294052124023
30min,GRU,1,2027,train_with_validation_monitoring,23,0.5370713472366333,0.437723308801651
30min,GRU,1,2027,train_with_validation_monitoring,24,0.5136812925338745,0.4278661012649536
30min,GRU,1,2027,train_with_validation_monitoring,25,0.5024220943450928,0.41792210936546326
30min,GRU,1,2027,train_with_validation_monitoring,26,0.5398226976394653,0.4081043004989624
30min,GRU,1,2027,train_with_validation_monitoring,27,0.5042113065719604,0.39809033274650574
30min,GRU,1,2027,train_with_validation_monitoring,28,0.47574475407600403,0.38886725902557373
30min,GRU,1,2027,train_with_validation_monitoring,29,0.4752977192401886,0.38026896119117737
30min,GRU,1,2027,train_with_validation_monitoring,30,0.42452171444892883,0.3715541362762451
30min,GRU,1,2027,train_with_validation_monitoring,31,0.4124622941017151,0.362451434135437
30min,GRU,1,2027,train_with_validation_monitoring,32,0.4256351888179779,0.3532593846321106
30min,GRU,1,2027,train_with_validation_monitoring,33,0.4169555902481079,0.34458494186401367
30min,GRU,1,2027,train_with_validation_monitoring,34,0.39721834659576416,0.336080402135849
30min,GRU,1,2027,train_with_validation_monitoring,35,0.38880231976509094,0.3279028534889221
30min,GRU,1,2027,train_with_validation_monitoring,36,0.40575239062309265,0.3194608688354492
30min,GRU,1,2027,train_with_validation_monitoring,37,0.375411719083786,0.31106990575790405
30min,GRU,1,2027,train_with_validation_monitoring,38,0.37217265367507935,0.3029239773750305
30min,GRU,1,2027,train_with_validation_monitoring,39,0.3485772907733917,0.29490628838539124
30min,GRU,1,2027,train_with_validation_monitoring,40,0.3868423104286194,0.28704994916915894
30min,GRU,1,2027,train_with_validation_monitoring,41,0.3372381925582886,0.27973493933677673
30min,GRU,1,2027,train_with_validation_monitoring,42,0.32552778720855713,0.27274301648139954
30min,GRU,1,2027,train_with_validation_monitoring,43,0.2947577238082886,0.2666221261024475
30min,GRU,1,2027,train_with_validation_monitoring,44,0.3475523591041565,0.26121190190315247
30min,GRU,1,2027,train_with_validation_monitoring,45,0.36658498644828796,0.2553558945655823
30min,GRU,1,2027,train_with_validation_monitoring,46,0.3074456453323364,0.2504168748855591
30min,GRU,1,2027,train_with_validation_monitoring,47,0.3065529465675354,0.24660669267177582
30min,GRU,1,2027,train_with_validation_monitoring,48,0.28516754508018494,0.2431698590517044
30min,GRU,1,2027,train_with_validation_monitoring,49,0.3135108947753906,0.2402224987745285
30min,GRU,1,2027,train_with_validation_monitoring,50,0.31127268075942993,0.2372363656759262
30min,GRU,1,2027,train_with_validation_monitoring,51,0.26936957240104675,0.2324078530073166
30min,GRU,1,2027,train_with_validation_monitoring,52,0.2625734508037567,0.225504532456398
30min,GRU,1,2027,train_with_validation_monitoring,53,0.34414002299308777,0.21716301143169403
30min,GRU,1,2027,train_with_validation_monitoring,54,0.2623077630996704,0.20910300314426422
30min,GRU,1,2027,train_with_validation_monitoring,55,0.296831876039505,0.20171208679676056
30min,GRU,1,2027,train_with_validation_monitoring,56,0.30024439096450806,0.19514407217502594
30min,GRU,1,2027,train_with_validation_monitoring,57,0.30899685621261597,0.1892014443874359
30min,GRU,1,2027,train_with_validation_monitoring,58,0.3186352550983429,0.18564218282699585
30min,GRU,1,2027,train_with_validation_monitoring,59,0.29413729906082153,0.18513406813144684
30min,GRU,1,2027,train_with_validation_monitoring,60,0.24108606576919556,0.18513575196266174
30min,GRU,1,2027,train_with_validation_monitoring,61,0.22233523428440094,0.187607079744339
30min,GRU,1,2027,train_with_validation_monitoring,62,0.28199663758277893,0.1892843395471573
30min,GRU,1,2027,train_with_validation_monitoring,63,0.2393539994955063,0.18891273438930511
30min,GRU,1,2027,train_with_validation_monitoring,64,0.29436689615249634,0.1888030767440796
30min,GRU,1,2027,train_with_validation_monitoring,65,0.24890705943107605,0.18846046924591064
30min,GRU,1,2027,train_with_validation_monitoring,66,0.25975051522254944,0.18750646710395813
30min,GRU,1,2027,train_with_validation_monitoring,67,0.30116593837738037,0.18649649620056152
30min,GRU,1,2027,train_with_validation_monitoring,68,0.29314368963241577,0.18497471511363983
30min,GRU,1,2027,train_with_validation_monitoring,69,0.2599284052848816,0.18384484946727753
30min,GRU,1,2027,train_with_validation_monitoring,70,0.265987366437912,0.18245525658130646
30min,GRU,1,2027,train_with_validation_monitoring,71,0.27326902747154236,0.18071550130844116
30min,GRU,1,2027,train_with_validation_monitoring,72,0.27828508615493774,0.17877383530139923
30min,GRU,1,2027,train_with_validation_monitoring,73,0.2619621455669403,0.1768479198217392
30min,GRU,1,2027,train_with_validation_monitoring,74,0.23821698129177094,0.17523135244846344
30min,GRU,1,2027,train_with_validation_monitoring,75,0.24687990546226501,0.1745162010192871
30min,GRU,1,2027,train_with_validation_monitoring,76,0.21929796040058136,0.17396928369998932
30min,GRU,1,2027,train_with_validation_monitoring,77,0.2846294045448303,0.17338381707668304
30min,GRU,1,2027,train_with_validation_monitoring,78,0.23746919631958008,0.17234595119953156
30min,GRU,1,2027,train_with_validation_monitoring,79,0.2511444687843323,0.17130817472934723
30min,GRU,1,2027,train_with_validation_monitoring,80,0.24880766868591309,0.16980032622814178
30min,GRU,1,2028,train_with_validation_monitoring,1,1.0371456146240234,0.7153037786483765
30min,GRU,1,2028,train_with_validation_monitoring,2,0.9581953883171082,0.6959823966026306
30min,GRU,1,2028,train_with_validation_monitoring,3,0.9140223264694214,0.6766566038131714
30min,GRU,1,2028,train_with_validation_monitoring,4,0.8698123097419739,0.657248318195343
30min,GRU,1,2028,train_with_validation_monitoring,5,0.8267895579338074,0.6383655071258545
30min,GRU,1,2028,train_with_validation_monitoring,6,0.7995907068252563,0.6198614239692688
30min,GRU,1,2028,train_with_validation_monitoring,7,0.7750834226608276,0.6018198728561401
30min,GRU,1,2028,train_with_validation_monitoring,8,0.7718106508255005,0.58393394947052
30min,GRU,1,2028,train_with_validation_monitoring,9,0.745590090751648,0.5665596723556519
30min,GRU,1,2028,train_with_validation_monitoring,10,0.7271445393562317,0.549714982509613
30min,GRU,1,2028,train_with_validation_monitoring,11,0.6758127212524414,0.5332251191139221
30min,GRU,1,2028,train_with_validation_monitoring,12,0.6675390005111694,0.5171840786933899
30min,GRU,1,2028,train_with_validation_monitoring,13,0.6378830671310425,0.5015967488288879
30min,GRU,1,2028,train_with_validation_monitoring,14,0.6167147159576416,0.4869098961353302
30min,GRU,1,2028,train_with_validation_monitoring,15,0.6136151552200317,0.47296154499053955
30min,GRU,1,2028,train_with_validation_monitoring,16,0.5855035185813904,0.45961153507232666
30min,GRU,1,2028,train_with_validation_monitoring,17,0.5861626267433167,0.44703763723373413
30min,GRU,1,2028,train_with_validation_monitoring,18,0.5554596185684204,0.4354313611984253
30min,GRU,1,2028,train_with_validation_monitoring,19,0.5330367684364319,0.4242984652519226
30min,GRU,1,2028,train_with_validation_monitoring,20,0.5328728556632996,0.41358885169029236
30min,GRU,1,2028,train_with_validation_monitoring,21,0.4677436053752899,0.40328463912010193
30min,GRU,1,2028,train_with_validation_monitoring,22,0.4927675426006317,0.39332494139671326
30min,GRU,1,2028,train_with_validation_monitoring,23,0.5187212228775024,0.3838993012905121
30min,GRU,1,2028,train_with_validation_monitoring,24,0.40832504630088806,0.37541210651397705
30min,GRU,1,2028,train_with_validation_monitoring,25,0.42728930711746216,0.36752113699913025
30min,GRU,1,2028,train_with_validation_monitoring,26,0.4005027115345001,0.3599327802658081
30min,GRU,1,2028,train_with_validation_monitoring,27,0.4225633442401886,0.3527798056602478
30min,GRU,1,2028,train_with_validation_monitoring,28,0.4212007224559784,0.3460058867931366
30min,GRU,1,2028,train_with_validation_monitoring,29,0.40247175097465515,0.33948415517807007
30min,GRU,1,2028,train_with_validation_monitoring,30,0.3668142557144165,0.33292725682258606
30min,GRU,1,2028,train_with_validation_monitoring,31,0.367989182472229,0.3261522650718689
30min,GRU,1,2028,train_with_validation_monitoring,32,0.351241797208786,0.3189956843852997
30min,GRU,1,2028,train_with_validation_monitoring,33,0.4212323725223541,0.31195053458213806
30min,GRU,1,2028,train_with_validation_monitoring,34,0.3016398847103119,0.30397313833236694
30min,GRU,1,2028,train_with_validation_monitoring,35,0.39959949254989624,0.29494598507881165
30min,GRU,1,2028,train_with_validation_monitoring,36,0.3689804673194885,0.2858920693397522
30min,GRU,1,2028,train_with_validation_monitoring,37,0.3772199749946594,0.2786332070827484
30min,GRU,1,2028,train_with_validation_monitoring,38,0.3570079207420349,0.27093955874443054
30min,GRU,1,2028,train_with_validation_monitoring,39,0.3971618413925171,0.263268381357193
30min,GRU,1,2028,train_with_validation_monitoring,40,0.3300633430480957,0.25647643208503723
30min,GRU,1,2028,train_with_validation_monitoring,41,0.309591144323349,0.2509613335132599
30min,GRU,1,2028,train_with_validation_monitoring,42,0.274159699678421,0.24650004506111145
30min,GRU,1,2028,train_with_validation_monitoring,43,0.3308207094669342,0.2415192574262619
30min,GRU,1,2028,train_with_validation_monitoring,44,0.3596484959125519,0.23779648542404175
30min,GRU,1,2028,train_with_validation_monitoring,45,0.29451799392700195,0.23497675359249115
30min,GRU,1,2028,train_with_validation_monitoring,46,0.2672726511955261,0.23256121575832367
30min,GRU,1,2028,train_with_validation_monitoring,47,0.29168185591697693,0.23110701143741608
30min,GRU,1,2028,train_with_validation_monitoring,48,0.2922127842903137,0.23098325729370117
30min,GRU,1,2028,train_with_validation_monitoring,49,0.30164530873298645,0.23020704090595245
30min,GRU,1,2028,train_with_validation_monitoring,50,0.31762757897377014,0.2298109531402588
30min,GRU,1,2028,train_with_validation_monitoring,51,0.27161863446235657,0.22997254133224487
30min,GRU,1,2028,train_with_validation_monitoring,52,0.22985531389713287,0.2306012362241745
30min,GRU,1,2028,train_with_validation_monitoring,53,0.24422399699687958,0.2300081104040146
30min,GRU,1,2028,train_with_validation_monitoring,54,0.28856879472732544,0.2307371199131012
30min,GRU,1,2028,train_with_validation_monitoring,55,0.2557840943336487,0.23148834705352783
30min,GRU,1,2028,train_with_validation_monitoring,56,0.30798137187957764,0.23139378428459167
30min,GRU,1,2028,train_with_validation_monitoring,57,0.27698275446891785,0.23103979229927063
30min,GRU,1,2028,train_with_validation_monitoring,58,0.25936809182167053,0.2301759272813797
30min,GRU,1,2028,train_with_validation_monitoring,59,0.2544126808643341,0.22971822321414948
30min,GRU,1,2028,train_with_validation_monitoring,60,0.21380461752414703,0.22933059930801392
30min,GRU,1,2028,train_with_validation_monitoring,61,0.27203261852264404,0.2287949025630951
30min,GRU,1,2028,train_with_validation_monitoring,62,0.2565753757953644,0.22841349244117737
30min,GRU,1,2028,train_with_validation_monitoring,63,0.295958936214447,0.22849048674106598
30min,GRU,1,2028,train_with_validation_monitoring,64,0.29314902424812317,0.2280554175376892
30min,GRU,1,2028,train_with_validation_monitoring,65,0.31025823950767517,0.22734569013118744
30min,GRU,1,2028,train_with_validation_monitoring,66,0.27004173398017883,0.22611553966999054
30min,GRU,1,2028,train_with_validation_monitoring,67,0.2597047686576843,0.22409094870090485
30min,GRU,1,2028,train_with_validation_monitoring,68,0.3106054663658142,0.2210794985294342
30min,GRU,1,2028,train_with_validation_monitoring,69,0.21790871024131775,0.2180425077676773
30min,GRU,1,2028,train_with_validation_monitoring,70,0.27111589908599854,0.21477924287319183
30min,GRU,1,2028,train_with_validation_monitoring,71,0.2690504789352417,0.2111024707555771
30min,GRU,1,2028,train_with_validation_monitoring,72,0.24081730842590332,0.20774143934249878
30min,GRU,1,2028,train_with_validation_monitoring,73,0.2746734321117401,0.2043008655309677
30min,GRU,1,2028,train_with_validation_monitoring,74,0.23320834338665009,0.20198117196559906
30min,GRU,1,2028,train_with_validation_monitoring,75,0.30750033259391785,0.19971401989459991
30min,GRU,1,2028,train_with_validation_monitoring,76,0.21826447546482086,0.1976577639579773
30min,GRU,1,2028,train_with_validation_monitoring,77,0.23392295837402344,0.19616399705410004
30min,GRU,1,2028,train_with_validation_monitoring,78,0.2313431203365326,0.19476573169231415
30min,GRU,1,2028,train_with_validation_monitoring,79,0.2818593680858612,0.19328993558883667
30min,GRU,1,2028,train_with_validation_monitoring,80,0.2587018609046936,0.1920742243528366
30min,GRU,2,2026,train_with_validation_monitoring,1,1.1994538307189941,0.872174859046936
30min,GRU,2,2026,train_with_validation_monitoring,2,1.1751705408096313,0.8486470580101013
30min,GRU,2,2026,train_with_validation_monitoring,3,1.1390001773834229,0.8257851600646973
30min,GRU,2,2026,train_with_validation_monitoring,4,1.1610589027404785,0.8038039803504944
30min,GRU,2,2026,train_with_validation_monitoring,5,1.060138463973999,0.7829870581626892
30min,GRU,2,2026,train_with_validation_monitoring,6,1.0504539012908936,0.7632558941841125
30min,GRU,2,2026,train_with_validation_monitoring,7,1.0433956384658813,0.7446475028991699
30min,GRU,2,2026,train_with_validation_monitoring,8,1.004192590713501,0.7275519371032715
30min,GRU,2,2026,train_with_validation_monitoring,9,0.9785737991333008,0.7119011282920837
30min,GRU,2,2026,train_with_validation_monitoring,10,0.9347510933876038,0.6974164843559265
30min,GRU,2,2026,train_with_validation_monitoring,11,0.931410551071167,0.6842812299728394
30min,GRU,2,2026,train_with_validation_monitoring,12,0.9136113524436951,0.6722518801689148
30min,GRU,2,2026,train_with_validation_monitoring,13,0.842866837978363,0.6605179309844971
30min,GRU,2,2026,train_with_validation_monitoring,14,0.8977621793746948,0.6491405367851257
30min,GRU,2,2026,train_with_validation_monitoring,15,0.8090629577636719,0.638256311416626
30min,GRU,2,2026,train_with_validation_monitoring,16,0.7923144698143005,0.6275108456611633
30min,GRU,2,2026,train_with_validation_monitoring,17,0.777116060256958,0.6169537305831909
30min,GRU,2,2026,train_with_validation_monitoring,18,0.7690109610557556,0.6067164540290833
30min,GRU,2,2026,train_with_validation_monitoring,19,0.7684051990509033,0.5965309739112854
30min,GRU,2,2026,train_with_validation_monitoring,20,0.7384802103042603,0.5866315960884094
30min,GRU,2,2026,train_with_validation_monitoring,21,0.7345014810562134,0.5769142508506775
30min,GRU,2,2026,train_with_validation_monitoring,22,0.7127403020858765,0.5676062107086182
30min,GRU,2,2026,train_with_validation_monitoring,23,0.7083203792572021,0.5587013959884644
30min,GRU,2,2026,train_with_validation_monitoring,24,0.6533299088478088,0.5499961972236633
30min,GRU,2,2026,train_with_validation_monitoring,25,0.6949175596237183,0.5418400764465332
30min,GRU,2,2026,train_with_validation_monitoring,26,0.6192835569381714,0.5339270830154419
30min,GRU,2,2026,train_with_validation_monitoring,27,0.6480916142463684,0.5263620018959045
30min,GRU,2,2026,train_with_validation_monitoring,28,0.6098060607910156,0.5190308690071106
30min,GRU,2,2026,train_with_validation_monitoring,29,0.6236493587493896,0.5117303133010864
30min,GRU,2,2026,train_with_validation_monitoring,30,0.6224647164344788,0.5048496127128601
30min,GRU,2,2026,train_with_validation_monitoring,31,0.5726074576377869,0.49805644154548645
30min,GRU,2,2026,train_with_validation_monitoring,32,0.6037229299545288,0.49138835072517395
30min,GRU,2,2026,train_with_validation_monitoring,33,0.5892610549926758,0.48469865322113037
30min,GRU,2,2026,train_with_validation_monitoring,34,0.5764410495758057,0.4780508279800415
30min,GRU,2,2026,train_with_validation_monitoring,35,0.5728961229324341,0.4719099700450897
30min,GRU,2,2026,train_with_validation_monitoring,36,0.5359243154525757,0.4658447504043579
30min,GRU,2,2026,train_with_validation_monitoring,37,0.4943186640739441,0.4597966969013214
30min,GRU,2,2026,train_with_validation_monitoring,38,0.4831553101539612,0.45407935976982117
30min,GRU,2,2026,train_with_validation_monitoring,39,0.5275564193725586,0.4484531283378601
30min,GRU,2,2026,train_with_validation_monitoring,40,0.521755576133728,0.44256141781806946
30min,GRU,2,2026,train_with_validation_monitoring,41,0.4751731753349304,0.43691715598106384
30min,GRU,2,2026,train_with_validation_monitoring,42,0.4802621304988861,0.43078672885894775
30min,GRU,2,2026,train_with_validation_monitoring,43,0.471100389957428,0.4249773919582367
30min,GRU,2,2026,train_with_validation_monitoring,44,0.4868108630180359,0.41942623257637024
30min,GRU,2,2026,train_with_validation_monitoring,45,0.451305091381073,0.4128439724445343
30min,GRU,2,2026,train_with_validation_monitoring,46,0.5251544713973999,0.4064282476902008
30min,GRU,2,2026,train_with_validation_monitoring,47,0.44152483344078064,0.39980772137641907
30min,GRU,2,2026,train_with_validation_monitoring,48,0.42597290873527527,0.3930096924304962
30min,GRU,2,2026,train_with_validation_monitoring,49,0.4436599314212799,0.3853777348995209
30min,GRU,2,2026,train_with_validation_monitoring,50,0.48908188939094543,0.37768420577049255
30min,GRU,2,2026,train_with_validation_monitoring,51,0.42749616503715515,0.3696359395980835
30min,GRU,2,2026,train_with_validation_monitoring,52,0.41934913396835327,0.36152908205986023
30min,GRU,2,2026,train_with_validation_monitoring,53,0.40681567788124084,0.353078693151474
30min,GRU,2,2026,train_with_validation_monitoring,54,0.4583072066307068,0.3445965051651001
30min,GRU,2,2026,train_with_validation_monitoring,55,0.42037317156791687,0.33605170249938965
30min,GRU,2,2026,train_with_validation_monitoring,56,0.38829898834228516,0.3282332122325897
30min,GRU,2,2026,train_with_validation_monitoring,57,0.41297346353530884,0.32060855627059937
30min,GRU,2,2026,train_with_validation_monitoring,58,0.3892248570919037,0.3138578236103058
30min,GRU,2,2026,train_with_validation_monitoring,59,0.3559924364089966,0.3083377480506897
30min,GRU,2,2026,train_with_validation_monitoring,60,0.4237023591995239,0.3020939230918884
30min,GRU,2,2026,train_with_validation_monitoring,61,0.3611984848976135,0.2959548234939575
30min,GRU,2,2026,train_with_validation_monitoring,62,0.40462663769721985,0.2905203402042389
30min,GRU,2,2026,train_with_validation_monitoring,63,0.4064175486564636,0.2852022349834442
30min,GRU,2,2026,train_with_validation_monitoring,64,0.3863096237182617,0.2798854410648346
30min,GRU,2,2026,train_with_validation_monitoring,65,0.40721943974494934,0.2747318744659424
30min,GRU,2,2026,train_with_validation_monitoring,66,0.36832326650619507,0.2695256173610687
30min,GRU,2,2026,train_with_validation_monitoring,67,0.35349833965301514,0.2649616301059723
30min,GRU,2,2026,train_with_validation_monitoring,68,0.33376428484916687,0.2607157528400421
30min,GRU,2,2026,train_with_validation_monitoring,69,0.3896130919456482,0.25640708208084106
30min,GRU,2,2026,train_with_validation_monitoring,70,0.3334636390209198,0.2529950737953186
30min,GRU,2,2026,train_with_validation_monitoring,71,0.3536995053291321,0.24902872741222382
30min,GRU,2,2026,train_with_validation_monitoring,72,0.3724079132080078,0.24505515396595
30min,GRU,2,2026,train_with_validation_monitoring,73,0.37970536947250366,0.24149306118488312
30min,GRU,2,2026,train_with_validation_monitoring,74,0.294246107339859,0.23912811279296875
30min,GRU,2,2026,train_with_validation_monitoring,75,0.37283700704574585,0.2375103384256363
30min,GRU,2,2026,train_with_validation_monitoring,76,0.36249732971191406,0.23603405058383942
30min,GRU,2,2026,train_with_validation_monitoring,77,0.3426184356212616,0.23481294512748718
30min,GRU,2,2026,train_with_validation_monitoring,78,0.42554980516433716,0.23336158692836761
30min,GRU,2,2026,train_with_validation_monitoring,79,0.36837828159332275,0.23212787508964539
30min,GRU,2,2026,train_with_validation_monitoring,80,0.3006954491138458,0.23146653175354004
30min,GRU,2,2027,train_with_validation_monitoring,1,1.1166057586669922,0.8488383293151855
30min,GRU,2,2027,train_with_validation_monitoring,2,1.0849753618240356,0.8293506503105164
30min,GRU,2,2027,train_with_validation_monitoring,3,1.0402672290802002,0.8118557333946228
30min,GRU,2,2027,train_with_validation_monitoring,4,1.0327363014221191,0.794870138168335
30min,GRU,2,2027,train_with_validation_monitoring,5,1.0102053880691528,0.7782166600227356
30min,GRU,2,2027,train_with_validation_monitoring,6,0.9872925281524658,0.762083113193512
30min,GRU,2,2027,train_with_validation_monitoring,7,0.9546206593513489,0.7467811703681946
30min,GRU,2,2027,train_with_validation_monitoring,8,0.9682034850120544,0.7320755124092102
30min,GRU,2,2027,train_with_validation_monitoring,9,0.9364577531814575,0.7180969715118408
30min,GRU,2,2027,train_with_validation_monitoring,10,0.892189085483551,0.7052097916603088
30min,GRU,2,2027,train_with_validation_monitoring,11,0.9101897478103638,0.6932339072227478
30min,GRU,2,2027,train_with_validation_monitoring,12,0.8755004405975342,0.6819285154342651
30min,GRU,2,2027,train_with_validation_monitoring,13,0.845536470413208,0.6714485287666321
30min,GRU,2,2027,train_with_validation_monitoring,14,0.8450438976287842,0.6616207957267761
30min,GRU,2,2027,train_with_validation_monitoring,15,0.8232036232948303,0.6528164148330688
30min,GRU,2,2027,train_with_validation_monitoring,16,0.791954755783081,0.6447713375091553
30min,GRU,2,2027,train_with_validation_monitoring,17,0.7864497303962708,0.6373527646064758
30min,GRU,2,2027,train_with_validation_monitoring,18,0.8136419653892517,0.6301693320274353
30min,GRU,2,2027,train_with_validation_monitoring,19,0.7921517491340637,0.6229971051216125
30min,GRU,2,2027,train_with_validation_monitoring,20,0.7544105052947998,0.6157487034797668
30min,GRU,2,2027,train_with_validation_monitoring,21,0.7508354187011719,0.6085017919540405
30min,GRU,2,2027,train_with_validation_monitoring,22,0.7323347330093384,0.6014214158058167
30min,GRU,2,2027,train_with_validation_monitoring,23,0.7211369276046753,0.5940001606941223
30min,GRU,2,2027,train_with_validation_monitoring,24,0.7318316102027893,0.5865439772605896
30min,GRU,2,2027,train_with_validation_monitoring,25,0.6868795156478882,0.5790611505508423
30min,GRU,2,2027,train_with_validation_monitoring,26,0.7076618671417236,0.5714433193206787
30min,GRU,2,2027,train_with_validation_monitoring,27,0.6994718909263611,0.5637584328651428
30min,GRU,2,2027,train_with_validation_monitoring,28,0.6423431634902954,0.5559689402580261
30min,GRU,2,2027,train_with_validation_monitoring,29,0.6500616669654846,0.5483984351158142
30min,GRU,2,2027,train_with_validation_monitoring,30,0.6589340567588806,0.5407769680023193
30min,GRU,2,2027,train_with_validation_monitoring,31,0.6255931854248047,0.5329626798629761
30min,GRU,2,2027,train_with_validation_monitoring,32,0.6229174733161926,0.5253716111183167
30min,GRU,2,2027,train_with_validation_monitoring,33,0.600841760635376,0.5181517601013184
30min,GRU,2,2027,train_with_validation_monitoring,34,0.5773323774337769,0.5112499594688416
30min,GRU,2,2027,train_with_validation_monitoring,35,0.5784004330635071,0.5043148994445801
30min,GRU,2,2027,train_with_validation_monitoring,36,0.5914621353149414,0.49727779626846313
30min,GRU,2,2027,train_with_validation_monitoring,37,0.5744401216506958,0.49036702513694763
30min,GRU,2,2027,train_with_validation_monitoring,38,0.5445155501365662,0.4835846722126007
30min,GRU,2,2027,train_with_validation_monitoring,39,0.5160738229751587,0.47624653577804565
30min,GRU,2,2027,train_with_validation_monitoring,40,0.5684258937835693,0.46869680285453796
30min,GRU,2,2027,train_with_validation_monitoring,41,0.522540807723999,0.46085262298583984
30min,GRU,2,2027,train_with_validation_monitoring,42,0.5222278237342834,0.4529150426387787
30min,GRU,2,2027,train_with_validation_monitoring,43,0.4865805208683014,0.4451204538345337
30min,GRU,2,2027,train_with_validation_monitoring,44,0.5244681239128113,0.4366037845611572
30min,GRU,2,2027,train_with_validation_monitoring,45,0.4957956075668335,0.4278784990310669
30min,GRU,2,2027,train_with_validation_monitoring,46,0.5196595191955566,0.4185985028743744
30min,GRU,2,2027,train_with_validation_monitoring,47,0.4574227035045624,0.4092138409614563
30min,GRU,2,2027,train_with_validation_monitoring,48,0.42156293988227844,0.3999144434928894
30min,GRU,2,2027,train_with_validation_monitoring,49,0.469422847032547,0.3905907869338989
30min,GRU,2,2027,train_with_validation_monitoring,50,0.4485507011413574,0.3809301257133484
30min,GRU,2,2027,train_with_validation_monitoring,51,0.4277430772781372,0.3710267245769501
30min,GRU,2,2027,train_with_validation_monitoring,52,0.47993212938308716,0.3608034551143646
30min,GRU,2,2027,train_with_validation_monitoring,53,0.47795119881629944,0.35035592317581177
30min,GRU,2,2027,train_with_validation_monitoring,54,0.41332757472991943,0.34011635184288025
30min,GRU,2,2027,train_with_validation_monitoring,55,0.4608262777328491,0.32997024059295654
30min,GRU,2,2027,train_with_validation_monitoring,56,0.42410770058631897,0.31991955637931824
30min,GRU,2,2027,train_with_validation_monitoring,57,0.4556111693382263,0.3100036680698395
30min,GRU,2,2027,train_with_validation_monitoring,58,0.4613443613052368,0.3006221652030945
30min,GRU,2,2027,train_with_validation_monitoring,59,0.418434202671051,0.2926415503025055
30min,GRU,2,2027,train_with_validation_monitoring,60,0.3628883361816406,0.28513291478157043
30min,GRU,2,2027,train_with_validation_monitoring,61,0.35369792580604553,0.2777769863605499
30min,GRU,2,2027,train_with_validation_monitoring,62,0.4014315605163574,0.2703779339790344
30min,GRU,2,2027,train_with_validation_monitoring,63,0.3770410418510437,0.2634211778640747
30min,GRU,2,2027,train_with_validation_monitoring,64,0.38045045733451843,0.2567279636859894
30min,GRU,2,2027,train_with_validation_monitoring,65,0.4405406713485718,0.2501632571220398
30min,GRU,2,2027,train_with_validation_monitoring,66,0.3877723515033722,0.24411894381046295
30min,GRU,2,2027,train_with_validation_monitoring,67,0.38250941038131714,0.23885278403759003
30min,GRU,2,2027,train_with_validation_monitoring,68,0.39626047015190125,0.23412086069583893
30min,GRU,2,2027,train_with_validation_monitoring,69,0.3280540108680725,0.22998271882534027
30min,GRU,2,2027,train_with_validation_monitoring,70,0.3352924585342407,0.22666308283805847
30min,GRU,2,2027,train_with_validation_monitoring,71,0.40065252780914307,0.22397783398628235
30min,GRU,2,2027,train_with_validation_monitoring,72,0.37776419520378113,0.22099947929382324
30min,GRU,2,2027,train_with_validation_monitoring,73,0.34672844409942627,0.21774105727672577
30min,GRU,2,2027,train_with_validation_monitoring,74,0.3420066833496094,0.21504925191402435
30min,GRU,2,2027,train_with_validation_monitoring,75,0.30474644899368286,0.2133672684431076
30min,GRU,2,2027,train_with_validation_monitoring,76,0.37087714672088623,0.2117181122303009
30min,GRU,2,2027,train_with_validation_monitoring,77,0.37196269631385803,0.2100043147802353
30min,GRU,2,2027,train_with_validation_monitoring,78,0.3471524119377136,0.2080458402633667
30min,GRU,2,2027,train_with_validation_monitoring,79,0.28966712951660156,0.20594647526741028
30min,GRU,2,2027,train_with_validation_monitoring,80,0.33113640546798706,0.20394966006278992
30min,GRU,2,2028,train_with_validation_monitoring,1,1.0126368999481201,0.681415319442749
30min,GRU,2,2028,train_with_validation_monitoring,2,0.9840489625930786,0.6632218956947327
30min,GRU,2,2028,train_with_validation_monitoring,3,0.9266433715820312,0.6457886695861816
30min,GRU,2,2028,train_with_validation_monitoring,4,0.8740268349647522,0.6295758485794067
30min,GRU,2,2028,train_with_validation_monitoring,5,0.8806966543197632,0.61419278383255
30min,GRU,2,2028,train_with_validation_monitoring,6,0.8483807444572449,0.5996662974357605
30min,GRU,2,2028,train_with_validation_monitoring,7,0.8027831315994263,0.5860467553138733
30min,GRU,2,2028,train_with_validation_monitoring,8,0.8219234943389893,0.5729106068611145
30min,GRU,2,2028,train_with_validation_monitoring,9,0.7702519297599792,0.5603235960006714
30min,GRU,2,2028,train_with_validation_monitoring,10,0.7904581427574158,0.5483883023262024
30min,GRU,2,2028,train_with_validation_monitoring,11,0.7527657747268677,0.5370330214500427
30min,GRU,2,2028,train_with_validation_monitoring,12,0.7720579504966736,0.5261605978012085
30min,GRU,2,2028,train_with_validation_monitoring,13,0.7088527679443359,0.5157279372215271
30min,GRU,2,2028,train_with_validation_monitoring,14,0.6811643838882446,0.5055758357048035
30min,GRU,2,2028,train_with_validation_monitoring,15,0.6745325326919556,0.49576279520988464
30min,GRU,2,2028,train_with_validation_monitoring,16,0.6492485404014587,0.48632538318634033
30min,GRU,2,2028,train_with_validation_monitoring,17,0.6578382849693298,0.4773062467575073
30min,GRU,2,2028,train_with_validation_monitoring,18,0.6578200459480286,0.4688667058944702
30min,GRU,2,2028,train_with_validation_monitoring,19,0.6390672922134399,0.46083295345306396
30min,GRU,2,2028,train_with_validation_monitoring,20,0.6313244104385376,0.45317718386650085
30min,GRU,2,2028,train_with_validation_monitoring,21,0.6148644089698792,0.4459218978881836
30min,GRU,2,2028,train_with_validation_monitoring,22,0.585942268371582,0.4389599859714508
30min,GRU,2,2028,train_with_validation_monitoring,23,0.5767924785614014,0.4325295686721802
30min,GRU,2,2028,train_with_validation_monitoring,24,0.5770244002342224,0.4268185496330261
30min,GRU,2,2028,train_with_validation_monitoring,25,0.5576958656311035,0.42138850688934326
30min,GRU,2,2028,train_with_validation_monitoring,26,0.595325231552124,0.41608360409736633
30min,GRU,2,2028,train_with_validation_monitoring,27,0.5242354869842529,0.4108109176158905
30min,GRU,2,2028,train_with_validation_monitoring,28,0.5651447176933289,0.40564894676208496
30min,GRU,2,2028,train_with_validation_monitoring,29,0.5006018877029419,0.4001881778240204
30min,GRU,2,2028,train_with_validation_monitoring,30,0.530967652797699,0.39414146542549133
30min,GRU,2,2028,train_with_validation_monitoring,31,0.46739688515663147,0.3878578543663025
30min,GRU,2,2028,train_with_validation_monitoring,32,0.4580499231815338,0.38147270679473877
30min,GRU,2,2028,train_with_validation_monitoring,33,0.5302585959434509,0.37520861625671387
30min,GRU,2,2028,train_with_validation_monitoring,34,0.4963356852531433,0.36883509159088135
30min,GRU,2,2028,train_with_validation_monitoring,35,0.5108649730682373,0.3626059591770172
30min,GRU,2,2028,train_with_validation_monitoring,36,0.4589886963367462,0.3560355603694916
30min,GRU,2,2028,train_with_validation_monitoring,37,0.49556848406791687,0.3496052920818329
30min,GRU,2,2028,train_with_validation_monitoring,38,0.500819742679596,0.34274211525917053
30min,GRU,2,2028,train_with_validation_monitoring,39,0.45224666595458984,0.33578571677207947
30min,GRU,2,2028,train_with_validation_monitoring,40,0.4712965786457062,0.3289666175842285
30min,GRU,2,2028,train_with_validation_monitoring,41,0.48225510120391846,0.32238245010375977
30min,GRU,2,2028,train_with_validation_monitoring,42,0.4233338534832001,0.31545290350914
30min,GRU,2,2028,train_with_validation_monitoring,43,0.46474748849868774,0.3089900612831116
30min,GRU,2,2028,train_with_validation_monitoring,44,0.44976088404655457,0.3031221330165863
30min,GRU,2,2028,train_with_validation_monitoring,45,0.4398542046546936,0.29736387729644775
30min,GRU,2,2028,train_with_validation_monitoring,46,0.4209061861038208,0.2916167676448822
30min,GRU,2,2028,train_with_validation_monitoring,47,0.3920818865299225,0.28623059391975403
30min,GRU,2,2028,train_with_validation_monitoring,48,0.41648200154304504,0.2814624011516571
30min,GRU,2,2028,train_with_validation_monitoring,49,0.37584951519966125,0.2768847346305847
30min,GRU,2,2028,train_with_validation_monitoring,50,0.4239521026611328,0.2724316418170929
30min,GRU,2,2028,train_with_validation_monitoring,51,0.3882490396499634,0.26795774698257446
30min,GRU,2,2028,train_with_validation_monitoring,52,0.3971709609031677,0.2638380527496338
30min,GRU,2,2028,train_with_validation_monitoring,53,0.3430204391479492,0.2596481442451477
30min,GRU,2,2028,train_with_validation_monitoring,54,0.4152880311012268,0.25625598430633545
30min,GRU,2,2028,train_with_validation_monitoring,55,0.37396669387817383,0.25356656312942505
30min,GRU,2,2028,train_with_validation_monitoring,56,0.36393195390701294,0.25080257654190063
30min,GRU,2,2028,train_with_validation_monitoring,57,0.3999653458595276,0.24762949347496033
30min,GRU,2,2028,train_with_validation_monitoring,58,0.3747185170650482,0.24499140679836273
30min,GRU,2,2028,train_with_validation_monitoring,59,0.37033411860466003,0.2424081563949585
30min,GRU,2,2028,train_with_validation_monitoring,60,0.374595582485199,0.24009256064891815
30min,GRU,2,2028,train_with_validation_monitoring,61,0.3615058660507202,0.2389470785856247
30min,GRU,2,2028,train_with_validation_monitoring,62,0.36504077911376953,0.23853930830955505
30min,GRU,2,2028,train_with_validation_monitoring,63,0.4251759350299835,0.2380286008119583
30min,GRU,2,2028,train_with_validation_monitoring,64,0.420000284910202,0.23766852915287018
30min,GRU,2,2028,train_with_validation_monitoring,65,0.3774568736553192,0.23685571551322937
30min,GRU,2,2028,train_with_validation_monitoring,66,0.3039274513721466,0.2370315045118332
30min,GRU,2,2028,train_with_validation_monitoring,67,0.389382004737854,0.23587261140346527
30min,GRU,2,2028,train_with_validation_monitoring,68,0.3500829041004181,0.23410160839557648
30min,GRU,2,2028,train_with_validation_monitoring,69,0.33572351932525635,0.2324652373790741
30min,GRU,2,2028,train_with_validation_monitoring,70,0.40993911027908325,0.22954264283180237
30min,GRU,2,2028,train_with_validation_monitoring,71,0.376160591840744,0.22704817354679108
30min,GRU,2,2028,train_with_validation_monitoring,72,0.3382137715816498,0.2236335128545761
30min,GRU,2,2028,train_with_validation_monitoring,73,0.3558291792869568,0.21974746882915497
30min,GRU,2,2028,train_with_validation_monitoring,74,0.32660043239593506,0.21629609167575836
30min,GRU,2,2028,train_with_validation_monitoring,75,0.3522506356239319,0.21300172805786133
30min,GRU,2,2028,train_with_validation_monitoring,76,0.35087502002716064,0.20977723598480225
30min,GRU,2,2028,train_with_validation_monitoring,77,0.33888494968414307,0.20766782760620117
30min,GRU,2,2028,train_with_validation_monitoring,78,0.3525187373161316,0.20518334209918976
30min,GRU,2,2028,train_with_validation_monitoring,79,0.3183719515800476,0.20251613855361938
30min,GRU,2,2028,train_with_validation_monitoring,80,0.3141891658306122,0.19982363283634186
30min,TCN,1,2026,train_with_validation_monitoring,1,3.4527173042297363,2.4653103351593018
30min,TCN,1,2026,train_with_validation_monitoring,2,2.430453062057495,1.7286348342895508
30min,TCN,1,2026,train_with_validation_monitoring,3,1.8216456174850464,1.3343870639801025
30min,TCN,1,2026,train_with_validation_monitoring,4,1.5566506385803223,1.105246901512146
30min,TCN,1,2026,train_with_validation_monitoring,5,1.3539454936981201,0.9686995148658752
30min,TCN,1,2026,train_with_validation_monitoring,6,1.2018167972564697,0.8848497271537781
30min,TCN,1,2026,train_with_validation_monitoring,7,1.1675652265548706,0.8378287553787231
30min,TCN,1,2026,train_with_validation_monitoring,8,1.1038975715637207,0.8146702647209167
30min,TCN,1,2026,train_with_validation_monitoring,9,1.0584880113601685,0.8013869524002075
30min,TCN,1,2026,train_with_validation_monitoring,10,1.0182818174362183,0.7947298884391785
30min,TCN,1,2026,train_with_validation_monitoring,11,0.9676494598388672,0.7918725609779358
30min,TCN,1,2026,train_with_validation_monitoring,12,0.9478089213371277,0.7884436845779419
30min,TCN,1,2026,train_with_validation_monitoring,13,0.9752700328826904,0.7854918241500854
30min,TCN,1,2026,train_with_validation_monitoring,14,0.9127756357192993,0.781830906867981
30min,TCN,1,2026,train_with_validation_monitoring,15,0.9094134569168091,0.777371883392334
30min,TCN,1,2026,train_with_validation_monitoring,16,0.9004544615745544,0.7709007263183594
30min,TCN,1,2026,train_with_validation_monitoring,17,0.8628812432289124,0.7625547051429749
30min,TCN,1,2026,train_with_validation_monitoring,18,0.8439371585845947,0.7512645721435547
30min,TCN,1,2026,train_with_validation_monitoring,19,0.8079976439476013,0.7367360591888428
30min,TCN,1,2026,train_with_validation_monitoring,20,0.7998952269554138,0.7209175825119019
30min,TCN,1,2026,train_with_validation_monitoring,21,0.7981824278831482,0.7043202519416809
30min,TCN,1,2026,train_with_validation_monitoring,22,0.8043845295906067,0.6864465475082397
30min,TCN,1,2026,train_with_validation_monitoring,23,0.7372903227806091,0.6681627035140991
30min,TCN,1,2026,train_with_validation_monitoring,24,0.7597543001174927,0.6502680778503418
30min,TCN,1,2026,train_with_validation_monitoring,25,0.7290573716163635,0.632214367389679
30min,TCN,1,2026,train_with_validation_monitoring,26,0.7197461724281311,0.6156721711158752
30min,TCN,1,2026,train_with_validation_monitoring,27,0.6741993427276611,0.5987606048583984
30min,TCN,1,2026,train_with_validation_monitoring,28,0.6543293595314026,0.5805278420448303
30min,TCN,1,2026,train_with_validation_monitoring,29,0.6317694783210754,0.5618218183517456
30min,TCN,1,2026,train_with_validation_monitoring,30,0.5967581272125244,0.5406505465507507
30min,TCN,1,2026,train_with_validation_monitoring,31,0.6511486768722534,0.5191342830657959
30min,TCN,1,2026,train_with_validation_monitoring,32,0.5818450450897217,0.4980584681034088
30min,TCN,1,2026,train_with_validation_monitoring,33,0.5943406224250793,0.4758594036102295
30min,TCN,1,2026,train_with_validation_monitoring,34,0.5752782225608826,0.45336806774139404
30min,TCN,1,2026,train_with_validation_monitoring,35,0.5084017515182495,0.43125665187835693
30min,TCN,1,2026,train_with_validation_monitoring,36,0.5020245909690857,0.4125828146934509
30min,TCN,1,2026,train_with_validation_monitoring,37,0.4874679148197174,0.3944135308265686
30min,TCN,1,2026,train_with_validation_monitoring,38,0.473248690366745,0.37958940863609314
30min,TCN,1,2026,train_with_validation_monitoring,39,0.4647310674190521,0.36921030282974243
30min,TCN,1,2026,train_with_validation_monitoring,40,0.4581677317619324,0.36151769757270813
30min,TCN,1,2026,train_with_validation_monitoring,41,0.3991720974445343,0.3558048605918884
30min,TCN,1,2026,train_with_validation_monitoring,42,0.40706077218055725,0.3484724462032318
30min,TCN,1,2026,train_with_validation_monitoring,43,0.37486618757247925,0.34094423055648804
30min,TCN,1,2026,train_with_validation_monitoring,44,0.37866848707199097,0.33772462606430054
30min,TCN,1,2026,train_with_validation_monitoring,45,0.39393746852874756,0.3340703845024109
30min,TCN,1,2026,train_with_validation_monitoring,46,0.4165380895137787,0.33497849106788635
30min,TCN,1,2026,train_with_validation_monitoring,47,0.3522857129573822,0.33404436707496643
30min,TCN,1,2026,train_with_validation_monitoring,48,0.3893110454082489,0.3276204764842987
30min,TCN,1,2026,train_with_validation_monitoring,49,0.35735204815864563,0.314866304397583
30min,TCN,1,2026,train_with_validation_monitoring,50,0.3236269950866699,0.3002530634403229
30min,TCN,1,2026,train_with_validation_monitoring,51,0.2976149022579193,0.28903520107269287
30min,TCN,1,2026,train_with_validation_monitoring,52,0.32155799865722656,0.28236448764801025
30min,TCN,1,2026,train_with_validation_monitoring,53,0.30946826934814453,0.2799667716026306
30min,TCN,1,2026,train_with_validation_monitoring,54,0.295631468296051,0.284551739692688
30min,TCN,1,2026,train_with_validation_monitoring,55,0.275268018245697,0.292409747838974
30min,TCN,1,2026,train_with_validation_monitoring,56,0.3003026247024536,0.2979540526866913
30min,TCN,1,2026,train_with_validation_monitoring,57,0.28733938932418823,0.29795020818710327
30min,TCN,1,2026,train_with_validation_monitoring,58,0.2940005958080292,0.28839513659477234
30min,TCN,1,2026,train_with_validation_monitoring,59,0.2763054668903351,0.27824631333351135
30min,TCN,1,2026,train_with_validation_monitoring,60,0.2845231294631958,0.2671128511428833
30min,TCN,1,2026,train_with_validation_monitoring,61,0.2527748644351959,0.25762155652046204
30min,TCN,1,2026,train_with_validation_monitoring,62,0.2619302570819855,0.24978293478488922
30min,TCN,1,2026,train_with_validation_monitoring,63,0.2796241343021393,0.24496597051620483
30min,TCN,1,2026,train_with_validation_monitoring,64,0.252792090177536,0.24312233924865723
30min,TCN,1,2026,train_with_validation_monitoring,65,0.27175262570381165,0.24316124618053436
30min,TCN,1,2026,train_with_validation_monitoring,66,0.2400643229484558,0.24323637783527374
30min,TCN,1,2026,train_with_validation_monitoring,67,0.2839711308479309,0.24383829534053802
30min,TCN,1,2026,train_with_validation_monitoring,68,0.2571690082550049,0.24218438565731049
30min,TCN,1,2026,train_with_validation_monitoring,69,0.24851661920547485,0.23884819447994232
30min,TCN,1,2026,train_with_validation_monitoring,70,0.24759572744369507,0.23503819108009338
30min,TCN,1,2026,train_with_validation_monitoring,71,0.2657570242881775,0.23246560990810394
30min,TCN,1,2026,train_with_validation_monitoring,72,0.27380216121673584,0.23087485134601593
30min,TCN,1,2026,train_with_validation_monitoring,73,0.25445130467414856,0.23121991753578186
30min,TCN,1,2026,train_with_validation_monitoring,74,0.257626473903656,0.2326170653104782
30min,TCN,1,2026,train_with_validation_monitoring,75,0.2355065643787384,0.23366402089595795
30min,TCN,1,2026,train_with_validation_monitoring,76,0.2575041651725769,0.23394058644771576
30min,TCN,1,2026,train_with_validation_monitoring,77,0.23371896147727966,0.23408930003643036
30min,TCN,1,2026,train_with_validation_monitoring,78,0.22521580755710602,0.2333017736673355
30min,TCN,1,2026,train_with_validation_monitoring,79,0.24435609579086304,0.23208624124526978
30min,TCN,1,2026,train_with_validation_monitoring,80,0.23643051087856293,0.23087120056152344
30min,TCN,1,2027,train_with_validation_monitoring,1,3.973527669906616,2.959077835083008
30min,TCN,1,2027,train_with_validation_monitoring,2,2.4923617839813232,2.112492322921753
30min,TCN,1,2027,train_with_validation_monitoring,3,1.8937007188796997,1.6649054288864136
30min,TCN,1,2027,train_with_validation_monitoring,4,1.5286256074905396,1.4992300271987915
30min,TCN,1,2027,train_with_validation_monitoring,5,1.3569984436035156,1.4271126985549927
30min,TCN,1,2027,train_with_validation_monitoring,6,1.2565239667892456,1.369240403175354
30min,TCN,1,2027,train_with_validation_monitoring,7,1.1840053796768188,1.2822301387786865
30min,TCN,1,2027,train_with_validation_monitoring,8,1.1138381958007812,1.1777892112731934
30min,TCN,1,2027,train_with_validation_monitoring,9,1.0784573554992676,1.0874806642532349
30min,TCN,1,2027,train_with_validation_monitoring,10,1.0505313873291016,1.0289074182510376
30min,TCN,1,2027,train_with_validation_monitoring,11,0.988343358039856,0.9868226647377014
30min,TCN,1,2027,train_with_validation_monitoring,12,1.0042526721954346,0.9502097964286804
30min,TCN,1,2027,train_with_validation_monitoring,13,0.9363061189651489,0.9131556749343872
30min,TCN,1,2027,train_with_validation_monitoring,14,0.9406375885009766,0.8759452104568481
30min,TCN,1,2027,train_with_validation_monitoring,15,0.9030148983001709,0.8408688902854919
30min,TCN,1,2027,train_with_validation_monitoring,16,0.8746680021286011,0.8095177412033081
30min,TCN,1,2027,train_with_validation_monitoring,17,0.8751636743545532,0.7844215035438538
30min,TCN,1,2027,train_with_validation_monitoring,18,0.8719418048858643,0.7648220658302307
30min,TCN,1,2027,train_with_validation_monitoring,19,0.8631907105445862,0.7529360055923462
30min,TCN,1,2027,train_with_validation_monitoring,20,0.8577505946159363,0.7464640736579895
30min,TCN,1,2027,train_with_validation_monitoring,21,0.8435950875282288,0.7442529797554016
30min,TCN,1,2027,train_with_validation_monitoring,22,0.8379215598106384,0.7449116706848145
30min,TCN,1,2027,train_with_validation_monitoring,23,0.8446877598762512,0.7484760284423828
30min,TCN,1,2027,train_with_validation_monitoring,24,0.8190116882324219,0.7535874247550964
30min,TCN,1,2027,train_with_validation_monitoring,25,0.7967690825462341,0.7582593560218811
30min,TCN,1,2027,train_with_validation_monitoring,26,0.8025315403938293,0.7617912888526917
30min,TCN,1,2027,train_with_validation_monitoring,27,0.7948818206787109,0.7621793746948242
30min,TCN,1,2027,train_with_validation_monitoring,28,0.7741450071334839,0.7612430453300476
30min,TCN,1,2027,train_with_validation_monitoring,29,0.7964609861373901,0.7586883306503296
30min,TCN,1,2027,train_with_validation_monitoring,30,0.7723225355148315,0.754264771938324
30min,TCN,1,2027,train_with_validation_monitoring,31,0.7766446471214294,0.7484912872314453
30min,TCN,1,2028,train_with_validation_monitoring,1,2.674638271331787,1.938969373703003
30min,TCN,1,2028,train_with_validation_monitoring,2,1.7734628915786743,1.5006932020187378
30min,TCN,1,2028,train_with_validation_monitoring,3,1.474783182144165,1.4861615896224976
30min,TCN,1,2028,train_with_validation_monitoring,4,1.3460628986358643,1.4003697633743286
30min,TCN,1,2028,train_with_validation_monitoring,5,1.3107337951660156,1.260216236114502
30min,TCN,1,2028,train_with_validation_monitoring,6,1.1913871765136719,1.1174870729446411
30min,TCN,1,2028,train_with_validation_monitoring,7,1.136465311050415,0.9998171925544739
30min,TCN,1,2028,train_with_validation_monitoring,8,1.0664277076721191,0.9067186117172241
30min,TCN,1,2028,train_with_validation_monitoring,9,1.0245095491409302,0.8415709733963013
30min,TCN,1,2028,train_with_validation_monitoring,10,1.0140631198883057,0.7963253855705261
30min,TCN,1,2028,train_with_validation_monitoring,11,0.9943231344223022,0.7631413340568542
30min,TCN,1,2028,train_with_validation_monitoring,12,0.9884834885597229,0.7378693222999573
30min,TCN,1,2028,train_with_validation_monitoring,13,0.9685097932815552,0.7243644595146179
30min,TCN,1,2028,train_with_validation_monitoring,14,0.9418674111366272,0.7243220806121826
30min,TCN,1,2028,train_with_validation_monitoring,15,0.9395540952682495,0.7297908067703247
30min,TCN,1,2028,train_with_validation_monitoring,16,0.9294520020484924,0.7380954027175903
30min,TCN,1,2028,train_with_validation_monitoring,17,0.9146944284439087,0.7440996170043945
30min,TCN,1,2028,train_with_validation_monitoring,18,0.8967271447181702,0.7459849715232849
30min,TCN,1,2028,train_with_validation_monitoring,19,0.8966746926307678,0.7444217801094055
30min,TCN,1,2028,train_with_validation_monitoring,20,0.8857673406600952,0.7407649159431458
30min,TCN,1,2028,train_with_validation_monitoring,21,0.9083678722381592,0.736447274684906
30min,TCN,1,2028,train_with_validation_monitoring,22,0.8714123964309692,0.7316042184829712
30min,TCN,1,2028,train_with_validation_monitoring,23,0.8668378591537476,0.727128267288208
30min,TCN,1,2028,train_with_validation_monitoring,24,0.8562277555465698,0.7249229550361633
30min,TCN,2,2026,train_with_validation_monitoring,1,21.588520050048828,22.672012329101562
30min,TCN,2,2026,train_with_validation_monitoring,2,13.909539222717285,13.070106506347656
30min,TCN,2,2026,train_with_validation_monitoring,3,8.672784805297852,7.962531089782715
30min,TCN,2,2026,train_with_validation_monitoring,4,5.631068229675293,5.092655181884766
30min,TCN,2,2026,train_with_validation_monitoring,5,4.074857234954834,3.447183132171631
30min,TCN,2,2026,train_with_validation_monitoring,6,2.8771440982818604,2.477195978164673
30min,TCN,2,2026,train_with_validation_monitoring,7,2.3159711360931396,1.8687705993652344
30min,TCN,2,2026,train_with_validation_monitoring,8,1.9239540100097656,1.4829758405685425
30min,TCN,2,2026,train_with_validation_monitoring,9,1.6954662799835205,1.227903127670288
30min,TCN,2,2026,train_with_validation_monitoring,10,1.4476592540740967,1.0444689989089966
30min,TCN,2,2026,train_with_validation_monitoring,11,1.3624284267425537,0.9172316789627075
30min,TCN,2,2026,train_with_validation_monitoring,12,1.242024302482605,0.8316256999969482
30min,TCN,2,2026,train_with_validation_monitoring,13,1.1707955598831177,0.7773928046226501
30min,TCN,2,2026,train_with_validation_monitoring,14,1.1922812461853027,0.7446998953819275
30min,TCN,2,2026,train_with_validation_monitoring,15,1.14139723777771,0.7269172072410583
30min,TCN,2,2026,train_with_validation_monitoring,16,1.0586028099060059,0.7195077538490295
30min,TCN,2,2026,train_with_validation_monitoring,17,1.0545169115066528,0.7191694378852844
30min,TCN,2,2026,train_with_validation_monitoring,18,1.0855237245559692,0.7230611443519592
30min,TCN,2,2026,train_with_validation_monitoring,19,1.033664584159851,0.7234579920768738
30min,TCN,2,2026,train_with_validation_monitoring,20,0.9644297957420349,0.7227857112884521
30min,TCN,2,2026,train_with_validation_monitoring,21,0.9561995267868042,0.7236002683639526
30min,TCN,2,2026,train_with_validation_monitoring,22,0.9300962686538696,0.7271704077720642
30min,TCN,2,2026,train_with_validation_monitoring,23,0.9559743404388428,0.7298431396484375
30min,TCN,2,2026,train_with_validation_monitoring,24,0.9201491475105286,0.7328084111213684
30min,TCN,2,2026,train_with_validation_monitoring,25,0.9652717113494873,0.7356257438659668
30min,TCN,2,2026,train_with_validation_monitoring,26,0.9273118376731873,0.73862224817276
30min,TCN,2,2026,train_with_validation_monitoring,27,0.9229176044464111,0.7412663698196411
30min,TCN,2,2027,train_with_validation_monitoring,1,22.11491584777832,11.14046859741211
30min,TCN,2,2027,train_with_validation_monitoring,2,11.709427833557129,5.971117973327637
30min,TCN,2,2027,train_with_validation_monitoring,3,6.18860387802124,3.455298662185669
30min,TCN,2,2027,train_with_validation_monitoring,4,3.9558064937591553,2.2068231105804443
30min,TCN,2,2027,train_with_validation_monitoring,5,2.6962242126464844,1.666576623916626
30min,TCN,2,2027,train_with_validation_monitoring,6,2.2320477962493896,1.386143445968628
30min,TCN,2,2027,train_with_validation_monitoring,7,2.0505127906799316,1.2413464784622192
30min,TCN,2,2027,train_with_validation_monitoring,8,1.9025285243988037,1.1550283432006836
30min,TCN,2,2027,train_with_validation_monitoring,9,1.894564151763916,1.1004225015640259
30min,TCN,2,2027,train_with_validation_monitoring,10,1.7039783000946045,1.0659364461898804
30min,TCN,2,2027,train_with_validation_monitoring,11,1.6466940641403198,1.0424617528915405
30min,TCN,2,2027,train_with_validation_monitoring,12,1.5744578838348389,1.0320535898208618
30min,TCN,2,2027,train_with_validation_monitoring,13,1.460858702659607,1.035133957862854
30min,TCN,2,2027,train_with_validation_monitoring,14,1.4822770357131958,1.039949893951416
30min,TCN,2,2027,train_with_validation_monitoring,15,1.29352867603302,1.04396653175354
30min,TCN,2,2027,train_with_validation_monitoring,16,1.2877297401428223,1.0425667762756348
30min,TCN,2,2027,train_with_validation_monitoring,17,1.2737212181091309,1.0316755771636963
30min,TCN,2,2027,train_with_validation_monitoring,18,1.211588978767395,1.0155222415924072
30min,TCN,2,2027,train_with_validation_monitoring,19,1.1578683853149414,0.9930896162986755
30min,TCN,2,2027,train_with_validation_monitoring,20,1.1161596775054932,0.9695476293563843
30min,TCN,2,2027,train_with_validation_monitoring,21,1.0883122682571411,0.9448660016059875
30min,TCN,2,2027,train_with_validation_monitoring,22,1.079163670539856,0.9189957976341248
30min,TCN,2,2027,train_with_validation_monitoring,23,1.012324571609497,0.8956625461578369
30min,TCN,2,2027,train_with_validation_monitoring,24,1.019151210784912,0.876671552658081
30min,TCN,2,2027,train_with_validation_monitoring,25,0.9626554250717163,0.8594404458999634
30min,TCN,2,2027,train_with_validation_monitoring,26,1.003690242767334,0.8437421917915344
30min,TCN,2,2027,train_with_validation_monitoring,27,0.9812250733375549,0.8293291330337524
30min,TCN,2,2027,train_with_validation_monitoring,28,0.9199170470237732,0.8157848715782166
30min,TCN,2,2027,train_with_validation_monitoring,29,0.9000320434570312,0.8026438355445862
30min,TCN,2,2027,train_with_validation_monitoring,30,0.9512620568275452,0.7907813191413879
30min,TCN,2,2027,train_with_validation_monitoring,31,0.9355878233909607,0.7803103923797607
30min,TCN,2,2027,train_with_validation_monitoring,32,0.9375271201133728,0.7709953188896179
30min,TCN,2,2027,train_with_validation_monitoring,33,0.929043710231781,0.7618693709373474
30min,TCN,2,2027,train_with_validation_monitoring,34,0.9072920680046082,0.7534241080284119
30min,TCN,2,2027,train_with_validation_monitoring,35,0.8716282248497009,0.7467450499534607
30min,TCN,2,2027,train_with_validation_monitoring,36,0.8745467662811279,0.7416619658470154
30min,TCN,2,2027,train_with_validation_monitoring,37,0.8663208484649658,0.7380079030990601
30min,TCN,2,2027,train_with_validation_monitoring,38,0.8310859203338623,0.7356449365615845
30min,TCN,2,2027,train_with_validation_monitoring,39,0.8451354503631592,0.7329913973808289
30min,TCN,2,2027,train_with_validation_monitoring,40,0.8116666078567505,0.7309795618057251
30min,TCN,2,2027,train_with_validation_monitoring,41,0.8395792245864868,0.7289450764656067
30min,TCN,2,2027,train_with_validation_monitoring,42,0.8245276212692261,0.7259655594825745
30min,TCN,2,2027,train_with_validation_monitoring,43,0.8365773558616638,0.7223805785179138
30min,TCN,2,2027,train_with_validation_monitoring,44,0.810846209526062,0.7184838652610779
30min,TCN,2,2027,train_with_validation_monitoring,45,0.8272561430931091,0.7144811749458313
30min,TCN,2,2027,train_with_validation_monitoring,46,0.7931163311004639,0.7098714113235474
30min,TCN,2,2027,train_with_validation_monitoring,47,0.7903891205787659,0.7043096423149109
30min,TCN,2,2027,train_with_validation_monitoring,48,0.801682710647583,0.6976882219314575
30min,TCN,2,2027,train_with_validation_monitoring,49,0.7776343822479248,0.6907088160514832
30min,TCN,2,2027,train_with_validation_monitoring,50,0.7660764455795288,0.6828547716140747
30min,TCN,2,2027,train_with_validation_monitoring,51,0.7547473907470703,0.6750057339668274
30min,TCN,2,2027,train_with_validation_monitoring,52,0.7663668990135193,0.6675587296485901
30min,TCN,2,2027,train_with_validation_monitoring,53,0.77072674036026,0.6601709723472595
30min,TCN,2,2027,train_with_validation_monitoring,54,0.7714043855667114,0.652628481388092
30min,TCN,2,2027,train_with_validation_monitoring,55,0.7873812913894653,0.6458881497383118
30min,TCN,2,2027,train_with_validation_monitoring,56,0.7749168872833252,0.6393680572509766
30min,TCN,2,2027,train_with_validation_monitoring,57,0.7781369686126709,0.6337338089942932
30min,TCN,2,2027,train_with_validation_monitoring,58,0.7428486347198486,0.6286150217056274
30min,TCN,2,2027,train_with_validation_monitoring,59,0.7243653535842896,0.6237414479255676
30min,TCN,2,2027,train_with_validation_monitoring,60,0.7197502851486206,0.6188130378723145
30min,TCN,2,2027,train_with_validation_monitoring,61,0.7013851404190063,0.6150322556495667
30min,TCN,2,2027,train_with_validation_monitoring,62,0.7111425995826721,0.6120598316192627
30min,TCN,2,2027,train_with_validation_monitoring,63,0.6853677034378052,0.6095482707023621
30min,TCN,2,2027,train_with_validation_monitoring,64,0.7135934233665466,0.6063445210456848
30min,TCN,2,2027,train_with_validation_monitoring,65,0.7076990604400635,0.602702796459198
30min,TCN,2,2027,train_with_validation_monitoring,66,0.6758801341056824,0.5975672602653503
30min,TCN,2,2027,train_with_validation_monitoring,67,0.6899172067642212,0.5925537347793579
30min,TCN,2,2027,train_with_validation_monitoring,68,0.6807979941368103,0.5862431526184082
30min,TCN,2,2027,train_with_validation_monitoring,69,0.6777832508087158,0.5797434449195862
30min,TCN,2,2027,train_with_validation_monitoring,70,0.6698213815689087,0.5725499987602234
30min,TCN,2,2027,train_with_validation_monitoring,71,0.6290944218635559,0.5654764771461487
30min,TCN,2,2027,train_with_validation_monitoring,72,0.6579450368881226,0.5586898326873779
30min,TCN,2,2027,train_with_validation_monitoring,73,0.6350129842758179,0.5519282221794128
30min,TCN,2,2027,train_with_validation_monitoring,74,0.6308249831199646,0.5454719066619873
30min,TCN,2,2027,train_with_validation_monitoring,75,0.6235432028770447,0.5400936007499695
30min,TCN,2,2027,train_with_validation_monitoring,76,0.63387531042099,0.5347382426261902
30min,TCN,2,2027,train_with_validation_monitoring,77,0.6267655491828918,0.5270287990570068
30min,TCN,2,2027,train_with_validation_monitoring,78,0.600727915763855,0.517995297908783
30min,TCN,2,2027,train_with_validation_monitoring,79,0.5866187810897827,0.5084965825080872
30min,TCN,2,2027,train_with_validation_monitoring,80,0.6115301251411438,0.49880439043045044
30min,TCN,2,2028,train_with_validation_monitoring,1,5.454100608825684,2.2299392223358154
30min,TCN,2,2028,train_with_validation_monitoring,2,3.1848948001861572,1.573471188545227
30min,TCN,2,2028,train_with_validation_monitoring,3,2.292051076889038,1.2546414136886597
30min,TCN,2,2028,train_with_validation_monitoring,4,1.9640322923660278,1.0752662420272827
30min,TCN,2,2028,train_with_validation_monitoring,5,1.6128052473068237,0.9977129101753235
30min,TCN,2,2028,train_with_validation_monitoring,6,1.4128875732421875,0.9599001407623291
30min,TCN,2,2028,train_with_validation_monitoring,7,1.3697125911712646,0.9344456791877747
30min,TCN,2,2028,train_with_validation_monitoring,8,1.395193099975586,0.9126650094985962
30min,TCN,2,2028,train_with_validation_monitoring,9,1.3110668659210205,0.887036919593811
30min,TCN,2,2028,train_with_validation_monitoring,10,1.1447923183441162,0.8611227869987488
30min,TCN,2,2028,train_with_validation_monitoring,11,1.0694656372070312,0.8381868600845337
30min,TCN,2,2028,train_with_validation_monitoring,12,1.0657559633255005,0.81690913438797
30min,TCN,2,2028,train_with_validation_monitoring,13,1.0330790281295776,0.7955452799797058
30min,TCN,2,2028,train_with_validation_monitoring,14,0.9962044954299927,0.7753503918647766
30min,TCN,2,2028,train_with_validation_monitoring,15,0.9292589426040649,0.7593287229537964
30min,TCN,2,2028,train_with_validation_monitoring,16,0.9412224292755127,0.7460460662841797
30min,TCN,2,2028,train_with_validation_monitoring,17,0.9397236704826355,0.7359279990196228
30min,TCN,2,2028,train_with_validation_monitoring,18,0.9057660698890686,0.7272968292236328
30min,TCN,2,2028,train_with_validation_monitoring,19,0.9462517499923706,0.7193403244018555
30min,TCN,2,2028,train_with_validation_monitoring,20,0.9037953615188599,0.7115866541862488
30min,TCN,2,2028,train_with_validation_monitoring,21,0.8705362677574158,0.7032718658447266
30min,TCN,2,2028,train_with_validation_monitoring,22,0.8022215962409973,0.6953336000442505
30min,TCN,2,2028,train_with_validation_monitoring,23,0.8251019716262817,0.6879588961601257
30min,TCN,2,2028,train_with_validation_monitoring,24,0.8399189710617065,0.6817539930343628
30min,TCN,2,2028,train_with_validation_monitoring,25,0.7893465757369995,0.6764153242111206
30min,TCN,2,2028,train_with_validation_monitoring,26,0.8120065927505493,0.6718174815177917
30min,TCN,2,2028,train_with_validation_monitoring,27,0.7764766216278076,0.668331503868103
30min,TCN,2,2028,train_with_validation_monitoring,28,0.7680622935295105,0.6658636927604675
30min,TCN,2,2028,train_with_validation_monitoring,29,0.7615594863891602,0.6635193228721619
30min,TCN,2,2028,train_with_validation_monitoring,30,0.807129979133606,0.6620726585388184
30min,TCN,2,2028,train_with_validation_monitoring,31,0.7630638480186462,0.6617300510406494
30min,TCN,2,2028,train_with_validation_monitoring,32,0.7497314810752869,0.6611772775650024
30min,TCN,2,2028,train_with_validation_monitoring,33,0.7573404908180237,0.6609591245651245
30min,TCN,2,2028,train_with_validation_monitoring,34,0.7218447923660278,0.6573520302772522
30min,TCN,2,2028,train_with_validation_monitoring,35,0.7051696181297302,0.65064537525177
30min,TCN,2,2028,train_with_validation_monitoring,36,0.7147216796875,0.6427974104881287
30min,TCN,2,2028,train_with_validation_monitoring,37,0.694485604763031,0.6319944858551025
30min,TCN,2,2028,train_with_validation_monitoring,38,0.6948296427726746,0.6211122274398804
30min,TCN,2,2028,train_with_validation_monitoring,39,0.682144045829773,0.6090101599693298
30min,TCN,2,2028,train_with_validation_monitoring,40,0.678224503993988,0.5955015420913696
30min,TCN,2,2028,train_with_validation_monitoring,41,0.6841694712638855,0.5820009112358093
30min,TCN,2,2028,train_with_validation_monitoring,42,0.6477237343788147,0.5678759217262268
30min,TCN,2,2028,train_with_validation_monitoring,43,0.6494146585464478,0.55338454246521
30min,TCN,2,2028,train_with_validation_monitoring,44,0.6210614442825317,0.5394284129142761
30min,TCN,2,2028,train_with_validation_monitoring,45,0.6189336180686951,0.5255254507064819
30min,TCN,2,2028,train_with_validation_monitoring,46,0.6121873259544373,0.5124404430389404
30min,TCN,2,2028,train_with_validation_monitoring,47,0.5634064078330994,0.49923673272132874
30min,TCN,2,2028,train_with_validation_monitoring,48,0.5887005925178528,0.4868025481700897
30min,TCN,2,2028,train_with_validation_monitoring,49,0.571373701095581,0.4762904644012451
30min,TCN,2,2028,train_with_validation_monitoring,50,0.5300771594047546,0.46572643518447876
30min,TCN,2,2028,train_with_validation_monitoring,51,0.5528215765953064,0.457815945148468
30min,TCN,2,2028,train_with_validation_monitoring,52,0.5647234320640564,0.4504252076148987
30min,TCN,2,2028,train_with_validation_monitoring,53,0.5264022350311279,0.44260913133621216
30min,TCN,2,2028,train_with_validation_monitoring,54,0.5409054160118103,0.4325921833515167
30min,TCN,2,2028,train_with_validation_monitoring,55,0.5135695934295654,0.42075014114379883
30min,TCN,2,2028,train_with_validation_monitoring,56,0.5187351703643799,0.40873590111732483
30min,TCN,2,2028,train_with_validation_monitoring,57,0.5066556930541992,0.3949114978313446
30min,TCN,2,2028,train_with_validation_monitoring,58,0.4972566068172455,0.3816450536251068
30min,TCN,2,2028,train_with_validation_monitoring,59,0.48075324296951294,0.3702249228954315
30min,TCN,2,2028,train_with_validation_monitoring,60,0.48401129245758057,0.36090439558029175
30min,TCN,2,2028,train_with_validation_monitoring,61,0.49399298429489136,0.3533848822116852
30min,TCN,2,2028,train_with_validation_monitoring,62,0.46116721630096436,0.3479697108268738
30min,TCN,2,2028,train_with_validation_monitoring,63,0.47956767678260803,0.344896137714386
30min,TCN,2,2028,train_with_validation_monitoring,64,0.43142902851104736,0.3421951234340668
30min,TCN,2,2028,train_with_validation_monitoring,65,0.48042744398117065,0.3379068076610565
30min,TCN,2,2028,train_with_validation_monitoring,66,0.43065324425697327,0.3329657018184662
30min,TCN,2,2028,train_with_validation_monitoring,67,0.42204126715660095,0.32583048939704895
30min,TCN,2,2028,train_with_validation_monitoring,68,0.44476649165153503,0.31741973757743835
30min,TCN,2,2028,train_with_validation_monitoring,69,0.41610175371170044,0.3108581304550171
30min,TCN,2,2028,train_with_validation_monitoring,70,0.41296452283859253,0.30668002367019653
30min,TCN,2,2028,train_with_validation_monitoring,71,0.4186679422855377,0.30338600277900696
30min,TCN,2,2028,train_with_validation_monitoring,72,0.39050382375717163,0.3003382086753845
30min,TCN,2,2028,train_with_validation_monitoring,73,0.38871362805366516,0.2990663945674896
30min,TCN,2,2028,train_with_validation_monitoring,74,0.3902342617511749,0.29798734188079834
30min,TCN,2,2028,train_with_validation_monitoring,75,0.4101623296737671,0.2971663773059845
30min,TCN,2,2028,train_with_validation_monitoring,76,0.41203799843788147,0.2963850200176239
30min,TCN,2,2028,train_with_validation_monitoring,77,0.37383997440338135,0.2943464517593384
30min,TCN,2,2028,train_with_validation_monitoring,78,0.3290519416332245,0.29064980149269104
30min,TCN,2,2028,train_with_validation_monitoring,79,0.3428845703601837,0.28697097301483154
30min,TCN,2,2028,train_with_validation_monitoring,80,0.3519422113895416,0.28304222226142883
60min,MLP,1,2026,train_with_validation_monitoring,1,2.0433833599090576,1.895927906036377
60min,MLP,1,2026,train_with_validation_monitoring,2,1.5843262672424316,1.5239030122756958
60min,MLP,1,2026,train_with_validation_monitoring,3,1.1964795589447021,1.25916588306427
60min,MLP,1,2026,train_with_validation_monitoring,4,0.9762066006660461,1.0831300020217896
60min,MLP,1,2026,train_with_validation_monitoring,5,0.8248487114906311,0.9444893002510071
60min,MLP,1,2026,train_with_validation_monitoring,6,0.6823592782020569,0.8473777770996094
60min,MLP,1,2026,train_with_validation_monitoring,7,0.6087232232093811,0.790761411190033
60min,MLP,1,2026,train_with_validation_monitoring,8,0.5039371848106384,0.7526559233665466
60min,MLP,1,2026,train_with_validation_monitoring,9,0.482398122549057,0.7226284146308899
60min,MLP,1,2026,train_with_validation_monitoring,10,0.42573726177215576,0.7070674896240234
60min,MLP,1,2026,train_with_validation_monitoring,11,0.4191310703754425,0.6926277875900269
60min,MLP,1,2026,train_with_validation_monitoring,12,0.4418600797653198,0.6846633553504944
60min,MLP,1,2026,train_with_validation_monitoring,13,0.42868202924728394,0.6668583154678345
60min,MLP,1,2026,train_with_validation_monitoring,14,0.3858051896095276,0.6529810428619385
60min,MLP,1,2026,train_with_validation_monitoring,15,0.3505701422691345,0.6319776177406311
60min,MLP,1,2026,train_with_validation_monitoring,16,0.3897741138935089,0.6035552024841309
60min,MLP,1,2026,train_with_validation_monitoring,17,0.31733155250549316,0.5766180157661438
60min,MLP,1,2026,train_with_validation_monitoring,18,0.3996284604072571,0.5501866936683655
60min,MLP,1,2026,train_with_validation_monitoring,19,0.34698599576950073,0.5265427231788635
60min,MLP,1,2026,train_with_validation_monitoring,20,0.3494175672531128,0.5042697787284851
60min,MLP,1,2026,train_with_validation_monitoring,21,0.3298950791358948,0.4817882776260376
60min,MLP,1,2026,train_with_validation_monitoring,22,0.3438940942287445,0.45978549122810364
60min,MLP,1,2026,train_with_validation_monitoring,23,0.3079356849193573,0.44126924872398376
60min,MLP,1,2026,train_with_validation_monitoring,24,0.2707864046096802,0.425404816865921
60min,MLP,1,2026,train_with_validation_monitoring,25,0.23708921670913696,0.40883880853652954
60min,MLP,1,2026,train_with_validation_monitoring,26,0.28531613945961,0.3961429297924042
60min,MLP,1,2026,train_with_validation_monitoring,27,0.2671513557434082,0.38544684648513794
60min,MLP,1,2026,train_with_validation_monitoring,28,0.23365375399589539,0.3784332573413849
60min,MLP,1,2026,train_with_validation_monitoring,29,0.2547307312488556,0.373484343290329
60min,MLP,1,2026,train_with_validation_monitoring,30,0.23478874564170837,0.37106141448020935
60min,MLP,1,2026,train_with_validation_monitoring,31,0.26062873005867004,0.36998334527015686
60min,MLP,1,2026,train_with_validation_monitoring,32,0.2359929233789444,0.36623719334602356
60min,MLP,1,2026,train_with_validation_monitoring,33,0.2332828938961029,0.36302855610847473
60min,MLP,1,2026,train_with_validation_monitoring,34,0.2259817272424698,0.359426885843277
60min,MLP,1,2026,train_with_validation_monitoring,35,0.2390984147787094,0.3521649241447449
60min,MLP,1,2026,train_with_validation_monitoring,36,0.22447071969509125,0.3410002291202545
60min,MLP,1,2026,train_with_validation_monitoring,37,0.24129602313041687,0.3273402154445648
60min,MLP,1,2026,train_with_validation_monitoring,38,0.19739626348018646,0.3161209225654602
60min,MLP,1,2026,train_with_validation_monitoring,39,0.21023426949977875,0.3049553632736206
60min,MLP,1,2026,train_with_validation_monitoring,40,0.2127027064561844,0.2953740358352661
60min,MLP,1,2026,train_with_validation_monitoring,41,0.19857048988342285,0.2866082787513733
60min,MLP,1,2026,train_with_validation_monitoring,42,0.21260866522789001,0.2802301049232483
60min,MLP,1,2026,train_with_validation_monitoring,43,0.2231900691986084,0.2762308716773987
60min,MLP,1,2026,train_with_validation_monitoring,44,0.18734513223171234,0.2731347680091858
60min,MLP,1,2026,train_with_validation_monitoring,45,0.19219601154327393,0.2704419493675232
60min,MLP,1,2026,train_with_validation_monitoring,46,0.17286662757396698,0.26969748735427856
60min,MLP,1,2026,train_with_validation_monitoring,47,0.2125045508146286,0.27078142762184143
60min,MLP,1,2026,train_with_validation_monitoring,48,0.2031315267086029,0.2710247039794922
60min,MLP,1,2026,train_with_validation_monitoring,49,0.19071093201637268,0.27139249444007874
60min,MLP,1,2026,train_with_validation_monitoring,50,0.20352992415428162,0.274231493473053
60min,MLP,1,2026,train_with_validation_monitoring,51,0.18609966337680817,0.2787631154060364
60min,MLP,1,2026,train_with_validation_monitoring,52,0.18072693049907684,0.28014108538627625
60min,MLP,1,2026,train_with_validation_monitoring,53,0.17569835484027863,0.2816992402076721
60min,MLP,1,2026,train_with_validation_monitoring,54,0.18527701497077942,0.2830318808555603
60min,MLP,1,2026,train_with_validation_monitoring,55,0.1884233057498932,0.28469496965408325
60min,MLP,1,2026,train_with_validation_monitoring,56,0.18185845017433167,0.2841673195362091
60min,MLP,1,2027,train_with_validation_monitoring,1,1.5989940166473389,1.422289490699768
60min,MLP,1,2027,train_with_validation_monitoring,2,1.3223209381103516,1.1249462366104126
60min,MLP,1,2027,train_with_validation_monitoring,3,1.0537238121032715,0.9484442472457886
60min,MLP,1,2027,train_with_validation_monitoring,4,0.9083162546157837,0.8617847561836243
60min,MLP,1,2027,train_with_validation_monitoring,5,0.8133106827735901,0.8163322806358337
60min,MLP,1,2027,train_with_validation_monitoring,6,0.7283841371536255,0.7891348600387573
60min,MLP,1,2027,train_with_validation_monitoring,7,0.5988430976867676,0.7700334787368774
60min,MLP,1,2027,train_with_validation_monitoring,8,0.5281380414962769,0.7362951040267944
60min,MLP,1,2027,train_with_validation_monitoring,9,0.5558940172195435,0.7003745436668396
60min,MLP,1,2027,train_with_validation_monitoring,10,0.45377475023269653,0.6655675172805786
60min,MLP,1,2027,train_with_validation_monitoring,11,0.43407681584358215,0.6290634274482727
60min,MLP,1,2027,train_with_validation_monitoring,12,0.4584335386753082,0.5866626501083374
60min,MLP,1,2027,train_with_validation_monitoring,13,0.3576083183288574,0.5493242740631104
60min,MLP,1,2027,train_with_validation_monitoring,14,0.4100048840045929,0.5214238166809082
60min,MLP,1,2027,train_with_validation_monitoring,15,0.4036718010902405,0.49123629927635193
60min,MLP,1,2027,train_with_validation_monitoring,16,0.3106318414211273,0.46520543098449707
60min,MLP,1,2027,train_with_validation_monitoring,17,0.3637736439704895,0.44583943486213684
60min,MLP,1,2027,train_with_validation_monitoring,18,0.36274412274360657,0.42692163586616516
60min,MLP,1,2027,train_with_validation_monitoring,19,0.3463604748249054,0.4124920666217804
60min,MLP,1,2027,train_with_validation_monitoring,20,0.30040276050567627,0.4058341085910797
60min,MLP,1,2027,train_with_validation_monitoring,21,0.26135069131851196,0.4026198089122772
60min,MLP,1,2027,train_with_validation_monitoring,22,0.26564034819602966,0.40021833777427673
60min,MLP,1,2027,train_with_validation_monitoring,23,0.3415183424949646,0.3979235589504242
60min,MLP,1,2027,train_with_validation_monitoring,24,0.24040403962135315,0.3957776129245758
60min,MLP,1,2027,train_with_validation_monitoring,25,0.23409733176231384,0.3908138573169708
60min,MLP,1,2027,train_with_validation_monitoring,26,0.26546019315719604,0.3828747272491455
60min,MLP,1,2027,train_with_validation_monitoring,27,0.2434847354888916,0.3733454942703247
60min,MLP,1,2027,train_with_validation_monitoring,28,0.21751688420772552,0.36367541551589966
60min,MLP,1,2027,train_with_validation_monitoring,29,0.22796759009361267,0.3518473505973816
60min,MLP,1,2027,train_with_validation_monitoring,30,0.23099753260612488,0.3417504131793976
60min,MLP,1,2027,train_with_validation_monitoring,31,0.19906854629516602,0.33161747455596924
60min,MLP,1,2027,train_with_validation_monitoring,32,0.25828877091407776,0.3223811984062195
60min,MLP,1,2027,train_with_validation_monitoring,33,0.21226857602596283,0.3150041401386261
60min,MLP,1,2027,train_with_validation_monitoring,34,0.20118258893489838,0.3071654438972473
60min,MLP,1,2027,train_with_validation_monitoring,35,0.2330280840396881,0.30134016275405884
60min,MLP,1,2027,train_with_validation_monitoring,36,0.2215479016304016,0.2970190644264221
60min,MLP,1,2027,train_with_validation_monitoring,37,0.20089071989059448,0.2938118278980255
60min,MLP,1,2027,train_with_validation_monitoring,38,0.207566499710083,0.2919508218765259
60min,MLP,1,2027,train_with_validation_monitoring,39,0.2184688150882721,0.29110535979270935
60min,MLP,1,2027,train_with_validation_monitoring,40,0.20285269618034363,0.2907790541648865
60min,MLP,1,2027,train_with_validation_monitoring,41,0.1739581823348999,0.29194220900535583
60min,MLP,1,2027,train_with_validation_monitoring,42,0.16198541224002838,0.292312890291214
60min,MLP,1,2027,train_with_validation_monitoring,43,0.20284293591976166,0.29423436522483826
60min,MLP,1,2027,train_with_validation_monitoring,44,0.19878871738910675,0.29638004302978516
60min,MLP,1,2027,train_with_validation_monitoring,45,0.18886758387088776,0.29653266072273254
60min,MLP,1,2027,train_with_validation_monitoring,46,0.19039593636989594,0.2963414490222931
60min,MLP,1,2027,train_with_validation_monitoring,47,0.18260861933231354,0.2970374524593353
60min,MLP,1,2027,train_with_validation_monitoring,48,0.18891051411628723,0.2968437969684601
60min,MLP,1,2027,train_with_validation_monitoring,49,0.1848343163728714,0.29600295424461365
60min,MLP,1,2027,train_with_validation_monitoring,50,0.17658865451812744,0.2950895130634308
60min,MLP,1,2028,train_with_validation_monitoring,1,2.072711944580078,1.8395780324935913
60min,MLP,1,2028,train_with_validation_monitoring,2,1.7282143831253052,1.3754620552062988
60min,MLP,1,2028,train_with_validation_monitoring,3,1.3186626434326172,1.1537543535232544
60min,MLP,1,2028,train_with_validation_monitoring,4,0.9676488041877747,1.102965235710144
60min,MLP,1,2028,train_with_validation_monitoring,5,0.864130973815918,1.128250241279602
60min,MLP,1,2028,train_with_validation_monitoring,6,0.8420892953872681,1.1789263486862183
60min,MLP,1,2028,train_with_validation_monitoring,7,0.6918572783470154,1.2127989530563354
60min,MLP,1,2028,train_with_validation_monitoring,8,0.6348136067390442,1.1964212656021118
60min,MLP,1,2028,train_with_validation_monitoring,9,0.6407137513160706,1.125624418258667
60min,MLP,1,2028,train_with_validation_monitoring,10,0.5442241430282593,1.085510492324829
60min,MLP,1,2028,train_with_validation_monitoring,11,0.560888409614563,1.0398284196853638
60min,MLP,1,2028,train_with_validation_monitoring,12,0.4881134033203125,0.9962784051895142
60min,MLP,1,2028,train_with_validation_monitoring,13,0.4855906665325165,0.9592379331588745
60min,MLP,1,2028,train_with_validation_monitoring,14,0.47725245356559753,0.9239902496337891
60min,MLP,1,2028,train_with_validation_monitoring,15,0.44204381108283997,0.8883016705513
60min,MLP,1,2028,train_with_validation_monitoring,16,0.44505906105041504,0.857471227645874
60min,MLP,1,2028,train_with_validation_monitoring,17,0.4115106463432312,0.8300822973251343
60min,MLP,1,2028,train_with_validation_monitoring,18,0.3534463942050934,0.8063862323760986
60min,MLP,1,2028,train_with_validation_monitoring,19,0.3875260055065155,0.7854176163673401
60min,MLP,1,2028,train_with_validation_monitoring,20,0.40371042490005493,0.7673850655555725
60min,MLP,1,2028,train_with_validation_monitoring,21,0.3815482556819916,0.7539576888084412
60min,MLP,1,2028,train_with_validation_monitoring,22,0.3785170912742615,0.7382373213768005
60min,MLP,1,2028,train_with_validation_monitoring,23,0.3587213158607483,0.7231725454330444
60min,MLP,1,2028,train_with_validation_monitoring,24,0.346240371465683,0.7093318700790405
60min,MLP,1,2028,train_with_validation_monitoring,25,0.30746138095855713,0.6954061985015869
60min,MLP,1,2028,train_with_validation_monitoring,26,0.32467395067214966,0.6814274191856384
60min,MLP,1,2028,train_with_validation_monitoring,27,0.33391135931015015,0.6689260601997375
60min,MLP,1,2028,train_with_validation_monitoring,28,0.3061330020427704,0.6594069004058838
60min,MLP,1,2028,train_with_validation_monitoring,29,0.32701826095581055,0.6493622064590454
60min,MLP,1,2028,train_with_validation_monitoring,30,0.2955591678619385,0.6430391073226929
60min,MLP,1,2028,train_with_validation_monitoring,31,0.29487335681915283,0.6337391138076782
60min,MLP,1,2028,train_with_validation_monitoring,32,0.3379853069782257,0.627852737903595
60min,MLP,1,2028,train_with_validation_monitoring,33,0.3208722472190857,0.6239551901817322
60min,MLP,1,2028,train_with_validation_monitoring,34,0.322735995054245,0.6175857782363892
60min,MLP,1,2028,train_with_validation_monitoring,35,0.28236904740333557,0.6127897500991821
60min,MLP,1,2028,train_with_validation_monitoring,36,0.280273973941803,0.607332706451416
60min,MLP,1,2028,train_with_validation_monitoring,37,0.2988545000553131,0.6016794443130493
60min,MLP,1,2028,train_with_validation_monitoring,38,0.2510972023010254,0.597043514251709
60min,MLP,1,2028,train_with_validation_monitoring,39,0.3006570041179657,0.5916155576705933
60min,MLP,1,2028,train_with_validation_monitoring,40,0.250154048204422,0.5871954560279846
60min,MLP,1,2028,train_with_validation_monitoring,41,0.2930413484573364,0.5827905535697937
60min,MLP,1,2028,train_with_validation_monitoring,42,0.27215296030044556,0.5771734118461609
60min,MLP,1,2028,train_with_validation_monitoring,43,0.22644248604774475,0.5725715756416321
60min,MLP,1,2028,train_with_validation_monitoring,44,0.25872477889060974,0.5684154629707336
60min,MLP,1,2028,train_with_validation_monitoring,45,0.29655852913856506,0.5645340085029602
60min,MLP,1,2028,train_with_validation_monitoring,46,0.26469874382019043,0.5583996176719666
60min,MLP,1,2028,train_with_validation_monitoring,47,0.2715606391429901,0.5502484440803528
60min,MLP,1,2028,train_with_validation_monitoring,48,0.23478581011295319,0.5387682318687439
60min,MLP,1,2028,train_with_validation_monitoring,49,0.2281332015991211,0.5272319316864014
60min,MLP,1,2028,train_with_validation_monitoring,50,0.2640325725078583,0.5159960985183716
60min,MLP,1,2028,train_with_validation_monitoring,51,0.21424390375614166,0.5074920654296875
60min,MLP,1,2028,train_with_validation_monitoring,52,0.24742095172405243,0.4995879530906677
60min,MLP,1,2028,train_with_validation_monitoring,53,0.22763998806476593,0.4904789328575134
60min,MLP,1,2028,train_with_validation_monitoring,54,0.24568869173526764,0.481425940990448
60min,MLP,1,2028,train_with_validation_monitoring,55,0.2189418524503708,0.4735252857208252
60min,MLP,1,2028,train_with_validation_monitoring,56,0.26609310507774353,0.46354272961616516
60min,MLP,1,2028,train_with_validation_monitoring,57,0.2254994660615921,0.4553501009941101
60min,MLP,1,2028,train_with_validation_monitoring,58,0.21275101602077484,0.4487757980823517
60min,MLP,1,2028,train_with_validation_monitoring,59,0.21234329044818878,0.4446095824241638
60min,MLP,1,2028,train_with_validation_monitoring,60,0.24809545278549194,0.44405677914619446
60min,MLP,1,2028,train_with_validation_monitoring,61,0.2209351509809494,0.4463825821876526
60min,MLP,1,2028,train_with_validation_monitoring,62,0.22016167640686035,0.4500432312488556
60min,MLP,1,2028,train_with_validation_monitoring,63,0.21791689097881317,0.4517657160758972
60min,MLP,1,2028,train_with_validation_monitoring,64,0.2068699300289154,0.45359179377555847
60min,MLP,1,2028,train_with_validation_monitoring,65,0.187575101852417,0.45510098338127136
60min,MLP,1,2028,train_with_validation_monitoring,66,0.2298908233642578,0.45397141575813293
60min,MLP,1,2028,train_with_validation_monitoring,67,0.21028852462768555,0.4535917043685913
60min,MLP,1,2028,train_with_validation_monitoring,68,0.19026018679141998,0.4525171220302582
60min,MLP,1,2028,train_with_validation_monitoring,69,0.19443418085575104,0.45177897810935974
60min,MLP,1,2028,train_with_validation_monitoring,70,0.2374270111322403,0.4499555230140686
60min,MLP,2,2026,train_with_validation_monitoring,1,1.9360030889511108,1.5938382148742676
60min,MLP,2,2026,train_with_validation_monitoring,2,1.6537684202194214,1.3381569385528564
60min,MLP,2,2026,train_with_validation_monitoring,3,1.4503923654556274,1.1601845026016235
60min,MLP,2,2026,train_with_validation_monitoring,4,1.1508969068527222,1.0384269952774048
60min,MLP,2,2026,train_with_validation_monitoring,5,1.0271159410476685,0.9451057314872742
60min,MLP,2,2026,train_with_validation_monitoring,6,0.8521891832351685,0.8796795606613159
60min,MLP,2,2026,train_with_validation_monitoring,7,0.8015203475952148,0.8347652554512024
60min,MLP,2,2026,train_with_validation_monitoring,8,0.7200824022293091,0.7967247366905212
60min,MLP,2,2026,train_with_validation_monitoring,9,0.5617440938949585,0.766441822052002
60min,MLP,2,2026,train_with_validation_monitoring,10,0.6332330703735352,0.7422240972518921
60min,MLP,2,2026,train_with_validation_monitoring,11,0.5572255253791809,0.7202107906341553
60min,MLP,2,2026,train_with_validation_monitoring,12,0.5644504427909851,0.7003368139266968
60min,MLP,2,2026,train_with_validation_monitoring,13,0.4220840036869049,0.6819029450416565
60min,MLP,2,2026,train_with_validation_monitoring,14,0.5266027450561523,0.6633405089378357
60min,MLP,2,2026,train_with_validation_monitoring,15,0.44667699933052063,0.6423411965370178
60min,MLP,2,2026,train_with_validation_monitoring,16,0.4844118356704712,0.6196102499961853
60min,MLP,2,2026,train_with_validation_monitoring,17,0.38110682368278503,0.59792160987854
60min,MLP,2,2026,train_with_validation_monitoring,18,0.35049980878829956,0.5802896022796631
60min,MLP,2,2026,train_with_validation_monitoring,19,0.38070443272590637,0.5620837211608887
60min,MLP,2,2026,train_with_validation_monitoring,20,0.39454585313796997,0.5424897074699402
60min,MLP,2,2026,train_with_validation_monitoring,21,0.3667713403701782,0.5228860974311829
60min,MLP,2,2026,train_with_validation_monitoring,22,0.31205540895462036,0.5026300549507141
60min,MLP,2,2026,train_with_validation_monitoring,23,0.31447282433509827,0.48248302936553955
60min,MLP,2,2026,train_with_validation_monitoring,24,0.30568456649780273,0.4642806947231293
60min,MLP,2,2026,train_with_validation_monitoring,25,0.33210358023643494,0.44774529337882996
60min,MLP,2,2026,train_with_validation_monitoring,26,0.3350318372249603,0.4315594732761383
60min,MLP,2,2026,train_with_validation_monitoring,27,0.2955018877983093,0.4153920114040375
60min,MLP,2,2026,train_with_validation_monitoring,28,0.29910916090011597,0.40185418725013733
60min,MLP,2,2026,train_with_validation_monitoring,29,0.27540847659111023,0.3889053463935852
60min,MLP,2,2026,train_with_validation_monitoring,30,0.2766954004764557,0.3765830397605896
60min,MLP,2,2026,train_with_validation_monitoring,31,0.2944704294204712,0.3667706251144409
60min,MLP,2,2026,train_with_validation_monitoring,32,0.26940274238586426,0.3582006096839905
60min,MLP,2,2026,train_with_validation_monitoring,33,0.2588425278663635,0.3513396680355072
60min,MLP,2,2026,train_with_validation_monitoring,34,0.2518654465675354,0.34562546014785767
60min,MLP,2,2026,train_with_validation_monitoring,35,0.2481272667646408,0.34107622504234314
60min,MLP,2,2026,train_with_validation_monitoring,36,0.23012705147266388,0.3370663821697235
60min,MLP,2,2026,train_with_validation_monitoring,37,0.25841593742370605,0.3333846926689148
60min,MLP,2,2026,train_with_validation_monitoring,38,0.26697495579719543,0.3315180540084839
60min,MLP,2,2026,train_with_validation_monitoring,39,0.23189705610275269,0.329310804605484
60min,MLP,2,2026,train_with_validation_monitoring,40,0.23243947327136993,0.32667967677116394
60min,MLP,2,2026,train_with_validation_monitoring,41,0.25179004669189453,0.324444442987442
60min,MLP,2,2026,train_with_validation_monitoring,42,0.2363273650407791,0.3221838176250458
60min,MLP,2,2026,train_with_validation_monitoring,43,0.22455090284347534,0.3217676877975464
60min,MLP,2,2026,train_with_validation_monitoring,44,0.20177556574344635,0.32124239206314087
60min,MLP,2,2026,train_with_validation_monitoring,45,0.24371494352817535,0.32133808732032776
60min,MLP,2,2026,train_with_validation_monitoring,46,0.20412719249725342,0.3214467167854309
60min,MLP,2,2026,train_with_validation_monitoring,47,0.22603683173656464,0.32033637166023254
60min,MLP,2,2026,train_with_validation_monitoring,48,0.2225264608860016,0.31947576999664307
60min,MLP,2,2026,train_with_validation_monitoring,49,0.22220084071159363,0.31904032826423645
60min,MLP,2,2026,train_with_validation_monitoring,50,0.2479146271944046,0.31833863258361816
60min,MLP,2,2026,train_with_validation_monitoring,51,0.22083212435245514,0.31722575426101685
60min,MLP,2,2026,train_with_validation_monitoring,52,0.21382330358028412,0.3180304169654846
60min,MLP,2,2026,train_with_validation_monitoring,53,0.24692529439926147,0.3179824650287628
60min,MLP,2,2026,train_with_validation_monitoring,54,0.19867250323295593,0.31601497530937195
60min,MLP,2,2026,train_with_validation_monitoring,55,0.19314123690128326,0.3140697479248047
60min,MLP,2,2026,train_with_validation_monitoring,56,0.19451911747455597,0.31278854608535767
60min,MLP,2,2026,train_with_validation_monitoring,57,0.16645337641239166,0.3116436302661896
60min,MLP,2,2026,train_with_validation_monitoring,58,0.2031383067369461,0.3087100088596344
60min,MLP,2,2026,train_with_validation_monitoring,59,0.1700039952993393,0.3065245449542999
60min,MLP,2,2026,train_with_validation_monitoring,60,0.1998269259929657,0.3050123155117035
60min,MLP,2,2026,train_with_validation_monitoring,61,0.18761777877807617,0.30438005924224854
60min,MLP,2,2026,train_with_validation_monitoring,62,0.18686801195144653,0.30462560057640076
60min,MLP,2,2026,train_with_validation_monitoring,63,0.18262571096420288,0.3031580150127411
60min,MLP,2,2026,train_with_validation_monitoring,64,0.16194719076156616,0.3026999235153198
60min,MLP,2,2026,train_with_validation_monitoring,65,0.19864988327026367,0.3022107779979706
60min,MLP,2,2026,train_with_validation_monitoring,66,0.20827890932559967,0.3008805513381958
60min,MLP,2,2026,train_with_validation_monitoring,67,0.1831977814435959,0.29989537596702576
60min,MLP,2,2026,train_with_validation_monitoring,68,0.18729105591773987,0.299989253282547
60min,MLP,2,2026,train_with_validation_monitoring,69,0.21440857648849487,0.2998126447200775
60min,MLP,2,2026,train_with_validation_monitoring,70,0.14719273149967194,0.30038946866989136
60min,MLP,2,2026,train_with_validation_monitoring,71,0.17495417594909668,0.3016093075275421
60min,MLP,2,2026,train_with_validation_monitoring,72,0.17748793959617615,0.30215999484062195
60min,MLP,2,2026,train_with_validation_monitoring,73,0.17214646935462952,0.30208882689476013
60min,MLP,2,2026,train_with_validation_monitoring,74,0.18819642066955566,0.30202603340148926
60min,MLP,2,2026,train_with_validation_monitoring,75,0.17732399702072144,0.3020155727863312
60min,MLP,2,2026,train_with_validation_monitoring,76,0.19605758786201477,0.30209973454475403
60min,MLP,2,2026,train_with_validation_monitoring,77,0.15654467046260834,0.3020080029964447
60min,MLP,2,2026,train_with_validation_monitoring,78,0.1694822460412979,0.30224281549453735
60min,MLP,2,2026,train_with_validation_monitoring,79,0.1629713475704193,0.30244189500808716
60min,MLP,2,2027,train_with_validation_monitoring,1,1.8448379039764404,1.042538046836853
60min,MLP,2,2027,train_with_validation_monitoring,2,1.6938880681991577,0.8574667572975159
60min,MLP,2,2027,train_with_validation_monitoring,3,1.3732185363769531,0.7456108331680298
60min,MLP,2,2027,train_with_validation_monitoring,4,1.229674220085144,0.6820507645606995
60min,MLP,2,2027,train_with_validation_monitoring,5,0.899358332157135,0.6440352201461792
60min,MLP,2,2027,train_with_validation_monitoring,6,0.8844683170318604,0.6293380856513977
60min,MLP,2,2027,train_with_validation_monitoring,7,0.7883613705635071,0.6297341585159302
60min,MLP,2,2027,train_with_validation_monitoring,8,0.7396128177642822,0.6296771764755249
60min,MLP,2,2027,train_with_validation_monitoring,9,0.6802324652671814,0.6280617117881775
60min,MLP,2,2027,train_with_validation_monitoring,10,0.6370071768760681,0.6277891993522644
60min,MLP,2,2027,train_with_validation_monitoring,11,0.4893646240234375,0.6207683086395264
60min,MLP,2,2027,train_with_validation_monitoring,12,0.6221733093261719,0.6098574995994568
60min,MLP,2,2027,train_with_validation_monitoring,13,0.5058014392852783,0.5964211821556091
60min,MLP,2,2027,train_with_validation_monitoring,14,0.461028128862381,0.5792135000228882
60min,MLP,2,2027,train_with_validation_monitoring,15,0.4666438400745392,0.5601252913475037
60min,MLP,2,2027,train_with_validation_monitoring,16,0.48716220259666443,0.5353885889053345
60min,MLP,2,2027,train_with_validation_monitoring,17,0.42651763558387756,0.5126188397407532
60min,MLP,2,2027,train_with_validation_monitoring,18,0.40073415637016296,0.4834356904029846
60min,MLP,2,2027,train_with_validation_monitoring,19,0.4065437316894531,0.4543395936489105
60min,MLP,2,2027,train_with_validation_monitoring,20,0.40560585260391235,0.4181831181049347
60min,MLP,2,2027,train_with_validation_monitoring,21,0.39519041776657104,0.38578343391418457
60min,MLP,2,2027,train_with_validation_monitoring,22,0.30282601714134216,0.3550337851047516
60min,MLP,2,2027,train_with_validation_monitoring,23,0.3249285817146301,0.32858920097351074
60min,MLP,2,2027,train_with_validation_monitoring,24,0.38360172510147095,0.30639350414276123
60min,MLP,2,2027,train_with_validation_monitoring,25,0.3045646548271179,0.28789129853248596
60min,MLP,2,2027,train_with_validation_monitoring,26,0.2953227460384369,0.27350765466690063
60min,MLP,2,2027,train_with_validation_monitoring,27,0.3098124563694,0.26333892345428467
60min,MLP,2,2027,train_with_validation_monitoring,28,0.34183454513549805,0.2559558153152466
60min,MLP,2,2027,train_with_validation_monitoring,29,0.2745973765850067,0.25081124901771545
60min,MLP,2,2027,train_with_validation_monitoring,30,0.27439558506011963,0.24783022701740265
60min,MLP,2,2027,train_with_validation_monitoring,31,0.27990075945854187,0.2462548315525055
60min,MLP,2,2027,train_with_validation_monitoring,32,0.2825515866279602,0.24608443677425385
60min,MLP,2,2027,train_with_validation_monitoring,33,0.2749764919281006,0.24857254326343536
60min,MLP,2,2027,train_with_validation_monitoring,34,0.24631811678409576,0.2514018714427948
60min,MLP,2,2027,train_with_validation_monitoring,35,0.2549915611743927,0.2568216025829315
60min,MLP,2,2027,train_with_validation_monitoring,36,0.2412891834974289,0.26315993070602417
60min,MLP,2,2027,train_with_validation_monitoring,37,0.22843985259532928,0.2700691819190979
60min,MLP,2,2027,train_with_validation_monitoring,38,0.2683081030845642,0.2738383710384369
60min,MLP,2,2027,train_with_validation_monitoring,39,0.2385554015636444,0.27660828828811646
60min,MLP,2,2027,train_with_validation_monitoring,40,0.22991184890270233,0.2784425616264343
60min,MLP,2,2027,train_with_validation_monitoring,41,0.2324983924627304,0.27978628873825073
60min,MLP,2,2027,train_with_validation_monitoring,42,0.20692725479602814,0.2812228500843048
60min,MLP,2,2028,train_with_validation_monitoring,1,2.1258277893066406,1.0524284839630127
60min,MLP,2,2028,train_with_validation_monitoring,2,1.7242200374603271,0.8989075422286987
60min,MLP,2,2028,train_with_validation_monitoring,3,1.4390500783920288,0.7916382551193237
60min,MLP,2,2028,train_with_validation_monitoring,4,1.2875444889068604,0.7246617674827576
60min,MLP,2,2028,train_with_validation_monitoring,5,0.9836065173149109,0.685518205165863
60min,MLP,2,2028,train_with_validation_monitoring,6,0.8211117386817932,0.661687433719635
60min,MLP,2,2028,train_with_validation_monitoring,7,0.7432755827903748,0.6442694067955017
60min,MLP,2,2028,train_with_validation_monitoring,8,0.7160569429397583,0.630763590335846
60min,MLP,2,2028,train_with_validation_monitoring,9,0.632368266582489,0.6217374205589294
60min,MLP,2,2028,train_with_validation_monitoring,10,0.6068271994590759,0.6104058027267456
60min,MLP,2,2028,train_with_validation_monitoring,11,0.6143965721130371,0.5998833179473877
60min,MLP,2,2028,train_with_validation_monitoring,12,0.5170888900756836,0.5924739241600037
60min,MLP,2,2028,train_with_validation_monitoring,13,0.5014322400093079,0.5836706757545471
60min,MLP,2,2028,train_with_validation_monitoring,14,0.4533597230911255,0.5767971277236938
60min,MLP,2,2028,train_with_validation_monitoring,15,0.4963001012802124,0.5696805715560913
60min,MLP,2,2028,train_with_validation_monitoring,16,0.4234791696071625,0.5598410367965698
60min,MLP,2,2028,train_with_validation_monitoring,17,0.44189679622650146,0.5451699495315552
60min,MLP,2,2028,train_with_validation_monitoring,18,0.424985408782959,0.5265392065048218
60min,MLP,2,2028,train_with_validation_monitoring,19,0.42077234387397766,0.5094021558761597
60min,MLP,2,2028,train_with_validation_monitoring,20,0.3800516128540039,0.49261653423309326
60min,MLP,2,2028,train_with_validation_monitoring,21,0.4177861213684082,0.4787460267543793
60min,MLP,2,2028,train_with_validation_monitoring,22,0.35314828157424927,0.4641578197479248
60min,MLP,2,2028,train_with_validation_monitoring,23,0.3783678412437439,0.449974924325943
60min,MLP,2,2028,train_with_validation_monitoring,24,0.3756501376628876,0.4369560182094574
60min,MLP,2,2028,train_with_validation_monitoring,25,0.3241041302680969,0.4277193248271942
60min,MLP,2,2028,train_with_validation_monitoring,26,0.32974013686180115,0.4212375283241272
60min,MLP,2,2028,train_with_validation_monitoring,27,0.28812700510025024,0.4131866693496704
60min,MLP,2,2028,train_with_validation_monitoring,28,0.29687610268592834,0.4078749418258667
60min,MLP,2,2028,train_with_validation_monitoring,29,0.2754851281642914,0.4015995264053345
60min,MLP,2,2028,train_with_validation_monitoring,30,0.32047662138938904,0.3975916802883148
60min,MLP,2,2028,train_with_validation_monitoring,31,0.287423312664032,0.3939193785190582
60min,MLP,2,2028,train_with_validation_monitoring,32,0.307425320148468,0.3908272981643677
60min,MLP,2,2028,train_with_validation_monitoring,33,0.2907279133796692,0.3882750868797302
60min,MLP,2,2028,train_with_validation_monitoring,34,0.26469871401786804,0.38503366708755493
60min,MLP,2,2028,train_with_validation_monitoring,35,0.28639131784439087,0.3807922303676605
60min,MLP,2,2028,train_with_validation_monitoring,36,0.22639641165733337,0.37653371691703796
60min,MLP,2,2028,train_with_validation_monitoring,37,0.24587902426719666,0.37191012501716614
60min,MLP,2,2028,train_with_validation_monitoring,38,0.2477356344461441,0.36752548813819885
60min,MLP,2,2028,train_with_validation_monitoring,39,0.22728869318962097,0.3637498915195465
60min,MLP,2,2028,train_with_validation_monitoring,40,0.23745445907115936,0.3597843050956726
60min,MLP,2,2028,train_with_validation_monitoring,41,0.2316809445619583,0.3558472692966461
60min,MLP,2,2028,train_with_validation_monitoring,42,0.2561417818069458,0.35295039415359497
60min,MLP,2,2028,train_with_validation_monitoring,43,0.2266349494457245,0.35029909014701843
60min,MLP,2,2028,train_with_validation_monitoring,44,0.21535621583461761,0.3471764624118805
60min,MLP,2,2028,train_with_validation_monitoring,45,0.21369460225105286,0.3440341651439667
60min,MLP,2,2028,train_with_validation_monitoring,46,0.22428491711616516,0.3420364260673523
60min,MLP,2,2028,train_with_validation_monitoring,47,0.23741576075553894,0.33988675475120544
60min,MLP,2,2028,train_with_validation_monitoring,48,0.20375756919384003,0.33746397495269775
60min,MLP,2,2028,train_with_validation_monitoring,49,0.24426604807376862,0.3338050842285156
60min,MLP,2,2028,train_with_validation_monitoring,50,0.21354429423809052,0.330353707075119
60min,MLP,2,2028,train_with_validation_monitoring,51,0.21306219696998596,0.3270248472690582
60min,MLP,2,2028,train_with_validation_monitoring,52,0.2128480225801468,0.3236647844314575
60min,MLP,2,2028,train_with_validation_monitoring,53,0.1960075944662094,0.32058367133140564
60min,MLP,2,2028,train_with_validation_monitoring,54,0.1592566817998886,0.3184732496738434
60min,MLP,2,2028,train_with_validation_monitoring,55,0.2262018471956253,0.3170417249202728
60min,MLP,2,2028,train_with_validation_monitoring,56,0.20195351541042328,0.31560879945755005
60min,MLP,2,2028,train_with_validation_monitoring,57,0.2174694687128067,0.31346824765205383
60min,MLP,2,2028,train_with_validation_monitoring,58,0.18184365332126617,0.31219103932380676
60min,MLP,2,2028,train_with_validation_monitoring,59,0.2001618891954422,0.30944621562957764
60min,MLP,2,2028,train_with_validation_monitoring,60,0.1843312382698059,0.30792638659477234
60min,MLP,2,2028,train_with_validation_monitoring,61,0.18021062016487122,0.306132972240448
60min,MLP,2,2028,train_with_validation_monitoring,62,0.1982109695672989,0.30377691984176636
60min,MLP,2,2028,train_with_validation_monitoring,63,0.19527843594551086,0.30131933093070984
60min,MLP,2,2028,train_with_validation_monitoring,64,0.16808795928955078,0.30043667554855347
60min,MLP,2,2028,train_with_validation_monitoring,65,0.1625070720911026,0.29998138546943665
60min,MLP,2,2028,train_with_validation_monitoring,66,0.19246546924114227,0.29986318945884705
60min,MLP,2,2028,train_with_validation_monitoring,67,0.23189380764961243,0.3001215159893036
60min,MLP,2,2028,train_with_validation_monitoring,68,0.1777310073375702,0.30000877380371094
60min,MLP,2,2028,train_with_validation_monitoring,69,0.17479009926319122,0.3015771806240082
60min,MLP,2,2028,train_with_validation_monitoring,70,0.17513439059257507,0.3021862208843231
60min,MLP,2,2028,train_with_validation_monitoring,71,0.19913142919540405,0.30320143699645996
60min,MLP,2,2028,train_with_validation_monitoring,72,0.16003793478012085,0.30385786294937134
60min,MLP,2,2028,train_with_validation_monitoring,73,0.15960495173931122,0.30460965633392334
60min,MLP,2,2028,train_with_validation_monitoring,74,0.18858404457569122,0.3055928349494934
60min,MLP,2,2028,train_with_validation_monitoring,75,0.16155549883842468,0.3056343197822571
60min,MLP,2,2028,train_with_validation_monitoring,76,0.18288177251815796,0.3056209087371826
60min,LSTM,1,2026,train_with_validation_monitoring,1,1.039779782295227,0.9092422723770142
60min,LSTM,1,2026,train_with_validation_monitoring,2,1.0111684799194336,0.8942015171051025
60min,LSTM,1,2026,train_with_validation_monitoring,3,0.9817436933517456,0.8824805021286011
60min,LSTM,1,2026,train_with_validation_monitoring,4,0.9691513776779175,0.8736792802810669
60min,LSTM,1,2026,train_with_validation_monitoring,5,0.9423832297325134,0.8652479648590088
60min,LSTM,1,2026,train_with_validation_monitoring,6,0.9150854349136353,0.8588550686836243
60min,LSTM,1,2026,train_with_validation_monitoring,7,0.8986305594444275,0.8537009954452515
60min,LSTM,1,2026,train_with_validation_monitoring,8,0.8658344149589539,0.8507842421531677
60min,LSTM,1,2026,train_with_validation_monitoring,9,0.8356531262397766,0.8485924005508423
60min,LSTM,1,2026,train_with_validation_monitoring,10,0.837028443813324,0.8475170731544495
60min,LSTM,1,2026,train_with_validation_monitoring,11,0.8172181248664856,0.8483561277389526
60min,LSTM,1,2026,train_with_validation_monitoring,12,0.7752434611320496,0.8507716059684753
60min,LSTM,1,2026,train_with_validation_monitoring,13,0.7894258499145508,0.8528574705123901
60min,LSTM,1,2026,train_with_validation_monitoring,14,0.7669749855995178,0.8539173603057861
60min,LSTM,1,2026,train_with_validation_monitoring,15,0.7390280961990356,0.8545291423797607
60min,LSTM,1,2026,train_with_validation_monitoring,16,0.7620423436164856,0.8546773791313171
60min,LSTM,1,2026,train_with_validation_monitoring,17,0.6999390721321106,0.8539100289344788
60min,LSTM,1,2026,train_with_validation_monitoring,18,0.7572197318077087,0.8511075377464294
60min,LSTM,1,2026,train_with_validation_monitoring,19,0.6788849830627441,0.8480419516563416
60min,LSTM,1,2026,train_with_validation_monitoring,20,0.6726149916648865,0.844609797000885
60min,LSTM,1,2026,train_with_validation_monitoring,21,0.6796972751617432,0.8401459455490112
60min,LSTM,1,2026,train_with_validation_monitoring,22,0.6589987874031067,0.8359142541885376
60min,LSTM,1,2026,train_with_validation_monitoring,23,0.6725772619247437,0.8323034644126892
60min,LSTM,1,2026,train_with_validation_monitoring,24,0.675661563873291,0.8293770551681519
60min,LSTM,1,2026,train_with_validation_monitoring,25,0.6663243174552917,0.8259930610656738
60min,LSTM,1,2026,train_with_validation_monitoring,26,0.6353092789649963,0.8220678567886353
60min,LSTM,1,2026,train_with_validation_monitoring,27,0.6299681663513184,0.8182893991470337
60min,LSTM,1,2026,train_with_validation_monitoring,28,0.662509024143219,0.8144643902778625
60min,LSTM,1,2026,train_with_validation_monitoring,29,0.6024295687675476,0.8108840584754944
60min,LSTM,1,2026,train_with_validation_monitoring,30,0.596895158290863,0.8066094517707825
60min,LSTM,1,2026,train_with_validation_monitoring,31,0.5877928733825684,0.8012251853942871
60min,LSTM,1,2026,train_with_validation_monitoring,32,0.6043737530708313,0.795843780040741
60min,LSTM,1,2026,train_with_validation_monitoring,33,0.5615281462669373,0.7918911576271057
60min,LSTM,1,2026,train_with_validation_monitoring,34,0.55733323097229,0.7874130606651306
60min,LSTM,1,2026,train_with_validation_monitoring,35,0.5673178434371948,0.7840591669082642
60min,LSTM,1,2026,train_with_validation_monitoring,36,0.4927162528038025,0.7816429138183594
60min,LSTM,1,2026,train_with_validation_monitoring,37,0.5542190074920654,0.7797620892524719
60min,LSTM,1,2026,train_with_validation_monitoring,38,0.5301491618156433,0.7773430347442627
60min,LSTM,1,2026,train_with_validation_monitoring,39,0.5422723889350891,0.7735693454742432
60min,LSTM,1,2026,train_with_validation_monitoring,40,0.5074586868286133,0.7693150043487549
60min,LSTM,1,2026,train_with_validation_monitoring,41,0.5369829535484314,0.7643710374832153
60min,LSTM,1,2026,train_with_validation_monitoring,42,0.49019721150398254,0.759331226348877
60min,LSTM,1,2026,train_with_validation_monitoring,43,0.4860003590583801,0.7538103461265564
60min,LSTM,1,2026,train_with_validation_monitoring,44,0.5085479617118835,0.7481557726860046
60min,LSTM,1,2026,train_with_validation_monitoring,45,0.4839717745780945,0.7415434718132019
60min,LSTM,1,2026,train_with_validation_monitoring,46,0.4592990577220917,0.7371463775634766
60min,LSTM,1,2026,train_with_validation_monitoring,47,0.4296620786190033,0.7340590953826904
60min,LSTM,1,2026,train_with_validation_monitoring,48,0.4726506769657135,0.7318710684776306
60min,LSTM,1,2026,train_with_validation_monitoring,49,0.4364831745624542,0.7303749322891235
60min,LSTM,1,2026,train_with_validation_monitoring,50,0.4211735725402832,0.7295647263526917
60min,LSTM,1,2026,train_with_validation_monitoring,51,0.4466373026371002,0.7277980446815491
60min,LSTM,1,2026,train_with_validation_monitoring,52,0.40250158309936523,0.723222553730011
60min,LSTM,1,2026,train_with_validation_monitoring,53,0.41811567544937134,0.7200755476951599
60min,LSTM,1,2026,train_with_validation_monitoring,54,0.4713648557662964,0.7176626920700073
60min,LSTM,1,2026,train_with_validation_monitoring,55,0.39957404136657715,0.7167180776596069
60min,LSTM,1,2026,train_with_validation_monitoring,56,0.43603312969207764,0.7141618132591248
60min,LSTM,1,2026,train_with_validation_monitoring,57,0.3506672978401184,0.7124007940292358
60min,LSTM,1,2026,train_with_validation_monitoring,58,0.4013555943965912,0.7110633850097656
60min,LSTM,1,2026,train_with_validation_monitoring,59,0.3849606215953827,0.7083585262298584
60min,LSTM,1,2026,train_with_validation_monitoring,60,0.37155774235725403,0.706042468547821
60min,LSTM,1,2026,train_with_validation_monitoring,61,0.40195614099502563,0.7030208706855774
60min,LSTM,1,2026,train_with_validation_monitoring,62,0.4316747486591339,0.6978079080581665
60min,LSTM,1,2026,train_with_validation_monitoring,63,0.37919268012046814,0.6941705942153931
60min,LSTM,1,2026,train_with_validation_monitoring,64,0.38477033376693726,0.6893826723098755
60min,LSTM,1,2026,train_with_validation_monitoring,65,0.4020196497440338,0.6840606927871704
60min,LSTM,1,2026,train_with_validation_monitoring,66,0.3605540990829468,0.6780874133110046
60min,LSTM,1,2026,train_with_validation_monitoring,67,0.3996710479259491,0.672544002532959
60min,LSTM,1,2026,train_with_validation_monitoring,68,0.3554670214653015,0.6663699150085449
60min,LSTM,1,2026,train_with_validation_monitoring,69,0.33153235912323,0.6600010991096497
60min,LSTM,1,2026,train_with_validation_monitoring,70,0.3188023567199707,0.6542770862579346
60min,LSTM,1,2026,train_with_validation_monitoring,71,0.33821168541908264,0.6488059759140015
60min,LSTM,1,2026,train_with_validation_monitoring,72,0.39998865127563477,0.6429041624069214
60min,LSTM,1,2026,train_with_validation_monitoring,73,0.34879446029663086,0.6367018222808838
60min,LSTM,1,2026,train_with_validation_monitoring,74,0.3507162630558014,0.6294203400611877
60min,LSTM,1,2026,train_with_validation_monitoring,75,0.3419322073459625,0.6220910549163818
60min,LSTM,1,2026,train_with_validation_monitoring,76,0.322049081325531,0.6156254410743713
60min,LSTM,1,2026,train_with_validation_monitoring,77,0.366544246673584,0.6107019186019897
60min,LSTM,1,2026,train_with_validation_monitoring,78,0.3387611508369446,0.6056250333786011
60min,LSTM,1,2026,train_with_validation_monitoring,79,0.2985304296016693,0.6007567644119263
60min,LSTM,1,2026,train_with_validation_monitoring,80,0.3179734945297241,0.5966470241546631
60min,LSTM,1,2027,train_with_validation_monitoring,1,1.0653445720672607,1.037164568901062
60min,LSTM,1,2027,train_with_validation_monitoring,2,1.0443038940429688,1.0080952644348145
60min,LSTM,1,2027,train_with_validation_monitoring,3,1.0047566890716553,0.9853968620300293
60min,LSTM,1,2027,train_with_validation_monitoring,4,0.98624187707901,0.9701087474822998
60min,LSTM,1,2027,train_with_validation_monitoring,5,0.9546701908111572,0.9600218534469604
60min,LSTM,1,2027,train_with_validation_monitoring,6,0.9453771114349365,0.9536023736000061
60min,LSTM,1,2027,train_with_validation_monitoring,7,0.9067429304122925,0.9497218728065491
60min,LSTM,1,2027,train_with_validation_monitoring,8,0.9123777747154236,0.9481894373893738
60min,LSTM,1,2027,train_with_validation_monitoring,9,0.8788194060325623,0.9475690126419067
60min,LSTM,1,2027,train_with_validation_monitoring,10,0.8635117411613464,0.9478107690811157
60min,LSTM,1,2027,train_with_validation_monitoring,11,0.8643630743026733,0.9477086067199707
60min,LSTM,1,2027,train_with_validation_monitoring,12,0.8461210131645203,0.9472157955169678
60min,LSTM,1,2027,train_with_validation_monitoring,13,0.8471152782440186,0.9450913071632385
60min,LSTM,1,2027,train_with_validation_monitoring,14,0.8000021576881409,0.941250741481781
60min,LSTM,1,2027,train_with_validation_monitoring,15,0.7738147377967834,0.9361850619316101
60min,LSTM,1,2027,train_with_validation_monitoring,16,0.7473916411399841,0.9305708408355713
60min,LSTM,1,2027,train_with_validation_monitoring,17,0.735638439655304,0.9259641766548157
60min,LSTM,1,2027,train_with_validation_monitoring,18,0.7237619161605835,0.9214220643043518
60min,LSTM,1,2027,train_with_validation_monitoring,19,0.731333315372467,0.9169081449508667
60min,LSTM,1,2027,train_with_validation_monitoring,20,0.7057051658630371,0.9119521379470825
60min,LSTM,1,2027,train_with_validation_monitoring,21,0.712123692035675,0.9054563641548157
60min,LSTM,1,2027,train_with_validation_monitoring,22,0.6678606867790222,0.8986696004867554
60min,LSTM,1,2027,train_with_validation_monitoring,23,0.6588061451911926,0.8900390267372131
60min,LSTM,1,2027,train_with_validation_monitoring,24,0.688263475894928,0.8804484009742737
60min,LSTM,1,2027,train_with_validation_monitoring,25,0.6550251841545105,0.8706810474395752
60min,LSTM,1,2027,train_with_validation_monitoring,26,0.5982440710067749,0.8616176843643188
60min,LSTM,1,2027,train_with_validation_monitoring,27,0.5974714159965515,0.8524564504623413
60min,LSTM,1,2027,train_with_validation_monitoring,28,0.5501836538314819,0.8435172438621521
60min,LSTM,1,2027,train_with_validation_monitoring,29,0.5738254189491272,0.836510419845581
60min,LSTM,1,2027,train_with_validation_monitoring,30,0.5484734773635864,0.8293681144714355
60min,LSTM,1,2027,train_with_validation_monitoring,31,0.5198813676834106,0.8230065703392029
60min,LSTM,1,2027,train_with_validation_monitoring,32,0.5512756705284119,0.8166628479957581
60min,LSTM,1,2027,train_with_validation_monitoring,33,0.4691421687602997,0.8122567534446716
60min,LSTM,1,2027,train_with_validation_monitoring,34,0.5155349373817444,0.8083913922309875
60min,LSTM,1,2027,train_with_validation_monitoring,35,0.5083057284355164,0.8043910264968872
60min,LSTM,1,2027,train_with_validation_monitoring,36,0.4738391637802124,0.8000903725624084
60min,LSTM,1,2027,train_with_validation_monitoring,37,0.43605130910873413,0.7948139309883118
60min,LSTM,1,2027,train_with_validation_monitoring,38,0.4721054434776306,0.7887346148490906
60min,LSTM,1,2027,train_with_validation_monitoring,39,0.4575394093990326,0.7830109000205994
60min,LSTM,1,2027,train_with_validation_monitoring,40,0.42560622096061707,0.7773681879043579
60min,LSTM,1,2027,train_with_validation_monitoring,41,0.41924142837524414,0.7677523493766785
60min,LSTM,1,2027,train_with_validation_monitoring,42,0.4257996380329132,0.7570046782493591
60min,LSTM,1,2027,train_with_validation_monitoring,43,0.36139577627182007,0.743983805179596
60min,LSTM,1,2027,train_with_validation_monitoring,44,0.3883696496486664,0.7302401065826416
60min,LSTM,1,2027,train_with_validation_monitoring,45,0.3623039126396179,0.7150688767433167
60min,LSTM,1,2027,train_with_validation_monitoring,46,0.3623580038547516,0.6951689720153809
60min,LSTM,1,2027,train_with_validation_monitoring,47,0.33579230308532715,0.6725496053695679
60min,LSTM,1,2027,train_with_validation_monitoring,48,0.29793787002563477,0.6479234099388123
60min,LSTM,1,2027,train_with_validation_monitoring,49,0.3352868854999542,0.6264120936393738
60min,LSTM,1,2027,train_with_validation_monitoring,50,0.30225449800491333,0.6013368964195251
60min,LSTM,1,2027,train_with_validation_monitoring,51,0.28656646609306335,0.5772467851638794
60min,LSTM,1,2027,train_with_validation_monitoring,52,0.2963840961456299,0.5522601008415222
60min,LSTM,1,2027,train_with_validation_monitoring,53,0.32355162501335144,0.5240036845207214
60min,LSTM,1,2027,train_with_validation_monitoring,54,0.2804112434387207,0.49205535650253296
60min,LSTM,1,2027,train_with_validation_monitoring,55,0.21596939861774445,0.461052268743515
60min,LSTM,1,2027,train_with_validation_monitoring,56,0.23891949653625488,0.4351174235343933
60min,LSTM,1,2027,train_with_validation_monitoring,57,0.24265184998512268,0.4094669222831726
60min,LSTM,1,2027,train_with_validation_monitoring,58,0.24917827546596527,0.38661786913871765
60min,LSTM,1,2027,train_with_validation_monitoring,59,0.2712762653827667,0.36760005354881287
60min,LSTM,1,2027,train_with_validation_monitoring,60,0.2598957419395447,0.352003812789917
60min,LSTM,1,2027,train_with_validation_monitoring,61,0.24981293082237244,0.33999574184417725
60min,LSTM,1,2027,train_with_validation_monitoring,62,0.260698139667511,0.32877102494239807
60min,LSTM,1,2027,train_with_validation_monitoring,63,0.24213601648807526,0.31764233112335205
60min,LSTM,1,2027,train_with_validation_monitoring,64,0.26377978920936584,0.3069172501564026
60min,LSTM,1,2027,train_with_validation_monitoring,65,0.21658927202224731,0.2971910536289215
60min,LSTM,1,2027,train_with_validation_monitoring,66,0.1948365420103073,0.28678542375564575
60min,LSTM,1,2027,train_with_validation_monitoring,67,0.2430391013622284,0.2780041992664337
60min,LSTM,1,2027,train_with_validation_monitoring,68,0.2119278609752655,0.2687162756919861
60min,LSTM,1,2027,train_with_validation_monitoring,69,0.23937445878982544,0.2606000602245331
60min,LSTM,1,2027,train_with_validation_monitoring,70,0.21975424885749817,0.2524137794971466
60min,LSTM,1,2027,train_with_validation_monitoring,71,0.1900014877319336,0.24564315378665924
60min,LSTM,1,2027,train_with_validation_monitoring,72,0.18529635667800903,0.23999406397342682
60min,LSTM,1,2027,train_with_validation_monitoring,73,0.2149777114391327,0.234385684132576
60min,LSTM,1,2027,train_with_validation_monitoring,74,0.16836293041706085,0.22985483705997467
60min,LSTM,1,2027,train_with_validation_monitoring,75,0.1938900649547577,0.2249208688735962
60min,LSTM,1,2027,train_with_validation_monitoring,76,0.20357315242290497,0.21935495734214783
60min,LSTM,1,2027,train_with_validation_monitoring,77,0.19619403779506683,0.21448320150375366
60min,LSTM,1,2027,train_with_validation_monitoring,78,0.19397494196891785,0.21026456356048584
60min,LSTM,1,2027,train_with_validation_monitoring,79,0.2174326777458191,0.20554682612419128
60min,LSTM,1,2027,train_with_validation_monitoring,80,0.22498589754104614,0.20194195210933685
60min,LSTM,1,2028,train_with_validation_monitoring,1,1.033473014831543,0.9287165403366089
60min,LSTM,1,2028,train_with_validation_monitoring,2,1.0066242218017578,0.9214615821838379
60min,LSTM,1,2028,train_with_validation_monitoring,3,0.9781137108802795,0.9118152856826782
60min,LSTM,1,2028,train_with_validation_monitoring,4,0.9560458660125732,0.9012203812599182
60min,LSTM,1,2028,train_with_validation_monitoring,5,0.915379524230957,0.8901862502098083
60min,LSTM,1,2028,train_with_validation_monitoring,6,0.8894849419593811,0.8798703551292419
60min,LSTM,1,2028,train_with_validation_monitoring,7,0.8925040364265442,0.8696371912956238
60min,LSTM,1,2028,train_with_validation_monitoring,8,0.8410609364509583,0.8609132170677185
60min,LSTM,1,2028,train_with_validation_monitoring,9,0.8385565876960754,0.8532555103302002
60min,LSTM,1,2028,train_with_validation_monitoring,10,0.793009340763092,0.845543384552002
60min,LSTM,1,2028,train_with_validation_monitoring,11,0.7908682823181152,0.8374161124229431
60min,LSTM,1,2028,train_with_validation_monitoring,12,0.7769395709037781,0.8289631009101868
60min,LSTM,1,2028,train_with_validation_monitoring,13,0.7518233060836792,0.8198542594909668
60min,LSTM,1,2028,train_with_validation_monitoring,14,0.7028589248657227,0.8107098937034607
60min,LSTM,1,2028,train_with_validation_monitoring,15,0.7171043753623962,0.8018523454666138
60min,LSTM,1,2028,train_with_validation_monitoring,16,0.6779648065567017,0.7930579781532288
60min,LSTM,1,2028,train_with_validation_monitoring,17,0.6616520881652832,0.784513533115387
60min,LSTM,1,2028,train_with_validation_monitoring,18,0.6879785060882568,0.7760864496231079
60min,LSTM,1,2028,train_with_validation_monitoring,19,0.6208653450012207,0.767650842666626
60min,LSTM,1,2028,train_with_validation_monitoring,20,0.5974993705749512,0.759421169757843
60min,LSTM,1,2028,train_with_validation_monitoring,21,0.5600094795227051,0.7514594793319702
60min,LSTM,1,2028,train_with_validation_monitoring,22,0.5540145039558411,0.7433941960334778
60min,LSTM,1,2028,train_with_validation_monitoring,23,0.5483991503715515,0.7356739640235901
60min,LSTM,1,2028,train_with_validation_monitoring,24,0.5184028148651123,0.727743923664093
60min,LSTM,1,2028,train_with_validation_monitoring,25,0.5345746874809265,0.7197450399398804
60min,LSTM,1,2028,train_with_validation_monitoring,26,0.5052793025970459,0.7098259925842285
60min,LSTM,1,2028,train_with_validation_monitoring,27,0.46373581886291504,0.6999923586845398
60min,LSTM,1,2028,train_with_validation_monitoring,28,0.4687902331352234,0.6919524669647217
60min,LSTM,1,2028,train_with_validation_monitoring,29,0.4447188377380371,0.6871291995048523
60min,LSTM,1,2028,train_with_validation_monitoring,30,0.46204298734664917,0.6829646825790405
60min,LSTM,1,2028,train_with_validation_monitoring,31,0.4232652485370636,0.67722088098526
60min,LSTM,1,2028,train_with_validation_monitoring,32,0.33726048469543457,0.6728399991989136
60min,LSTM,1,2028,train_with_validation_monitoring,33,0.4172680377960205,0.6689739227294922
60min,LSTM,1,2028,train_with_validation_monitoring,34,0.3856064975261688,0.6658139228820801
60min,LSTM,1,2028,train_with_validation_monitoring,35,0.39913538098335266,0.6612241864204407
60min,LSTM,1,2028,train_with_validation_monitoring,36,0.33101361989974976,0.6545524597167969
60min,LSTM,1,2028,train_with_validation_monitoring,37,0.3527204692363739,0.6462118029594421
60min,LSTM,1,2028,train_with_validation_monitoring,38,0.34743261337280273,0.6364589333534241
60min,LSTM,1,2028,train_with_validation_monitoring,39,0.33563148975372314,0.6238524317741394
60min,LSTM,1,2028,train_with_validation_monitoring,40,0.3659614622592926,0.6076993346214294
60min,LSTM,1,2028,train_with_validation_monitoring,41,0.3014933466911316,0.5914247632026672
60min,LSTM,1,2028,train_with_validation_monitoring,42,0.2892705500125885,0.5772548913955688
60min,LSTM,1,2028,train_with_validation_monitoring,43,0.32342153787612915,0.5663896799087524
60min,LSTM,1,2028,train_with_validation_monitoring,44,0.36598601937294006,0.5568870306015015
60min,LSTM,1,2028,train_with_validation_monitoring,45,0.2881726920604706,0.5470103025436401
60min,LSTM,1,2028,train_with_validation_monitoring,46,0.31873396039009094,0.5380402207374573
60min,LSTM,1,2028,train_with_validation_monitoring,47,0.2992422580718994,0.5290892124176025
60min,LSTM,1,2028,train_with_validation_monitoring,48,0.29799461364746094,0.5217629075050354
60min,LSTM,1,2028,train_with_validation_monitoring,49,0.2881186604499817,0.5136387348175049
60min,LSTM,1,2028,train_with_validation_monitoring,50,0.31849271059036255,0.506162703037262
60min,LSTM,1,2028,train_with_validation_monitoring,51,0.27761179208755493,0.49614161252975464
60min,LSTM,1,2028,train_with_validation_monitoring,52,0.28468918800354004,0.4853573441505432
60min,LSTM,1,2028,train_with_validation_monitoring,53,0.2958119213581085,0.4763849377632141
60min,LSTM,1,2028,train_with_validation_monitoring,54,0.3060145974159241,0.4681672155857086
60min,LSTM,1,2028,train_with_validation_monitoring,55,0.2800270617008209,0.4585704207420349
60min,LSTM,1,2028,train_with_validation_monitoring,56,0.24436458945274353,0.44827771186828613
60min,LSTM,1,2028,train_with_validation_monitoring,57,0.26121315360069275,0.43545767664909363
60min,LSTM,1,2028,train_with_validation_monitoring,58,0.26104792952537537,0.42131921648979187
60min,LSTM,1,2028,train_with_validation_monitoring,59,0.2721033990383148,0.40758219361305237
60min,LSTM,1,2028,train_with_validation_monitoring,60,0.2982124090194702,0.39324095845222473
60min,LSTM,1,2028,train_with_validation_monitoring,61,0.21386677026748657,0.3798191249370575
60min,LSTM,1,2028,train_with_validation_monitoring,62,0.25477591156959534,0.36635932326316833
60min,LSTM,1,2028,train_with_validation_monitoring,63,0.22749222815036774,0.35492581129074097
60min,LSTM,1,2028,train_with_validation_monitoring,64,0.22995413839817047,0.34594088792800903
60min,LSTM,1,2028,train_with_validation_monitoring,65,0.20561005175113678,0.3393874764442444
60min,LSTM,1,2028,train_with_validation_monitoring,66,0.20767229795455933,0.3326270580291748
60min,LSTM,1,2028,train_with_validation_monitoring,67,0.25548088550567627,0.3273398280143738
60min,LSTM,1,2028,train_with_validation_monitoring,68,0.27988651394844055,0.3235169053077698
60min,LSTM,1,2028,train_with_validation_monitoring,69,0.20071391761302948,0.3204594552516937
60min,LSTM,1,2028,train_with_validation_monitoring,70,0.2070060670375824,0.3175596296787262
60min,LSTM,1,2028,train_with_validation_monitoring,71,0.20224566757678986,0.31636884808540344
60min,LSTM,1,2028,train_with_validation_monitoring,72,0.2099827229976654,0.31529808044433594
60min,LSTM,1,2028,train_with_validation_monitoring,73,0.22441351413726807,0.31448718905448914
60min,LSTM,1,2028,train_with_validation_monitoring,74,0.18074876070022583,0.31416237354278564
60min,LSTM,1,2028,train_with_validation_monitoring,75,0.22228744626045227,0.31410396099090576
60min,LSTM,1,2028,train_with_validation_monitoring,76,0.20308071374893188,0.3132374584674835
60min,LSTM,1,2028,train_with_validation_monitoring,77,0.19537827372550964,0.3109372854232788
60min,LSTM,1,2028,train_with_validation_monitoring,78,0.1918036937713623,0.3070521652698517
60min,LSTM,1,2028,train_with_validation_monitoring,79,0.20455028116703033,0.30377915501594543
60min,LSTM,1,2028,train_with_validation_monitoring,80,0.17967838048934937,0.3022787570953369
60min,LSTM,2,2026,train_with_validation_monitoring,1,1.0849782228469849,1.0150518417358398
60min,LSTM,2,2026,train_with_validation_monitoring,2,1.04096257686615,0.993209183216095
60min,LSTM,2,2026,train_with_validation_monitoring,3,1.040801763534546,0.9733480215072632
60min,LSTM,2,2026,train_with_validation_monitoring,4,1.0289758443832397,0.9558510780334473
60min,LSTM,2,2026,train_with_validation_monitoring,5,1.0168551206588745,0.9401097893714905
60min,LSTM,2,2026,train_with_validation_monitoring,6,0.9719170331954956,0.9253436923027039
60min,LSTM,2,2026,train_with_validation_monitoring,7,0.9619951844215393,0.9121801853179932
60min,LSTM,2,2026,train_with_validation_monitoring,8,0.9494951963424683,0.8995121121406555
60min,LSTM,2,2026,train_with_validation_monitoring,9,0.9261192679405212,0.8881831765174866
60min,LSTM,2,2026,train_with_validation_monitoring,10,0.9197381138801575,0.8784830570220947
60min,LSTM,2,2026,train_with_validation_monitoring,11,0.8917534947395325,0.8713290691375732
60min,LSTM,2,2026,train_with_validation_monitoring,12,0.8769515752792358,0.8658958673477173
60min,LSTM,2,2026,train_with_validation_monitoring,13,0.8644164800643921,0.8605916500091553
60min,LSTM,2,2026,train_with_validation_monitoring,14,0.8551307916641235,0.8557344675064087
60min,LSTM,2,2026,train_with_validation_monitoring,15,0.8147558569908142,0.8508255481719971
60min,LSTM,2,2026,train_with_validation_monitoring,16,0.8212441205978394,0.8470965027809143
60min,LSTM,2,2026,train_with_validation_monitoring,17,0.8245193958282471,0.8438113927841187
60min,LSTM,2,2026,train_with_validation_monitoring,18,0.8017417788505554,0.8406707644462585
60min,LSTM,2,2026,train_with_validation_monitoring,19,0.7581733465194702,0.8383126258850098
60min,LSTM,2,2026,train_with_validation_monitoring,20,0.7762169241905212,0.8367615342140198
60min,LSTM,2,2026,train_with_validation_monitoring,21,0.7283205389976501,0.8356051445007324
60min,LSTM,2,2026,train_with_validation_monitoring,22,0.72489333152771,0.8350497484207153
60min,LSTM,2,2026,train_with_validation_monitoring,23,0.7304064035415649,0.8351024985313416
60min,LSTM,2,2026,train_with_validation_monitoring,24,0.710717499256134,0.8356486558914185
60min,LSTM,2,2026,train_with_validation_monitoring,25,0.7203802466392517,0.8359048962593079
60min,LSTM,2,2026,train_with_validation_monitoring,26,0.6824250221252441,0.8363808989524841
60min,LSTM,2,2026,train_with_validation_monitoring,27,0.6520468592643738,0.8365597128868103
60min,LSTM,2,2026,train_with_validation_monitoring,28,0.6644443869590759,0.8358951210975647
60min,LSTM,2,2026,train_with_validation_monitoring,29,0.6962307095527649,0.8342355489730835
60min,LSTM,2,2026,train_with_validation_monitoring,30,0.627260148525238,0.8318390846252441
60min,LSTM,2,2026,train_with_validation_monitoring,31,0.6143630146980286,0.8284440040588379
60min,LSTM,2,2026,train_with_validation_monitoring,32,0.6153606176376343,0.8249784111976624
60min,LSTM,2,2026,train_with_validation_monitoring,33,0.6477139592170715,0.821649968624115
60min,LSTM,2,2026,train_with_validation_monitoring,34,0.614000141620636,0.8183887600898743
60min,LSTM,2,2026,train_with_validation_monitoring,35,0.608309805393219,0.8149688839912415
60min,LSTM,2,2026,train_with_validation_monitoring,36,0.580223798751831,0.8111679553985596
60min,LSTM,2,2026,train_with_validation_monitoring,37,0.6357218623161316,0.8078060746192932
60min,LSTM,2,2026,train_with_validation_monitoring,38,0.5515338778495789,0.8044964075088501
60min,LSTM,2,2026,train_with_validation_monitoring,39,0.596304178237915,0.8001522421836853
60min,LSTM,2,2026,train_with_validation_monitoring,40,0.5604336261749268,0.7957388162612915
60min,LSTM,2,2026,train_with_validation_monitoring,41,0.5509665012359619,0.7913360595703125
60min,LSTM,2,2026,train_with_validation_monitoring,42,0.5502997040748596,0.7864828705787659
60min,LSTM,2,2026,train_with_validation_monitoring,43,0.5185348987579346,0.7814233303070068
60min,LSTM,2,2026,train_with_validation_monitoring,44,0.5714362263679504,0.7761539816856384
60min,LSTM,2,2026,train_with_validation_monitoring,45,0.5484901666641235,0.7709118127822876
60min,LSTM,2,2026,train_with_validation_monitoring,46,0.5210824012756348,0.7660173177719116
60min,LSTM,2,2026,train_with_validation_monitoring,47,0.5022615790367126,0.7606531381607056
60min,LSTM,2,2026,train_with_validation_monitoring,48,0.5106866955757141,0.7548750638961792
60min,LSTM,2,2026,train_with_validation_monitoring,49,0.5088459849357605,0.7493051886558533
60min,LSTM,2,2026,train_with_validation_monitoring,50,0.4832374155521393,0.7441056966781616
60min,LSTM,2,2026,train_with_validation_monitoring,51,0.533541738986969,0.7381269335746765
60min,LSTM,2,2026,train_with_validation_monitoring,52,0.48562732338905334,0.7323317527770996
60min,LSTM,2,2026,train_with_validation_monitoring,53,0.4562261998653412,0.7272301912307739
60min,LSTM,2,2026,train_with_validation_monitoring,54,0.48595377802848816,0.7222867012023926
60min,LSTM,2,2026,train_with_validation_monitoring,55,0.4270789325237274,0.7179543972015381
60min,LSTM,2,2026,train_with_validation_monitoring,56,0.48253533244132996,0.7126451730728149
60min,LSTM,2,2026,train_with_validation_monitoring,57,0.45147231221199036,0.7075165510177612
60min,LSTM,2,2026,train_with_validation_monitoring,58,0.46887436509132385,0.7028305530548096
60min,LSTM,2,2026,train_with_validation_monitoring,59,0.49394717812538147,0.6979242563247681
60min,LSTM,2,2026,train_with_validation_monitoring,60,0.43049168586730957,0.6928445100784302
60min,LSTM,2,2026,train_with_validation_monitoring,61,0.46558502316474915,0.6860977411270142
60min,LSTM,2,2026,train_with_validation_monitoring,62,0.4011646509170532,0.6790434718132019
60min,LSTM,2,2026,train_with_validation_monitoring,63,0.48268458247184753,0.6717907190322876
60min,LSTM,2,2026,train_with_validation_monitoring,64,0.4424574375152588,0.6638280749320984
60min,LSTM,2,2026,train_with_validation_monitoring,65,0.4901787042617798,0.656139612197876
60min,LSTM,2,2026,train_with_validation_monitoring,66,0.3984798789024353,0.6481054425239563
60min,LSTM,2,2026,train_with_validation_monitoring,67,0.41625550389289856,0.6389357447624207
60min,LSTM,2,2026,train_with_validation_monitoring,68,0.375928670167923,0.6289180517196655
60min,LSTM,2,2026,train_with_validation_monitoring,69,0.4283047020435333,0.620305597782135
60min,LSTM,2,2026,train_with_validation_monitoring,70,0.4012899398803711,0.6128202676773071
60min,LSTM,2,2026,train_with_validation_monitoring,71,0.4684731960296631,0.6051788330078125
60min,LSTM,2,2026,train_with_validation_monitoring,72,0.40699052810668945,0.5976871848106384
60min,LSTM,2,2026,train_with_validation_monitoring,73,0.39374488592147827,0.5896737575531006
60min,LSTM,2,2026,train_with_validation_monitoring,74,0.4263840317726135,0.5824462175369263
60min,LSTM,2,2026,train_with_validation_monitoring,75,0.375459223985672,0.5770392417907715
60min,LSTM,2,2026,train_with_validation_monitoring,76,0.3643978238105774,0.5717447996139526
60min,LSTM,2,2026,train_with_validation_monitoring,77,0.41607415676116943,0.5665810704231262
60min,LSTM,2,2026,train_with_validation_monitoring,78,0.3702332377433777,0.5612760782241821
60min,LSTM,2,2026,train_with_validation_monitoring,79,0.374235600233078,0.5568000078201294
60min,LSTM,2,2026,train_with_validation_monitoring,80,0.36459988355636597,0.5519505739212036
60min,LSTM,2,2027,train_with_validation_monitoring,1,1.0378259420394897,0.9998030066490173
60min,LSTM,2,2027,train_with_validation_monitoring,2,1.034292221069336,0.9822403192520142
60min,LSTM,2,2027,train_with_validation_monitoring,3,1.0065053701400757,0.9675166606903076
60min,LSTM,2,2027,train_with_validation_monitoring,4,1.0162572860717773,0.9546627402305603
60min,LSTM,2,2027,train_with_validation_monitoring,5,0.9581093192100525,0.9436407685279846
60min,LSTM,2,2027,train_with_validation_monitoring,6,0.950417697429657,0.9345484375953674
60min,LSTM,2,2027,train_with_validation_monitoring,7,0.9607292413711548,0.9271055459976196
60min,LSTM,2,2027,train_with_validation_monitoring,8,0.9380562901496887,0.9199764132499695
60min,LSTM,2,2027,train_with_validation_monitoring,9,0.908749520778656,0.9133713245391846
60min,LSTM,2,2027,train_with_validation_monitoring,10,0.9204871654510498,0.9066036939620972
60min,LSTM,2,2027,train_with_validation_monitoring,11,0.9173784255981445,0.8999875783920288
60min,LSTM,2,2027,train_with_validation_monitoring,12,0.8924716711044312,0.8934547901153564
60min,LSTM,2,2027,train_with_validation_monitoring,13,0.8828790187835693,0.887156069278717
60min,LSTM,2,2027,train_with_validation_monitoring,14,0.8617053627967834,0.8812090754508972
60min,LSTM,2,2027,train_with_validation_monitoring,15,0.8543741106987,0.8757739663124084
60min,LSTM,2,2027,train_with_validation_monitoring,16,0.8397952914237976,0.8705882430076599
60min,LSTM,2,2027,train_with_validation_monitoring,17,0.8072800636291504,0.8658285737037659
60min,LSTM,2,2027,train_with_validation_monitoring,18,0.8149992227554321,0.8615155220031738
60min,LSTM,2,2027,train_with_validation_monitoring,19,0.8019912838935852,0.8570544123649597
60min,LSTM,2,2027,train_with_validation_monitoring,20,0.8009350895881653,0.8523288369178772
60min,LSTM,2,2027,train_with_validation_monitoring,21,0.7807980179786682,0.8474301695823669
60min,LSTM,2,2027,train_with_validation_monitoring,22,0.7659562826156616,0.8421615362167358
60min,LSTM,2,2027,train_with_validation_monitoring,23,0.7186644077301025,0.8371647000312805
60min,LSTM,2,2027,train_with_validation_monitoring,24,0.7628174424171448,0.8320449590682983
60min,LSTM,2,2027,train_with_validation_monitoring,25,0.7346952557563782,0.825968325138092
60min,LSTM,2,2027,train_with_validation_monitoring,26,0.7195675373077393,0.820365846157074
60min,LSTM,2,2027,train_with_validation_monitoring,27,0.6814307570457458,0.8148912191390991
60min,LSTM,2,2027,train_with_validation_monitoring,28,0.6786706447601318,0.8093776702880859
60min,LSTM,2,2027,train_with_validation_monitoring,29,0.6959434747695923,0.8040632009506226
60min,LSTM,2,2027,train_with_validation_monitoring,30,0.6856482028961182,0.7981185913085938
60min,LSTM,2,2027,train_with_validation_monitoring,31,0.6738635897636414,0.7912521958351135
60min,LSTM,2,2027,train_with_validation_monitoring,32,0.6631110310554504,0.7837023138999939
60min,LSTM,2,2027,train_with_validation_monitoring,33,0.6399245262145996,0.7765434384346008
60min,LSTM,2,2027,train_with_validation_monitoring,34,0.6400131583213806,0.7699137926101685
60min,LSTM,2,2027,train_with_validation_monitoring,35,0.611165463924408,0.7641682624816895
60min,LSTM,2,2027,train_with_validation_monitoring,36,0.5849254131317139,0.7584971189498901
60min,LSTM,2,2027,train_with_validation_monitoring,37,0.5833631157875061,0.7526755928993225
60min,LSTM,2,2027,train_with_validation_monitoring,38,0.5658442378044128,0.7469209432601929
60min,LSTM,2,2027,train_with_validation_monitoring,39,0.5721139311790466,0.741224467754364
60min,LSTM,2,2027,train_with_validation_monitoring,40,0.5363770723342896,0.7357046604156494
60min,LSTM,2,2027,train_with_validation_monitoring,41,0.5401524305343628,0.7292396426200867
60min,LSTM,2,2027,train_with_validation_monitoring,42,0.4911971092224121,0.7213998436927795
60min,LSTM,2,2027,train_with_validation_monitoring,43,0.5036224126815796,0.7120038866996765
60min,LSTM,2,2027,train_with_validation_monitoring,44,0.4939504563808441,0.7033222913742065
60min,LSTM,2,2027,train_with_validation_monitoring,45,0.5071603059768677,0.69444340467453
60min,LSTM,2,2027,train_with_validation_monitoring,46,0.4684255123138428,0.6844347715377808
60min,LSTM,2,2027,train_with_validation_monitoring,47,0.4406704902648926,0.6752421259880066
60min,LSTM,2,2027,train_with_validation_monitoring,48,0.46069467067718506,0.6671391725540161
60min,LSTM,2,2027,train_with_validation_monitoring,49,0.46595504879951477,0.6597966551780701
60min,LSTM,2,2027,train_with_validation_monitoring,50,0.41071754693984985,0.6520472168922424
60min,LSTM,2,2027,train_with_validation_monitoring,51,0.4352351129055023,0.6449337601661682
60min,LSTM,2,2027,train_with_validation_monitoring,52,0.4006601572036743,0.6367340087890625
60min,LSTM,2,2027,train_with_validation_monitoring,53,0.4190548360347748,0.6274663805961609
60min,LSTM,2,2027,train_with_validation_monitoring,54,0.3889581263065338,0.6175359487533569
60min,LSTM,2,2027,train_with_validation_monitoring,55,0.3494907021522522,0.6079393029212952
60min,LSTM,2,2027,train_with_validation_monitoring,56,0.35948503017425537,0.5995929837226868
60min,LSTM,2,2027,train_with_validation_monitoring,57,0.3597475290298462,0.592379093170166
60min,LSTM,2,2027,train_with_validation_monitoring,58,0.37187349796295166,0.5853345394134521
60min,LSTM,2,2027,train_with_validation_monitoring,59,0.3189648389816284,0.5786812901496887
60min,LSTM,2,2027,train_with_validation_monitoring,60,0.38701149821281433,0.573248565196991
60min,LSTM,2,2027,train_with_validation_monitoring,61,0.36243584752082825,0.5711692571640015
60min,LSTM,2,2027,train_with_validation_monitoring,62,0.34434524178504944,0.5683248043060303
60min,LSTM,2,2027,train_with_validation_monitoring,63,0.3184000551700592,0.5665774941444397
60min,LSTM,2,2027,train_with_validation_monitoring,64,0.30558618903160095,0.5629334449768066
60min,LSTM,2,2027,train_with_validation_monitoring,65,0.31272101402282715,0.5592207908630371
60min,LSTM,2,2027,train_with_validation_monitoring,66,0.29079240560531616,0.5572055578231812
60min,LSTM,2,2027,train_with_validation_monitoring,67,0.3322228193283081,0.5533954501152039
60min,LSTM,2,2027,train_with_validation_monitoring,68,0.29289960861206055,0.546768307685852
60min,LSTM,2,2027,train_with_validation_monitoring,69,0.2905651330947876,0.538752555847168
60min,LSTM,2,2027,train_with_validation_monitoring,70,0.3262235224246979,0.5280106663703918
60min,LSTM,2,2027,train_with_validation_monitoring,71,0.3053167462348938,0.5143970847129822
60min,LSTM,2,2027,train_with_validation_monitoring,72,0.28852254152297974,0.5022758841514587
60min,LSTM,2,2027,train_with_validation_monitoring,73,0.2878006100654602,0.48827841877937317
60min,LSTM,2,2027,train_with_validation_monitoring,74,0.2593352496623993,0.475024938583374
60min,LSTM,2,2027,train_with_validation_monitoring,75,0.2680596709251404,0.4617980122566223
60min,LSTM,2,2027,train_with_validation_monitoring,76,0.3251873254776001,0.44902336597442627
60min,LSTM,2,2027,train_with_validation_monitoring,77,0.27446120977401733,0.43679279088974
60min,LSTM,2,2027,train_with_validation_monitoring,78,0.31493496894836426,0.4248252809047699
60min,LSTM,2,2027,train_with_validation_monitoring,79,0.31611189246177673,0.4116913676261902
60min,LSTM,2,2027,train_with_validation_monitoring,80,0.3001938462257385,0.400488018989563
60min,LSTM,2,2028,train_with_validation_monitoring,1,1.015829086303711,0.8985386490821838
60min,LSTM,2,2028,train_with_validation_monitoring,2,1.0037498474121094,0.8782858848571777
60min,LSTM,2,2028,train_with_validation_monitoring,3,0.9759228825569153,0.860504686832428
60min,LSTM,2,2028,train_with_validation_monitoring,4,0.9598605036735535,0.8441231846809387
60min,LSTM,2,2028,train_with_validation_monitoring,5,0.9328060746192932,0.8302794098854065
60min,LSTM,2,2028,train_with_validation_monitoring,6,0.913506269454956,0.8188104033470154
60min,LSTM,2,2028,train_with_validation_monitoring,7,0.9162341952323914,0.8082612156867981
60min,LSTM,2,2028,train_with_validation_monitoring,8,0.8575724363327026,0.7990540862083435
60min,LSTM,2,2028,train_with_validation_monitoring,9,0.854489803314209,0.7921006679534912
60min,LSTM,2,2028,train_with_validation_monitoring,10,0.854459285736084,0.7871053814888
60min,LSTM,2,2028,train_with_validation_monitoring,11,0.8387159705162048,0.7825915813446045
60min,LSTM,2,2028,train_with_validation_monitoring,12,0.7974002957344055,0.7787381410598755
60min,LSTM,2,2028,train_with_validation_monitoring,13,0.8367929458618164,0.7747536301612854
60min,LSTM,2,2028,train_with_validation_monitoring,14,0.7722717523574829,0.7710703611373901
60min,LSTM,2,2028,train_with_validation_monitoring,15,0.7640457153320312,0.7677803039550781
60min,LSTM,2,2028,train_with_validation_monitoring,16,0.7417692542076111,0.7647500038146973
60min,LSTM,2,2028,train_with_validation_monitoring,17,0.7343885898590088,0.7620461583137512
60min,LSTM,2,2028,train_with_validation_monitoring,18,0.7761958241462708,0.7595153450965881
60min,LSTM,2,2028,train_with_validation_monitoring,19,0.7345766425132751,0.7570748925209045
60min,LSTM,2,2028,train_with_validation_monitoring,20,0.7043230533599854,0.7547946572303772
60min,LSTM,2,2028,train_with_validation_monitoring,21,0.7299785017967224,0.7523782253265381
60min,LSTM,2,2028,train_with_validation_monitoring,22,0.6698930859565735,0.7504692673683167
60min,LSTM,2,2028,train_with_validation_monitoring,23,0.6788742542266846,0.7488608360290527
60min,LSTM,2,2028,train_with_validation_monitoring,24,0.6633646488189697,0.7474072575569153
60min,LSTM,2,2028,train_with_validation_monitoring,25,0.6154900789260864,0.7463134527206421
60min,LSTM,2,2028,train_with_validation_monitoring,26,0.6371427774429321,0.7444230914115906
60min,LSTM,2,2028,train_with_validation_monitoring,27,0.6114364266395569,0.7420387268066406
60min,LSTM,2,2028,train_with_validation_monitoring,28,0.6043676137924194,0.739783763885498
60min,LSTM,2,2028,train_with_validation_monitoring,29,0.5862992405891418,0.7384434342384338
60min,LSTM,2,2028,train_with_validation_monitoring,30,0.6053006052970886,0.7360767722129822
60min,LSTM,2,2028,train_with_validation_monitoring,31,0.5714966058731079,0.7322928309440613
60min,LSTM,2,2028,train_with_validation_monitoring,32,0.555966317653656,0.7285972833633423
60min,LSTM,2,2028,train_with_validation_monitoring,33,0.5825658440589905,0.7243671417236328
60min,LSTM,2,2028,train_with_validation_monitoring,34,0.5525675415992737,0.7198202013969421
60min,LSTM,2,2028,train_with_validation_monitoring,35,0.5515621900558472,0.7151089906692505
60min,LSTM,2,2028,train_with_validation_monitoring,36,0.5223970413208008,0.7105730175971985
60min,LSTM,2,2028,train_with_validation_monitoring,37,0.5648700594902039,0.7049816846847534
60min,LSTM,2,2028,train_with_validation_monitoring,38,0.5291270613670349,0.6989618539810181
60min,LSTM,2,2028,train_with_validation_monitoring,39,0.5141728520393372,0.6906600594520569
60min,LSTM,2,2028,train_with_validation_monitoring,40,0.4789268672466278,0.6792776584625244
60min,LSTM,2,2028,train_with_validation_monitoring,41,0.46436601877212524,0.6673711538314819
60min,LSTM,2,2028,train_with_validation_monitoring,42,0.42606955766677856,0.6565932631492615
60min,LSTM,2,2028,train_with_validation_monitoring,43,0.4237508475780487,0.6472886204719543
60min,LSTM,2,2028,train_with_validation_monitoring,44,0.4544922709465027,0.6386635899543762
60min,LSTM,2,2028,train_with_validation_monitoring,45,0.42405474185943604,0.6306737661361694
60min,LSTM,2,2028,train_with_validation_monitoring,46,0.4306032359600067,0.6229535341262817
60min,LSTM,2,2028,train_with_validation_monitoring,47,0.41401103138923645,0.6146669983863831
60min,LSTM,2,2028,train_with_validation_monitoring,48,0.39344677329063416,0.6065812110900879
60min,LSTM,2,2028,train_with_validation_monitoring,49,0.38381335139274597,0.5966656804084778
60min,LSTM,2,2028,train_with_validation_monitoring,50,0.4231785237789154,0.5859221816062927
60min,LSTM,2,2028,train_with_validation_monitoring,51,0.3959188163280487,0.5728061199188232
60min,LSTM,2,2028,train_with_validation_monitoring,52,0.378362238407135,0.5602260828018188
60min,LSTM,2,2028,train_with_validation_monitoring,53,0.386317640542984,0.5493385791778564
60min,LSTM,2,2028,train_with_validation_monitoring,54,0.39611494541168213,0.5399237871170044
60min,LSTM,2,2028,train_with_validation_monitoring,55,0.3725990653038025,0.5320896506309509
60min,LSTM,2,2028,train_with_validation_monitoring,56,0.3176799714565277,0.5247632265090942
60min,LSTM,2,2028,train_with_validation_monitoring,57,0.35846689343452454,0.5152774453163147
60min,LSTM,2,2028,train_with_validation_monitoring,58,0.3483768105506897,0.506702184677124
60min,LSTM,2,2028,train_with_validation_monitoring,59,0.33972054719924927,0.5001466274261475
60min,LSTM,2,2028,train_with_validation_monitoring,60,0.37783393263816833,0.49283504486083984
60min,LSTM,2,2028,train_with_validation_monitoring,61,0.3736405074596405,0.4843149483203888
60min,LSTM,2,2028,train_with_validation_monitoring,62,0.32654380798339844,0.47585394978523254
60min,LSTM,2,2028,train_with_validation_monitoring,63,0.35523685812950134,0.46744030714035034
60min,LSTM,2,2028,train_with_validation_monitoring,64,0.3396061956882477,0.45963260531425476
60min,LSTM,2,2028,train_with_validation_monitoring,65,0.29181164503097534,0.4533770978450775
60min,LSTM,2,2028,train_with_validation_monitoring,66,0.31140902638435364,0.4476298391819
60min,LSTM,2,2028,train_with_validation_monitoring,67,0.28228792548179626,0.4426477551460266
60min,LSTM,2,2028,train_with_validation_monitoring,68,0.3966405689716339,0.44047221541404724
60min,LSTM,2,2028,train_with_validation_monitoring,69,0.29586488008499146,0.4387054741382599
60min,LSTM,2,2028,train_with_validation_monitoring,70,0.331245481967926,0.4349209666252136
60min,LSTM,2,2028,train_with_validation_monitoring,71,0.3120424449443817,0.42924395203590393
60min,LSTM,2,2028,train_with_validation_monitoring,72,0.27914318442344666,0.4237213432788849
60min,LSTM,2,2028,train_with_validation_monitoring,73,0.31431055068969727,0.41824209690093994
60min,LSTM,2,2028,train_with_validation_monitoring,74,0.2655702531337738,0.4136043190956116
60min,LSTM,2,2028,train_with_validation_monitoring,75,0.274019718170166,0.4083428978919983
60min,LSTM,2,2028,train_with_validation_monitoring,76,0.3129437267780304,0.4037851393222809
60min,LSTM,2,2028,train_with_validation_monitoring,77,0.2798547148704529,0.39783981442451477
60min,LSTM,2,2028,train_with_validation_monitoring,78,0.25144773721694946,0.3919524550437927
60min,LSTM,2,2028,train_with_validation_monitoring,79,0.25521329045295715,0.3861182630062103
60min,LSTM,2,2028,train_with_validation_monitoring,80,0.2725718915462494,0.3819487392902374
60min,GRU,1,2026,train_with_validation_monitoring,1,1.128933072090149,1.0286215543746948
60min,GRU,1,2026,train_with_validation_monitoring,2,1.0759551525115967,0.9930750131607056
60min,GRU,1,2026,train_with_validation_monitoring,3,1.03300940990448,0.9630382657051086
60min,GRU,1,2026,train_with_validation_monitoring,4,0.9972134232521057,0.9384475350379944
60min,GRU,1,2026,train_with_validation_monitoring,5,0.9592093825340271,0.9180830717086792
60min,GRU,1,2026,train_with_validation_monitoring,6,0.9095297455787659,0.8997440338134766
60min,GRU,1,2026,train_with_validation_monitoring,7,0.9000239372253418,0.8837428092956543
60min,GRU,1,2026,train_with_validation_monitoring,8,0.849727213382721,0.869798481464386
60min,GRU,1,2026,train_with_validation_monitoring,9,0.8383104205131531,0.8576096296310425
60min,GRU,1,2026,train_with_validation_monitoring,10,0.8136019706726074,0.8473778367042542
60min,GRU,1,2026,train_with_validation_monitoring,11,0.7820184230804443,0.8384513258934021
60min,GRU,1,2026,train_with_validation_monitoring,12,0.7567456364631653,0.8295854330062866
60min,GRU,1,2026,train_with_validation_monitoring,13,0.7388297915458679,0.8210631012916565
60min,GRU,1,2026,train_with_validation_monitoring,14,0.7294274568557739,0.812502920627594
60min,GRU,1,2026,train_with_validation_monitoring,15,0.7022935152053833,0.8035407066345215
60min,GRU,1,2026,train_with_validation_monitoring,16,0.7001643776893616,0.7952196002006531
60min,GRU,1,2026,train_with_validation_monitoring,17,0.6528449058532715,0.7871508002281189
60min,GRU,1,2026,train_with_validation_monitoring,18,0.6984037160873413,0.7777087092399597
60min,GRU,1,2026,train_with_validation_monitoring,19,0.5904424786567688,0.7690245509147644
60min,GRU,1,2026,train_with_validation_monitoring,20,0.6170864701271057,0.7601050138473511
60min,GRU,1,2026,train_with_validation_monitoring,21,0.6007338762283325,0.7508384585380554
60min,GRU,1,2026,train_with_validation_monitoring,22,0.5780695676803589,0.7427610158920288
60min,GRU,1,2026,train_with_validation_monitoring,23,0.5769742131233215,0.73588627576828
60min,GRU,1,2026,train_with_validation_monitoring,24,0.5652546286582947,0.7279550433158875
60min,GRU,1,2026,train_with_validation_monitoring,25,0.5421135425567627,0.7183632850646973
60min,GRU,1,2026,train_with_validation_monitoring,26,0.533445417881012,0.7057017087936401
60min,GRU,1,2026,train_with_validation_monitoring,27,0.48032477498054504,0.6942144632339478
60min,GRU,1,2026,train_with_validation_monitoring,28,0.5384450554847717,0.6826490759849548
60min,GRU,1,2026,train_with_validation_monitoring,29,0.47993868589401245,0.6706973314285278
60min,GRU,1,2026,train_with_validation_monitoring,30,0.47976598143577576,0.6575812697410583
60min,GRU,1,2026,train_with_validation_monitoring,31,0.43580129742622375,0.6441008448600769
60min,GRU,1,2026,train_with_validation_monitoring,32,0.46070557832717896,0.6293586492538452
60min,GRU,1,2026,train_with_validation_monitoring,33,0.4345855712890625,0.6149566769599915
60min,GRU,1,2026,train_with_validation_monitoring,34,0.4158223569393158,0.5999541282653809
60min,GRU,1,2026,train_with_validation_monitoring,35,0.4352324903011322,0.5860679745674133
60min,GRU,1,2026,train_with_validation_monitoring,36,0.350180983543396,0.5729610323905945
60min,GRU,1,2026,train_with_validation_monitoring,37,0.39629969000816345,0.560646653175354
60min,GRU,1,2026,train_with_validation_monitoring,38,0.37597766518592834,0.549294650554657
60min,GRU,1,2026,train_with_validation_monitoring,39,0.41398873925209045,0.5367579460144043
60min,GRU,1,2026,train_with_validation_monitoring,40,0.3716416656970978,0.5230343341827393
60min,GRU,1,2026,train_with_validation_monitoring,41,0.3919510245323181,0.5103678703308105
60min,GRU,1,2026,train_with_validation_monitoring,42,0.3324795067310333,0.49836570024490356
60min,GRU,1,2026,train_with_validation_monitoring,43,0.38151153922080994,0.4863976240158081
60min,GRU,1,2026,train_with_validation_monitoring,44,0.3739998936653137,0.47511231899261475
60min,GRU,1,2026,train_with_validation_monitoring,45,0.3585011959075928,0.46460968255996704
60min,GRU,1,2026,train_with_validation_monitoring,46,0.34103924036026,0.4559689462184906
60min,GRU,1,2026,train_with_validation_monitoring,47,0.31463325023651123,0.44901373982429504
60min,GRU,1,2026,train_with_validation_monitoring,48,0.337430477142334,0.4434734582901001
60min,GRU,1,2026,train_with_validation_monitoring,49,0.3093951642513275,0.43867728114128113
60min,GRU,1,2026,train_with_validation_monitoring,50,0.31219354271888733,0.43539389967918396
60min,GRU,1,2026,train_with_validation_monitoring,51,0.3278333246707916,0.43200182914733887
60min,GRU,1,2026,train_with_validation_monitoring,52,0.2739098370075226,0.42734086513519287
60min,GRU,1,2026,train_with_validation_monitoring,53,0.3113923668861389,0.4232858717441559
60min,GRU,1,2026,train_with_validation_monitoring,54,0.3801229000091553,0.42021140456199646
60min,GRU,1,2026,train_with_validation_monitoring,55,0.29763364791870117,0.4187578856945038
60min,GRU,1,2026,train_with_validation_monitoring,56,0.3182201385498047,0.4152752161026001
60min,GRU,1,2026,train_with_validation_monitoring,57,0.2894017994403839,0.4136085510253906
60min,GRU,1,2026,train_with_validation_monitoring,58,0.293367475271225,0.41133058071136475
60min,GRU,1,2026,train_with_validation_monitoring,59,0.2727814018726349,0.40938764810562134
60min,GRU,1,2026,train_with_validation_monitoring,60,0.23369762301445007,0.40760451555252075
60min,GRU,1,2026,train_with_validation_monitoring,61,0.28400272130966187,0.4056037664413452
60min,GRU,1,2026,train_with_validation_monitoring,62,0.34461209177970886,0.4017316997051239
60min,GRU,1,2026,train_with_validation_monitoring,63,0.311850368976593,0.3989596664905548
60min,GRU,1,2026,train_with_validation_monitoring,64,0.2869400680065155,0.39775434136390686
60min,GRU,1,2026,train_with_validation_monitoring,65,0.3291754722595215,0.39501863718032837
60min,GRU,1,2026,train_with_validation_monitoring,66,0.26260972023010254,0.3923540711402893
60min,GRU,1,2026,train_with_validation_monitoring,67,0.3038486838340759,0.3873507082462311
60min,GRU,1,2026,train_with_validation_monitoring,68,0.26411956548690796,0.38060563802719116
60min,GRU,1,2026,train_with_validation_monitoring,69,0.25349682569503784,0.3730449080467224
60min,GRU,1,2026,train_with_validation_monitoring,70,0.24210891127586365,0.36595049500465393
60min,GRU,1,2026,train_with_validation_monitoring,71,0.2652473747730255,0.3599381744861603
60min,GRU,1,2026,train_with_validation_monitoring,72,0.31242096424102783,0.3535453975200653
60min,GRU,1,2026,train_with_validation_monitoring,73,0.2796618938446045,0.3484710156917572
60min,GRU,1,2026,train_with_validation_monitoring,74,0.2735072374343872,0.3431074321269989
60min,GRU,1,2026,train_with_validation_monitoring,75,0.25514790415763855,0.33816343545913696
60min,GRU,1,2026,train_with_validation_monitoring,76,0.24236653745174408,0.33152061700820923
60min,GRU,1,2026,train_with_validation_monitoring,77,0.2601461410522461,0.3272692859172821
60min,GRU,1,2026,train_with_validation_monitoring,78,0.27986010909080505,0.32189396023750305
60min,GRU,1,2026,train_with_validation_monitoring,79,0.22048284113407135,0.3169189989566803
60min,GRU,1,2026,train_with_validation_monitoring,80,0.2358120232820511,0.3122347891330719
60min,GRU,1,2027,train_with_validation_monitoring,1,1.0424121618270874,0.9137176275253296
60min,GRU,1,2027,train_with_validation_monitoring,2,1.0202991962432861,0.8806185722351074
60min,GRU,1,2027,train_with_validation_monitoring,3,0.9692500233650208,0.8510390520095825
60min,GRU,1,2027,train_with_validation_monitoring,4,0.959383487701416,0.8258330821990967
60min,GRU,1,2027,train_with_validation_monitoring,5,0.9261769652366638,0.8056750893592834
60min,GRU,1,2027,train_with_validation_monitoring,6,0.9180992841720581,0.7896155118942261
60min,GRU,1,2027,train_with_validation_monitoring,7,0.8629460334777832,0.7763921022415161
60min,GRU,1,2027,train_with_validation_monitoring,8,0.8555276393890381,0.7649797201156616
60min,GRU,1,2027,train_with_validation_monitoring,9,0.7923386096954346,0.7547374367713928
60min,GRU,1,2027,train_with_validation_monitoring,10,0.8037438988685608,0.7446369528770447
60min,GRU,1,2027,train_with_validation_monitoring,11,0.8073444962501526,0.7343055009841919
60min,GRU,1,2027,train_with_validation_monitoring,12,0.7746708989143372,0.7242926955223083
60min,GRU,1,2027,train_with_validation_monitoring,13,0.7806892395019531,0.714144229888916
60min,GRU,1,2027,train_with_validation_monitoring,14,0.716881513595581,0.7043552994728088
60min,GRU,1,2027,train_with_validation_monitoring,15,0.6795684695243835,0.6943081617355347
60min,GRU,1,2027,train_with_validation_monitoring,16,0.6750417947769165,0.6843978762626648
60min,GRU,1,2027,train_with_validation_monitoring,17,0.640188455581665,0.6751296520233154
60min,GRU,1,2027,train_with_validation_monitoring,18,0.6247833967208862,0.6658287048339844
60min,GRU,1,2027,train_with_validation_monitoring,19,0.6365718245506287,0.6566994190216064
60min,GRU,1,2027,train_with_validation_monitoring,20,0.6201632618904114,0.6478203535079956
60min,GRU,1,2027,train_with_validation_monitoring,21,0.6177396774291992,0.6385945677757263
60min,GRU,1,2027,train_with_validation_monitoring,22,0.583552360534668,0.6289858818054199
60min,GRU,1,2027,train_with_validation_monitoring,23,0.5593587756156921,0.6198357343673706
60min,GRU,1,2027,train_with_validation_monitoring,24,0.6156756281852722,0.6102430820465088
60min,GRU,1,2027,train_with_validation_monitoring,25,0.5705684423446655,0.600782036781311
60min,GRU,1,2027,train_with_validation_monitoring,26,0.5001877546310425,0.5919787883758545
60min,GRU,1,2027,train_with_validation_monitoring,27,0.4948611259460449,0.5831800103187561
60min,GRU,1,2027,train_with_validation_monitoring,28,0.4853866994380951,0.5747061967849731
60min,GRU,1,2027,train_with_validation_monitoring,29,0.48487478494644165,0.5664792656898499
60min,GRU,1,2027,train_with_validation_monitoring,30,0.4612349569797516,0.5586736798286438
60min,GRU,1,2027,train_with_validation_monitoring,31,0.4593702554702759,0.5515856146812439
60min,GRU,1,2027,train_with_validation_monitoring,32,0.5050403475761414,0.5449665784835815
60min,GRU,1,2027,train_with_validation_monitoring,33,0.382427453994751,0.5385648012161255
60min,GRU,1,2027,train_with_validation_monitoring,34,0.43435603380203247,0.5326633453369141
60min,GRU,1,2027,train_with_validation_monitoring,35,0.44289329648017883,0.5276548862457275
60min,GRU,1,2027,train_with_validation_monitoring,36,0.4500217139720917,0.5230652093887329
60min,GRU,1,2027,train_with_validation_monitoring,37,0.3640674650669098,0.5181480646133423
60min,GRU,1,2027,train_with_validation_monitoring,38,0.4196053445339203,0.5105053782463074
60min,GRU,1,2027,train_with_validation_monitoring,39,0.4175572693347931,0.5045623183250427
60min,GRU,1,2027,train_with_validation_monitoring,40,0.37736308574676514,0.5003834962844849
60min,GRU,1,2027,train_with_validation_monitoring,41,0.39681175351142883,0.4962318241596222
60min,GRU,1,2027,train_with_validation_monitoring,42,0.3957024812698364,0.49446070194244385
60min,GRU,1,2027,train_with_validation_monitoring,43,0.31846052408218384,0.4908685088157654
60min,GRU,1,2027,train_with_validation_monitoring,44,0.35649117827415466,0.48729586601257324
60min,GRU,1,2027,train_with_validation_monitoring,45,0.33918988704681396,0.4830350875854492
60min,GRU,1,2027,train_with_validation_monitoring,46,0.3126002848148346,0.47811880707740784
60min,GRU,1,2027,train_with_validation_monitoring,47,0.2860761284828186,0.4732939600944519
60min,GRU,1,2027,train_with_validation_monitoring,48,0.29309186339378357,0.46867048740386963
60min,GRU,1,2027,train_with_validation_monitoring,49,0.31139901280403137,0.4665698707103729
60min,GRU,1,2027,train_with_validation_monitoring,50,0.2735004723072052,0.46237772703170776
60min,GRU,1,2027,train_with_validation_monitoring,51,0.2889459729194641,0.4593442976474762
60min,GRU,1,2027,train_with_validation_monitoring,52,0.33571428060531616,0.45494624972343445
60min,GRU,1,2027,train_with_validation_monitoring,53,0.3229063153266907,0.44766107201576233
60min,GRU,1,2027,train_with_validation_monitoring,54,0.2696320414543152,0.43617483973503113
60min,GRU,1,2027,train_with_validation_monitoring,55,0.2220292091369629,0.424167275428772
60min,GRU,1,2027,train_with_validation_monitoring,56,0.2494218945503235,0.41370803117752075
60min,GRU,1,2027,train_with_validation_monitoring,57,0.25829020142555237,0.40277722477912903
60min,GRU,1,2027,train_with_validation_monitoring,58,0.28698548674583435,0.3910680115222931
60min,GRU,1,2027,train_with_validation_monitoring,59,0.2667613625526428,0.38120606541633606
60min,GRU,1,2027,train_with_validation_monitoring,60,0.28035253286361694,0.37328943610191345
60min,GRU,1,2027,train_with_validation_monitoring,61,0.2825949788093567,0.3676387071609497
60min,GRU,1,2027,train_with_validation_monitoring,62,0.30102288722991943,0.3610794246196747
60min,GRU,1,2027,train_with_validation_monitoring,63,0.2923649549484253,0.3544313609600067
60min,GRU,1,2027,train_with_validation_monitoring,64,0.24635149538516998,0.34822145104408264
60min,GRU,1,2027,train_with_validation_monitoring,65,0.2716521620750427,0.3437885046005249
60min,GRU,1,2027,train_with_validation_monitoring,66,0.2602046728134155,0.3389204144477844
60min,GRU,1,2027,train_with_validation_monitoring,67,0.28035590052604675,0.33314618468284607
60min,GRU,1,2027,train_with_validation_monitoring,68,0.2801241874694824,0.32522082328796387
60min,GRU,1,2027,train_with_validation_monitoring,69,0.31681278347969055,0.32000529766082764
60min,GRU,1,2027,train_with_validation_monitoring,70,0.270923376083374,0.31439918279647827
60min,GRU,1,2027,train_with_validation_monitoring,71,0.24835216999053955,0.31122615933418274
60min,GRU,1,2027,train_with_validation_monitoring,72,0.2231799215078354,0.3085744082927704
60min,GRU,1,2027,train_with_validation_monitoring,73,0.2949807345867157,0.3042815029621124
60min,GRU,1,2027,train_with_validation_monitoring,74,0.20883043110370636,0.3015396296977997
60min,GRU,1,2027,train_with_validation_monitoring,75,0.2355308085680008,0.29552340507507324
60min,GRU,1,2027,train_with_validation_monitoring,76,0.2736686170101166,0.28788894414901733
60min,GRU,1,2027,train_with_validation_monitoring,77,0.27633193135261536,0.28013524413108826
60min,GRU,1,2027,train_with_validation_monitoring,78,0.2433011531829834,0.27170702815055847
60min,GRU,1,2027,train_with_validation_monitoring,79,0.2709178626537323,0.2631293535232544
60min,GRU,1,2027,train_with_validation_monitoring,80,0.30854320526123047,0.255237877368927
60min,GRU,1,2028,train_with_validation_monitoring,1,1.0110697746276855,0.8635170459747314
60min,GRU,1,2028,train_with_validation_monitoring,2,0.9851334095001221,0.8453052639961243
60min,GRU,1,2028,train_with_validation_monitoring,3,0.9401159286499023,0.8283265233039856
60min,GRU,1,2028,train_with_validation_monitoring,4,0.8998206853866577,0.8113550543785095
60min,GRU,1,2028,train_with_validation_monitoring,5,0.8390832543373108,0.7958111763000488
60min,GRU,1,2028,train_with_validation_monitoring,6,0.8436940312385559,0.7804204225540161
60min,GRU,1,2028,train_with_validation_monitoring,7,0.807077944278717,0.7635360956192017
60min,GRU,1,2028,train_with_validation_monitoring,8,0.7552890777587891,0.7453746199607849
60min,GRU,1,2028,train_with_validation_monitoring,9,0.7681217789649963,0.7275513410568237
60min,GRU,1,2028,train_with_validation_monitoring,10,0.7259100675582886,0.7103886604309082
60min,GRU,1,2028,train_with_validation_monitoring,11,0.6990336179733276,0.6928820610046387
60min,GRU,1,2028,train_with_validation_monitoring,12,0.6725509166717529,0.6755650043487549
60min,GRU,1,2028,train_with_validation_monitoring,13,0.6627693176269531,0.6585811376571655
60min,GRU,1,2028,train_with_validation_monitoring,14,0.5935900211334229,0.6423338651657104
60min,GRU,1,2028,train_with_validation_monitoring,15,0.6201540231704712,0.6263908743858337
60min,GRU,1,2028,train_with_validation_monitoring,16,0.5740512013435364,0.6103805303573608
60min,GRU,1,2028,train_with_validation_monitoring,17,0.573887825012207,0.5955872535705566
60min,GRU,1,2028,train_with_validation_monitoring,18,0.5548743605613708,0.5811246037483215
60min,GRU,1,2028,train_with_validation_monitoring,19,0.5123621225357056,0.5670446753501892
60min,GRU,1,2028,train_with_validation_monitoring,20,0.5015584230422974,0.5535104870796204
60min,GRU,1,2028,train_with_validation_monitoring,21,0.4886181652545929,0.5412464141845703
60min,GRU,1,2028,train_with_validation_monitoring,22,0.45783135294914246,0.5297285914421082
60min,GRU,1,2028,train_with_validation_monitoring,23,0.4673566222190857,0.5188923478126526
60min,GRU,1,2028,train_with_validation_monitoring,24,0.4513966739177704,0.5092788934707642
60min,GRU,1,2028,train_with_validation_monitoring,25,0.4369218647480011,0.5014753937721252
60min,GRU,1,2028,train_with_validation_monitoring,26,0.436269074678421,0.4947447180747986
60min,GRU,1,2028,train_with_validation_monitoring,27,0.3827996253967285,0.48911595344543457
60min,GRU,1,2028,train_with_validation_monitoring,28,0.38862353563308716,0.4852493107318878
60min,GRU,1,2028,train_with_validation_monitoring,29,0.40138310194015503,0.48379984498023987
60min,GRU,1,2028,train_with_validation_monitoring,30,0.40095990896224976,0.48309326171875
60min,GRU,1,2028,train_with_validation_monitoring,31,0.3658137321472168,0.4822791516780853
60min,GRU,1,2028,train_with_validation_monitoring,32,0.3149859607219696,0.483148992061615
60min,GRU,1,2028,train_with_validation_monitoring,33,0.37859097123146057,0.48349279165267944
60min,GRU,1,2028,train_with_validation_monitoring,34,0.3719801604747772,0.4838627874851227
60min,GRU,1,2028,train_with_validation_monitoring,35,0.36746299266815186,0.4834175109863281
60min,GRU,1,2028,train_with_validation_monitoring,36,0.32276761531829834,0.48208335041999817
60min,GRU,1,2028,train_with_validation_monitoring,37,0.35096198320388794,0.47881612181663513
60min,GRU,1,2028,train_with_validation_monitoring,38,0.32772234082221985,0.4772016704082489
60min,GRU,1,2028,train_with_validation_monitoring,39,0.3040395975112915,0.47246554493904114
60min,GRU,1,2028,train_with_validation_monitoring,40,0.385444700717926,0.4666122496128082
60min,GRU,1,2028,train_with_validation_monitoring,41,0.3235418498516083,0.45817163586616516
60min,GRU,1,2028,train_with_validation_monitoring,42,0.2970431447029114,0.4500156342983246
60min,GRU,1,2028,train_with_validation_monitoring,43,0.31175658106803894,0.4434340000152588
60min,GRU,1,2028,train_with_validation_monitoring,44,0.33462440967559814,0.4366146922111511
60min,GRU,1,2028,train_with_validation_monitoring,45,0.2912701368331909,0.4304082989692688
60min,GRU,1,2028,train_with_validation_monitoring,46,0.2974965274333954,0.42622774839401245
60min,GRU,1,2028,train_with_validation_monitoring,47,0.30255556106567383,0.42168816924095154
60min,GRU,1,2028,train_with_validation_monitoring,48,0.2852533459663391,0.42007699608802795
60min,GRU,1,2028,train_with_validation_monitoring,49,0.29786041378974915,0.42077457904815674
60min,GRU,1,2028,train_with_validation_monitoring,50,0.310791939496994,0.4230993092060089
60min,GRU,1,2028,train_with_validation_monitoring,51,0.26320183277130127,0.42379704117774963
60min,GRU,1,2028,train_with_validation_monitoring,52,0.2756320834159851,0.425555020570755
60min,GRU,1,2028,train_with_validation_monitoring,53,0.3082941174507141,0.4283186197280884
60min,GRU,1,2028,train_with_validation_monitoring,54,0.2704472541809082,0.42975711822509766
60min,GRU,1,2028,train_with_validation_monitoring,55,0.3061695992946625,0.430960088968277
60min,GRU,1,2028,train_with_validation_monitoring,56,0.25198400020599365,0.4314241409301758
60min,GRU,1,2028,train_with_validation_monitoring,57,0.2823430597782135,0.43048611283302307
60min,GRU,1,2028,train_with_validation_monitoring,58,0.26858046650886536,0.4270364046096802
60min,GRU,2,2026,train_with_validation_monitoring,1,1.2211077213287354,0.974427342414856
60min,GRU,2,2026,train_with_validation_monitoring,2,1.140177607536316,0.9496985077857971
60min,GRU,2,2026,train_with_validation_monitoring,3,1.1502025127410889,0.926446259021759
60min,GRU,2,2026,train_with_validation_monitoring,4,1.119971513748169,0.9045639038085938
60min,GRU,2,2026,train_with_validation_monitoring,5,1.082712173461914,0.8837477564811707
60min,GRU,2,2026,train_with_validation_monitoring,6,1.0415419340133667,0.8634755611419678
60min,GRU,2,2026,train_with_validation_monitoring,7,1.0323033332824707,0.8451670408248901
60min,GRU,2,2026,train_with_validation_monitoring,8,1.0098481178283691,0.8280131816864014
60min,GRU,2,2026,train_with_validation_monitoring,9,0.9688668847084045,0.8122274279594421
60min,GRU,2,2026,train_with_validation_monitoring,10,0.9577174186706543,0.7983280420303345
60min,GRU,2,2026,train_with_validation_monitoring,11,0.9170061945915222,0.7863363027572632
60min,GRU,2,2026,train_with_validation_monitoring,12,0.9040693640708923,0.7760757803916931
60min,GRU,2,2026,train_with_validation_monitoring,13,0.8759552240371704,0.7661246061325073
60min,GRU,2,2026,train_with_validation_monitoring,14,0.8600117564201355,0.7560005187988281
60min,GRU,2,2026,train_with_validation_monitoring,15,0.8125224709510803,0.7460281848907471
60min,GRU,2,2026,train_with_validation_monitoring,16,0.8315229415893555,0.7366728186607361
60min,GRU,2,2026,train_with_validation_monitoring,17,0.8159486651420593,0.7274838089942932
60min,GRU,2,2026,train_with_validation_monitoring,18,0.7685180902481079,0.7187586426734924
60min,GRU,2,2026,train_with_validation_monitoring,19,0.7748821973800659,0.7107200026512146
60min,GRU,2,2026,train_with_validation_monitoring,20,0.755882978439331,0.7028064131736755
60min,GRU,2,2026,train_with_validation_monitoring,21,0.7230349183082581,0.6952258348464966
60min,GRU,2,2026,train_with_validation_monitoring,22,0.7106817960739136,0.6878071427345276
60min,GRU,2,2026,train_with_validation_monitoring,23,0.702687680721283,0.6805492639541626
60min,GRU,2,2026,train_with_validation_monitoring,24,0.7011457681655884,0.6733601689338684
60min,GRU,2,2026,train_with_validation_monitoring,25,0.6944451332092285,0.6665178537368774
60min,GRU,2,2026,train_with_validation_monitoring,26,0.6683292984962463,0.6597815752029419
60min,GRU,2,2026,train_with_validation_monitoring,27,0.6306639909744263,0.65337073802948
60min,GRU,2,2026,train_with_validation_monitoring,28,0.6629059910774231,0.6472772359848022
60min,GRU,2,2026,train_with_validation_monitoring,29,0.6689370274543762,0.6415263414382935
60min,GRU,2,2026,train_with_validation_monitoring,30,0.6249528527259827,0.6360000371932983
60min,GRU,2,2026,train_with_validation_monitoring,31,0.5931820869445801,0.6309047937393188
60min,GRU,2,2026,train_with_validation_monitoring,32,0.591247022151947,0.6260221600532532
60min,GRU,2,2026,train_with_validation_monitoring,33,0.5810976028442383,0.6215355396270752
60min,GRU,2,2026,train_with_validation_monitoring,34,0.5693035125732422,0.6174374222755432
60min,GRU,2,2026,train_with_validation_monitoring,35,0.5530663132667542,0.613788366317749
60min,GRU,2,2026,train_with_validation_monitoring,36,0.5118907690048218,0.6103848218917847
60min,GRU,2,2026,train_with_validation_monitoring,37,0.566250205039978,0.6077142953872681
60min,GRU,2,2026,train_with_validation_monitoring,38,0.48808056116104126,0.6055586338043213
60min,GRU,2,2026,train_with_validation_monitoring,39,0.5375591516494751,0.6029413342475891
60min,GRU,2,2026,train_with_validation_monitoring,40,0.5180646181106567,0.600244402885437
60min,GRU,2,2026,train_with_validation_monitoring,41,0.4764845669269562,0.5971875190734863
60min,GRU,2,2026,train_with_validation_monitoring,42,0.4448944926261902,0.5937275290489197
60min,GRU,2,2026,train_with_validation_monitoring,43,0.4442290961742401,0.5898935198783875
60min,GRU,2,2026,train_with_validation_monitoring,44,0.46935829520225525,0.5863833427429199
60min,GRU,2,2026,train_with_validation_monitoring,45,0.5082186460494995,0.5826722979545593
60min,GRU,2,2026,train_with_validation_monitoring,46,0.43004751205444336,0.5799144506454468
60min,GRU,2,2026,train_with_validation_monitoring,47,0.4215649366378784,0.5764319896697998
60min,GRU,2,2026,train_with_validation_monitoring,48,0.41215187311172485,0.5727998614311218
60min,GRU,2,2026,train_with_validation_monitoring,49,0.4302283823490143,0.5700883269309998
60min,GRU,2,2026,train_with_validation_monitoring,50,0.41500404477119446,0.5682343244552612
60min,GRU,2,2026,train_with_validation_monitoring,51,0.4467870891094208,0.5642489790916443
60min,GRU,2,2026,train_with_validation_monitoring,52,0.4302050471305847,0.5601293444633484
60min,GRU,2,2026,train_with_validation_monitoring,53,0.40678223967552185,0.556167483329773
60min,GRU,2,2026,train_with_validation_monitoring,54,0.3867012858390808,0.55218905210495
60min,GRU,2,2026,train_with_validation_monitoring,55,0.36781468987464905,0.5493032932281494
60min,GRU,2,2026,train_with_validation_monitoring,56,0.4148891270160675,0.5436540842056274
60min,GRU,2,2026,train_with_validation_monitoring,57,0.3879516124725342,0.5377033948898315
60min,GRU,2,2026,train_with_validation_monitoring,58,0.3744240999221802,0.5312373638153076
60min,GRU,2,2026,train_with_validation_monitoring,59,0.3905334174633026,0.5252717733383179
60min,GRU,2,2026,train_with_validation_monitoring,60,0.34999361634254456,0.5198480486869812
60min,GRU,2,2026,train_with_validation_monitoring,61,0.3679667115211487,0.5131269693374634
60min,GRU,2,2026,train_with_validation_monitoring,62,0.33702221512794495,0.5050380825996399
60min,GRU,2,2026,train_with_validation_monitoring,63,0.43770357966423035,0.49676287174224854
60min,GRU,2,2026,train_with_validation_monitoring,64,0.3722926080226898,0.48908257484436035
60min,GRU,2,2026,train_with_validation_monitoring,65,0.4677400290966034,0.48180830478668213
60min,GRU,2,2026,train_with_validation_monitoring,66,0.3299225866794586,0.4741114377975464
60min,GRU,2,2026,train_with_validation_monitoring,67,0.35388830304145813,0.4658844769001007
60min,GRU,2,2026,train_with_validation_monitoring,68,0.31928569078445435,0.45684462785720825
60min,GRU,2,2026,train_with_validation_monitoring,69,0.37419968843460083,0.44976088404655457
60min,GRU,2,2026,train_with_validation_monitoring,70,0.38411757349967957,0.44509756565093994
60min,GRU,2,2026,train_with_validation_monitoring,71,0.41930437088012695,0.4398161470890045
60min,GRU,2,2026,train_with_validation_monitoring,72,0.3927019536495209,0.43428146839141846
60min,GRU,2,2026,train_with_validation_monitoring,73,0.3366357088088989,0.42910486459732056
60min,GRU,2,2026,train_with_validation_monitoring,74,0.3834945559501648,0.42450907826423645
60min,GRU,2,2026,train_with_validation_monitoring,75,0.3423626124858856,0.42139124870300293
60min,GRU,2,2026,train_with_validation_monitoring,76,0.3377544581890106,0.4181598126888275
60min,GRU,2,2026,train_with_validation_monitoring,77,0.36001479625701904,0.4151964485645294
60min,GRU,2,2026,train_with_validation_monitoring,78,0.3333263397216797,0.41335710883140564
60min,GRU,2,2026,train_with_validation_monitoring,79,0.297161340713501,0.4123431146144867
60min,GRU,2,2026,train_with_validation_monitoring,80,0.31056147813796997,0.4109909236431122
60min,GRU,2,2027,train_with_validation_monitoring,1,1.1249539852142334,1.0642014741897583
60min,GRU,2,2027,train_with_validation_monitoring,2,1.1466045379638672,1.0382485389709473
60min,GRU,2,2027,train_with_validation_monitoring,3,1.0498534440994263,1.0150554180145264
60min,GRU,2,2027,train_with_validation_monitoring,4,1.0942130088806152,0.9930038452148438
60min,GRU,2,2027,train_with_validation_monitoring,5,0.9947870373725891,0.9727524518966675
60min,GRU,2,2027,train_with_validation_monitoring,6,0.9968433976173401,0.9541301131248474
60min,GRU,2,2027,train_with_validation_monitoring,7,0.9978318810462952,0.9377448558807373
60min,GRU,2,2027,train_with_validation_monitoring,8,0.9707592129707336,0.9229131937026978
60min,GRU,2,2027,train_with_validation_monitoring,9,0.9309331178665161,0.9092205762863159
60min,GRU,2,2027,train_with_validation_monitoring,10,0.9414048194885254,0.8962131142616272
60min,GRU,2,2027,train_with_validation_monitoring,11,0.9273533225059509,0.884335994720459
60min,GRU,2,2027,train_with_validation_monitoring,12,0.8948233723640442,0.8735131025314331
60min,GRU,2,2027,train_with_validation_monitoring,13,0.8851385712623596,0.8639754056930542
60min,GRU,2,2027,train_with_validation_monitoring,14,0.8631807565689087,0.8556765913963318
60min,GRU,2,2027,train_with_validation_monitoring,15,0.8772132992744446,0.8486726880073547
60min,GRU,2,2027,train_with_validation_monitoring,16,0.8436225652694702,0.8419161438941956
60min,GRU,2,2027,train_with_validation_monitoring,17,0.8083276748657227,0.8357170224189758
60min,GRU,2,2027,train_with_validation_monitoring,18,0.8112214803695679,0.8297504782676697
60min,GRU,2,2027,train_with_validation_monitoring,19,0.7984655499458313,0.8236335515975952
60min,GRU,2,2027,train_with_validation_monitoring,20,0.8147653937339783,0.8173137903213501
60min,GRU,2,2027,train_with_validation_monitoring,21,0.7543266415596008,0.8108285069465637
60min,GRU,2,2027,train_with_validation_monitoring,22,0.7599504590034485,0.804307222366333
60min,GRU,2,2027,train_with_validation_monitoring,23,0.7156156301498413,0.7979859709739685
60min,GRU,2,2027,train_with_validation_monitoring,24,0.7715537548065186,0.7915891408920288
60min,GRU,2,2027,train_with_validation_monitoring,25,0.7295529246330261,0.7854048609733582
60min,GRU,2,2027,train_with_validation_monitoring,26,0.7043294906616211,0.7796898484230042
60min,GRU,2,2027,train_with_validation_monitoring,27,0.6732773780822754,0.7741451263427734
60min,GRU,2,2027,train_with_validation_monitoring,28,0.6640021204948425,0.7686678171157837
60min,GRU,2,2027,train_with_validation_monitoring,29,0.6968046426773071,0.7632622718811035
60min,GRU,2,2027,train_with_validation_monitoring,30,0.6661367416381836,0.7579657435417175
60min,GRU,2,2027,train_with_validation_monitoring,31,0.6591649055480957,0.7524272203445435
60min,GRU,2,2027,train_with_validation_monitoring,32,0.6695223450660706,0.7467684149742126
60min,GRU,2,2027,train_with_validation_monitoring,33,0.6360775232315063,0.7410728931427002
60min,GRU,2,2027,train_with_validation_monitoring,34,0.6364599466323853,0.7353641986846924
60min,GRU,2,2027,train_with_validation_monitoring,35,0.6091837286949158,0.7293352484703064
60min,GRU,2,2027,train_with_validation_monitoring,36,0.5953493118286133,0.7236778140068054
60min,GRU,2,2027,train_with_validation_monitoring,37,0.6270850300788879,0.7174402475357056
60min,GRU,2,2027,train_with_validation_monitoring,38,0.5855931043624878,0.7105185389518738
60min,GRU,2,2027,train_with_validation_monitoring,39,0.5637355446815491,0.7030991315841675
60min,GRU,2,2027,train_with_validation_monitoring,40,0.5442424416542053,0.6962526440620422
60min,GRU,2,2027,train_with_validation_monitoring,41,0.5479198694229126,0.6889932155609131
60min,GRU,2,2027,train_with_validation_monitoring,42,0.5185534954071045,0.6821920275688171
60min,GRU,2,2027,train_with_validation_monitoring,43,0.5389142632484436,0.6743757128715515
60min,GRU,2,2027,train_with_validation_monitoring,44,0.5082888007164001,0.6665485501289368
60min,GRU,2,2027,train_with_validation_monitoring,45,0.5267731547355652,0.6584255695343018
60min,GRU,2,2027,train_with_validation_monitoring,46,0.5003319978713989,0.6487281322479248
60min,GRU,2,2027,train_with_validation_monitoring,47,0.46858716011047363,0.6394339799880981
60min,GRU,2,2027,train_with_validation_monitoring,48,0.48745930194854736,0.6305426359176636
60min,GRU,2,2027,train_with_validation_monitoring,49,0.515380322933197,0.6213726997375488
60min,GRU,2,2027,train_with_validation_monitoring,50,0.49378833174705505,0.6117034554481506
60min,GRU,2,2027,train_with_validation_monitoring,51,0.4740801453590393,0.6011781096458435
60min,GRU,2,2027,train_with_validation_monitoring,52,0.49451741576194763,0.590075671672821
60min,GRU,2,2027,train_with_validation_monitoring,53,0.4960741102695465,0.5780816078186035
60min,GRU,2,2027,train_with_validation_monitoring,54,0.4163796007633209,0.5653393268585205
60min,GRU,2,2027,train_with_validation_monitoring,55,0.4318399727344513,0.5530335903167725
60min,GRU,2,2027,train_with_validation_monitoring,56,0.46767789125442505,0.5399708151817322
60min,GRU,2,2027,train_with_validation_monitoring,57,0.41049906611442566,0.5269126892089844
60min,GRU,2,2027,train_with_validation_monitoring,58,0.41101646423339844,0.5139076113700867
60min,GRU,2,2027,train_with_validation_monitoring,59,0.340126097202301,0.5005005598068237
60min,GRU,2,2027,train_with_validation_monitoring,60,0.42116299271583557,0.48726344108581543
60min,GRU,2,2027,train_with_validation_monitoring,61,0.4304676055908203,0.4757134020328522
60min,GRU,2,2027,train_with_validation_monitoring,62,0.3991661071777344,0.46462294459342957
60min,GRU,2,2027,train_with_validation_monitoring,63,0.3461575508117676,0.45423415303230286
60min,GRU,2,2027,train_with_validation_monitoring,64,0.34355658292770386,0.4434748888015747
60min,GRU,2,2027,train_with_validation_monitoring,65,0.3856638967990875,0.4330568313598633
60min,GRU,2,2027,train_with_validation_monitoring,66,0.3725428581237793,0.4238828718662262
60min,GRU,2,2027,train_with_validation_monitoring,67,0.42256319522857666,0.41443687677383423
60min,GRU,2,2027,train_with_validation_monitoring,68,0.3775390684604645,0.40591344237327576
60min,GRU,2,2027,train_with_validation_monitoring,69,0.3728061020374298,0.3976864218711853
60min,GRU,2,2027,train_with_validation_monitoring,70,0.3546164631843567,0.3891010582447052
60min,GRU,2,2027,train_with_validation_monitoring,71,0.3460196256637573,0.38142165541648865
60min,GRU,2,2027,train_with_validation_monitoring,72,0.35375356674194336,0.3745507299900055
60min,GRU,2,2027,train_with_validation_monitoring,73,0.34931477904319763,0.36756306886672974
60min,GRU,2,2027,train_with_validation_monitoring,74,0.3351389467716217,0.36079663038253784
60min,GRU,2,2027,train_with_validation_monitoring,75,0.3337223529815674,0.3538764417171478
60min,GRU,2,2027,train_with_validation_monitoring,76,0.42707836627960205,0.34712252020835876
60min,GRU,2,2027,train_with_validation_monitoring,77,0.39107397198677063,0.3409596383571625
60min,GRU,2,2027,train_with_validation_monitoring,78,0.35612285137176514,0.333885133266449
60min,GRU,2,2027,train_with_validation_monitoring,79,0.38606002926826477,0.32728350162506104
60min,GRU,2,2027,train_with_validation_monitoring,80,0.4219202995300293,0.32064497470855713
60min,GRU,2,2028,train_with_validation_monitoring,1,0.9879928231239319,0.8014520406723022
60min,GRU,2,2028,train_with_validation_monitoring,2,0.9487404227256775,0.7808811664581299
60min,GRU,2,2028,train_with_validation_monitoring,3,0.9392139911651611,0.7619696855545044
60min,GRU,2,2028,train_with_validation_monitoring,4,0.879892885684967,0.7450752854347229
60min,GRU,2,2028,train_with_validation_monitoring,5,0.9267348051071167,0.7299565672874451
60min,GRU,2,2028,train_with_validation_monitoring,6,0.8863048553466797,0.71649169921875
60min,GRU,2,2028,train_with_validation_monitoring,7,0.8497405052185059,0.7038732171058655
60min,GRU,2,2028,train_with_validation_monitoring,8,0.7734162211418152,0.691866934299469
60min,GRU,2,2028,train_with_validation_monitoring,9,0.7928272485733032,0.6806831359863281
60min,GRU,2,2028,train_with_validation_monitoring,10,0.7743004560470581,0.6705104112625122
60min,GRU,2,2028,train_with_validation_monitoring,11,0.7983059883117676,0.6609947681427002
60min,GRU,2,2028,train_with_validation_monitoring,12,0.7310876846313477,0.6520094275474548
60min,GRU,2,2028,train_with_validation_monitoring,13,0.7343283891677856,0.6430386304855347
60min,GRU,2,2028,train_with_validation_monitoring,14,0.7002619504928589,0.6346899271011353
60min,GRU,2,2028,train_with_validation_monitoring,15,0.6849852204322815,0.626912534236908
60min,GRU,2,2028,train_with_validation_monitoring,16,0.656733512878418,0.6198650002479553
60min,GRU,2,2028,train_with_validation_monitoring,17,0.6082037091255188,0.613576352596283
60min,GRU,2,2028,train_with_validation_monitoring,18,0.6481501460075378,0.6078712344169617
60min,GRU,2,2028,train_with_validation_monitoring,19,0.6717113256454468,0.6026662588119507
60min,GRU,2,2028,train_with_validation_monitoring,20,0.6196452975273132,0.5977256894111633
60min,GRU,2,2028,train_with_validation_monitoring,21,0.6528905630111694,0.5936107635498047
60min,GRU,2,2028,train_with_validation_monitoring,22,0.6071004867553711,0.5907126665115356
60min,GRU,2,2028,train_with_validation_monitoring,23,0.5836175084114075,0.5888521075248718
60min,GRU,2,2028,train_with_validation_monitoring,24,0.5805419683456421,0.5875532627105713
60min,GRU,2,2028,train_with_validation_monitoring,25,0.5557345747947693,0.5869796276092529
60min,GRU,2,2028,train_with_validation_monitoring,26,0.5501049160957336,0.5854564309120178
60min,GRU,2,2028,train_with_validation_monitoring,27,0.5624791383743286,0.5839307308197021
60min,GRU,2,2028,train_with_validation_monitoring,28,0.5571709275245667,0.5827022790908813
60min,GRU,2,2028,train_with_validation_monitoring,29,0.5062262415885925,0.582029402256012
60min,GRU,2,2028,train_with_validation_monitoring,30,0.5272951126098633,0.5803542137145996
60min,GRU,2,2028,train_with_validation_monitoring,31,0.5502084493637085,0.577584981918335
60min,GRU,2,2028,train_with_validation_monitoring,32,0.520129382610321,0.5747455954551697
60min,GRU,2,2028,train_with_validation_monitoring,33,0.5443102121353149,0.5715928673744202
60min,GRU,2,2028,train_with_validation_monitoring,34,0.5257195234298706,0.5679870247840881
60min,GRU,2,2028,train_with_validation_monitoring,35,0.49572765827178955,0.5635636448860168
60min,GRU,2,2028,train_with_validation_monitoring,36,0.5128538012504578,0.5595614910125732
60min,GRU,2,2028,train_with_validation_monitoring,37,0.4802728295326233,0.5548771023750305
60min,GRU,2,2028,train_with_validation_monitoring,38,0.5156663656234741,0.5503653883934021
60min,GRU,2,2028,train_with_validation_monitoring,39,0.46683791279792786,0.5445295572280884
60min,GRU,2,2028,train_with_validation_monitoring,40,0.46564504504203796,0.5366796851158142
60min,GRU,2,2028,train_with_validation_monitoring,41,0.43356168270111084,0.5275428295135498
60min,GRU,2,2028,train_with_validation_monitoring,42,0.4374745786190033,0.5194046497344971
60min,GRU,2,2028,train_with_validation_monitoring,43,0.43189141154289246,0.5120861530303955
60min,GRU,2,2028,train_with_validation_monitoring,44,0.4225388169288635,0.5053619742393494
60min,GRU,2,2028,train_with_validation_monitoring,45,0.4222111999988556,0.4989916682243347
60min,GRU,2,2028,train_with_validation_monitoring,46,0.4074479043483734,0.491820365190506
60min,GRU,2,2028,train_with_validation_monitoring,47,0.38447731733322144,0.48465287685394287
60min,GRU,2,2028,train_with_validation_monitoring,48,0.38871482014656067,0.47782450914382935
60min,GRU,2,2028,train_with_validation_monitoring,49,0.38411304354667664,0.4711386263370514
60min,GRU,2,2028,train_with_validation_monitoring,50,0.4047713875770569,0.46469587087631226
60min,GRU,2,2028,train_with_validation_monitoring,51,0.3882046937942505,0.4581015110015869
60min,GRU,2,2028,train_with_validation_monitoring,52,0.3965882658958435,0.4521772265434265
60min,GRU,2,2028,train_with_validation_monitoring,53,0.39263537526130676,0.4468657374382019
60min,GRU,2,2028,train_with_validation_monitoring,54,0.40281566977500916,0.44201532006263733
60min,GRU,2,2028,train_with_validation_monitoring,55,0.3668125569820404,0.438198059797287
60min,GRU,2,2028,train_with_validation_monitoring,56,0.3272278904914856,0.4349384009838104
60min,GRU,2,2028,train_with_validation_monitoring,57,0.3868573009967804,0.4307706952095032
60min,GRU,2,2028,train_with_validation_monitoring,58,0.3574679493904114,0.4262722134590149
60min,GRU,2,2028,train_with_validation_monitoring,59,0.3353431820869446,0.42292648553848267
60min,GRU,2,2028,train_with_validation_monitoring,60,0.4038800895214081,0.4179167151451111
60min,GRU,2,2028,train_with_validation_monitoring,61,0.3907815217971802,0.41284048557281494
60min,GRU,2,2028,train_with_validation_monitoring,62,0.3638494610786438,0.40814146399497986
60min,GRU,2,2028,train_with_validation_monitoring,63,0.40988343954086304,0.4038734436035156
60min,GRU,2,2028,train_with_validation_monitoring,64,0.35996314883232117,0.39957717061042786
60min,GRU,2,2028,train_with_validation_monitoring,65,0.3329309821128845,0.39572855830192566
60min,GRU,2,2028,train_with_validation_monitoring,66,0.3635464310646057,0.3925599753856659
60min,GRU,2,2028,train_with_validation_monitoring,67,0.32231685519218445,0.38872143626213074
60min,GRU,2,2028,train_with_validation_monitoring,68,0.44270187616348267,0.3869664967060089
60min,GRU,2,2028,train_with_validation_monitoring,69,0.32450658082962036,0.3860132098197937
60min,GRU,2,2028,train_with_validation_monitoring,70,0.36152300238609314,0.3845408260822296
60min,GRU,2,2028,train_with_validation_monitoring,71,0.3259705603122711,0.38239362835884094
60min,GRU,2,2028,train_with_validation_monitoring,72,0.3418857753276825,0.3807981312274933
60min,GRU,2,2028,train_with_validation_monitoring,73,0.3428860902786255,0.3799358606338501
60min,GRU,2,2028,train_with_validation_monitoring,74,0.29935118556022644,0.38101935386657715
60min,GRU,2,2028,train_with_validation_monitoring,75,0.31979629397392273,0.38172534108161926
60min,GRU,2,2028,train_with_validation_monitoring,76,0.35316845774650574,0.3822343349456787
60min,GRU,2,2028,train_with_validation_monitoring,77,0.3217272460460663,0.38314175605773926
60min,GRU,2,2028,train_with_validation_monitoring,78,0.32778334617614746,0.3843044340610504
60min,GRU,2,2028,train_with_validation_monitoring,79,0.2929021120071411,0.384839802980423
60min,GRU,2,2028,train_with_validation_monitoring,80,0.3463563621044159,0.38597410917282104
60min,TCN,1,2026,train_with_validation_monitoring,1,3.012631416320801,2.8895745277404785
60min,TCN,1,2026,train_with_validation_monitoring,2,2.0489113330841064,2.1780505180358887
60min,TCN,1,2026,train_with_validation_monitoring,3,1.7113100290298462,1.7232495546340942
60min,TCN,1,2026,train_with_validation_monitoring,4,1.4492331743240356,1.4368319511413574
60min,TCN,1,2026,train_with_validation_monitoring,5,1.2648251056671143,1.2452094554901123
60min,TCN,1,2026,train_with_validation_monitoring,6,1.1700352430343628,1.103715419769287
60min,TCN,1,2026,train_with_validation_monitoring,7,1.0840942859649658,1.0102070569992065
60min,TCN,1,2026,train_with_validation_monitoring,8,0.991453230381012,0.9523838758468628
60min,TCN,1,2026,train_with_validation_monitoring,9,0.9940675497055054,0.9174440503120422
60min,TCN,1,2026,train_with_validation_monitoring,10,0.9500653743743896,0.8967622518539429
60min,TCN,1,2026,train_with_validation_monitoring,11,0.9206712245941162,0.885059118270874
60min,TCN,1,2026,train_with_validation_monitoring,12,0.9230219125747681,0.8794915676116943
60min,TCN,1,2026,train_with_validation_monitoring,13,0.8191871047019958,0.8745523691177368
60min,TCN,1,2026,train_with_validation_monitoring,14,0.8405730724334717,0.8691064119338989
60min,TCN,1,2026,train_with_validation_monitoring,15,0.8190314173698425,0.8625162243843079
60min,TCN,1,2026,train_with_validation_monitoring,16,0.8335471749305725,0.854560911655426
60min,TCN,1,2026,train_with_validation_monitoring,17,0.8018770217895508,0.8442208766937256
60min,TCN,1,2026,train_with_validation_monitoring,18,0.7609661817550659,0.8327322602272034
60min,TCN,1,2026,train_with_validation_monitoring,19,0.7152183651924133,0.8208542466163635
60min,TCN,1,2026,train_with_validation_monitoring,20,0.7452715635299683,0.8081244826316833
60min,TCN,1,2026,train_with_validation_monitoring,21,0.7517232894897461,0.797283947467804
60min,TCN,1,2026,train_with_validation_monitoring,22,0.7044733762741089,0.7855801582336426
60min,TCN,1,2026,train_with_validation_monitoring,23,0.7133715748786926,0.7733289003372192
60min,TCN,1,2026,train_with_validation_monitoring,24,0.6618314385414124,0.7602075934410095
60min,TCN,1,2026,train_with_validation_monitoring,25,0.6285442113876343,0.7438202500343323
60min,TCN,1,2026,train_with_validation_monitoring,26,0.6161370277404785,0.7289016842842102
60min,TCN,1,2026,train_with_validation_monitoring,27,0.6812412738800049,0.716911792755127
60min,TCN,1,2026,train_with_validation_monitoring,28,0.6288057565689087,0.7040417194366455
60min,TCN,1,2026,train_with_validation_monitoring,29,0.6094028353691101,0.690742552280426
60min,TCN,1,2026,train_with_validation_monitoring,30,0.5666505694389343,0.6740294098854065
60min,TCN,1,2026,train_with_validation_monitoring,31,0.5622836351394653,0.657762885093689
60min,TCN,1,2026,train_with_validation_monitoring,32,0.5069159269332886,0.6422589421272278
60min,TCN,1,2026,train_with_validation_monitoring,33,0.5149596929550171,0.6292394995689392
60min,TCN,1,2026,train_with_validation_monitoring,34,0.5612118244171143,0.616320788860321
60min,TCN,1,2026,train_with_validation_monitoring,35,0.44773921370506287,0.6036611199378967
60min,TCN,1,2026,train_with_validation_monitoring,36,0.4679886996746063,0.5888673663139343
60min,TCN,1,2026,train_with_validation_monitoring,37,0.47040224075317383,0.5712661147117615
60min,TCN,1,2026,train_with_validation_monitoring,38,0.45671671628952026,0.5507864356040955
60min,TCN,1,2026,train_with_validation_monitoring,39,0.4299246668815613,0.5283807516098022
60min,TCN,1,2026,train_with_validation_monitoring,40,0.4538644552230835,0.4973590075969696
60min,TCN,1,2026,train_with_validation_monitoring,41,0.36777907609939575,0.46458667516708374
60min,TCN,1,2026,train_with_validation_monitoring,42,0.3736477792263031,0.43448010087013245
60min,TCN,1,2026,train_with_validation_monitoring,43,0.38444074988365173,0.4142363369464874
60min,TCN,1,2026,train_with_validation_monitoring,44,0.3662531077861786,0.4027565121650696
60min,TCN,1,2026,train_with_validation_monitoring,45,0.387209415435791,0.3917642831802368
60min,TCN,1,2026,train_with_validation_monitoring,46,0.35808074474334717,0.3844582736492157
60min,TCN,1,2026,train_with_validation_monitoring,47,0.32974427938461304,0.3748367130756378
60min,TCN,1,2026,train_with_validation_monitoring,48,0.35857099294662476,0.3683890998363495
60min,TCN,1,2026,train_with_validation_monitoring,49,0.38282158970832825,0.36478209495544434
60min,TCN,1,2026,train_with_validation_monitoring,50,0.34190869331359863,0.35732680559158325
60min,TCN,1,2026,train_with_validation_monitoring,51,0.39810845255851746,0.3499159514904022
60min,TCN,1,2026,train_with_validation_monitoring,52,0.32795998454093933,0.3414362668991089
60min,TCN,1,2026,train_with_validation_monitoring,53,0.27932941913604736,0.3338317573070526
60min,TCN,1,2026,train_with_validation_monitoring,54,0.31675654649734497,0.32933616638183594
60min,TCN,1,2026,train_with_validation_monitoring,55,0.2834438383579254,0.32552093267440796
60min,TCN,1,2026,train_with_validation_monitoring,56,0.3742911219596863,0.32531794905662537
60min,TCN,1,2026,train_with_validation_monitoring,57,0.25312140583992004,0.3250408470630646
60min,TCN,1,2026,train_with_validation_monitoring,58,0.27929142117500305,0.32742688059806824
60min,TCN,1,2026,train_with_validation_monitoring,59,0.2818937599658966,0.3281973898410797
60min,TCN,1,2026,train_with_validation_monitoring,60,0.2764483690261841,0.3247051537036896
60min,TCN,1,2026,train_with_validation_monitoring,61,0.26410943269729614,0.318633109331131
60min,TCN,1,2026,train_with_validation_monitoring,62,0.25102686882019043,0.31099778413772583
60min,TCN,1,2026,train_with_validation_monitoring,63,0.27709895372390747,0.30353036522865295
60min,TCN,1,2026,train_with_validation_monitoring,64,0.25168392062187195,0.297074556350708
60min,TCN,1,2026,train_with_validation_monitoring,65,0.25752151012420654,0.2932813763618469
60min,TCN,1,2026,train_with_validation_monitoring,66,0.23988844454288483,0.2913990020751953
60min,TCN,1,2026,train_with_validation_monitoring,67,0.24447952210903168,0.29055193066596985
60min,TCN,1,2026,train_with_validation_monitoring,68,0.23427946865558624,0.2913792133331299
60min,TCN,1,2026,train_with_validation_monitoring,69,0.21627190709114075,0.2919999361038208
60min,TCN,1,2026,train_with_validation_monitoring,70,0.2403363436460495,0.29108041524887085
60min,TCN,1,2026,train_with_validation_monitoring,71,0.2615032494068146,0.28976935148239136
60min,TCN,1,2026,train_with_validation_monitoring,72,0.23565798997879028,0.2843364477157593
60min,TCN,1,2026,train_with_validation_monitoring,73,0.22461551427841187,0.2720721960067749
60min,TCN,1,2026,train_with_validation_monitoring,74,0.21945004165172577,0.26166409254074097
60min,TCN,1,2026,train_with_validation_monitoring,75,0.21248449385166168,0.25470441579818726
60min,TCN,1,2026,train_with_validation_monitoring,76,0.2579684257507324,0.2537916600704193
60min,TCN,1,2026,train_with_validation_monitoring,77,0.20838390290737152,0.253230482339859
60min,TCN,1,2026,train_with_validation_monitoring,78,0.2301720380783081,0.25658124685287476
60min,TCN,1,2026,train_with_validation_monitoring,79,0.21082977950572968,0.25961431860923767
60min,TCN,1,2026,train_with_validation_monitoring,80,0.24020519852638245,0.25775855779647827
60min,TCN,1,2027,train_with_validation_monitoring,1,2.6256918907165527,2.2346489429473877
60min,TCN,1,2027,train_with_validation_monitoring,2,2.014164924621582,1.8689249753952026
60min,TCN,1,2027,train_with_validation_monitoring,3,1.4723905324935913,1.8117091655731201
60min,TCN,1,2027,train_with_validation_monitoring,4,1.3060648441314697,1.7716501951217651
60min,TCN,1,2027,train_with_validation_monitoring,5,1.2027462720870972,1.6953288316726685
60min,TCN,1,2027,train_with_validation_monitoring,6,1.121177315711975,1.5673314332962036
60min,TCN,1,2027,train_with_validation_monitoring,7,1.0700342655181885,1.4285478591918945
60min,TCN,1,2027,train_with_validation_monitoring,8,1.040012240409851,1.3034541606903076
60min,TCN,1,2027,train_with_validation_monitoring,9,0.9829244613647461,1.2130954265594482
60min,TCN,1,2027,train_with_validation_monitoring,10,0.9667841792106628,1.153625726699829
60min,TCN,1,2027,train_with_validation_monitoring,11,0.9496016502380371,1.111052393913269
60min,TCN,1,2027,train_with_validation_monitoring,12,0.9821517467498779,1.0730655193328857
60min,TCN,1,2027,train_with_validation_monitoring,13,0.9202939867973328,1.0360885858535767
60min,TCN,1,2027,train_with_validation_monitoring,14,0.9151978492736816,1.000213384628296
60min,TCN,1,2027,train_with_validation_monitoring,15,0.908129870891571,0.9649090766906738
60min,TCN,1,2027,train_with_validation_monitoring,16,0.893632173538208,0.9316718578338623
60min,TCN,1,2027,train_with_validation_monitoring,17,0.8595985770225525,0.9027873277664185
60min,TCN,1,2027,train_with_validation_monitoring,18,0.8418514132499695,0.8822184205055237
60min,TCN,1,2027,train_with_validation_monitoring,19,0.8211192488670349,0.8712025880813599
60min,TCN,1,2027,train_with_validation_monitoring,20,0.8087422847747803,0.8666067719459534
60min,TCN,1,2027,train_with_validation_monitoring,21,0.8046508431434631,0.8589951992034912
60min,TCN,1,2027,train_with_validation_monitoring,22,0.7862553596496582,0.8470019102096558
60min,TCN,1,2027,train_with_validation_monitoring,23,0.763903796672821,0.8292244076728821
60min,TCN,1,2027,train_with_validation_monitoring,24,0.7438280582427979,0.8072212338447571
60min,TCN,1,2027,train_with_validation_monitoring,25,0.7213500142097473,0.782456636428833
60min,TCN,1,2027,train_with_validation_monitoring,26,0.7405163645744324,0.7547647356987
60min,TCN,1,2027,train_with_validation_monitoring,27,0.7077854871749878,0.7267171144485474
60min,TCN,1,2027,train_with_validation_monitoring,28,0.695311427116394,0.7008369565010071
60min,TCN,1,2027,train_with_validation_monitoring,29,0.6895610094070435,0.6785499453544617
60min,TCN,1,2027,train_with_validation_monitoring,30,0.6438974142074585,0.6592991352081299
60min,TCN,1,2027,train_with_validation_monitoring,31,0.6452953219413757,0.6425896286964417
60min,TCN,1,2027,train_with_validation_monitoring,32,0.6421409845352173,0.626936137676239
60min,TCN,1,2027,train_with_validation_monitoring,33,0.609067440032959,0.613977313041687
60min,TCN,1,2027,train_with_validation_monitoring,34,0.5952476263046265,0.6019490361213684
60min,TCN,1,2027,train_with_validation_monitoring,35,0.5564936995506287,0.5915252566337585
60min,TCN,1,2027,train_with_validation_monitoring,36,0.5799629092216492,0.5800317525863647
60min,TCN,1,2027,train_with_validation_monitoring,37,0.5497389435768127,0.5681799650192261
60min,TCN,1,2027,train_with_validation_monitoring,38,0.5327408909797668,0.5554668307304382
60min,TCN,1,2027,train_with_validation_monitoring,39,0.5514722466468811,0.5397806763648987
60min,TCN,1,2027,train_with_validation_monitoring,40,0.5450138449668884,0.5262971520423889
60min,TCN,1,2027,train_with_validation_monitoring,41,0.49687355756759644,0.5112963914871216
60min,TCN,1,2027,train_with_validation_monitoring,42,0.47494712471961975,0.49722984433174133
60min,TCN,1,2027,train_with_validation_monitoring,43,0.4382116496562958,0.48803257942199707
60min,TCN,1,2027,train_with_validation_monitoring,44,0.4633985459804535,0.48510703444480896
60min,TCN,1,2027,train_with_validation_monitoring,45,0.41637277603149414,0.48696866631507874
60min,TCN,1,2027,train_with_validation_monitoring,46,0.44701889157295227,0.49239474534988403
60min,TCN,1,2027,train_with_validation_monitoring,47,0.41868165135383606,0.49555346369743347
60min,TCN,1,2027,train_with_validation_monitoring,48,0.45034223794937134,0.4874175190925598
60min,TCN,1,2027,train_with_validation_monitoring,49,0.3418884575366974,0.4771251380443573
60min,TCN,1,2027,train_with_validation_monitoring,50,0.3842715919017792,0.4701869785785675
60min,TCN,1,2027,train_with_validation_monitoring,51,0.3760022222995758,0.4603869616985321
60min,TCN,1,2027,train_with_validation_monitoring,52,0.3873338997364044,0.44883638620376587
60min,TCN,1,2027,train_with_validation_monitoring,53,0.3608938753604889,0.43779346346855164
60min,TCN,1,2027,train_with_validation_monitoring,54,0.3288373053073883,0.4320186972618103
60min,TCN,1,2027,train_with_validation_monitoring,55,0.34866225719451904,0.42744895815849304
60min,TCN,1,2027,train_with_validation_monitoring,56,0.2949272692203522,0.42393332719802856
60min,TCN,1,2027,train_with_validation_monitoring,57,0.2899361252784729,0.42198774218559265
60min,TCN,1,2027,train_with_validation_monitoring,58,0.31132230162620544,0.4178473949432373
60min,TCN,1,2027,train_with_validation_monitoring,59,0.27946361899375916,0.4227847754955292
60min,TCN,1,2027,train_with_validation_monitoring,60,0.313516765832901,0.43252626061439514
60min,TCN,1,2027,train_with_validation_monitoring,61,0.2922556698322296,0.4364342987537384
60min,TCN,1,2027,train_with_validation_monitoring,62,0.37526968121528625,0.44050952792167664
60min,TCN,1,2027,train_with_validation_monitoring,63,0.26097309589385986,0.4500010311603546
60min,TCN,1,2027,train_with_validation_monitoring,64,0.2476576566696167,0.45392683148384094
60min,TCN,1,2027,train_with_validation_monitoring,65,0.34050872921943665,0.4517858624458313
60min,TCN,1,2027,train_with_validation_monitoring,66,0.23732851445674896,0.44808733463287354
60min,TCN,1,2027,train_with_validation_monitoring,67,0.24119998514652252,0.44618186354637146
60min,TCN,1,2027,train_with_validation_monitoring,68,0.2806190550327301,0.4430411159992218
60min,TCN,1,2028,train_with_validation_monitoring,1,1.9378082752227783,1.7586807012557983
60min,TCN,1,2028,train_with_validation_monitoring,2,1.4924602508544922,1.3693927526474
60min,TCN,1,2028,train_with_validation_monitoring,3,1.283348798751831,1.2690585851669312
60min,TCN,1,2028,train_with_validation_monitoring,4,1.2631946802139282,1.2314279079437256
60min,TCN,1,2028,train_with_validation_monitoring,5,1.214914083480835,1.1889164447784424
60min,TCN,1,2028,train_with_validation_monitoring,6,1.1043720245361328,1.1233327388763428
60min,TCN,1,2028,train_with_validation_monitoring,7,1.1119121313095093,1.0452555418014526
60min,TCN,1,2028,train_with_validation_monitoring,8,1.0506540536880493,0.9760445952415466
60min,TCN,1,2028,train_with_validation_monitoring,9,1.0287429094314575,0.9154614806175232
60min,TCN,1,2028,train_with_validation_monitoring,10,0.9695541262626648,0.874640941619873
60min,TCN,1,2028,train_with_validation_monitoring,11,0.9797937870025635,0.8466620445251465
60min,TCN,1,2028,train_with_validation_monitoring,12,0.9430909156799316,0.8368171453475952
60min,TCN,1,2028,train_with_validation_monitoring,13,0.9268940687179565,0.8357372283935547
60min,TCN,1,2028,train_with_validation_monitoring,14,0.9075474143028259,0.8414608240127563
60min,TCN,1,2028,train_with_validation_monitoring,15,0.8865883946418762,0.853873074054718
60min,TCN,1,2028,train_with_validation_monitoring,16,0.8894830346107483,0.8615847826004028
60min,TCN,1,2028,train_with_validation_monitoring,17,0.8469516038894653,0.8606564998626709
60min,TCN,1,2028,train_with_validation_monitoring,18,0.8346413373947144,0.8543549180030823
60min,TCN,1,2028,train_with_validation_monitoring,19,0.8354502320289612,0.8522929549217224
60min,TCN,1,2028,train_with_validation_monitoring,20,0.8150004744529724,0.8487139344215393
60min,TCN,1,2028,train_with_validation_monitoring,21,0.8185716271400452,0.8425392508506775
60min,TCN,1,2028,train_with_validation_monitoring,22,0.8135561347007751,0.8349153399467468
60min,TCN,1,2028,train_with_validation_monitoring,23,0.7940494418144226,0.8282063603401184
60min,TCN,1,2028,train_with_validation_monitoring,24,0.7907540202140808,0.8211963772773743
60min,TCN,1,2028,train_with_validation_monitoring,25,0.7948679327964783,0.8160228133201599
60min,TCN,1,2028,train_with_validation_monitoring,26,0.7756519317626953,0.8127697110176086
60min,TCN,1,2028,train_with_validation_monitoring,27,0.7836637496948242,0.8124951720237732
60min,TCN,1,2028,train_with_validation_monitoring,28,0.7602913975715637,0.8143866062164307
60min,TCN,1,2028,train_with_validation_monitoring,29,0.760288655757904,0.815301239490509
60min,TCN,1,2028,train_with_validation_monitoring,30,0.7407764792442322,0.8155388832092285
60min,TCN,1,2028,train_with_validation_monitoring,31,0.7375344038009644,0.81473708152771
60min,TCN,1,2028,train_with_validation_monitoring,32,0.7187120318412781,0.8139764070510864
60min,TCN,1,2028,train_with_validation_monitoring,33,0.7165518999099731,0.8123673796653748
60min,TCN,1,2028,train_with_validation_monitoring,34,0.7193155288696289,0.8105772137641907
60min,TCN,1,2028,train_with_validation_monitoring,35,0.6902258992195129,0.8091627359390259
60min,TCN,1,2028,train_with_validation_monitoring,36,0.6919698715209961,0.8076937198638916
60min,TCN,1,2028,train_with_validation_monitoring,37,0.7057685256004333,0.8051968812942505
60min,TCN,1,2028,train_with_validation_monitoring,38,0.7249004244804382,0.8025661706924438
60min,TCN,1,2028,train_with_validation_monitoring,39,0.6882524490356445,0.801009476184845
60min,TCN,1,2028,train_with_validation_monitoring,40,0.7051432728767395,0.8005104064941406
60min,TCN,1,2028,train_with_validation_monitoring,41,0.6707707047462463,0.7996410727500916
60min,TCN,1,2028,train_with_validation_monitoring,42,0.6632347702980042,0.7975351214408875
60min,TCN,1,2028,train_with_validation_monitoring,43,0.684531033039093,0.794889509677887
60min,TCN,1,2028,train_with_validation_monitoring,44,0.64082932472229,0.7921961545944214
60min,TCN,1,2028,train_with_validation_monitoring,45,0.687286376953125,0.7897102236747742
60min,TCN,1,2028,train_with_validation_monitoring,46,0.6645346879959106,0.7873454093933105
60min,TCN,1,2028,train_with_validation_monitoring,47,0.6426836252212524,0.7833530902862549
60min,TCN,1,2028,train_with_validation_monitoring,48,0.6376741528511047,0.7800624966621399
60min,TCN,1,2028,train_with_validation_monitoring,49,0.6178732514381409,0.7775260210037231
60min,TCN,1,2028,train_with_validation_monitoring,50,0.6472786068916321,0.7741838693618774
60min,TCN,1,2028,train_with_validation_monitoring,51,0.6295300126075745,0.7715229988098145
60min,TCN,1,2028,train_with_validation_monitoring,52,0.6243768930435181,0.7679306268692017
60min,TCN,1,2028,train_with_validation_monitoring,53,0.6354976892471313,0.7634850740432739
60min,TCN,1,2028,train_with_validation_monitoring,54,0.6130315065383911,0.7607778310775757
60min,TCN,1,2028,train_with_validation_monitoring,55,0.6061072945594788,0.7591560482978821
60min,TCN,1,2028,train_with_validation_monitoring,56,0.6088690757751465,0.7580521702766418
60min,TCN,1,2028,train_with_validation_monitoring,57,0.6163800954818726,0.7569841742515564
60min,TCN,1,2028,train_with_validation_monitoring,58,0.5994081497192383,0.7543835043907166
60min,TCN,1,2028,train_with_validation_monitoring,59,0.5801172852516174,0.7514996528625488
60min,TCN,1,2028,train_with_validation_monitoring,60,0.5541816353797913,0.7485265135765076
60min,TCN,1,2028,train_with_validation_monitoring,61,0.6059679985046387,0.7453058362007141
60min,TCN,1,2028,train_with_validation_monitoring,62,0.6011880040168762,0.7407289147377014
60min,TCN,1,2028,train_with_validation_monitoring,63,0.6153162121772766,0.7359985113143921
60min,TCN,1,2028,train_with_validation_monitoring,64,0.6080725789070129,0.7315603494644165
60min,TCN,1,2028,train_with_validation_monitoring,65,0.5687839984893799,0.7275727987289429
60min,TCN,1,2028,train_with_validation_monitoring,66,0.5595034956932068,0.7236365079879761
60min,TCN,1,2028,train_with_validation_monitoring,67,0.5621880888938904,0.7200585603713989
60min,TCN,1,2028,train_with_validation_monitoring,68,0.5380069613456726,0.7166987061500549
60min,TCN,1,2028,train_with_validation_monitoring,69,0.5540696978569031,0.7130172848701477
60min,TCN,1,2028,train_with_validation_monitoring,70,0.5330249667167664,0.7101395726203918
60min,TCN,1,2028,train_with_validation_monitoring,71,0.540781557559967,0.7067957520484924
60min,TCN,1,2028,train_with_validation_monitoring,72,0.5545816421508789,0.704095184803009
60min,TCN,1,2028,train_with_validation_monitoring,73,0.5436099767684937,0.7012476325035095
60min,TCN,1,2028,train_with_validation_monitoring,74,0.5613285899162292,0.6965094804763794
60min,TCN,1,2028,train_with_validation_monitoring,75,0.5565141439437866,0.6899570226669312
60min,TCN,1,2028,train_with_validation_monitoring,76,0.526979923248291,0.6841417551040649
60min,TCN,1,2028,train_with_validation_monitoring,77,0.5039200186729431,0.6788989305496216
60min,TCN,1,2028,train_with_validation_monitoring,78,0.5074548721313477,0.6751851439476013
60min,TCN,1,2028,train_with_validation_monitoring,79,0.5095713138580322,0.67142254114151
60min,TCN,1,2028,train_with_validation_monitoring,80,0.5261056423187256,0.6685619354248047
60min,TCN,2,2026,train_with_validation_monitoring,1,13.313506126403809,18.37516212463379
60min,TCN,2,2026,train_with_validation_monitoring,2,8.90451431274414,11.232089042663574
60min,TCN,2,2026,train_with_validation_monitoring,3,5.809002876281738,7.314665794372559
60min,TCN,2,2026,train_with_validation_monitoring,4,4.124307155609131,5.073668479919434
60min,TCN,2,2026,train_with_validation_monitoring,5,3.117889404296875,3.6643059253692627
60min,TCN,2,2026,train_with_validation_monitoring,6,2.475572347640991,2.7365686893463135
60min,TCN,2,2026,train_with_validation_monitoring,7,2.1527938842773438,2.144505500793457
60min,TCN,2,2026,train_with_validation_monitoring,8,1.7659783363342285,1.7679632902145386
60min,TCN,2,2026,train_with_validation_monitoring,9,1.5419749021530151,1.527407169342041
60min,TCN,2,2026,train_with_validation_monitoring,10,1.346411943435669,1.3582799434661865
60min,TCN,2,2026,train_with_validation_monitoring,11,1.265141248703003,1.2313954830169678
60min,TCN,2,2026,train_with_validation_monitoring,12,1.224182367324829,1.1330153942108154
60min,TCN,2,2026,train_with_validation_monitoring,13,1.1562494039535522,1.0607203245162964
60min,TCN,2,2026,train_with_validation_monitoring,14,1.1156126260757446,1.0079282522201538
60min,TCN,2,2026,train_with_validation_monitoring,15,1.0757911205291748,0.9719534516334534
60min,TCN,2,2026,train_with_validation_monitoring,16,1.0019508600234985,0.9482153654098511
60min,TCN,2,2026,train_with_validation_monitoring,17,0.9863060712814331,0.9313746690750122
60min,TCN,2,2026,train_with_validation_monitoring,18,0.9456604719161987,0.9178684949874878
60min,TCN,2,2026,train_with_validation_monitoring,19,0.9649644494056702,0.9060647487640381
60min,TCN,2,2026,train_with_validation_monitoring,20,0.933731198310852,0.8923695087432861
60min,TCN,2,2026,train_with_validation_monitoring,21,0.9074157476425171,0.8787737488746643
60min,TCN,2,2026,train_with_validation_monitoring,22,0.8861276507377625,0.866509199142456
60min,TCN,2,2026,train_with_validation_monitoring,23,0.8826361894607544,0.8568044900894165
60min,TCN,2,2026,train_with_validation_monitoring,24,0.9270839691162109,0.8467603325843811
60min,TCN,2,2026,train_with_validation_monitoring,25,0.8675525188446045,0.8381439447402954
60min,TCN,2,2026,train_with_validation_monitoring,26,0.8411939144134521,0.8313187956809998
60min,TCN,2,2026,train_with_validation_monitoring,27,0.8729841709136963,0.8257607221603394
60min,TCN,2,2026,train_with_validation_monitoring,28,0.8391715884208679,0.8220889568328857
60min,TCN,2,2026,train_with_validation_monitoring,29,0.8390895128250122,0.8189380764961243
60min,TCN,2,2026,train_with_validation_monitoring,30,0.8177734613418579,0.815228283405304
60min,TCN,2,2026,train_with_validation_monitoring,31,0.7879363298416138,0.8112090826034546
60min,TCN,2,2026,train_with_validation_monitoring,32,0.806728184223175,0.8044842481613159
60min,TCN,2,2026,train_with_validation_monitoring,33,0.8248688578605652,0.7964017391204834
60min,TCN,2,2026,train_with_validation_monitoring,34,0.7497968077659607,0.7842001914978027
60min,TCN,2,2026,train_with_validation_monitoring,35,0.7527692317962646,0.7700759172439575
60min,TCN,2,2026,train_with_validation_monitoring,36,0.7336682081222534,0.7517120838165283
60min,TCN,2,2026,train_with_validation_monitoring,37,0.7016758918762207,0.7329281568527222
60min,TCN,2,2026,train_with_validation_monitoring,38,0.7077400088310242,0.7132464647293091
60min,TCN,2,2026,train_with_validation_monitoring,39,0.7026851773262024,0.6976621150970459
60min,TCN,2,2026,train_with_validation_monitoring,40,0.7095873355865479,0.6898999810218811
60min,TCN,2,2026,train_with_validation_monitoring,41,0.6619991660118103,0.6831183433532715
60min,TCN,2,2026,train_with_validation_monitoring,42,0.6527726054191589,0.6754198670387268
60min,TCN,2,2026,train_with_validation_monitoring,43,0.6412608027458191,0.6660899519920349
60min,TCN,2,2026,train_with_validation_monitoring,44,0.6461424231529236,0.6555209159851074
60min,TCN,2,2026,train_with_validation_monitoring,45,0.6729370355606079,0.6428409218788147
60min,TCN,2,2026,train_with_validation_monitoring,46,0.6376204490661621,0.6277559995651245
60min,TCN,2,2026,train_with_validation_monitoring,47,0.5927937626838684,0.6077459454536438
60min,TCN,2,2026,train_with_validation_monitoring,48,0.6037810444831848,0.5960903167724609
60min,TCN,2,2026,train_with_validation_monitoring,49,0.5715512633323669,0.5856286883354187
60min,TCN,2,2026,train_with_validation_monitoring,50,0.5899893641471863,0.5796674489974976
60min,TCN,2,2026,train_with_validation_monitoring,51,0.5804509520530701,0.5708831548690796
60min,TCN,2,2026,train_with_validation_monitoring,52,0.5637326240539551,0.5632431507110596
60min,TCN,2,2026,train_with_validation_monitoring,53,0.5277139544487,0.5552938580513
60min,TCN,2,2026,train_with_validation_monitoring,54,0.5576228499412537,0.5529268383979797
60min,TCN,2,2026,train_with_validation_monitoring,55,0.5551788210868835,0.5477244853973389
60min,TCN,2,2026,train_with_validation_monitoring,56,0.5213583707809448,0.5327825546264648
60min,TCN,2,2026,train_with_validation_monitoring,57,0.49713268876075745,0.5101733803749084
60min,TCN,2,2026,train_with_validation_monitoring,58,0.49302592873573303,0.4950111210346222
60min,TCN,2,2026,train_with_validation_monitoring,59,0.5074756741523743,0.4820105731487274
60min,TCN,2,2026,train_with_validation_monitoring,60,0.4922497570514679,0.469086229801178
60min,TCN,2,2026,train_with_validation_monitoring,61,0.459240585565567,0.45624369382858276
60min,TCN,2,2026,train_with_validation_monitoring,62,0.4903702139854431,0.44953402876853943
60min,TCN,2,2026,train_with_validation_monitoring,63,0.43921786546707153,0.4512234926223755
60min,TCN,2,2026,train_with_validation_monitoring,64,0.461296945810318,0.4500976800918579
60min,TCN,2,2026,train_with_validation_monitoring,65,0.4734072685241699,0.4476039707660675
60min,TCN,2,2026,train_with_validation_monitoring,66,0.4595032036304474,0.4392634630203247
60min,TCN,2,2026,train_with_validation_monitoring,67,0.4754582345485687,0.4359743297100067
60min,TCN,2,2026,train_with_validation_monitoring,68,0.4903094470500946,0.4429447650909424
60min,TCN,2,2026,train_with_validation_monitoring,69,0.4715091288089752,0.44535648822784424
60min,TCN,2,2026,train_with_validation_monitoring,70,0.427681565284729,0.44566524028778076
60min,TCN,2,2026,train_with_validation_monitoring,71,0.48510581254959106,0.4469812512397766
60min,TCN,2,2026,train_with_validation_monitoring,72,0.4037405252456665,0.43918418884277344
60min,TCN,2,2026,train_with_validation_monitoring,73,0.4290854036808014,0.4341419041156769
60min,TCN,2,2026,train_with_validation_monitoring,74,0.46252796053886414,0.4286527931690216
60min,TCN,2,2026,train_with_validation_monitoring,75,0.444439172744751,0.4242314398288727
60min,TCN,2,2026,train_with_validation_monitoring,76,0.4285159409046173,0.41956451535224915
60min,TCN,2,2026,train_with_validation_monitoring,77,0.41492214798927307,0.41690942645072937
60min,TCN,2,2026,train_with_validation_monitoring,78,0.37702563405036926,0.4099609851837158
60min,TCN,2,2026,train_with_validation_monitoring,79,0.4577533006668091,0.406643807888031
60min,TCN,2,2026,train_with_validation_monitoring,80,0.39986690878868103,0.4095216989517212
60min,TCN,2,2027,train_with_validation_monitoring,1,9.336058616638184,6.6422834396362305
60min,TCN,2,2027,train_with_validation_monitoring,2,5.8265838623046875,4.026422023773193
60min,TCN,2,2027,train_with_validation_monitoring,3,3.6989312171936035,2.608107566833496
60min,TCN,2,2027,train_with_validation_monitoring,4,2.672696113586426,1.7756505012512207
60min,TCN,2,2027,train_with_validation_monitoring,5,2.3664963245391846,1.3451944589614868
60min,TCN,2,2027,train_with_validation_monitoring,6,1.835612177848816,1.2068171501159668
60min,TCN,2,2027,train_with_validation_monitoring,7,1.7968504428863525,1.2384105920791626
60min,TCN,2,2027,train_with_validation_monitoring,8,1.6841487884521484,1.2968050241470337
60min,TCN,2,2027,train_with_validation_monitoring,9,1.5633448362350464,1.3764015436172485
60min,TCN,2,2027,train_with_validation_monitoring,10,1.4114720821380615,1.4339532852172852
60min,TCN,2,2027,train_with_validation_monitoring,11,1.3913756608963013,1.463989496231079
60min,TCN,2,2027,train_with_validation_monitoring,12,1.2669486999511719,1.4594718217849731
60min,TCN,2,2027,train_with_validation_monitoring,13,1.2228646278381348,1.4517160654067993
60min,TCN,2,2027,train_with_validation_monitoring,14,1.241148829460144,1.4236464500427246
60min,TCN,2,2027,train_with_validation_monitoring,15,1.1082794666290283,1.3900030851364136
60min,TCN,2,2027,train_with_validation_monitoring,16,1.2097220420837402,1.3528021574020386
60min,TCN,2,2028,train_with_validation_monitoring,1,3.881479024887085,2.0186095237731934
60min,TCN,2,2028,train_with_validation_monitoring,2,2.4133028984069824,1.5080498456954956
60min,TCN,2,2028,train_with_validation_monitoring,3,1.958417296409607,1.267656683921814
60min,TCN,2,2028,train_with_validation_monitoring,4,1.6667943000793457,1.1343318223953247
60min,TCN,2,2028,train_with_validation_monitoring,5,1.6027485132217407,1.062137246131897
60min,TCN,2,2028,train_with_validation_monitoring,6,1.3034381866455078,1.011752724647522
60min,TCN,2,2028,train_with_validation_monitoring,7,1.1873522996902466,0.9808587431907654
60min,TCN,2,2028,train_with_validation_monitoring,8,1.193105697631836,0.9579468369483948
60min,TCN,2,2028,train_with_validation_monitoring,9,1.117350697517395,0.9413213133811951
60min,TCN,2,2028,train_with_validation_monitoring,10,1.0678972005844116,0.9276607632637024
60min,TCN,2,2028,train_with_validation_monitoring,11,1.0490058660507202,0.9158286452293396
60min,TCN,2,2028,train_with_validation_monitoring,12,1.0206925868988037,0.9051943421363831
60min,TCN,2,2028,train_with_validation_monitoring,13,0.9286463856697083,0.8949283361434937
60min,TCN,2,2028,train_with_validation_monitoring,14,0.9365405440330505,0.883421778678894
60min,TCN,2,2028,train_with_validation_monitoring,15,0.9172698259353638,0.8698694109916687
60min,TCN,2,2028,train_with_validation_monitoring,16,0.8428980708122253,0.854970395565033
60min,TCN,2,2028,train_with_validation_monitoring,17,0.8016532063484192,0.8410321474075317
60min,TCN,2,2028,train_with_validation_monitoring,18,0.8293254971504211,0.8273264169692993
60min,TCN,2,2028,train_with_validation_monitoring,19,0.784172534942627,0.8135415315628052
60min,TCN,2,2028,train_with_validation_monitoring,20,0.7408208847045898,0.8005751967430115
60min,TCN,2,2028,train_with_validation_monitoring,21,0.7327662706375122,0.7902216911315918
60min,TCN,2,2028,train_with_validation_monitoring,22,0.7037780284881592,0.781199038028717
60min,TCN,2,2028,train_with_validation_monitoring,23,0.7021536827087402,0.7745206952095032
60min,TCN,2,2028,train_with_validation_monitoring,24,0.6853590607643127,0.7699032425880432
60min,TCN,2,2028,train_with_validation_monitoring,25,0.6733972430229187,0.7667099237442017
60min,TCN,2,2028,train_with_validation_monitoring,26,0.6826275587081909,0.7636680006980896
60min,TCN,2,2028,train_with_validation_monitoring,27,0.6592110991477966,0.7609245777130127
60min,TCN,2,2028,train_with_validation_monitoring,28,0.6677573323249817,0.759143590927124
60min,TCN,2,2028,train_with_validation_monitoring,29,0.6708669662475586,0.7602214813232422
60min,TCN,2,2028,train_with_validation_monitoring,30,0.6248239874839783,0.7651916742324829
60min,TCN,2,2028,train_with_validation_monitoring,31,0.6032838821411133,0.7705807685852051
60min,TCN,2,2028,train_with_validation_monitoring,32,0.5993340015411377,0.7757225036621094
60min,TCN,2,2028,train_with_validation_monitoring,33,0.5643567442893982,0.7775320410728455
60min,TCN,2,2028,train_with_validation_monitoring,34,0.5649023056030273,0.7760414481163025
60min,TCN,2,2028,train_with_validation_monitoring,35,0.5491055846214294,0.7715092301368713
60min,TCN,2,2028,train_with_validation_monitoring,36,0.5638503432273865,0.7635850310325623
60min,TCN,2,2028,train_with_validation_monitoring,37,0.5516526699066162,0.7531878352165222
60min,TCN,2,2028,train_with_validation_monitoring,38,0.5529489517211914,0.7415173053741455
60min,TCN,2,2028,train_with_validation_monitoring,39,0.5446341633796692,0.7290387749671936
60min,TCN,2,2028,train_with_validation_monitoring,40,0.521242618560791,0.7162147760391235
60min,TCN,2,2028,train_with_validation_monitoring,41,0.547261118888855,0.7035272121429443
60min,TCN,2,2028,train_with_validation_monitoring,42,0.5346288084983826,0.6914652585983276
60min,TCN,2,2028,train_with_validation_monitoring,43,0.5178496241569519,0.6795592308044434
60min,TCN,2,2028,train_with_validation_monitoring,44,0.517684280872345,0.6683062314987183
60min,TCN,2,2028,train_with_validation_monitoring,45,0.4974343776702881,0.6575226187705994
60min,TCN,2,2028,train_with_validation_monitoring,46,0.49788999557495117,0.6474924683570862
60min,TCN,2,2028,train_with_validation_monitoring,47,0.4207814931869507,0.6381327509880066
60min,TCN,2,2028,train_with_validation_monitoring,48,0.5062379837036133,0.6294413208961487
60min,TCN,2,2028,train_with_validation_monitoring,49,0.4527868926525116,0.621988832950592
60min,TCN,2,2028,train_with_validation_monitoring,50,0.4847899377346039,0.6146532893180847
60min,TCN,2,2028,train_with_validation_monitoring,51,0.44976943731307983,0.6070721745491028
60min,TCN,2,2028,train_with_validation_monitoring,52,0.4578380584716797,0.5984300374984741
60min,TCN,2,2028,train_with_validation_monitoring,53,0.43467551469802856,0.5891791582107544
60min,TCN,2,2028,train_with_validation_monitoring,54,0.45503830909729004,0.5790018439292908
60min,TCN,2,2028,train_with_validation_monitoring,55,0.46035996079444885,0.5680712461471558
60min,TCN,2,2028,train_with_validation_monitoring,56,0.4246091842651367,0.5571263432502747
60min,TCN,2,2028,train_with_validation_monitoring,57,0.4193207025527954,0.5467145442962646
60min,TCN,2,2028,train_with_validation_monitoring,58,0.3870248794555664,0.5361433625221252
60min,TCN,2,2028,train_with_validation_monitoring,59,0.3961367607116699,0.5257881283760071
60min,TCN,2,2028,train_with_validation_monitoring,60,0.401830792427063,0.5158848166465759
60min,TCN,2,2028,train_with_validation_monitoring,61,0.43778806924819946,0.5071155428886414
60min,TCN,2,2028,train_with_validation_monitoring,62,0.4390447735786438,0.49871793389320374
60min,TCN,2,2028,train_with_validation_monitoring,63,0.37737327814102173,0.4907904267311096
60min,TCN,2,2028,train_with_validation_monitoring,64,0.38059934973716736,0.4828903079032898
60min,TCN,2,2028,train_with_validation_monitoring,65,0.34740084409713745,0.4746324419975281
60min,TCN,2,2028,train_with_validation_monitoring,66,0.38162556290626526,0.4657846689224243
60min,TCN,2,2028,train_with_validation_monitoring,67,0.39261481165885925,0.4568427801132202
60min,TCN,2,2028,train_with_validation_monitoring,68,0.36592164635658264,0.4478400647640228
60min,TCN,2,2028,train_with_validation_monitoring,69,0.31413620710372925,0.43950971961021423
60min,TCN,2,2028,train_with_validation_monitoring,70,0.37094101309776306,0.4320320785045624
60min,TCN,2,2028,train_with_validation_monitoring,71,0.33214902877807617,0.42513206601142883
60min,TCN,2,2028,train_with_validation_monitoring,72,0.39149466156959534,0.41950151324272156
60min,TCN,2,2028,train_with_validation_monitoring,73,0.36672815680503845,0.4138415455818176
60min,TCN,2,2028,train_with_validation_monitoring,74,0.3693309426307678,0.408073365688324
60min,TCN,2,2028,train_with_validation_monitoring,75,0.34454256296157837,0.40274399518966675
60min,TCN,2,2028,train_with_validation_monitoring,76,0.3391847312450409,0.39826637506484985
60min,TCN,2,2028,train_with_validation_monitoring,77,0.30475860834121704,0.39353370666503906
60min,TCN,2,2028,train_with_validation_monitoring,78,0.3483070433139801,0.3897606134414673
60min,TCN,2,2028,train_with_validation_monitoring,79,0.3295525908470154,0.3847917914390564
60min,TCN,2,2028,train_with_validation_monitoring,80,0.3463013172149658,0.37939998507499695
4min,MLP,1,2026,train_plus_validation_fixed_epochs,1,1.1270538568496704,
4min,MLP,1,2026,train_plus_validation_fixed_epochs,2,0.4700831472873688,
4min,MLP,1,2026,train_plus_validation_fixed_epochs,3,0.3304439187049866,
4min,MLP,1,2026,train_plus_validation_fixed_epochs,4,0.2718062698841095,
4min,MLP,1,2026,train_plus_validation_fixed_epochs,5,0.23300261795520782,
4min,MLP,1,2026,train_plus_validation_fixed_epochs,6,0.2275579422712326,
4min,MLP,1,2026,train_plus_validation_fixed_epochs,7,0.21649883687496185,
4min,MLP,1,2026,train_plus_validation_fixed_epochs,8,0.21053773164749146,
4min,MLP,1,2026,train_plus_validation_fixed_epochs,9,0.21324968338012695,
4min,MLP,1,2026,train_plus_validation_fixed_epochs,10,0.20241868495941162,
4min,MLP,1,2026,train_plus_validation_fixed_epochs,11,0.20486778020858765,
4min,MLP,1,2026,train_plus_validation_fixed_epochs,12,0.19393876194953918,
4min,MLP,1,2026,train_plus_validation_fixed_epochs,13,0.20869621634483337,
4min,MLP,1,2026,train_plus_validation_fixed_epochs,14,0.17624089121818542,
4min,MLP,1,2026,train_plus_validation_fixed_epochs,15,0.1730552464723587,
4min,MLP,1,2026,train_plus_validation_fixed_epochs,16,0.16951042413711548,
4min,MLP,1,2026,train_plus_validation_fixed_epochs,17,0.17516061663627625,
4min,MLP,1,2026,train_plus_validation_fixed_epochs,18,0.17687231302261353,
4min,MLP,1,2026,train_plus_validation_fixed_epochs,19,0.16751937568187714,
4min,MLP,1,2026,train_plus_validation_fixed_epochs,20,0.17024292051792145,
4min,MLP,1,2026,train_plus_validation_fixed_epochs,21,0.1739262044429779,
4min,MLP,1,2026,train_plus_validation_fixed_epochs,22,0.16214075684547424,
4min,MLP,1,2026,train_plus_validation_fixed_epochs,23,0.15420465171337128,
4min,MLP,1,2026,train_plus_validation_fixed_epochs,24,0.1513606309890747,
4min,MLP,1,2026,train_plus_validation_fixed_epochs,25,0.1468771994113922,
4min,MLP,1,2026,train_plus_validation_fixed_epochs,26,0.14678646624088287,
4min,MLP,1,2026,train_plus_validation_fixed_epochs,27,0.144565612077713,
4min,MLP,1,2026,train_plus_validation_fixed_epochs,28,0.14267390966415405,
4min,MLP,1,2026,train_plus_validation_fixed_epochs,29,0.13749559223651886,
4min,MLP,1,2026,train_plus_validation_fixed_epochs,30,0.1412503868341446,
4min,MLP,1,2026,train_plus_validation_fixed_epochs,31,0.13309958577156067,
4min,MLP,1,2026,train_plus_validation_fixed_epochs,32,0.13608968257904053,
4min,MLP,1,2026,train_plus_validation_fixed_epochs,33,0.13640689849853516,
4min,MLP,1,2026,train_plus_validation_fixed_epochs,34,0.14405234158039093,
4min,MLP,1,2026,train_plus_validation_fixed_epochs,35,0.14893925189971924,
4min,MLP,1,2027,train_plus_validation_fixed_epochs,1,0.950738787651062,
4min,MLP,1,2027,train_plus_validation_fixed_epochs,2,0.4155992567539215,
4min,MLP,1,2027,train_plus_validation_fixed_epochs,3,0.2963830232620239,
4min,MLP,1,2027,train_plus_validation_fixed_epochs,4,0.2509262263774872,
4min,MLP,1,2027,train_plus_validation_fixed_epochs,5,0.2305932193994522,
4min,MLP,1,2027,train_plus_validation_fixed_epochs,6,0.22718052566051483,
4min,MLP,1,2027,train_plus_validation_fixed_epochs,7,0.21170611679553986,
4min,MLP,1,2027,train_plus_validation_fixed_epochs,8,0.20862194895744324,
4min,MLP,1,2027,train_plus_validation_fixed_epochs,9,0.20401005446910858,
4min,MLP,1,2027,train_plus_validation_fixed_epochs,10,0.19588229060173035,
4min,MLP,1,2027,train_plus_validation_fixed_epochs,11,0.19193191826343536,
4min,MLP,1,2027,train_plus_validation_fixed_epochs,12,0.1858702301979065,
4min,MLP,1,2027,train_plus_validation_fixed_epochs,13,0.18053098022937775,
4min,MLP,1,2027,train_plus_validation_fixed_epochs,14,0.17687851190567017,
4min,MLP,1,2027,train_plus_validation_fixed_epochs,15,0.17894908785820007,
4min,MLP,1,2027,train_plus_validation_fixed_epochs,16,0.17226970195770264,
4min,MLP,1,2027,train_plus_validation_fixed_epochs,17,0.15857720375061035,
4min,MLP,1,2027,train_plus_validation_fixed_epochs,18,0.16393789649009705,
4min,MLP,1,2027,train_plus_validation_fixed_epochs,19,0.16025710105895996,
4min,MLP,1,2027,train_plus_validation_fixed_epochs,20,0.15871983766555786,
4min,MLP,1,2027,train_plus_validation_fixed_epochs,21,0.15220776200294495,
4min,MLP,1,2027,train_plus_validation_fixed_epochs,22,0.1533028930425644,
4min,MLP,1,2027,train_plus_validation_fixed_epochs,23,0.14956140518188477,
4min,MLP,1,2027,train_plus_validation_fixed_epochs,24,0.1535961776971817,
4min,MLP,1,2027,train_plus_validation_fixed_epochs,25,0.14081911742687225,
4min,MLP,1,2027,train_plus_validation_fixed_epochs,26,0.14057119190692902,
4min,MLP,1,2027,train_plus_validation_fixed_epochs,27,0.1399800330400467,
4min,MLP,1,2027,train_plus_validation_fixed_epochs,28,0.13346241414546967,
4min,MLP,1,2027,train_plus_validation_fixed_epochs,29,0.1320200264453888,
4min,MLP,1,2027,train_plus_validation_fixed_epochs,30,0.12950696051120758,
4min,MLP,1,2027,train_plus_validation_fixed_epochs,31,0.13357070088386536,
4min,MLP,1,2027,train_plus_validation_fixed_epochs,32,0.12286964058876038,
4min,MLP,1,2027,train_plus_validation_fixed_epochs,33,0.12085757404565811,
4min,MLP,1,2027,train_plus_validation_fixed_epochs,34,0.11936502158641815,
4min,MLP,1,2027,train_plus_validation_fixed_epochs,35,0.11719577014446259,
4min,MLP,1,2028,train_plus_validation_fixed_epochs,1,1.0826067924499512,
4min,MLP,1,2028,train_plus_validation_fixed_epochs,2,0.4329490065574646,
4min,MLP,1,2028,train_plus_validation_fixed_epochs,3,0.3036273717880249,
4min,MLP,1,2028,train_plus_validation_fixed_epochs,4,0.2451324462890625,
4min,MLP,1,2028,train_plus_validation_fixed_epochs,5,0.2419898360967636,
4min,MLP,1,2028,train_plus_validation_fixed_epochs,6,0.2308524250984192,
4min,MLP,1,2028,train_plus_validation_fixed_epochs,7,0.225566104054451,
4min,MLP,1,2028,train_plus_validation_fixed_epochs,8,0.21141278743743896,
4min,MLP,1,2028,train_plus_validation_fixed_epochs,9,0.2005944550037384,
4min,MLP,1,2028,train_plus_validation_fixed_epochs,10,0.19508782029151917,
4min,MLP,1,2028,train_plus_validation_fixed_epochs,11,0.19954617321491241,
4min,MLP,1,2028,train_plus_validation_fixed_epochs,12,0.19052168726921082,
4min,MLP,1,2028,train_plus_validation_fixed_epochs,13,0.18467658758163452,
4min,MLP,1,2028,train_plus_validation_fixed_epochs,14,0.18416568636894226,
4min,MLP,1,2028,train_plus_validation_fixed_epochs,15,0.18114717304706573,
4min,MLP,1,2028,train_plus_validation_fixed_epochs,16,0.16706271469593048,
4min,MLP,1,2028,train_plus_validation_fixed_epochs,17,0.16469497978687286,
4min,MLP,1,2028,train_plus_validation_fixed_epochs,18,0.16510167717933655,
4min,MLP,1,2028,train_plus_validation_fixed_epochs,19,0.15585410594940186,
4min,MLP,1,2028,train_plus_validation_fixed_epochs,20,0.15071412920951843,
4min,MLP,1,2028,train_plus_validation_fixed_epochs,21,0.15167295932769775,
4min,MLP,1,2028,train_plus_validation_fixed_epochs,22,0.15943150222301483,
4min,MLP,1,2028,train_plus_validation_fixed_epochs,23,0.1564331203699112,
4min,MLP,1,2028,train_plus_validation_fixed_epochs,24,0.14747530221939087,
4min,MLP,1,2028,train_plus_validation_fixed_epochs,25,0.13998810946941376,
4min,MLP,1,2028,train_plus_validation_fixed_epochs,26,0.14124201238155365,
4min,MLP,1,2028,train_plus_validation_fixed_epochs,27,0.14121486246585846,
4min,MLP,1,2028,train_plus_validation_fixed_epochs,28,0.13634592294692993,
4min,MLP,1,2028,train_plus_validation_fixed_epochs,29,0.14181531965732574,
4min,MLP,1,2028,train_plus_validation_fixed_epochs,30,0.13487131893634796,
4min,MLP,1,2028,train_plus_validation_fixed_epochs,31,0.13420701026916504,
4min,MLP,1,2028,train_plus_validation_fixed_epochs,32,0.13264784216880798,
4min,MLP,1,2028,train_plus_validation_fixed_epochs,33,0.12505263090133667,
4min,MLP,1,2028,train_plus_validation_fixed_epochs,34,0.13224777579307556,
4min,MLP,1,2028,train_plus_validation_fixed_epochs,35,0.14017437398433685,
4min,LSTM,1,2026,train_plus_validation_fixed_epochs,1,0.8444880843162537,
4min,LSTM,1,2026,train_plus_validation_fixed_epochs,2,0.5084465742111206,
4min,LSTM,1,2026,train_plus_validation_fixed_epochs,3,0.36440378427505493,
4min,LSTM,1,2026,train_plus_validation_fixed_epochs,4,0.3141768276691437,
4min,LSTM,1,2026,train_plus_validation_fixed_epochs,5,0.28190749883651733,
4min,LSTM,1,2026,train_plus_validation_fixed_epochs,6,0.26624608039855957,
4min,LSTM,1,2026,train_plus_validation_fixed_epochs,7,0.2535373568534851,
4min,LSTM,1,2026,train_plus_validation_fixed_epochs,8,0.2495289146900177,
4min,LSTM,1,2026,train_plus_validation_fixed_epochs,9,0.24858388304710388,
4min,LSTM,1,2026,train_plus_validation_fixed_epochs,10,0.22772036492824554,
4min,LSTM,1,2026,train_plus_validation_fixed_epochs,11,0.22032016515731812,
4min,LSTM,1,2026,train_plus_validation_fixed_epochs,12,0.22724109888076782,
4min,LSTM,1,2026,train_plus_validation_fixed_epochs,13,0.22688235342502594,
4min,LSTM,1,2026,train_plus_validation_fixed_epochs,14,0.1989527940750122,
4min,LSTM,1,2026,train_plus_validation_fixed_epochs,15,0.19207867980003357,
4min,LSTM,1,2026,train_plus_validation_fixed_epochs,16,0.19234678149223328,
4min,LSTM,1,2026,train_plus_validation_fixed_epochs,17,0.18517188727855682,
4min,LSTM,1,2026,train_plus_validation_fixed_epochs,18,0.1833571195602417,
4min,LSTM,1,2026,train_plus_validation_fixed_epochs,19,0.17668138444423676,
4min,LSTM,1,2026,train_plus_validation_fixed_epochs,20,0.16822530329227448,
4min,LSTM,1,2026,train_plus_validation_fixed_epochs,21,0.1613311767578125,
4min,LSTM,1,2026,train_plus_validation_fixed_epochs,22,0.16454817354679108,
4min,LSTM,1,2026,train_plus_validation_fixed_epochs,23,0.15558931231498718,
4min,LSTM,1,2026,train_plus_validation_fixed_epochs,24,0.15470337867736816,
4min,LSTM,1,2026,train_plus_validation_fixed_epochs,25,0.15622174739837646,
4min,LSTM,1,2026,train_plus_validation_fixed_epochs,26,0.1597767472267151,
4min,LSTM,1,2026,train_plus_validation_fixed_epochs,27,0.1584942489862442,
4min,LSTM,1,2026,train_plus_validation_fixed_epochs,28,0.15532223880290985,
4min,LSTM,1,2026,train_plus_validation_fixed_epochs,29,0.1618606448173523,
4min,LSTM,1,2026,train_plus_validation_fixed_epochs,30,0.17821216583251953,
4min,LSTM,1,2027,train_plus_validation_fixed_epochs,1,0.823833703994751,
4min,LSTM,1,2027,train_plus_validation_fixed_epochs,2,0.5356276035308838,
4min,LSTM,1,2027,train_plus_validation_fixed_epochs,3,0.3738156259059906,
4min,LSTM,1,2027,train_plus_validation_fixed_epochs,4,0.32164695858955383,
4min,LSTM,1,2027,train_plus_validation_fixed_epochs,5,0.27695080637931824,
4min,LSTM,1,2027,train_plus_validation_fixed_epochs,6,0.2518139183521271,
4min,LSTM,1,2027,train_plus_validation_fixed_epochs,7,0.24276158213615417,
4min,LSTM,1,2027,train_plus_validation_fixed_epochs,8,0.23221829533576965,
4min,LSTM,1,2027,train_plus_validation_fixed_epochs,9,0.23707449436187744,
4min,LSTM,1,2027,train_plus_validation_fixed_epochs,10,0.2258199155330658,
4min,LSTM,1,2027,train_plus_validation_fixed_epochs,11,0.19830045104026794,
4min,LSTM,1,2027,train_plus_validation_fixed_epochs,12,0.20185990631580353,
4min,LSTM,1,2027,train_plus_validation_fixed_epochs,13,0.2079162448644638,
4min,LSTM,1,2027,train_plus_validation_fixed_epochs,14,0.2173575758934021,
4min,LSTM,1,2027,train_plus_validation_fixed_epochs,15,0.21516631543636322,
4min,LSTM,1,2027,train_plus_validation_fixed_epochs,16,0.18252675235271454,
4min,LSTM,1,2027,train_plus_validation_fixed_epochs,17,0.18451237678527832,
4min,LSTM,1,2027,train_plus_validation_fixed_epochs,18,0.1847561150789261,
4min,LSTM,1,2027,train_plus_validation_fixed_epochs,19,0.17391571402549744,
4min,LSTM,1,2027,train_plus_validation_fixed_epochs,20,0.17910510301589966,
4min,LSTM,1,2027,train_plus_validation_fixed_epochs,21,0.15942665934562683,
4min,LSTM,1,2027,train_plus_validation_fixed_epochs,22,0.17840911448001862,
4min,LSTM,1,2027,train_plus_validation_fixed_epochs,23,0.18143172562122345,
4min,LSTM,1,2027,train_plus_validation_fixed_epochs,24,0.1822601556777954,
4min,LSTM,1,2027,train_plus_validation_fixed_epochs,25,0.1682378202676773,
4min,LSTM,1,2027,train_plus_validation_fixed_epochs,26,0.16370756924152374,
4min,LSTM,1,2027,train_plus_validation_fixed_epochs,27,0.15763072669506073,
4min,LSTM,1,2027,train_plus_validation_fixed_epochs,28,0.17547832429409027,
4min,LSTM,1,2027,train_plus_validation_fixed_epochs,29,0.1663636863231659,
4min,LSTM,1,2027,train_plus_validation_fixed_epochs,30,0.1637987345457077,
4min,LSTM,1,2028,train_plus_validation_fixed_epochs,1,0.7898692488670349,
4min,LSTM,1,2028,train_plus_validation_fixed_epochs,2,0.4638736844062805,
4min,LSTM,1,2028,train_plus_validation_fixed_epochs,3,0.3436030149459839,
4min,LSTM,1,2028,train_plus_validation_fixed_epochs,4,0.3002854883670807,
4min,LSTM,1,2028,train_plus_validation_fixed_epochs,5,0.2789238393306732,
4min,LSTM,1,2028,train_plus_validation_fixed_epochs,6,0.2563481330871582,
4min,LSTM,1,2028,train_plus_validation_fixed_epochs,7,0.2495538741350174,
4min,LSTM,1,2028,train_plus_validation_fixed_epochs,8,0.23676203191280365,
4min,LSTM,1,2028,train_plus_validation_fixed_epochs,9,0.22348330914974213,
4min,LSTM,1,2028,train_plus_validation_fixed_epochs,10,0.2233942449092865,
4min,LSTM,1,2028,train_plus_validation_fixed_epochs,11,0.20668502151966095,
4min,LSTM,1,2028,train_plus_validation_fixed_epochs,12,0.21697798371315002,
4min,LSTM,1,2028,train_plus_validation_fixed_epochs,13,0.1915493905544281,
4min,LSTM,1,2028,train_plus_validation_fixed_epochs,14,0.19401654601097107,
4min,LSTM,1,2028,train_plus_validation_fixed_epochs,15,0.20321021974086761,
4min,LSTM,1,2028,train_plus_validation_fixed_epochs,16,0.18877318501472473,
4min,LSTM,1,2028,train_plus_validation_fixed_epochs,17,0.18197454512119293,
4min,LSTM,1,2028,train_plus_validation_fixed_epochs,18,0.18564411997795105,
4min,LSTM,1,2028,train_plus_validation_fixed_epochs,19,0.17802415788173676,
4min,LSTM,1,2028,train_plus_validation_fixed_epochs,20,0.16551758348941803,
4min,LSTM,1,2028,train_plus_validation_fixed_epochs,21,0.168144091963768,
4min,LSTM,1,2028,train_plus_validation_fixed_epochs,22,0.16537418961524963,
4min,LSTM,1,2028,train_plus_validation_fixed_epochs,23,0.15323688089847565,
4min,LSTM,1,2028,train_plus_validation_fixed_epochs,24,0.1529630869626999,
4min,LSTM,1,2028,train_plus_validation_fixed_epochs,25,0.15564103424549103,
4min,LSTM,1,2028,train_plus_validation_fixed_epochs,26,0.15205493569374084,
4min,LSTM,1,2028,train_plus_validation_fixed_epochs,27,0.14556363224983215,
4min,LSTM,1,2028,train_plus_validation_fixed_epochs,28,0.14683713018894196,
4min,LSTM,1,2028,train_plus_validation_fixed_epochs,29,0.15313132107257843,
4min,LSTM,1,2028,train_plus_validation_fixed_epochs,30,0.19280481338500977,
4min,GRU,1,2026,train_plus_validation_fixed_epochs,1,0.8669521808624268,
4min,GRU,1,2026,train_plus_validation_fixed_epochs,2,0.5398457050323486,
4min,GRU,1,2026,train_plus_validation_fixed_epochs,3,0.4228639602661133,
4min,GRU,1,2026,train_plus_validation_fixed_epochs,4,0.36807775497436523,
4min,GRU,1,2026,train_plus_validation_fixed_epochs,5,0.345184326171875,
4min,GRU,1,2026,train_plus_validation_fixed_epochs,6,0.3282964527606964,
4min,GRU,1,2026,train_plus_validation_fixed_epochs,7,0.3009815514087677,
4min,GRU,1,2026,train_plus_validation_fixed_epochs,8,0.2965179681777954,
4min,GRU,1,2026,train_plus_validation_fixed_epochs,9,0.2761750817298889,
4min,GRU,1,2026,train_plus_validation_fixed_epochs,10,0.26454591751098633,
4min,GRU,1,2026,train_plus_validation_fixed_epochs,11,0.2559908628463745,
4min,GRU,1,2026,train_plus_validation_fixed_epochs,12,0.2340049296617508,
4min,GRU,1,2026,train_plus_validation_fixed_epochs,13,0.23256734013557434,
4min,GRU,1,2026,train_plus_validation_fixed_epochs,14,0.2220763862133026,
4min,GRU,1,2026,train_plus_validation_fixed_epochs,15,0.2134840041399002,
4min,GRU,1,2026,train_plus_validation_fixed_epochs,16,0.21131770312786102,
4min,GRU,1,2026,train_plus_validation_fixed_epochs,17,0.20107890665531158,
4min,GRU,1,2026,train_plus_validation_fixed_epochs,18,0.1918371617794037,
4min,GRU,1,2026,train_plus_validation_fixed_epochs,19,0.19010497629642487,
4min,GRU,1,2026,train_plus_validation_fixed_epochs,20,0.17902804911136627,
4min,GRU,1,2026,train_plus_validation_fixed_epochs,21,0.16769558191299438,
4min,GRU,1,2026,train_plus_validation_fixed_epochs,22,0.17461997270584106,
4min,GRU,1,2026,train_plus_validation_fixed_epochs,23,0.16877107322216034,
4min,GRU,1,2026,train_plus_validation_fixed_epochs,24,0.16811667382717133,
4min,GRU,1,2026,train_plus_validation_fixed_epochs,25,0.1581428498029709,
4min,GRU,1,2026,train_plus_validation_fixed_epochs,26,0.1643114537000656,
4min,GRU,1,2026,train_plus_validation_fixed_epochs,27,0.15986350178718567,
4min,GRU,1,2026,train_plus_validation_fixed_epochs,28,0.15518681704998016,
4min,GRU,1,2026,train_plus_validation_fixed_epochs,29,0.1535397320985794,
4min,GRU,1,2026,train_plus_validation_fixed_epochs,30,0.14996841549873352,
4min,GRU,1,2026,train_plus_validation_fixed_epochs,31,0.1398332417011261,
4min,GRU,1,2026,train_plus_validation_fixed_epochs,32,0.13827672600746155,
4min,GRU,1,2026,train_plus_validation_fixed_epochs,33,0.14167797565460205,
4min,GRU,1,2026,train_plus_validation_fixed_epochs,34,0.14828072488307953,
4min,GRU,1,2027,train_plus_validation_fixed_epochs,1,0.7992159128189087,
4min,GRU,1,2027,train_plus_validation_fixed_epochs,2,0.5268813967704773,
4min,GRU,1,2027,train_plus_validation_fixed_epochs,3,0.40563538670539856,
4min,GRU,1,2027,train_plus_validation_fixed_epochs,4,0.36485055088996887,
4min,GRU,1,2027,train_plus_validation_fixed_epochs,5,0.3269732594490051,
4min,GRU,1,2027,train_plus_validation_fixed_epochs,6,0.30279818177223206,
4min,GRU,1,2027,train_plus_validation_fixed_epochs,7,0.285901814699173,
4min,GRU,1,2027,train_plus_validation_fixed_epochs,8,0.2758214473724365,
4min,GRU,1,2027,train_plus_validation_fixed_epochs,9,0.2638815939426422,
4min,GRU,1,2027,train_plus_validation_fixed_epochs,10,0.2544156610965729,
4min,GRU,1,2027,train_plus_validation_fixed_epochs,11,0.23209445178508759,
4min,GRU,1,2027,train_plus_validation_fixed_epochs,12,0.22526967525482178,
4min,GRU,1,2027,train_plus_validation_fixed_epochs,13,0.21184305846691132,
4min,GRU,1,2027,train_plus_validation_fixed_epochs,14,0.20239582657814026,
4min,GRU,1,2027,train_plus_validation_fixed_epochs,15,0.20222926139831543,
4min,GRU,1,2027,train_plus_validation_fixed_epochs,16,0.1794467717409134,
4min,GRU,1,2027,train_plus_validation_fixed_epochs,17,0.17530661821365356,
4min,GRU,1,2027,train_plus_validation_fixed_epochs,18,0.18353693187236786,
4min,GRU,1,2027,train_plus_validation_fixed_epochs,19,0.16980166733264923,
4min,GRU,1,2027,train_plus_validation_fixed_epochs,20,0.17204689979553223,
4min,GRU,1,2027,train_plus_validation_fixed_epochs,21,0.15926894545555115,
4min,GRU,1,2027,train_plus_validation_fixed_epochs,22,0.1597977876663208,
4min,GRU,1,2027,train_plus_validation_fixed_epochs,23,0.15877321362495422,
4min,GRU,1,2027,train_plus_validation_fixed_epochs,24,0.15020444989204407,
4min,GRU,1,2027,train_plus_validation_fixed_epochs,25,0.15684375166893005,
4min,GRU,1,2027,train_plus_validation_fixed_epochs,26,0.15004199743270874,
4min,GRU,1,2027,train_plus_validation_fixed_epochs,27,0.14959053695201874,
4min,GRU,1,2027,train_plus_validation_fixed_epochs,28,0.15125733613967896,
4min,GRU,1,2027,train_plus_validation_fixed_epochs,29,0.1454266607761383,
4min,GRU,1,2027,train_plus_validation_fixed_epochs,30,0.14643937349319458,
4min,GRU,1,2027,train_plus_validation_fixed_epochs,31,0.14281710982322693,
4min,GRU,1,2027,train_plus_validation_fixed_epochs,32,0.14465710520744324,
4min,GRU,1,2027,train_plus_validation_fixed_epochs,33,0.13923917710781097,
4min,GRU,1,2027,train_plus_validation_fixed_epochs,34,0.14372166991233826,
4min,GRU,1,2028,train_plus_validation_fixed_epochs,1,0.7280161380767822,
4min,GRU,1,2028,train_plus_validation_fixed_epochs,2,0.4799278676509857,
4min,GRU,1,2028,train_plus_validation_fixed_epochs,3,0.3833550810813904,
4min,GRU,1,2028,train_plus_validation_fixed_epochs,4,0.3549041152000427,
4min,GRU,1,2028,train_plus_validation_fixed_epochs,5,0.32583245635032654,
4min,GRU,1,2028,train_plus_validation_fixed_epochs,6,0.312577486038208,
4min,GRU,1,2028,train_plus_validation_fixed_epochs,7,0.30503049492836,
4min,GRU,1,2028,train_plus_validation_fixed_epochs,8,0.28514742851257324,
4min,GRU,1,2028,train_plus_validation_fixed_epochs,9,0.27328258752822876,
4min,GRU,1,2028,train_plus_validation_fixed_epochs,10,0.2672359347343445,
4min,GRU,1,2028,train_plus_validation_fixed_epochs,11,0.24721722304821014,
4min,GRU,1,2028,train_plus_validation_fixed_epochs,12,0.2403007298707962,
4min,GRU,1,2028,train_plus_validation_fixed_epochs,13,0.22109803557395935,
4min,GRU,1,2028,train_plus_validation_fixed_epochs,14,0.2221338301897049,
4min,GRU,1,2028,train_plus_validation_fixed_epochs,15,0.20666064321994781,
4min,GRU,1,2028,train_plus_validation_fixed_epochs,16,0.19710752367973328,
4min,GRU,1,2028,train_plus_validation_fixed_epochs,17,0.19035929441452026,
4min,GRU,1,2028,train_plus_validation_fixed_epochs,18,0.19111551344394684,
4min,GRU,1,2028,train_plus_validation_fixed_epochs,19,0.18523047864437103,
4min,GRU,1,2028,train_plus_validation_fixed_epochs,20,0.1755138486623764,
4min,GRU,1,2028,train_plus_validation_fixed_epochs,21,0.17758949100971222,
4min,GRU,1,2028,train_plus_validation_fixed_epochs,22,0.1747148483991623,
4min,GRU,1,2028,train_plus_validation_fixed_epochs,23,0.16314324736595154,
4min,GRU,1,2028,train_plus_validation_fixed_epochs,24,0.16206865012645721,
4min,GRU,1,2028,train_plus_validation_fixed_epochs,25,0.16525593400001526,
4min,GRU,1,2028,train_plus_validation_fixed_epochs,26,0.1633976250886917,
4min,GRU,1,2028,train_plus_validation_fixed_epochs,27,0.15979841351509094,
4min,GRU,1,2028,train_plus_validation_fixed_epochs,28,0.15661849081516266,
4min,GRU,1,2028,train_plus_validation_fixed_epochs,29,0.15115486085414886,
4min,GRU,1,2028,train_plus_validation_fixed_epochs,30,0.15926261246204376,
4min,GRU,1,2028,train_plus_validation_fixed_epochs,31,0.15197835862636566,
4min,GRU,1,2028,train_plus_validation_fixed_epochs,32,0.15588520467281342,
4min,GRU,1,2028,train_plus_validation_fixed_epochs,33,0.14688405394554138,
4min,GRU,1,2028,train_plus_validation_fixed_epochs,34,0.14594002068042755,
4min,TCN,1,2026,train_plus_validation_fixed_epochs,1,1.4048254489898682,
4min,TCN,1,2026,train_plus_validation_fixed_epochs,2,0.9835526943206787,
4min,TCN,1,2026,train_plus_validation_fixed_epochs,3,0.9377368092536926,
4min,TCN,1,2026,train_plus_validation_fixed_epochs,4,0.9064589738845825,
4min,TCN,1,2026,train_plus_validation_fixed_epochs,5,0.8670196533203125,
4min,TCN,1,2026,train_plus_validation_fixed_epochs,6,0.7678215503692627,
4min,TCN,1,2026,train_plus_validation_fixed_epochs,7,0.6242657899856567,
4min,TCN,1,2026,train_plus_validation_fixed_epochs,8,0.5182420611381531,
4min,TCN,1,2026,train_plus_validation_fixed_epochs,9,0.43831518292427063,
4min,TCN,1,2026,train_plus_validation_fixed_epochs,10,0.35185977816581726,
4min,TCN,1,2026,train_plus_validation_fixed_epochs,11,0.28944122791290283,
4min,TCN,1,2026,train_plus_validation_fixed_epochs,12,0.25131627917289734,
4min,TCN,1,2026,train_plus_validation_fixed_epochs,13,0.22885264456272125,
4min,TCN,1,2026,train_plus_validation_fixed_epochs,14,0.20580409467220306,
4min,TCN,1,2026,train_plus_validation_fixed_epochs,15,0.1915472447872162,
4min,TCN,1,2026,train_plus_validation_fixed_epochs,16,0.18208184838294983,
4min,TCN,1,2026,train_plus_validation_fixed_epochs,17,0.17006011307239532,
4min,TCN,1,2026,train_plus_validation_fixed_epochs,18,0.1604178100824356,
4min,TCN,1,2026,train_plus_validation_fixed_epochs,19,0.1584487408399582,
4min,TCN,1,2026,train_plus_validation_fixed_epochs,20,0.15495505928993225,
4min,TCN,1,2026,train_plus_validation_fixed_epochs,21,0.14576402306556702,
4min,TCN,1,2026,train_plus_validation_fixed_epochs,22,0.14437219500541687,
4min,TCN,1,2026,train_plus_validation_fixed_epochs,23,0.14196008443832397,
4min,TCN,1,2026,train_plus_validation_fixed_epochs,24,0.13839970529079437,
4min,TCN,1,2026,train_plus_validation_fixed_epochs,25,0.13367250561714172,
4min,TCN,1,2026,train_plus_validation_fixed_epochs,26,0.13628250360488892,
4min,TCN,1,2026,train_plus_validation_fixed_epochs,27,0.13006167113780975,
4min,TCN,1,2026,train_plus_validation_fixed_epochs,28,0.1276533603668213,
4min,TCN,1,2026,train_plus_validation_fixed_epochs,29,0.11709864437580109,
4min,TCN,1,2026,train_plus_validation_fixed_epochs,30,0.12127179652452469,
4min,TCN,1,2026,train_plus_validation_fixed_epochs,31,0.11822009086608887,
4min,TCN,1,2026,train_plus_validation_fixed_epochs,32,0.11867661029100418,
4min,TCN,1,2027,train_plus_validation_fixed_epochs,1,1.7067385911941528,
4min,TCN,1,2027,train_plus_validation_fixed_epochs,2,0.9688341021537781,
4min,TCN,1,2027,train_plus_validation_fixed_epochs,3,0.9455280900001526,
4min,TCN,1,2027,train_plus_validation_fixed_epochs,4,0.924155592918396,
4min,TCN,1,2027,train_plus_validation_fixed_epochs,5,0.9039402604103088,
4min,TCN,1,2027,train_plus_validation_fixed_epochs,6,0.8754860162734985,
4min,TCN,1,2027,train_plus_validation_fixed_epochs,7,0.828755795955658,
4min,TCN,1,2027,train_plus_validation_fixed_epochs,8,0.7462946176528931,
4min,TCN,1,2027,train_plus_validation_fixed_epochs,9,0.6209961771965027,
4min,TCN,1,2027,train_plus_validation_fixed_epochs,10,0.514916181564331,
4min,TCN,1,2027,train_plus_validation_fixed_epochs,11,0.4372765123844147,
4min,TCN,1,2027,train_plus_validation_fixed_epochs,12,0.3808196187019348,
4min,TCN,1,2027,train_plus_validation_fixed_epochs,13,0.3440110385417938,
4min,TCN,1,2027,train_plus_validation_fixed_epochs,14,0.3172154128551483,
4min,TCN,1,2027,train_plus_validation_fixed_epochs,15,0.27500343322753906,
4min,TCN,1,2027,train_plus_validation_fixed_epochs,16,0.2636699378490448,
4min,TCN,1,2027,train_plus_validation_fixed_epochs,17,0.2650531530380249,
4min,TCN,1,2027,train_plus_validation_fixed_epochs,18,0.23109827935695648,
4min,TCN,1,2027,train_plus_validation_fixed_epochs,19,0.2205338478088379,
4min,TCN,1,2027,train_plus_validation_fixed_epochs,20,0.21015524864196777,
4min,TCN,1,2027,train_plus_validation_fixed_epochs,21,0.21026891469955444,
4min,TCN,1,2027,train_plus_validation_fixed_epochs,22,0.195008784532547,
4min,TCN,1,2027,train_plus_validation_fixed_epochs,23,0.19616523385047913,
4min,TCN,1,2027,train_plus_validation_fixed_epochs,24,0.1891946792602539,
4min,TCN,1,2027,train_plus_validation_fixed_epochs,25,0.18785585463047028,
4min,TCN,1,2027,train_plus_validation_fixed_epochs,26,0.19757524132728577,
4min,TCN,1,2027,train_plus_validation_fixed_epochs,27,0.18272526562213898,
4min,TCN,1,2027,train_plus_validation_fixed_epochs,28,0.17067497968673706,
4min,TCN,1,2027,train_plus_validation_fixed_epochs,29,0.17210274934768677,
4min,TCN,1,2027,train_plus_validation_fixed_epochs,30,0.16714595258235931,
4min,TCN,1,2027,train_plus_validation_fixed_epochs,31,0.16431459784507751,
4min,TCN,1,2027,train_plus_validation_fixed_epochs,32,0.16188059747219086,
4min,TCN,1,2028,train_plus_validation_fixed_epochs,1,1.4208998680114746,
4min,TCN,1,2028,train_plus_validation_fixed_epochs,2,0.9824665188789368,
4min,TCN,1,2028,train_plus_validation_fixed_epochs,3,0.9530890583992004,
4min,TCN,1,2028,train_plus_validation_fixed_epochs,4,0.937096118927002,
4min,TCN,1,2028,train_plus_validation_fixed_epochs,5,0.9154343605041504,
4min,TCN,1,2028,train_plus_validation_fixed_epochs,6,0.8860622644424438,
4min,TCN,1,2028,train_plus_validation_fixed_epochs,7,0.8529675602912903,
4min,TCN,1,2028,train_plus_validation_fixed_epochs,8,0.7927044034004211,
4min,TCN,1,2028,train_plus_validation_fixed_epochs,9,0.7025595307350159,
4min,TCN,1,2028,train_plus_validation_fixed_epochs,10,0.6043851375579834,
4min,TCN,1,2028,train_plus_validation_fixed_epochs,11,0.5170882344245911,
4min,TCN,1,2028,train_plus_validation_fixed_epochs,12,0.44000300765037537,
4min,TCN,1,2028,train_plus_validation_fixed_epochs,13,0.3751991391181946,
4min,TCN,1,2028,train_plus_validation_fixed_epochs,14,0.32169926166534424,
4min,TCN,1,2028,train_plus_validation_fixed_epochs,15,0.2915593683719635,
4min,TCN,1,2028,train_plus_validation_fixed_epochs,16,0.24412962794303894,
4min,TCN,1,2028,train_plus_validation_fixed_epochs,17,0.22364217042922974,
4min,TCN,1,2028,train_plus_validation_fixed_epochs,18,0.21335196495056152,
4min,TCN,1,2028,train_plus_validation_fixed_epochs,19,0.19346407055854797,
4min,TCN,1,2028,train_plus_validation_fixed_epochs,20,0.18536332249641418,
4min,TCN,1,2028,train_plus_validation_fixed_epochs,21,0.1741655319929123,
4min,TCN,1,2028,train_plus_validation_fixed_epochs,22,0.17458824813365936,
4min,TCN,1,2028,train_plus_validation_fixed_epochs,23,0.16860295832157135,
4min,TCN,1,2028,train_plus_validation_fixed_epochs,24,0.16282212734222412,
4min,TCN,1,2028,train_plus_validation_fixed_epochs,25,0.15909674763679504,
4min,TCN,1,2028,train_plus_validation_fixed_epochs,26,0.15579243004322052,
4min,TCN,1,2028,train_plus_validation_fixed_epochs,27,0.1446559876203537,
4min,TCN,1,2028,train_plus_validation_fixed_epochs,28,0.14347462356090546,
4min,TCN,1,2028,train_plus_validation_fixed_epochs,29,0.1405523717403412,
4min,TCN,1,2028,train_plus_validation_fixed_epochs,30,0.13729608058929443,
4min,TCN,1,2028,train_plus_validation_fixed_epochs,31,0.1328107714653015,
4min,TCN,1,2028,train_plus_validation_fixed_epochs,32,0.1293293535709381,
12min,MLP,1,2026,train_plus_validation_fixed_epochs,1,2.0074687004089355,
12min,MLP,1,2026,train_plus_validation_fixed_epochs,2,0.9846954345703125,
12min,MLP,1,2026,train_plus_validation_fixed_epochs,3,0.7517251968383789,
12min,MLP,1,2026,train_plus_validation_fixed_epochs,4,0.6289739012718201,
12min,MLP,1,2026,train_plus_validation_fixed_epochs,5,0.5739985108375549,
12min,MLP,1,2026,train_plus_validation_fixed_epochs,6,0.5553556680679321,
12min,MLP,1,2026,train_plus_validation_fixed_epochs,7,0.47264379262924194,
12min,MLP,1,2026,train_plus_validation_fixed_epochs,8,0.4569680392742157,
12min,MLP,1,2026,train_plus_validation_fixed_epochs,9,0.46892958879470825,
12min,MLP,1,2026,train_plus_validation_fixed_epochs,10,0.3970942497253418,
12min,MLP,1,2026,train_plus_validation_fixed_epochs,11,0.4016744792461395,
12min,MLP,1,2026,train_plus_validation_fixed_epochs,12,0.3617594540119171,
12min,MLP,1,2026,train_plus_validation_fixed_epochs,13,0.31882157921791077,
12min,MLP,1,2026,train_plus_validation_fixed_epochs,14,0.298313707113266,
12min,MLP,1,2026,train_plus_validation_fixed_epochs,15,0.3163427710533142,
12min,MLP,1,2026,train_plus_validation_fixed_epochs,16,0.2842942178249359,
12min,MLP,1,2026,train_plus_validation_fixed_epochs,17,0.2830181121826172,
12min,MLP,1,2026,train_plus_validation_fixed_epochs,18,0.2700456380844116,
12min,MLP,1,2026,train_plus_validation_fixed_epochs,19,0.2846505343914032,
12min,MLP,1,2026,train_plus_validation_fixed_epochs,20,0.2568425238132477,
12min,MLP,1,2026,train_plus_validation_fixed_epochs,21,0.2553234100341797,
12min,MLP,1,2026,train_plus_validation_fixed_epochs,22,0.2516610026359558,
12min,MLP,1,2026,train_plus_validation_fixed_epochs,23,0.24496862292289734,
12min,MLP,1,2026,train_plus_validation_fixed_epochs,24,0.23068344593048096,
12min,MLP,1,2026,train_plus_validation_fixed_epochs,25,0.24230283498764038,
12min,MLP,1,2026,train_plus_validation_fixed_epochs,26,0.20388934016227722,
12min,MLP,1,2026,train_plus_validation_fixed_epochs,27,0.20611914992332458,
12min,MLP,1,2026,train_plus_validation_fixed_epochs,28,0.21752457320690155,
12min,MLP,1,2026,train_plus_validation_fixed_epochs,29,0.21565088629722595,
12min,MLP,1,2027,train_plus_validation_fixed_epochs,1,1.9012596607208252,
12min,MLP,1,2027,train_plus_validation_fixed_epochs,2,0.8219884634017944,
12min,MLP,1,2027,train_plus_validation_fixed_epochs,3,0.7022414207458496,
12min,MLP,1,2027,train_plus_validation_fixed_epochs,4,0.6322346925735474,
12min,MLP,1,2027,train_plus_validation_fixed_epochs,5,0.5639190077781677,
12min,MLP,1,2027,train_plus_validation_fixed_epochs,6,0.5376821756362915,
12min,MLP,1,2027,train_plus_validation_fixed_epochs,7,0.4749181270599365,
12min,MLP,1,2027,train_plus_validation_fixed_epochs,8,0.4550723731517792,
12min,MLP,1,2027,train_plus_validation_fixed_epochs,9,0.4148215055465698,
12min,MLP,1,2027,train_plus_validation_fixed_epochs,10,0.39103323221206665,
12min,MLP,1,2027,train_plus_validation_fixed_epochs,11,0.3446749150753021,
12min,MLP,1,2027,train_plus_validation_fixed_epochs,12,0.3323405683040619,
12min,MLP,1,2027,train_plus_validation_fixed_epochs,13,0.34293049573898315,
12min,MLP,1,2027,train_plus_validation_fixed_epochs,14,0.33360469341278076,
12min,MLP,1,2027,train_plus_validation_fixed_epochs,15,0.26302582025527954,
12min,MLP,1,2027,train_plus_validation_fixed_epochs,16,0.2864358723163605,
12min,MLP,1,2027,train_plus_validation_fixed_epochs,17,0.28325387835502625,
12min,MLP,1,2027,train_plus_validation_fixed_epochs,18,0.27648356556892395,
12min,MLP,1,2027,train_plus_validation_fixed_epochs,19,0.2589934766292572,
12min,MLP,1,2027,train_plus_validation_fixed_epochs,20,0.2856503129005432,
12min,MLP,1,2027,train_plus_validation_fixed_epochs,21,0.2397724688053131,
12min,MLP,1,2027,train_plus_validation_fixed_epochs,22,0.23995353281497955,
12min,MLP,1,2027,train_plus_validation_fixed_epochs,23,0.22104714810848236,
12min,MLP,1,2027,train_plus_validation_fixed_epochs,24,0.22393886744976044,
12min,MLP,1,2027,train_plus_validation_fixed_epochs,25,0.22486893832683563,
12min,MLP,1,2027,train_plus_validation_fixed_epochs,26,0.22479325532913208,
12min,MLP,1,2027,train_plus_validation_fixed_epochs,27,0.2298487275838852,
12min,MLP,1,2027,train_plus_validation_fixed_epochs,28,0.2098667025566101,
12min,MLP,1,2027,train_plus_validation_fixed_epochs,29,0.2024950385093689,
12min,MLP,1,2028,train_plus_validation_fixed_epochs,1,1.9640138149261475,
12min,MLP,1,2028,train_plus_validation_fixed_epochs,2,0.9137285947799683,
12min,MLP,1,2028,train_plus_validation_fixed_epochs,3,0.6490042209625244,
12min,MLP,1,2028,train_plus_validation_fixed_epochs,4,0.5979704856872559,
12min,MLP,1,2028,train_plus_validation_fixed_epochs,5,0.580540657043457,
12min,MLP,1,2028,train_plus_validation_fixed_epochs,6,0.5112510323524475,
12min,MLP,1,2028,train_plus_validation_fixed_epochs,7,0.472163587808609,
12min,MLP,1,2028,train_plus_validation_fixed_epochs,8,0.4379483461380005,
12min,MLP,1,2028,train_plus_validation_fixed_epochs,9,0.4193742275238037,
12min,MLP,1,2028,train_plus_validation_fixed_epochs,10,0.38990551233291626,
12min,MLP,1,2028,train_plus_validation_fixed_epochs,11,0.3655783236026764,
12min,MLP,1,2028,train_plus_validation_fixed_epochs,12,0.3408498167991638,
12min,MLP,1,2028,train_plus_validation_fixed_epochs,13,0.3460642993450165,
12min,MLP,1,2028,train_plus_validation_fixed_epochs,14,0.32082417607307434,
12min,MLP,1,2028,train_plus_validation_fixed_epochs,15,0.29403430223464966,
12min,MLP,1,2028,train_plus_validation_fixed_epochs,16,0.27291449904441833,
12min,MLP,1,2028,train_plus_validation_fixed_epochs,17,0.2731236219406128,
12min,MLP,1,2028,train_plus_validation_fixed_epochs,18,0.2682899236679077,
12min,MLP,1,2028,train_plus_validation_fixed_epochs,19,0.26513710618019104,
12min,MLP,1,2028,train_plus_validation_fixed_epochs,20,0.2644403874874115,
12min,MLP,1,2028,train_plus_validation_fixed_epochs,21,0.2491358071565628,
12min,MLP,1,2028,train_plus_validation_fixed_epochs,22,0.25593310594558716,
12min,MLP,1,2028,train_plus_validation_fixed_epochs,23,0.24393194913864136,
12min,MLP,1,2028,train_plus_validation_fixed_epochs,24,0.23530201613903046,
12min,MLP,1,2028,train_plus_validation_fixed_epochs,25,0.23046229779720306,
12min,MLP,1,2028,train_plus_validation_fixed_epochs,26,0.2215024083852768,
12min,MLP,1,2028,train_plus_validation_fixed_epochs,27,0.22531351447105408,
12min,MLP,1,2028,train_plus_validation_fixed_epochs,28,0.21108931303024292,
12min,MLP,1,2028,train_plus_validation_fixed_epochs,29,0.20064285397529602,
12min,LSTM,1,2026,train_plus_validation_fixed_epochs,1,1.0783487558364868,
12min,LSTM,1,2026,train_plus_validation_fixed_epochs,2,1.0003306865692139,
12min,LSTM,1,2026,train_plus_validation_fixed_epochs,3,0.9518191814422607,
12min,LSTM,1,2026,train_plus_validation_fixed_epochs,4,0.8976901769638062,
12min,LSTM,1,2026,train_plus_validation_fixed_epochs,5,0.8557859659194946,
12min,LSTM,1,2026,train_plus_validation_fixed_epochs,6,0.8216053247451782,
12min,LSTM,1,2026,train_plus_validation_fixed_epochs,7,0.7865866422653198,
12min,LSTM,1,2026,train_plus_validation_fixed_epochs,8,0.7510873079299927,
12min,LSTM,1,2026,train_plus_validation_fixed_epochs,9,0.7075325846672058,
12min,LSTM,1,2026,train_plus_validation_fixed_epochs,10,0.7031373977661133,
12min,LSTM,1,2026,train_plus_validation_fixed_epochs,11,0.6479947566986084,
12min,LSTM,1,2026,train_plus_validation_fixed_epochs,12,0.6102743744850159,
12min,LSTM,1,2026,train_plus_validation_fixed_epochs,13,0.5925325155258179,
12min,LSTM,1,2026,train_plus_validation_fixed_epochs,14,0.5511943101882935,
12min,LSTM,1,2026,train_plus_validation_fixed_epochs,15,0.5071130990982056,
12min,LSTM,1,2026,train_plus_validation_fixed_epochs,16,0.47007572650909424,
12min,LSTM,1,2026,train_plus_validation_fixed_epochs,17,0.4762449264526367,
12min,LSTM,1,2026,train_plus_validation_fixed_epochs,18,0.44782719016075134,
12min,LSTM,1,2026,train_plus_validation_fixed_epochs,19,0.38048166036605835,
12min,LSTM,1,2026,train_plus_validation_fixed_epochs,20,0.4195999801158905,
12min,LSTM,1,2026,train_plus_validation_fixed_epochs,21,0.40384772419929504,
12min,LSTM,1,2026,train_plus_validation_fixed_epochs,22,0.38243725895881653,
12min,LSTM,1,2026,train_plus_validation_fixed_epochs,23,0.4054484963417053,
12min,LSTM,1,2026,train_plus_validation_fixed_epochs,24,0.34708091616630554,
12min,LSTM,1,2026,train_plus_validation_fixed_epochs,25,0.3708735704421997,
12min,LSTM,1,2026,train_plus_validation_fixed_epochs,26,0.3491745591163635,
12min,LSTM,1,2026,train_plus_validation_fixed_epochs,27,0.32438820600509644,
12min,LSTM,1,2026,train_plus_validation_fixed_epochs,28,0.3610912561416626,
12min,LSTM,1,2026,train_plus_validation_fixed_epochs,29,0.33088818192481995,
12min,LSTM,1,2026,train_plus_validation_fixed_epochs,30,0.3181823492050171,
12min,LSTM,1,2026,train_plus_validation_fixed_epochs,31,0.3320748507976532,
12min,LSTM,1,2026,train_plus_validation_fixed_epochs,32,0.3055528998374939,
12min,LSTM,1,2026,train_plus_validation_fixed_epochs,33,0.2964436709880829,
12min,LSTM,1,2026,train_plus_validation_fixed_epochs,34,0.2917080521583557,
12min,LSTM,1,2026,train_plus_validation_fixed_epochs,35,0.306689590215683,
12min,LSTM,1,2026,train_plus_validation_fixed_epochs,36,0.2680874764919281,
12min,LSTM,1,2026,train_plus_validation_fixed_epochs,37,0.26989999413490295,
12min,LSTM,1,2026,train_plus_validation_fixed_epochs,38,0.25683000683784485,
12min,LSTM,1,2026,train_plus_validation_fixed_epochs,39,0.2821451723575592,
12min,LSTM,1,2026,train_plus_validation_fixed_epochs,40,0.2712445855140686,
12min,LSTM,1,2026,train_plus_validation_fixed_epochs,41,0.26241007447242737,
12min,LSTM,1,2026,train_plus_validation_fixed_epochs,42,0.24890455603599548,
12min,LSTM,1,2026,train_plus_validation_fixed_epochs,43,0.25708818435668945,
12min,LSTM,1,2026,train_plus_validation_fixed_epochs,44,0.24109748005867004,
12min,LSTM,1,2026,train_plus_validation_fixed_epochs,45,0.26308247447013855,
12min,LSTM,1,2026,train_plus_validation_fixed_epochs,46,0.273512065410614,
12min,LSTM,1,2026,train_plus_validation_fixed_epochs,47,0.24324968457221985,
12min,LSTM,1,2026,train_plus_validation_fixed_epochs,48,0.2388288974761963,
12min,LSTM,1,2026,train_plus_validation_fixed_epochs,49,0.25052472949028015,
12min,LSTM,1,2026,train_plus_validation_fixed_epochs,50,0.21831145882606506,
12min,LSTM,1,2026,train_plus_validation_fixed_epochs,51,0.23297974467277527,
12min,LSTM,1,2026,train_plus_validation_fixed_epochs,52,0.2316216677427292,
12min,LSTM,1,2026,train_plus_validation_fixed_epochs,53,0.218376025557518,
12min,LSTM,1,2026,train_plus_validation_fixed_epochs,54,0.2340291440486908,
12min,LSTM,1,2026,train_plus_validation_fixed_epochs,55,0.2338489294052124,
12min,LSTM,1,2026,train_plus_validation_fixed_epochs,56,0.228985995054245,
12min,LSTM,1,2026,train_plus_validation_fixed_epochs,57,0.21560534834861755,
12min,LSTM,1,2026,train_plus_validation_fixed_epochs,58,0.2033495455980301,
12min,LSTM,1,2026,train_plus_validation_fixed_epochs,59,0.2112940102815628,
12min,LSTM,1,2026,train_plus_validation_fixed_epochs,60,0.215164914727211,
12min,LSTM,1,2026,train_plus_validation_fixed_epochs,61,0.22262895107269287,
12min,LSTM,1,2026,train_plus_validation_fixed_epochs,62,0.19330976903438568,
12min,LSTM,1,2026,train_plus_validation_fixed_epochs,63,0.21826615929603577,
12min,LSTM,1,2026,train_plus_validation_fixed_epochs,64,0.20543108880519867,
12min,LSTM,1,2026,train_plus_validation_fixed_epochs,65,0.22791564464569092,
12min,LSTM,1,2026,train_plus_validation_fixed_epochs,66,0.19775429368019104,
12min,LSTM,1,2026,train_plus_validation_fixed_epochs,67,0.21073134243488312,
12min,LSTM,1,2026,train_plus_validation_fixed_epochs,68,0.19639377295970917,
12min,LSTM,1,2026,train_plus_validation_fixed_epochs,69,0.1909770667552948,
12min,LSTM,1,2026,train_plus_validation_fixed_epochs,70,0.18386192619800568,
12min,LSTM,1,2026,train_plus_validation_fixed_epochs,71,0.20328009128570557,
12min,LSTM,1,2026,train_plus_validation_fixed_epochs,72,0.18201616406440735,
12min,LSTM,1,2026,train_plus_validation_fixed_epochs,73,0.18902066349983215,
12min,LSTM,1,2026,train_plus_validation_fixed_epochs,74,0.1981252282857895,
12min,LSTM,1,2026,train_plus_validation_fixed_epochs,75,0.19577151536941528,
12min,LSTM,1,2026,train_plus_validation_fixed_epochs,76,0.1796911209821701,
12min,LSTM,1,2026,train_plus_validation_fixed_epochs,77,0.224916473031044,
12min,LSTM,1,2026,train_plus_validation_fixed_epochs,78,0.18793120980262756,
12min,LSTM,1,2026,train_plus_validation_fixed_epochs,79,0.2068159282207489,
12min,LSTM,1,2026,train_plus_validation_fixed_epochs,80,0.17061229050159454,
12min,LSTM,1,2027,train_plus_validation_fixed_epochs,1,1.043314814567566,
12min,LSTM,1,2027,train_plus_validation_fixed_epochs,2,0.9789644479751587,
12min,LSTM,1,2027,train_plus_validation_fixed_epochs,3,0.9135116338729858,
12min,LSTM,1,2027,train_plus_validation_fixed_epochs,4,0.8769578337669373,
12min,LSTM,1,2027,train_plus_validation_fixed_epochs,5,0.8386667966842651,
12min,LSTM,1,2027,train_plus_validation_fixed_epochs,6,0.7862443923950195,
12min,LSTM,1,2027,train_plus_validation_fixed_epochs,7,0.7685153484344482,
12min,LSTM,1,2027,train_plus_validation_fixed_epochs,8,0.7357791662216187,
12min,LSTM,1,2027,train_plus_validation_fixed_epochs,9,0.6914606690406799,
12min,LSTM,1,2027,train_plus_validation_fixed_epochs,10,0.6699198484420776,
12min,LSTM,1,2027,train_plus_validation_fixed_epochs,11,0.6467872262001038,
12min,LSTM,1,2027,train_plus_validation_fixed_epochs,12,0.6244893074035645,
12min,LSTM,1,2027,train_plus_validation_fixed_epochs,13,0.5937443971633911,
12min,LSTM,1,2027,train_plus_validation_fixed_epochs,14,0.5611127614974976,
12min,LSTM,1,2027,train_plus_validation_fixed_epochs,15,0.5455837249755859,
12min,LSTM,1,2027,train_plus_validation_fixed_epochs,16,0.5174935460090637,
12min,LSTM,1,2027,train_plus_validation_fixed_epochs,17,0.4918159246444702,
12min,LSTM,1,2027,train_plus_validation_fixed_epochs,18,0.4646986424922943,
12min,LSTM,1,2027,train_plus_validation_fixed_epochs,19,0.4459761381149292,
12min,LSTM,1,2027,train_plus_validation_fixed_epochs,20,0.41324302554130554,
12min,LSTM,1,2027,train_plus_validation_fixed_epochs,21,0.4241715967655182,
12min,LSTM,1,2027,train_plus_validation_fixed_epochs,22,0.37813839316368103,
12min,LSTM,1,2027,train_plus_validation_fixed_epochs,23,0.37500160932540894,
12min,LSTM,1,2027,train_plus_validation_fixed_epochs,24,0.3500542640686035,
12min,LSTM,1,2027,train_plus_validation_fixed_epochs,25,0.3508371114730835,
12min,LSTM,1,2027,train_plus_validation_fixed_epochs,26,0.33789026737213135,
12min,LSTM,1,2027,train_plus_validation_fixed_epochs,27,0.3286943733692169,
12min,LSTM,1,2027,train_plus_validation_fixed_epochs,28,0.30355897545814514,
12min,LSTM,1,2027,train_plus_validation_fixed_epochs,29,0.30935975909233093,
12min,LSTM,1,2027,train_plus_validation_fixed_epochs,30,0.31253066658973694,
12min,LSTM,1,2027,train_plus_validation_fixed_epochs,31,0.29762184619903564,
12min,LSTM,1,2027,train_plus_validation_fixed_epochs,32,0.2817768454551697,
12min,LSTM,1,2027,train_plus_validation_fixed_epochs,33,0.28629270195961,
12min,LSTM,1,2027,train_plus_validation_fixed_epochs,34,0.2822490334510803,
12min,LSTM,1,2027,train_plus_validation_fixed_epochs,35,0.2829819321632385,
12min,LSTM,1,2027,train_plus_validation_fixed_epochs,36,0.2877720296382904,
12min,LSTM,1,2027,train_plus_validation_fixed_epochs,37,0.27320411801338196,
12min,LSTM,1,2027,train_plus_validation_fixed_epochs,38,0.2603830397129059,
12min,LSTM,1,2027,train_plus_validation_fixed_epochs,39,0.2240099161863327,
12min,LSTM,1,2027,train_plus_validation_fixed_epochs,40,0.2475801706314087,
12min,LSTM,1,2027,train_plus_validation_fixed_epochs,41,0.25813528895378113,
12min,LSTM,1,2027,train_plus_validation_fixed_epochs,42,0.24114692211151123,
12min,LSTM,1,2027,train_plus_validation_fixed_epochs,43,0.24064575135707855,
12min,LSTM,1,2027,train_plus_validation_fixed_epochs,44,0.21903851628303528,
12min,LSTM,1,2027,train_plus_validation_fixed_epochs,45,0.2492251694202423,
12min,LSTM,1,2027,train_plus_validation_fixed_epochs,46,0.24525943398475647,
12min,LSTM,1,2027,train_plus_validation_fixed_epochs,47,0.23899537324905396,
12min,LSTM,1,2027,train_plus_validation_fixed_epochs,48,0.22126029431819916,
12min,LSTM,1,2027,train_plus_validation_fixed_epochs,49,0.22774866223335266,
12min,LSTM,1,2027,train_plus_validation_fixed_epochs,50,0.21693752706050873,
12min,LSTM,1,2027,train_plus_validation_fixed_epochs,51,0.23402050137519836,
12min,LSTM,1,2027,train_plus_validation_fixed_epochs,52,0.22185193002223969,
12min,LSTM,1,2027,train_plus_validation_fixed_epochs,53,0.20254430174827576,
12min,LSTM,1,2027,train_plus_validation_fixed_epochs,54,0.2159453183412552,
12min,LSTM,1,2027,train_plus_validation_fixed_epochs,55,0.19604897499084473,
12min,LSTM,1,2027,train_plus_validation_fixed_epochs,56,0.2213698774576187,
12min,LSTM,1,2027,train_plus_validation_fixed_epochs,57,0.2131553292274475,
12min,LSTM,1,2027,train_plus_validation_fixed_epochs,58,0.2104080319404602,
12min,LSTM,1,2027,train_plus_validation_fixed_epochs,59,0.22359086573123932,
12min,LSTM,1,2027,train_plus_validation_fixed_epochs,60,0.20345784723758698,
12min,LSTM,1,2027,train_plus_validation_fixed_epochs,61,0.23272033035755157,
12min,LSTM,1,2027,train_plus_validation_fixed_epochs,62,0.20057326555252075,
12min,LSTM,1,2027,train_plus_validation_fixed_epochs,63,0.24875150620937347,
12min,LSTM,1,2027,train_plus_validation_fixed_epochs,64,0.19395165145397186,
12min,LSTM,1,2027,train_plus_validation_fixed_epochs,65,0.18215109407901764,
12min,LSTM,1,2027,train_plus_validation_fixed_epochs,66,0.1958780288696289,
12min,LSTM,1,2027,train_plus_validation_fixed_epochs,67,0.21197618544101715,
12min,LSTM,1,2027,train_plus_validation_fixed_epochs,68,0.2031623125076294,
12min,LSTM,1,2027,train_plus_validation_fixed_epochs,69,0.20538601279258728,
12min,LSTM,1,2027,train_plus_validation_fixed_epochs,70,0.19172002375125885,
12min,LSTM,1,2027,train_plus_validation_fixed_epochs,71,0.18240194022655487,
12min,LSTM,1,2027,train_plus_validation_fixed_epochs,72,0.19087433815002441,
12min,LSTM,1,2027,train_plus_validation_fixed_epochs,73,0.20875166356563568,
12min,LSTM,1,2027,train_plus_validation_fixed_epochs,74,0.1960231363773346,
12min,LSTM,1,2027,train_plus_validation_fixed_epochs,75,0.16967816650867462,
12min,LSTM,1,2027,train_plus_validation_fixed_epochs,76,0.187823086977005,
12min,LSTM,1,2027,train_plus_validation_fixed_epochs,77,0.19733309745788574,
12min,LSTM,1,2027,train_plus_validation_fixed_epochs,78,0.19965994358062744,
12min,LSTM,1,2027,train_plus_validation_fixed_epochs,79,0.1662328839302063,
12min,LSTM,1,2027,train_plus_validation_fixed_epochs,80,0.1780717819929123,
12min,LSTM,1,2028,train_plus_validation_fixed_epochs,1,1.024442434310913,
12min,LSTM,1,2028,train_plus_validation_fixed_epochs,2,0.9691194295883179,
12min,LSTM,1,2028,train_plus_validation_fixed_epochs,3,0.9093706607818604,
12min,LSTM,1,2028,train_plus_validation_fixed_epochs,4,0.8562038540840149,
12min,LSTM,1,2028,train_plus_validation_fixed_epochs,5,0.8304000496864319,
12min,LSTM,1,2028,train_plus_validation_fixed_epochs,6,0.805983304977417,
12min,LSTM,1,2028,train_plus_validation_fixed_epochs,7,0.7401077151298523,
12min,LSTM,1,2028,train_plus_validation_fixed_epochs,8,0.7045077681541443,
12min,LSTM,1,2028,train_plus_validation_fixed_epochs,9,0.6730692982673645,
12min,LSTM,1,2028,train_plus_validation_fixed_epochs,10,0.6125131249427795,
12min,LSTM,1,2028,train_plus_validation_fixed_epochs,11,0.586277425289154,
12min,LSTM,1,2028,train_plus_validation_fixed_epochs,12,0.5466464757919312,
12min,LSTM,1,2028,train_plus_validation_fixed_epochs,13,0.5234843492507935,
12min,LSTM,1,2028,train_plus_validation_fixed_epochs,14,0.46697014570236206,
12min,LSTM,1,2028,train_plus_validation_fixed_epochs,15,0.5115825533866882,
12min,LSTM,1,2028,train_plus_validation_fixed_epochs,16,0.4399931728839874,
12min,LSTM,1,2028,train_plus_validation_fixed_epochs,17,0.4472808241844177,
12min,LSTM,1,2028,train_plus_validation_fixed_epochs,18,0.43074384331703186,
12min,LSTM,1,2028,train_plus_validation_fixed_epochs,19,0.3858989179134369,
12min,LSTM,1,2028,train_plus_validation_fixed_epochs,20,0.35740646719932556,
12min,LSTM,1,2028,train_plus_validation_fixed_epochs,21,0.37262800335884094,
12min,LSTM,1,2028,train_plus_validation_fixed_epochs,22,0.34449946880340576,
12min,LSTM,1,2028,train_plus_validation_fixed_epochs,23,0.33358457684516907,
12min,LSTM,1,2028,train_plus_validation_fixed_epochs,24,0.3417438566684723,
12min,LSTM,1,2028,train_plus_validation_fixed_epochs,25,0.3062654137611389,
12min,LSTM,1,2028,train_plus_validation_fixed_epochs,26,0.2957521080970764,
12min,LSTM,1,2028,train_plus_validation_fixed_epochs,27,0.30304446816444397,
12min,LSTM,1,2028,train_plus_validation_fixed_epochs,28,0.2993229925632477,
12min,LSTM,1,2028,train_plus_validation_fixed_epochs,29,0.3009034991264343,
12min,LSTM,1,2028,train_plus_validation_fixed_epochs,30,0.29062530398368835,
12min,LSTM,1,2028,train_plus_validation_fixed_epochs,31,0.2770497500896454,
12min,LSTM,1,2028,train_plus_validation_fixed_epochs,32,0.26356595754623413,
12min,LSTM,1,2028,train_plus_validation_fixed_epochs,33,0.2758088707923889,
12min,LSTM,1,2028,train_plus_validation_fixed_epochs,34,0.30543655157089233,
12min,LSTM,1,2028,train_plus_validation_fixed_epochs,35,0.2787496745586395,
12min,LSTM,1,2028,train_plus_validation_fixed_epochs,36,0.26868870854377747,
12min,LSTM,1,2028,train_plus_validation_fixed_epochs,37,0.25484350323677063,
12min,LSTM,1,2028,train_plus_validation_fixed_epochs,38,0.2266298532485962,
12min,LSTM,1,2028,train_plus_validation_fixed_epochs,39,0.24636489152908325,
12min,LSTM,1,2028,train_plus_validation_fixed_epochs,40,0.2378525584936142,
12min,LSTM,1,2028,train_plus_validation_fixed_epochs,41,0.2336120754480362,
12min,LSTM,1,2028,train_plus_validation_fixed_epochs,42,0.25086072087287903,
12min,LSTM,1,2028,train_plus_validation_fixed_epochs,43,0.2410930097103119,
12min,LSTM,1,2028,train_plus_validation_fixed_epochs,44,0.23237289488315582,
12min,LSTM,1,2028,train_plus_validation_fixed_epochs,45,0.2304941564798355,
12min,LSTM,1,2028,train_plus_validation_fixed_epochs,46,0.23089613020420074,
12min,LSTM,1,2028,train_plus_validation_fixed_epochs,47,0.21902066469192505,
12min,LSTM,1,2028,train_plus_validation_fixed_epochs,48,0.21717754006385803,
12min,LSTM,1,2028,train_plus_validation_fixed_epochs,49,0.23969537019729614,
12min,LSTM,1,2028,train_plus_validation_fixed_epochs,50,0.21588164567947388,
12min,LSTM,1,2028,train_plus_validation_fixed_epochs,51,0.20595070719718933,
12min,LSTM,1,2028,train_plus_validation_fixed_epochs,52,0.2091519981622696,
12min,LSTM,1,2028,train_plus_validation_fixed_epochs,53,0.2223382443189621,
12min,LSTM,1,2028,train_plus_validation_fixed_epochs,54,0.20209170877933502,
12min,LSTM,1,2028,train_plus_validation_fixed_epochs,55,0.22906187176704407,
12min,LSTM,1,2028,train_plus_validation_fixed_epochs,56,0.19284048676490784,
12min,LSTM,1,2028,train_plus_validation_fixed_epochs,57,0.2224992960691452,
12min,LSTM,1,2028,train_plus_validation_fixed_epochs,58,0.23487873375415802,
12min,LSTM,1,2028,train_plus_validation_fixed_epochs,59,0.22779788076877594,
12min,LSTM,1,2028,train_plus_validation_fixed_epochs,60,0.20845937728881836,
12min,LSTM,1,2028,train_plus_validation_fixed_epochs,61,0.18447943031787872,
12min,LSTM,1,2028,train_plus_validation_fixed_epochs,62,0.19919002056121826,
12min,LSTM,1,2028,train_plus_validation_fixed_epochs,63,0.19141128659248352,
12min,LSTM,1,2028,train_plus_validation_fixed_epochs,64,0.20901285111904144,
12min,LSTM,1,2028,train_plus_validation_fixed_epochs,65,0.18760958313941956,
12min,LSTM,1,2028,train_plus_validation_fixed_epochs,66,0.22465093433856964,
12min,LSTM,1,2028,train_plus_validation_fixed_epochs,67,0.18808874487876892,
12min,LSTM,1,2028,train_plus_validation_fixed_epochs,68,0.23228780925273895,
12min,LSTM,1,2028,train_plus_validation_fixed_epochs,69,0.20977596938610077,
12min,LSTM,1,2028,train_plus_validation_fixed_epochs,70,0.1967601329088211,
12min,LSTM,1,2028,train_plus_validation_fixed_epochs,71,0.1819063127040863,
12min,LSTM,1,2028,train_plus_validation_fixed_epochs,72,0.19790630042552948,
12min,LSTM,1,2028,train_plus_validation_fixed_epochs,73,0.18271364271640778,
12min,LSTM,1,2028,train_plus_validation_fixed_epochs,74,0.18675263226032257,
12min,LSTM,1,2028,train_plus_validation_fixed_epochs,75,0.19619058072566986,
12min,LSTM,1,2028,train_plus_validation_fixed_epochs,76,0.17575503885746002,
12min,LSTM,1,2028,train_plus_validation_fixed_epochs,77,0.1920044869184494,
12min,LSTM,1,2028,train_plus_validation_fixed_epochs,78,0.18528811633586884,
12min,LSTM,1,2028,train_plus_validation_fixed_epochs,79,0.181814506649971,
12min,LSTM,1,2028,train_plus_validation_fixed_epochs,80,0.18232277035713196,
12min,GRU,1,2026,train_plus_validation_fixed_epochs,1,1.1250766515731812,
12min,GRU,1,2026,train_plus_validation_fixed_epochs,2,1.0478589534759521,
12min,GRU,1,2026,train_plus_validation_fixed_epochs,3,0.9801838994026184,
12min,GRU,1,2026,train_plus_validation_fixed_epochs,4,0.9208272695541382,
12min,GRU,1,2026,train_plus_validation_fixed_epochs,5,0.8717204332351685,
12min,GRU,1,2026,train_plus_validation_fixed_epochs,6,0.836625874042511,
12min,GRU,1,2026,train_plus_validation_fixed_epochs,7,0.788665771484375,
12min,GRU,1,2026,train_plus_validation_fixed_epochs,8,0.7675135731697083,
12min,GRU,1,2026,train_plus_validation_fixed_epochs,9,0.7146291136741638,
12min,GRU,1,2026,train_plus_validation_fixed_epochs,10,0.701510488986969,
12min,GRU,1,2026,train_plus_validation_fixed_epochs,11,0.6511542797088623,
12min,GRU,1,2026,train_plus_validation_fixed_epochs,12,0.6242331266403198,
12min,GRU,1,2026,train_plus_validation_fixed_epochs,13,0.6106950044631958,
12min,GRU,1,2026,train_plus_validation_fixed_epochs,14,0.5671365261077881,
12min,GRU,1,2026,train_plus_validation_fixed_epochs,15,0.544389009475708,
12min,GRU,1,2026,train_plus_validation_fixed_epochs,16,0.5279263257980347,
12min,GRU,1,2026,train_plus_validation_fixed_epochs,17,0.5351390838623047,
12min,GRU,1,2026,train_plus_validation_fixed_epochs,18,0.4964670240879059,
12min,GRU,1,2026,train_plus_validation_fixed_epochs,19,0.46869662404060364,
12min,GRU,1,2026,train_plus_validation_fixed_epochs,20,0.4752976894378662,
12min,GRU,1,2026,train_plus_validation_fixed_epochs,21,0.4771743714809418,
12min,GRU,1,2026,train_plus_validation_fixed_epochs,22,0.4671413004398346,
12min,GRU,1,2026,train_plus_validation_fixed_epochs,23,0.48498865962028503,
12min,GRU,1,2026,train_plus_validation_fixed_epochs,24,0.44853290915489197,
12min,GRU,1,2026,train_plus_validation_fixed_epochs,25,0.4309364855289459,
12min,GRU,1,2026,train_plus_validation_fixed_epochs,26,0.4087488055229187,
12min,GRU,1,2026,train_plus_validation_fixed_epochs,27,0.398211807012558,
12min,GRU,1,2026,train_plus_validation_fixed_epochs,28,0.4095807671546936,
12min,GRU,1,2026,train_plus_validation_fixed_epochs,29,0.42056384682655334,
12min,GRU,1,2026,train_plus_validation_fixed_epochs,30,0.37856680154800415,
12min,GRU,1,2026,train_plus_validation_fixed_epochs,31,0.41161656379699707,
12min,GRU,1,2026,train_plus_validation_fixed_epochs,32,0.369721919298172,
12min,GRU,1,2026,train_plus_validation_fixed_epochs,33,0.37587130069732666,
12min,GRU,1,2026,train_plus_validation_fixed_epochs,34,0.36562198400497437,
12min,GRU,1,2026,train_plus_validation_fixed_epochs,35,0.3809681832790375,
12min,GRU,1,2026,train_plus_validation_fixed_epochs,36,0.3302754759788513,
12min,GRU,1,2026,train_plus_validation_fixed_epochs,37,0.3652938902378082,
12min,GRU,1,2026,train_plus_validation_fixed_epochs,38,0.3335573971271515,
12min,GRU,1,2026,train_plus_validation_fixed_epochs,39,0.35518592596054077,
12min,GRU,1,2026,train_plus_validation_fixed_epochs,40,0.3658079504966736,
12min,GRU,1,2026,train_plus_validation_fixed_epochs,41,0.3305417001247406,
12min,GRU,1,2026,train_plus_validation_fixed_epochs,42,0.33642318844795227,
12min,GRU,1,2026,train_plus_validation_fixed_epochs,43,0.3426087200641632,
12min,GRU,1,2026,train_plus_validation_fixed_epochs,44,0.32694584131240845,
12min,GRU,1,2026,train_plus_validation_fixed_epochs,45,0.322576105594635,
12min,GRU,1,2026,train_plus_validation_fixed_epochs,46,0.31445518136024475,
12min,GRU,1,2026,train_plus_validation_fixed_epochs,47,0.30418646335601807,
12min,GRU,1,2026,train_plus_validation_fixed_epochs,48,0.29174938797950745,
12min,GRU,1,2026,train_plus_validation_fixed_epochs,49,0.3162520229816437,
12min,GRU,1,2026,train_plus_validation_fixed_epochs,50,0.2968534231185913,
12min,GRU,1,2026,train_plus_validation_fixed_epochs,51,0.3024803698062897,
12min,GRU,1,2026,train_plus_validation_fixed_epochs,52,0.28471633791923523,
12min,GRU,1,2026,train_plus_validation_fixed_epochs,53,0.28077590465545654,
12min,GRU,1,2026,train_plus_validation_fixed_epochs,54,0.29350119829177856,
12min,GRU,1,2026,train_plus_validation_fixed_epochs,55,0.2850187122821808,
12min,GRU,1,2026,train_plus_validation_fixed_epochs,56,0.29241764545440674,
12min,GRU,1,2026,train_plus_validation_fixed_epochs,57,0.2867109477519989,
12min,GRU,1,2027,train_plus_validation_fixed_epochs,1,1.0045326948165894,
12min,GRU,1,2027,train_plus_validation_fixed_epochs,2,0.9376627802848816,
12min,GRU,1,2027,train_plus_validation_fixed_epochs,3,0.892636239528656,
12min,GRU,1,2027,train_plus_validation_fixed_epochs,4,0.8634312152862549,
12min,GRU,1,2027,train_plus_validation_fixed_epochs,5,0.8046438694000244,
12min,GRU,1,2027,train_plus_validation_fixed_epochs,6,0.7494876980781555,
12min,GRU,1,2027,train_plus_validation_fixed_epochs,7,0.7221710085868835,
12min,GRU,1,2027,train_plus_validation_fixed_epochs,8,0.6864930391311646,
12min,GRU,1,2027,train_plus_validation_fixed_epochs,9,0.6512189507484436,
12min,GRU,1,2027,train_plus_validation_fixed_epochs,10,0.6235867142677307,
12min,GRU,1,2027,train_plus_validation_fixed_epochs,11,0.6036394834518433,
12min,GRU,1,2027,train_plus_validation_fixed_epochs,12,0.5982954502105713,
12min,GRU,1,2027,train_plus_validation_fixed_epochs,13,0.5585570931434631,
12min,GRU,1,2027,train_plus_validation_fixed_epochs,14,0.5394510626792908,
12min,GRU,1,2027,train_plus_validation_fixed_epochs,15,0.5269890427589417,
12min,GRU,1,2027,train_plus_validation_fixed_epochs,16,0.5177120566368103,
12min,GRU,1,2027,train_plus_validation_fixed_epochs,17,0.5064743161201477,
12min,GRU,1,2027,train_plus_validation_fixed_epochs,18,0.4831521809101105,
12min,GRU,1,2027,train_plus_validation_fixed_epochs,19,0.47976890206336975,
12min,GRU,1,2027,train_plus_validation_fixed_epochs,20,0.4524696171283722,
12min,GRU,1,2027,train_plus_validation_fixed_epochs,21,0.42531147599220276,
12min,GRU,1,2027,train_plus_validation_fixed_epochs,22,0.41423898935317993,
12min,GRU,1,2027,train_plus_validation_fixed_epochs,23,0.4142710864543915,
12min,GRU,1,2027,train_plus_validation_fixed_epochs,24,0.40072962641716003,
12min,GRU,1,2027,train_plus_validation_fixed_epochs,25,0.3925257623195648,
12min,GRU,1,2027,train_plus_validation_fixed_epochs,26,0.38013511896133423,
12min,GRU,1,2027,train_plus_validation_fixed_epochs,27,0.37443459033966064,
12min,GRU,1,2027,train_plus_validation_fixed_epochs,28,0.3750184178352356,
12min,GRU,1,2027,train_plus_validation_fixed_epochs,29,0.36358627676963806,
12min,GRU,1,2027,train_plus_validation_fixed_epochs,30,0.35398462414741516,
12min,GRU,1,2027,train_plus_validation_fixed_epochs,31,0.3754758834838867,
12min,GRU,1,2027,train_plus_validation_fixed_epochs,32,0.3589287996292114,
12min,GRU,1,2027,train_plus_validation_fixed_epochs,33,0.35384508967399597,
12min,GRU,1,2027,train_plus_validation_fixed_epochs,34,0.36894187331199646,
12min,GRU,1,2027,train_plus_validation_fixed_epochs,35,0.37252774834632874,
12min,GRU,1,2027,train_plus_validation_fixed_epochs,36,0.34806862473487854,
12min,GRU,1,2027,train_plus_validation_fixed_epochs,37,0.340025395154953,
12min,GRU,1,2027,train_plus_validation_fixed_epochs,38,0.3426147699356079,
12min,GRU,1,2027,train_plus_validation_fixed_epochs,39,0.2924264669418335,
12min,GRU,1,2027,train_plus_validation_fixed_epochs,40,0.31658661365509033,
12min,GRU,1,2027,train_plus_validation_fixed_epochs,41,0.3348820209503174,
12min,GRU,1,2027,train_plus_validation_fixed_epochs,42,0.2849009037017822,
12min,GRU,1,2027,train_plus_validation_fixed_epochs,43,0.2947154641151428,
12min,GRU,1,2027,train_plus_validation_fixed_epochs,44,0.2869338095188141,
12min,GRU,1,2027,train_plus_validation_fixed_epochs,45,0.3252447247505188,
12min,GRU,1,2027,train_plus_validation_fixed_epochs,46,0.31570199131965637,
12min,GRU,1,2027,train_plus_validation_fixed_epochs,47,0.2838203012943268,
12min,GRU,1,2027,train_plus_validation_fixed_epochs,48,0.2995509207248688,
12min,GRU,1,2027,train_plus_validation_fixed_epochs,49,0.2999812662601471,
12min,GRU,1,2027,train_plus_validation_fixed_epochs,50,0.2692576050758362,
12min,GRU,1,2027,train_plus_validation_fixed_epochs,51,0.3053295910358429,
12min,GRU,1,2027,train_plus_validation_fixed_epochs,52,0.2840225100517273,
12min,GRU,1,2027,train_plus_validation_fixed_epochs,53,0.2637755572795868,
12min,GRU,1,2027,train_plus_validation_fixed_epochs,54,0.28706371784210205,
12min,GRU,1,2027,train_plus_validation_fixed_epochs,55,0.25688374042510986,
12min,GRU,1,2027,train_plus_validation_fixed_epochs,56,0.29519474506378174,
12min,GRU,1,2027,train_plus_validation_fixed_epochs,57,0.27672287821769714,
12min,GRU,1,2028,train_plus_validation_fixed_epochs,1,0.9809973239898682,
12min,GRU,1,2028,train_plus_validation_fixed_epochs,2,0.9026175141334534,
12min,GRU,1,2028,train_plus_validation_fixed_epochs,3,0.8376251459121704,
12min,GRU,1,2028,train_plus_validation_fixed_epochs,4,0.7555773258209229,
12min,GRU,1,2028,train_plus_validation_fixed_epochs,5,0.7370489239692688,
12min,GRU,1,2028,train_plus_validation_fixed_epochs,6,0.7138702273368835,
12min,GRU,1,2028,train_plus_validation_fixed_epochs,7,0.6345961689949036,
12min,GRU,1,2028,train_plus_validation_fixed_epochs,8,0.6300914287567139,
12min,GRU,1,2028,train_plus_validation_fixed_epochs,9,0.6054697632789612,
12min,GRU,1,2028,train_plus_validation_fixed_epochs,10,0.5490492582321167,
12min,GRU,1,2028,train_plus_validation_fixed_epochs,11,0.5372093915939331,
12min,GRU,1,2028,train_plus_validation_fixed_epochs,12,0.513285219669342,
12min,GRU,1,2028,train_plus_validation_fixed_epochs,13,0.521102249622345,
12min,GRU,1,2028,train_plus_validation_fixed_epochs,14,0.4752739369869232,
12min,GRU,1,2028,train_plus_validation_fixed_epochs,15,0.5169193744659424,
12min,GRU,1,2028,train_plus_validation_fixed_epochs,16,0.4376899302005768,
12min,GRU,1,2028,train_plus_validation_fixed_epochs,17,0.446344792842865,
12min,GRU,1,2028,train_plus_validation_fixed_epochs,18,0.4595540463924408,
12min,GRU,1,2028,train_plus_validation_fixed_epochs,19,0.4329755902290344,
12min,GRU,1,2028,train_plus_validation_fixed_epochs,20,0.4238998293876648,
12min,GRU,1,2028,train_plus_validation_fixed_epochs,21,0.4415067434310913,
12min,GRU,1,2028,train_plus_validation_fixed_epochs,22,0.41221266984939575,
12min,GRU,1,2028,train_plus_validation_fixed_epochs,23,0.4100501835346222,
12min,GRU,1,2028,train_plus_validation_fixed_epochs,24,0.400044709444046,
12min,GRU,1,2028,train_plus_validation_fixed_epochs,25,0.3782365918159485,
12min,GRU,1,2028,train_plus_validation_fixed_epochs,26,0.3233491778373718,
12min,GRU,1,2028,train_plus_validation_fixed_epochs,27,0.3665402829647064,
12min,GRU,1,2028,train_plus_validation_fixed_epochs,28,0.3551991283893585,
12min,GRU,1,2028,train_plus_validation_fixed_epochs,29,0.34482207894325256,
12min,GRU,1,2028,train_plus_validation_fixed_epochs,30,0.34903037548065186,
12min,GRU,1,2028,train_plus_validation_fixed_epochs,31,0.3323240280151367,
12min,GRU,1,2028,train_plus_validation_fixed_epochs,32,0.3531251549720764,
12min,GRU,1,2028,train_plus_validation_fixed_epochs,33,0.3378462493419647,
12min,GRU,1,2028,train_plus_validation_fixed_epochs,34,0.39415261149406433,
12min,GRU,1,2028,train_plus_validation_fixed_epochs,35,0.3580349087715149,
12min,GRU,1,2028,train_plus_validation_fixed_epochs,36,0.3575440049171448,
12min,GRU,1,2028,train_plus_validation_fixed_epochs,37,0.333845317363739,
12min,GRU,1,2028,train_plus_validation_fixed_epochs,38,0.3100375235080719,
12min,GRU,1,2028,train_plus_validation_fixed_epochs,39,0.29683950543403625,
12min,GRU,1,2028,train_plus_validation_fixed_epochs,40,0.31082141399383545,
12min,GRU,1,2028,train_plus_validation_fixed_epochs,41,0.323097825050354,
12min,GRU,1,2028,train_plus_validation_fixed_epochs,42,0.3360331654548645,
12min,GRU,1,2028,train_plus_validation_fixed_epochs,43,0.3123994469642639,
12min,GRU,1,2028,train_plus_validation_fixed_epochs,44,0.32170483469963074,
12min,GRU,1,2028,train_plus_validation_fixed_epochs,45,0.3353217840194702,
12min,GRU,1,2028,train_plus_validation_fixed_epochs,46,0.28889408707618713,
12min,GRU,1,2028,train_plus_validation_fixed_epochs,47,0.3062979578971863,
12min,GRU,1,2028,train_plus_validation_fixed_epochs,48,0.2917177379131317,
12min,GRU,1,2028,train_plus_validation_fixed_epochs,49,0.3117883801460266,
12min,GRU,1,2028,train_plus_validation_fixed_epochs,50,0.28234997391700745,
12min,GRU,1,2028,train_plus_validation_fixed_epochs,51,0.28758910298347473,
12min,GRU,1,2028,train_plus_validation_fixed_epochs,52,0.2884233295917511,
12min,GRU,1,2028,train_plus_validation_fixed_epochs,53,0.2809860408306122,
12min,GRU,1,2028,train_plus_validation_fixed_epochs,54,0.286190003156662,
12min,GRU,1,2028,train_plus_validation_fixed_epochs,55,0.3235793113708496,
12min,GRU,1,2028,train_plus_validation_fixed_epochs,56,0.25690993666648865,
12min,GRU,1,2028,train_plus_validation_fixed_epochs,57,0.3304941654205322,
12min,TCN,1,2026,train_plus_validation_fixed_epochs,1,3.253009796142578,
12min,TCN,1,2026,train_plus_validation_fixed_epochs,2,1.6245079040527344,
12min,TCN,1,2026,train_plus_validation_fixed_epochs,3,1.2384312152862549,
12min,TCN,1,2026,train_plus_validation_fixed_epochs,4,1.1231329441070557,
12min,TCN,1,2026,train_plus_validation_fixed_epochs,5,1.1044753789901733,
12min,TCN,1,2026,train_plus_validation_fixed_epochs,6,1.0621534585952759,
12min,TCN,1,2026,train_plus_validation_fixed_epochs,7,1.0518014430999756,
12min,TCN,1,2026,train_plus_validation_fixed_epochs,8,1.0266671180725098,
12min,TCN,1,2026,train_plus_validation_fixed_epochs,9,1.0170800685882568,
12min,TCN,1,2026,train_plus_validation_fixed_epochs,10,0.9730337262153625,
12min,TCN,1,2026,train_plus_validation_fixed_epochs,11,0.9802011847496033,
12min,TCN,1,2026,train_plus_validation_fixed_epochs,12,0.9522481560707092,
12min,TCN,1,2026,train_plus_validation_fixed_epochs,13,0.9526387453079224,
12min,TCN,1,2026,train_plus_validation_fixed_epochs,14,0.9309719800949097,
12min,TCN,1,2026,train_plus_validation_fixed_epochs,15,0.9331479072570801,
12min,TCN,1,2026,train_plus_validation_fixed_epochs,16,0.9043465256690979,
12min,TCN,1,2026,train_plus_validation_fixed_epochs,17,0.8940820693969727,
12min,TCN,1,2026,train_plus_validation_fixed_epochs,18,0.8923041224479675,
12min,TCN,1,2026,train_plus_validation_fixed_epochs,19,0.8759288191795349,
12min,TCN,1,2026,train_plus_validation_fixed_epochs,20,0.8728144764900208,
12min,TCN,1,2026,train_plus_validation_fixed_epochs,21,0.844007670879364,
12min,TCN,1,2026,train_plus_validation_fixed_epochs,22,0.8330528736114502,
12min,TCN,1,2026,train_plus_validation_fixed_epochs,23,0.8220069408416748,
12min,TCN,1,2026,train_plus_validation_fixed_epochs,24,0.7996312379837036,
12min,TCN,1,2026,train_plus_validation_fixed_epochs,25,0.7788103818893433,
12min,TCN,1,2026,train_plus_validation_fixed_epochs,26,0.7430070042610168,
12min,TCN,1,2026,train_plus_validation_fixed_epochs,27,0.7225283980369568,
12min,TCN,1,2026,train_plus_validation_fixed_epochs,28,0.7090356945991516,
12min,TCN,1,2026,train_plus_validation_fixed_epochs,29,0.6962518692016602,
12min,TCN,1,2026,train_plus_validation_fixed_epochs,30,0.6548805236816406,
12min,TCN,1,2026,train_plus_validation_fixed_epochs,31,0.6437527537345886,
12min,TCN,1,2026,train_plus_validation_fixed_epochs,32,0.5889546275138855,
12min,TCN,1,2026,train_plus_validation_fixed_epochs,33,0.561517059803009,
12min,TCN,1,2026,train_plus_validation_fixed_epochs,34,0.551178514957428,
12min,TCN,1,2026,train_plus_validation_fixed_epochs,35,0.4859609603881836,
12min,TCN,1,2027,train_plus_validation_fixed_epochs,1,4.357226371765137,
12min,TCN,1,2027,train_plus_validation_fixed_epochs,2,1.9257906675338745,
12min,TCN,1,2027,train_plus_validation_fixed_epochs,3,1.440171480178833,
12min,TCN,1,2027,train_plus_validation_fixed_epochs,4,1.2140880823135376,
12min,TCN,1,2027,train_plus_validation_fixed_epochs,5,1.1511991024017334,
12min,TCN,1,2027,train_plus_validation_fixed_epochs,6,1.0658577680587769,
12min,TCN,1,2027,train_plus_validation_fixed_epochs,7,1.0283420085906982,
12min,TCN,1,2027,train_plus_validation_fixed_epochs,8,0.9903889894485474,
12min,TCN,1,2027,train_plus_validation_fixed_epochs,9,0.9910764098167419,
12min,TCN,1,2027,train_plus_validation_fixed_epochs,10,0.9737524390220642,
12min,TCN,1,2027,train_plus_validation_fixed_epochs,11,0.9569776058197021,
12min,TCN,1,2027,train_plus_validation_fixed_epochs,12,0.949957549571991,
12min,TCN,1,2027,train_plus_validation_fixed_epochs,13,0.9545289278030396,
12min,TCN,1,2027,train_plus_validation_fixed_epochs,14,0.9541590213775635,
12min,TCN,1,2027,train_plus_validation_fixed_epochs,15,0.9495182037353516,
12min,TCN,1,2027,train_plus_validation_fixed_epochs,16,0.9241825938224792,
12min,TCN,1,2027,train_plus_validation_fixed_epochs,17,0.9129602909088135,
12min,TCN,1,2027,train_plus_validation_fixed_epochs,18,0.9036410450935364,
12min,TCN,1,2027,train_plus_validation_fixed_epochs,19,0.9023022651672363,
12min,TCN,1,2027,train_plus_validation_fixed_epochs,20,0.8879679441452026,
12min,TCN,1,2027,train_plus_validation_fixed_epochs,21,0.886320173740387,
12min,TCN,1,2027,train_plus_validation_fixed_epochs,22,0.8680184483528137,
12min,TCN,1,2027,train_plus_validation_fixed_epochs,23,0.8603907823562622,
12min,TCN,1,2027,train_plus_validation_fixed_epochs,24,0.8590567708015442,
12min,TCN,1,2027,train_plus_validation_fixed_epochs,25,0.8441926836967468,
12min,TCN,1,2027,train_plus_validation_fixed_epochs,26,0.8424665331840515,
12min,TCN,1,2027,train_plus_validation_fixed_epochs,27,0.8316145539283752,
12min,TCN,1,2027,train_plus_validation_fixed_epochs,28,0.8200448751449585,
12min,TCN,1,2027,train_plus_validation_fixed_epochs,29,0.7989845275878906,
12min,TCN,1,2027,train_plus_validation_fixed_epochs,30,0.7959135174751282,
12min,TCN,1,2027,train_plus_validation_fixed_epochs,31,0.7758256793022156,
12min,TCN,1,2027,train_plus_validation_fixed_epochs,32,0.7695874571800232,
12min,TCN,1,2027,train_plus_validation_fixed_epochs,33,0.7498879432678223,
12min,TCN,1,2027,train_plus_validation_fixed_epochs,34,0.751594603061676,
12min,TCN,1,2027,train_plus_validation_fixed_epochs,35,0.7424857020378113,
12min,TCN,1,2028,train_plus_validation_fixed_epochs,1,2.9090657234191895,
12min,TCN,1,2028,train_plus_validation_fixed_epochs,2,1.59358549118042,
12min,TCN,1,2028,train_plus_validation_fixed_epochs,3,1.4137059450149536,
12min,TCN,1,2028,train_plus_validation_fixed_epochs,4,1.2357503175735474,
12min,TCN,1,2028,train_plus_validation_fixed_epochs,5,1.1041769981384277,
12min,TCN,1,2028,train_plus_validation_fixed_epochs,6,1.0369035005569458,
12min,TCN,1,2028,train_plus_validation_fixed_epochs,7,1.0030863285064697,
12min,TCN,1,2028,train_plus_validation_fixed_epochs,8,0.9972225427627563,
12min,TCN,1,2028,train_plus_validation_fixed_epochs,9,0.9743308424949646,
12min,TCN,1,2028,train_plus_validation_fixed_epochs,10,0.9668959379196167,
12min,TCN,1,2028,train_plus_validation_fixed_epochs,11,0.9569196105003357,
12min,TCN,1,2028,train_plus_validation_fixed_epochs,12,0.9523911476135254,
12min,TCN,1,2028,train_plus_validation_fixed_epochs,13,0.9457548260688782,
12min,TCN,1,2028,train_plus_validation_fixed_epochs,14,0.9471837878227234,
12min,TCN,1,2028,train_plus_validation_fixed_epochs,15,0.9424421787261963,
12min,TCN,1,2028,train_plus_validation_fixed_epochs,16,0.9198172688484192,
12min,TCN,1,2028,train_plus_validation_fixed_epochs,17,0.9186294078826904,
12min,TCN,1,2028,train_plus_validation_fixed_epochs,18,0.9199699759483337,
12min,TCN,1,2028,train_plus_validation_fixed_epochs,19,0.9050860404968262,
12min,TCN,1,2028,train_plus_validation_fixed_epochs,20,0.9058850407600403,
12min,TCN,1,2028,train_plus_validation_fixed_epochs,21,0.8937703371047974,
12min,TCN,1,2028,train_plus_validation_fixed_epochs,22,0.8901776075363159,
12min,TCN,1,2028,train_plus_validation_fixed_epochs,23,0.8828311562538147,
12min,TCN,1,2028,train_plus_validation_fixed_epochs,24,0.8688667416572571,
12min,TCN,1,2028,train_plus_validation_fixed_epochs,25,0.8491511940956116,
12min,TCN,1,2028,train_plus_validation_fixed_epochs,26,0.8458293676376343,
12min,TCN,1,2028,train_plus_validation_fixed_epochs,27,0.8360944390296936,
12min,TCN,1,2028,train_plus_validation_fixed_epochs,28,0.8215397596359253,
12min,TCN,1,2028,train_plus_validation_fixed_epochs,29,0.8187166452407837,
12min,TCN,1,2028,train_plus_validation_fixed_epochs,30,0.7942169308662415,
12min,TCN,1,2028,train_plus_validation_fixed_epochs,31,0.7917324900627136,
12min,TCN,1,2028,train_plus_validation_fixed_epochs,32,0.770062267780304,
12min,TCN,1,2028,train_plus_validation_fixed_epochs,33,0.7388012409210205,
12min,TCN,1,2028,train_plus_validation_fixed_epochs,34,0.7285463809967041,
12min,TCN,1,2028,train_plus_validation_fixed_epochs,35,0.6996229887008667,
20min,MLP,2,2026,train_plus_validation_fixed_epochs,1,2.015007257461548,
20min,MLP,2,2026,train_plus_validation_fixed_epochs,2,0.9336786270141602,
20min,MLP,2,2026,train_plus_validation_fixed_epochs,3,0.7163926959037781,
20min,MLP,2,2026,train_plus_validation_fixed_epochs,4,0.6081969141960144,
20min,MLP,2,2026,train_plus_validation_fixed_epochs,5,0.5247714519500732,
20min,MLP,2,2026,train_plus_validation_fixed_epochs,6,0.4689021110534668,
20min,MLP,2,2026,train_plus_validation_fixed_epochs,7,0.43994608521461487,
20min,MLP,2,2026,train_plus_validation_fixed_epochs,8,0.4021262526512146,
20min,MLP,2,2026,train_plus_validation_fixed_epochs,9,0.37608325481414795,
20min,MLP,2,2026,train_plus_validation_fixed_epochs,10,0.3557029962539673,
20min,MLP,2,2026,train_plus_validation_fixed_epochs,11,0.34710997343063354,
20min,MLP,2,2026,train_plus_validation_fixed_epochs,12,0.31769421696662903,
20min,MLP,2,2026,train_plus_validation_fixed_epochs,13,0.3121868371963501,
20min,MLP,2,2026,train_plus_validation_fixed_epochs,14,0.3103514313697815,
20min,MLP,2,2026,train_plus_validation_fixed_epochs,15,0.317627489566803,
20min,MLP,2,2026,train_plus_validation_fixed_epochs,16,0.28779351711273193,
20min,MLP,2,2026,train_plus_validation_fixed_epochs,17,0.29505133628845215,
20min,MLP,2,2026,train_plus_validation_fixed_epochs,18,0.2693248689174652,
20min,MLP,2,2026,train_plus_validation_fixed_epochs,19,0.28109827637672424,
20min,MLP,2,2026,train_plus_validation_fixed_epochs,20,0.272283136844635,
20min,MLP,2,2026,train_plus_validation_fixed_epochs,21,0.25755608081817627,
20min,MLP,2,2026,train_plus_validation_fixed_epochs,22,0.2357771247625351,
20min,MLP,2,2026,train_plus_validation_fixed_epochs,23,0.24834184348583221,
20min,MLP,2,2026,train_plus_validation_fixed_epochs,24,0.24148577451705933,
20min,MLP,2,2026,train_plus_validation_fixed_epochs,25,0.25390273332595825,
20min,MLP,2,2026,train_plus_validation_fixed_epochs,26,0.2593850791454315,
20min,MLP,2,2026,train_plus_validation_fixed_epochs,27,0.2547839283943176,
20min,MLP,2,2026,train_plus_validation_fixed_epochs,28,0.23620779812335968,
20min,MLP,2,2026,train_plus_validation_fixed_epochs,29,0.22817622125148773,
20min,MLP,2,2026,train_plus_validation_fixed_epochs,30,0.2268851101398468,
20min,MLP,2,2026,train_plus_validation_fixed_epochs,31,0.21650457382202148,
20min,MLP,2,2026,train_plus_validation_fixed_epochs,32,0.22981984913349152,
20min,MLP,2,2026,train_plus_validation_fixed_epochs,33,0.22500304877758026,
20min,MLP,2,2026,train_plus_validation_fixed_epochs,34,0.22807271778583527,
20min,MLP,2,2026,train_plus_validation_fixed_epochs,35,0.21048754453659058,
20min,MLP,2,2027,train_plus_validation_fixed_epochs,1,1.858228325843811,
20min,MLP,2,2027,train_plus_validation_fixed_epochs,2,0.9946464896202087,
20min,MLP,2,2027,train_plus_validation_fixed_epochs,3,0.7985237240791321,
20min,MLP,2,2027,train_plus_validation_fixed_epochs,4,0.6617268919944763,
20min,MLP,2,2027,train_plus_validation_fixed_epochs,5,0.5639484524726868,
20min,MLP,2,2027,train_plus_validation_fixed_epochs,6,0.4660332202911377,
20min,MLP,2,2027,train_plus_validation_fixed_epochs,7,0.4319765567779541,
20min,MLP,2,2027,train_plus_validation_fixed_epochs,8,0.4203720688819885,
20min,MLP,2,2027,train_plus_validation_fixed_epochs,9,0.38006219267845154,
20min,MLP,2,2027,train_plus_validation_fixed_epochs,10,0.34524717926979065,
20min,MLP,2,2027,train_plus_validation_fixed_epochs,11,0.3258211612701416,
20min,MLP,2,2027,train_plus_validation_fixed_epochs,12,0.3199900984764099,
20min,MLP,2,2027,train_plus_validation_fixed_epochs,13,0.30025196075439453,
20min,MLP,2,2027,train_plus_validation_fixed_epochs,14,0.30956920981407166,
20min,MLP,2,2027,train_plus_validation_fixed_epochs,15,0.29155242443084717,
20min,MLP,2,2027,train_plus_validation_fixed_epochs,16,0.2763529121875763,
20min,MLP,2,2027,train_plus_validation_fixed_epochs,17,0.26727086305618286,
20min,MLP,2,2027,train_plus_validation_fixed_epochs,18,0.25860002636909485,
20min,MLP,2,2027,train_plus_validation_fixed_epochs,19,0.2667357921600342,
20min,MLP,2,2027,train_plus_validation_fixed_epochs,20,0.2454492598772049,
20min,MLP,2,2027,train_plus_validation_fixed_epochs,21,0.26136457920074463,
20min,MLP,2,2027,train_plus_validation_fixed_epochs,22,0.23468710482120514,
20min,MLP,2,2027,train_plus_validation_fixed_epochs,23,0.23269134759902954,
20min,MLP,2,2027,train_plus_validation_fixed_epochs,24,0.23560689389705658,
20min,MLP,2,2027,train_plus_validation_fixed_epochs,25,0.23648735880851746,
20min,MLP,2,2027,train_plus_validation_fixed_epochs,26,0.24393205344676971,
20min,MLP,2,2027,train_plus_validation_fixed_epochs,27,0.21059297025203705,
20min,MLP,2,2027,train_plus_validation_fixed_epochs,28,0.21347156167030334,
20min,MLP,2,2027,train_plus_validation_fixed_epochs,29,0.21111880242824554,
20min,MLP,2,2027,train_plus_validation_fixed_epochs,30,0.2149185985326767,
20min,MLP,2,2027,train_plus_validation_fixed_epochs,31,0.20383621752262115,
20min,MLP,2,2027,train_plus_validation_fixed_epochs,32,0.2065175473690033,
20min,MLP,2,2027,train_plus_validation_fixed_epochs,33,0.20470266044139862,
20min,MLP,2,2027,train_plus_validation_fixed_epochs,34,0.20492170751094818,
20min,MLP,2,2027,train_plus_validation_fixed_epochs,35,0.20456108450889587,
20min,MLP,2,2028,train_plus_validation_fixed_epochs,1,2.166956663131714,
20min,MLP,2,2028,train_plus_validation_fixed_epochs,2,1.0615092515945435,
20min,MLP,2,2028,train_plus_validation_fixed_epochs,3,0.808830738067627,
20min,MLP,2,2028,train_plus_validation_fixed_epochs,4,0.703249454498291,
20min,MLP,2,2028,train_plus_validation_fixed_epochs,5,0.6093170642852783,
20min,MLP,2,2028,train_plus_validation_fixed_epochs,6,0.526058554649353,
20min,MLP,2,2028,train_plus_validation_fixed_epochs,7,0.44333067536354065,
20min,MLP,2,2028,train_plus_validation_fixed_epochs,8,0.43960443139076233,
20min,MLP,2,2028,train_plus_validation_fixed_epochs,9,0.43628615140914917,
20min,MLP,2,2028,train_plus_validation_fixed_epochs,10,0.3979074954986572,
20min,MLP,2,2028,train_plus_validation_fixed_epochs,11,0.3657572567462921,
20min,MLP,2,2028,train_plus_validation_fixed_epochs,12,0.3716263771057129,
20min,MLP,2,2028,train_plus_validation_fixed_epochs,13,0.34159228205680847,
20min,MLP,2,2028,train_plus_validation_fixed_epochs,14,0.3270624577999115,
20min,MLP,2,2028,train_plus_validation_fixed_epochs,15,0.30989208817481995,
20min,MLP,2,2028,train_plus_validation_fixed_epochs,16,0.3054908812046051,
20min,MLP,2,2028,train_plus_validation_fixed_epochs,17,0.2977258563041687,
20min,MLP,2,2028,train_plus_validation_fixed_epochs,18,0.28781041502952576,
20min,MLP,2,2028,train_plus_validation_fixed_epochs,19,0.3054642677307129,
20min,MLP,2,2028,train_plus_validation_fixed_epochs,20,0.2885286211967468,
20min,MLP,2,2028,train_plus_validation_fixed_epochs,21,0.2787492573261261,
20min,MLP,2,2028,train_plus_validation_fixed_epochs,22,0.26024413108825684,
20min,MLP,2,2028,train_plus_validation_fixed_epochs,23,0.2662475109100342,
20min,MLP,2,2028,train_plus_validation_fixed_epochs,24,0.26356828212738037,
20min,MLP,2,2028,train_plus_validation_fixed_epochs,25,0.24337610602378845,
20min,MLP,2,2028,train_plus_validation_fixed_epochs,26,0.25166964530944824,
20min,MLP,2,2028,train_plus_validation_fixed_epochs,27,0.25135180354118347,
20min,MLP,2,2028,train_plus_validation_fixed_epochs,28,0.25835469365119934,
20min,MLP,2,2028,train_plus_validation_fixed_epochs,29,0.24939078092575073,
20min,MLP,2,2028,train_plus_validation_fixed_epochs,30,0.23794130980968475,
20min,MLP,2,2028,train_plus_validation_fixed_epochs,31,0.23462897539138794,
20min,MLP,2,2028,train_plus_validation_fixed_epochs,32,0.2440541684627533,
20min,MLP,2,2028,train_plus_validation_fixed_epochs,33,0.23945856094360352,
20min,MLP,2,2028,train_plus_validation_fixed_epochs,34,0.22931262850761414,
20min,MLP,2,2028,train_plus_validation_fixed_epochs,35,0.23083361983299255,
20min,LSTM,1,2026,train_plus_validation_fixed_epochs,1,1.0507014989852905,
20min,LSTM,1,2026,train_plus_validation_fixed_epochs,2,0.9599946141242981,
20min,LSTM,1,2026,train_plus_validation_fixed_epochs,3,0.8994499444961548,
20min,LSTM,1,2026,train_plus_validation_fixed_epochs,4,0.8480895757675171,
20min,LSTM,1,2026,train_plus_validation_fixed_epochs,5,0.7972071766853333,
20min,LSTM,1,2026,train_plus_validation_fixed_epochs,6,0.7487103343009949,
20min,LSTM,1,2026,train_plus_validation_fixed_epochs,7,0.698486864566803,
20min,LSTM,1,2026,train_plus_validation_fixed_epochs,8,0.6489134430885315,
20min,LSTM,1,2026,train_plus_validation_fixed_epochs,9,0.5873395800590515,
20min,LSTM,1,2026,train_plus_validation_fixed_epochs,10,0.5506613850593567,
20min,LSTM,1,2026,train_plus_validation_fixed_epochs,11,0.512736439704895,
20min,LSTM,1,2026,train_plus_validation_fixed_epochs,12,0.5086764693260193,
20min,LSTM,1,2026,train_plus_validation_fixed_epochs,13,0.4458044767379761,
20min,LSTM,1,2026,train_plus_validation_fixed_epochs,14,0.4554133415222168,
20min,LSTM,1,2026,train_plus_validation_fixed_epochs,15,0.43200206756591797,
20min,LSTM,1,2026,train_plus_validation_fixed_epochs,16,0.40433770418167114,
20min,LSTM,1,2026,train_plus_validation_fixed_epochs,17,0.3575098514556885,
20min,LSTM,1,2026,train_plus_validation_fixed_epochs,18,0.3471219837665558,
20min,LSTM,1,2026,train_plus_validation_fixed_epochs,19,0.3382697105407715,
20min,LSTM,1,2026,train_plus_validation_fixed_epochs,20,0.3377527892589569,
20min,LSTM,1,2026,train_plus_validation_fixed_epochs,21,0.3147403597831726,
20min,LSTM,1,2026,train_plus_validation_fixed_epochs,22,0.3155660927295685,
20min,LSTM,1,2026,train_plus_validation_fixed_epochs,23,0.3244750201702118,
20min,LSTM,1,2026,train_plus_validation_fixed_epochs,24,0.3004283010959625,
20min,LSTM,1,2026,train_plus_validation_fixed_epochs,25,0.2822772264480591,
20min,LSTM,1,2026,train_plus_validation_fixed_epochs,26,0.2787514626979828,
20min,LSTM,1,2026,train_plus_validation_fixed_epochs,27,0.25906771421432495,
20min,LSTM,1,2026,train_plus_validation_fixed_epochs,28,0.27313029766082764,
20min,LSTM,1,2026,train_plus_validation_fixed_epochs,29,0.26652655005455017,
20min,LSTM,1,2026,train_plus_validation_fixed_epochs,30,0.27688002586364746,
20min,LSTM,1,2026,train_plus_validation_fixed_epochs,31,0.2571054697036743,
20min,LSTM,1,2026,train_plus_validation_fixed_epochs,32,0.25186219811439514,
20min,LSTM,1,2026,train_plus_validation_fixed_epochs,33,0.2427457720041275,
20min,LSTM,1,2026,train_plus_validation_fixed_epochs,34,0.239034041762352,
20min,LSTM,1,2026,train_plus_validation_fixed_epochs,35,0.24869903922080994,
20min,LSTM,1,2026,train_plus_validation_fixed_epochs,36,0.23696628212928772,
20min,LSTM,1,2026,train_plus_validation_fixed_epochs,37,0.2391701489686966,
20min,LSTM,1,2026,train_plus_validation_fixed_epochs,38,0.24369896948337555,
20min,LSTM,1,2026,train_plus_validation_fixed_epochs,39,0.23322537541389465,
20min,LSTM,1,2026,train_plus_validation_fixed_epochs,40,0.22851085662841797,
20min,LSTM,1,2026,train_plus_validation_fixed_epochs,41,0.21060001850128174,
20min,LSTM,1,2026,train_plus_validation_fixed_epochs,42,0.23993220925331116,
20min,LSTM,1,2026,train_plus_validation_fixed_epochs,43,0.25891849398612976,
20min,LSTM,1,2026,train_plus_validation_fixed_epochs,44,0.21350111067295074,
20min,LSTM,1,2026,train_plus_validation_fixed_epochs,45,0.2149685174226761,
20min,LSTM,1,2026,train_plus_validation_fixed_epochs,46,0.21234934031963348,
20min,LSTM,1,2026,train_plus_validation_fixed_epochs,47,0.22560805082321167,
20min,LSTM,1,2026,train_plus_validation_fixed_epochs,48,0.21742622554302216,
20min,LSTM,1,2026,train_plus_validation_fixed_epochs,49,0.21411602199077606,
20min,LSTM,1,2026,train_plus_validation_fixed_epochs,50,0.20265643298625946,
20min,LSTM,1,2026,train_plus_validation_fixed_epochs,51,0.20176799595355988,
20min,LSTM,1,2026,train_plus_validation_fixed_epochs,52,0.21392880380153656,
20min,LSTM,1,2026,train_plus_validation_fixed_epochs,53,0.1912325769662857,
20min,LSTM,1,2026,train_plus_validation_fixed_epochs,54,0.18099188804626465,
20min,LSTM,1,2026,train_plus_validation_fixed_epochs,55,0.2094849795103073,
20min,LSTM,1,2026,train_plus_validation_fixed_epochs,56,0.19432412087917328,
20min,LSTM,1,2026,train_plus_validation_fixed_epochs,57,0.21858453750610352,
20min,LSTM,1,2026,train_plus_validation_fixed_epochs,58,0.1931128352880478,
20min,LSTM,1,2026,train_plus_validation_fixed_epochs,59,0.18281038105487823,
20min,LSTM,1,2026,train_plus_validation_fixed_epochs,60,0.1997709721326828,
20min,LSTM,1,2026,train_plus_validation_fixed_epochs,61,0.1954009234905243,
20min,LSTM,1,2027,train_plus_validation_fixed_epochs,1,1.02681303024292,
20min,LSTM,1,2027,train_plus_validation_fixed_epochs,2,0.9289553165435791,
20min,LSTM,1,2027,train_plus_validation_fixed_epochs,3,0.8628349900245667,
20min,LSTM,1,2027,train_plus_validation_fixed_epochs,4,0.8063750267028809,
20min,LSTM,1,2027,train_plus_validation_fixed_epochs,5,0.7655072212219238,
20min,LSTM,1,2027,train_plus_validation_fixed_epochs,6,0.7370067238807678,
20min,LSTM,1,2027,train_plus_validation_fixed_epochs,7,0.7081186175346375,
20min,LSTM,1,2027,train_plus_validation_fixed_epochs,8,0.639981210231781,
20min,LSTM,1,2027,train_plus_validation_fixed_epochs,9,0.6004605293273926,
20min,LSTM,1,2027,train_plus_validation_fixed_epochs,10,0.556475818157196,
20min,LSTM,1,2027,train_plus_validation_fixed_epochs,11,0.5030162334442139,
20min,LSTM,1,2027,train_plus_validation_fixed_epochs,12,0.4820021688938141,
20min,LSTM,1,2027,train_plus_validation_fixed_epochs,13,0.44083431363105774,
20min,LSTM,1,2027,train_plus_validation_fixed_epochs,14,0.4215131402015686,
20min,LSTM,1,2027,train_plus_validation_fixed_epochs,15,0.3597317039966583,
20min,LSTM,1,2027,train_plus_validation_fixed_epochs,16,0.371195912361145,
20min,LSTM,1,2027,train_plus_validation_fixed_epochs,17,0.3458726704120636,
20min,LSTM,1,2027,train_plus_validation_fixed_epochs,18,0.3231853246688843,
20min,LSTM,1,2027,train_plus_validation_fixed_epochs,19,0.2982895076274872,
20min,LSTM,1,2027,train_plus_validation_fixed_epochs,20,0.27541384100914,
20min,LSTM,1,2027,train_plus_validation_fixed_epochs,21,0.2960011065006256,
20min,LSTM,1,2027,train_plus_validation_fixed_epochs,22,0.2877185642719269,
20min,LSTM,1,2027,train_plus_validation_fixed_epochs,23,0.2821688950061798,
20min,LSTM,1,2027,train_plus_validation_fixed_epochs,24,0.26759496331214905,
20min,LSTM,1,2027,train_plus_validation_fixed_epochs,25,0.2730075418949127,
20min,LSTM,1,2027,train_plus_validation_fixed_epochs,26,0.26787275075912476,
20min,LSTM,1,2027,train_plus_validation_fixed_epochs,27,0.25618642568588257,
20min,LSTM,1,2027,train_plus_validation_fixed_epochs,28,0.2721058428287506,
20min,LSTM,1,2027,train_plus_validation_fixed_epochs,29,0.23253263533115387,
20min,LSTM,1,2027,train_plus_validation_fixed_epochs,30,0.23729747533798218,
20min,LSTM,1,2027,train_plus_validation_fixed_epochs,31,0.23667451739311218,
20min,LSTM,1,2027,train_plus_validation_fixed_epochs,32,0.2531159818172455,
20min,LSTM,1,2027,train_plus_validation_fixed_epochs,33,0.22543802857398987,
20min,LSTM,1,2027,train_plus_validation_fixed_epochs,34,0.23405738174915314,
20min,LSTM,1,2027,train_plus_validation_fixed_epochs,35,0.22599752247333527,
20min,LSTM,1,2027,train_plus_validation_fixed_epochs,36,0.21879853308200836,
20min,LSTM,1,2027,train_plus_validation_fixed_epochs,37,0.23861970007419586,
20min,LSTM,1,2027,train_plus_validation_fixed_epochs,38,0.21147876977920532,
20min,LSTM,1,2027,train_plus_validation_fixed_epochs,39,0.22485628724098206,
20min,LSTM,1,2027,train_plus_validation_fixed_epochs,40,0.21021611988544464,
20min,LSTM,1,2027,train_plus_validation_fixed_epochs,41,0.19451089203357697,
20min,LSTM,1,2027,train_plus_validation_fixed_epochs,42,0.19361242651939392,
20min,LSTM,1,2027,train_plus_validation_fixed_epochs,43,0.21531063318252563,
20min,LSTM,1,2027,train_plus_validation_fixed_epochs,44,0.1977689266204834,
20min,LSTM,1,2027,train_plus_validation_fixed_epochs,45,0.1867865025997162,
20min,LSTM,1,2027,train_plus_validation_fixed_epochs,46,0.2000182569026947,
20min,LSTM,1,2027,train_plus_validation_fixed_epochs,47,0.19378986954689026,
20min,LSTM,1,2027,train_plus_validation_fixed_epochs,48,0.200347900390625,
20min,LSTM,1,2027,train_plus_validation_fixed_epochs,49,0.203512042760849,
20min,LSTM,1,2027,train_plus_validation_fixed_epochs,50,0.19098328053951263,
20min,LSTM,1,2027,train_plus_validation_fixed_epochs,51,0.17615802586078644,
20min,LSTM,1,2027,train_plus_validation_fixed_epochs,52,0.181467667222023,
20min,LSTM,1,2027,train_plus_validation_fixed_epochs,53,0.1830429881811142,
20min,LSTM,1,2027,train_plus_validation_fixed_epochs,54,0.18745216727256775,
20min,LSTM,1,2027,train_plus_validation_fixed_epochs,55,0.18936359882354736,
20min,LSTM,1,2027,train_plus_validation_fixed_epochs,56,0.18558965623378754,
20min,LSTM,1,2027,train_plus_validation_fixed_epochs,57,0.18405966460704803,
20min,LSTM,1,2027,train_plus_validation_fixed_epochs,58,0.17243333160877228,
20min,LSTM,1,2027,train_plus_validation_fixed_epochs,59,0.19198590517044067,
20min,LSTM,1,2027,train_plus_validation_fixed_epochs,60,0.18435440957546234,
20min,LSTM,1,2027,train_plus_validation_fixed_epochs,61,0.17191803455352783,
20min,LSTM,1,2028,train_plus_validation_fixed_epochs,1,1.011768102645874,
20min,LSTM,1,2028,train_plus_validation_fixed_epochs,2,0.9177790880203247,
20min,LSTM,1,2028,train_plus_validation_fixed_epochs,3,0.8651562333106995,
20min,LSTM,1,2028,train_plus_validation_fixed_epochs,4,0.7925186157226562,
20min,LSTM,1,2028,train_plus_validation_fixed_epochs,5,0.73720383644104,
20min,LSTM,1,2028,train_plus_validation_fixed_epochs,6,0.7087453603744507,
20min,LSTM,1,2028,train_plus_validation_fixed_epochs,7,0.6516766548156738,
20min,LSTM,1,2028,train_plus_validation_fixed_epochs,8,0.6213659644126892,
20min,LSTM,1,2028,train_plus_validation_fixed_epochs,9,0.5870442390441895,
20min,LSTM,1,2028,train_plus_validation_fixed_epochs,10,0.5399407148361206,
20min,LSTM,1,2028,train_plus_validation_fixed_epochs,11,0.5005559921264648,
20min,LSTM,1,2028,train_plus_validation_fixed_epochs,12,0.48871782422065735,
20min,LSTM,1,2028,train_plus_validation_fixed_epochs,13,0.44372987747192383,
20min,LSTM,1,2028,train_plus_validation_fixed_epochs,14,0.411684513092041,
20min,LSTM,1,2028,train_plus_validation_fixed_epochs,15,0.4061090648174286,
20min,LSTM,1,2028,train_plus_validation_fixed_epochs,16,0.40474262833595276,
20min,LSTM,1,2028,train_plus_validation_fixed_epochs,17,0.4122232496738434,
20min,LSTM,1,2028,train_plus_validation_fixed_epochs,18,0.3923293948173523,
20min,LSTM,1,2028,train_plus_validation_fixed_epochs,19,0.3721468150615692,
20min,LSTM,1,2028,train_plus_validation_fixed_epochs,20,0.3583446443080902,
20min,LSTM,1,2028,train_plus_validation_fixed_epochs,21,0.3311357796192169,
20min,LSTM,1,2028,train_plus_validation_fixed_epochs,22,0.33531689643859863,
20min,LSTM,1,2028,train_plus_validation_fixed_epochs,23,0.3225749731063843,
20min,LSTM,1,2028,train_plus_validation_fixed_epochs,24,0.295417457818985,
20min,LSTM,1,2028,train_plus_validation_fixed_epochs,25,0.30250662565231323,
20min,LSTM,1,2028,train_plus_validation_fixed_epochs,26,0.2914767861366272,
20min,LSTM,1,2028,train_plus_validation_fixed_epochs,27,0.30158916115760803,
20min,LSTM,1,2028,train_plus_validation_fixed_epochs,28,0.3027186095714569,
20min,LSTM,1,2028,train_plus_validation_fixed_epochs,29,0.2873150408267975,
20min,LSTM,1,2028,train_plus_validation_fixed_epochs,30,0.276984304189682,
20min,LSTM,1,2028,train_plus_validation_fixed_epochs,31,0.2945447266101837,
20min,LSTM,1,2028,train_plus_validation_fixed_epochs,32,0.3105291426181793,
20min,LSTM,1,2028,train_plus_validation_fixed_epochs,33,0.2699582874774933,
20min,LSTM,1,2028,train_plus_validation_fixed_epochs,34,0.2805604636669159,
20min,LSTM,1,2028,train_plus_validation_fixed_epochs,35,0.28383776545524597,
20min,LSTM,1,2028,train_plus_validation_fixed_epochs,36,0.29872259497642517,
20min,LSTM,1,2028,train_plus_validation_fixed_epochs,37,0.256295770406723,
20min,LSTM,1,2028,train_plus_validation_fixed_epochs,38,0.2723604440689087,
20min,LSTM,1,2028,train_plus_validation_fixed_epochs,39,0.2657743990421295,
20min,LSTM,1,2028,train_plus_validation_fixed_epochs,40,0.2621331214904785,
20min,LSTM,1,2028,train_plus_validation_fixed_epochs,41,0.2596094012260437,
20min,LSTM,1,2028,train_plus_validation_fixed_epochs,42,0.28588294982910156,
20min,LSTM,1,2028,train_plus_validation_fixed_epochs,43,0.28285208344459534,
20min,LSTM,1,2028,train_plus_validation_fixed_epochs,44,0.2595776915550232,
20min,LSTM,1,2028,train_plus_validation_fixed_epochs,45,0.246826171875,
20min,LSTM,1,2028,train_plus_validation_fixed_epochs,46,0.2607424259185791,
20min,LSTM,1,2028,train_plus_validation_fixed_epochs,47,0.2575015723705292,
20min,LSTM,1,2028,train_plus_validation_fixed_epochs,48,0.2346777617931366,
20min,LSTM,1,2028,train_plus_validation_fixed_epochs,49,0.2559675872325897,
20min,LSTM,1,2028,train_plus_validation_fixed_epochs,50,0.23872332274913788,
20min,LSTM,1,2028,train_plus_validation_fixed_epochs,51,0.22900180518627167,
20min,LSTM,1,2028,train_plus_validation_fixed_epochs,52,0.23354658484458923,
20min,LSTM,1,2028,train_plus_validation_fixed_epochs,53,0.2077510505914688,
20min,LSTM,1,2028,train_plus_validation_fixed_epochs,54,0.236846461892128,
20min,LSTM,1,2028,train_plus_validation_fixed_epochs,55,0.2499479204416275,
20min,LSTM,1,2028,train_plus_validation_fixed_epochs,56,0.24691049754619598,
20min,LSTM,1,2028,train_plus_validation_fixed_epochs,57,0.22167009115219116,
20min,LSTM,1,2028,train_plus_validation_fixed_epochs,58,0.23304279148578644,
20min,LSTM,1,2028,train_plus_validation_fixed_epochs,59,0.22680142521858215,
20min,LSTM,1,2028,train_plus_validation_fixed_epochs,60,0.23509275913238525,
20min,LSTM,1,2028,train_plus_validation_fixed_epochs,61,0.22295041382312775,
20min,GRU,1,2026,train_plus_validation_fixed_epochs,1,1.1000399589538574,
20min,GRU,1,2026,train_plus_validation_fixed_epochs,2,0.9805720448493958,
20min,GRU,1,2026,train_plus_validation_fixed_epochs,3,0.8945711851119995,
20min,GRU,1,2026,train_plus_validation_fixed_epochs,4,0.8535667657852173,
20min,GRU,1,2026,train_plus_validation_fixed_epochs,5,0.7909999489784241,
20min,GRU,1,2026,train_plus_validation_fixed_epochs,6,0.7459444403648376,
20min,GRU,1,2026,train_plus_validation_fixed_epochs,7,0.6917124390602112,
20min,GRU,1,2026,train_plus_validation_fixed_epochs,8,0.6644207835197449,
20min,GRU,1,2026,train_plus_validation_fixed_epochs,9,0.5948474407196045,
20min,GRU,1,2026,train_plus_validation_fixed_epochs,10,0.5813128352165222,
20min,GRU,1,2026,train_plus_validation_fixed_epochs,11,0.5394326448440552,
20min,GRU,1,2026,train_plus_validation_fixed_epochs,12,0.5612971186637878,
20min,GRU,1,2026,train_plus_validation_fixed_epochs,13,0.509941816329956,
20min,GRU,1,2026,train_plus_validation_fixed_epochs,14,0.507292628288269,
20min,GRU,1,2026,train_plus_validation_fixed_epochs,15,0.4833618998527527,
20min,GRU,1,2026,train_plus_validation_fixed_epochs,16,0.4806143343448639,
20min,GRU,1,2026,train_plus_validation_fixed_epochs,17,0.4484724998474121,
20min,GRU,1,2026,train_plus_validation_fixed_epochs,18,0.42201992869377136,
20min,GRU,1,2026,train_plus_validation_fixed_epochs,19,0.42529359459877014,
20min,GRU,1,2026,train_plus_validation_fixed_epochs,20,0.3985125720500946,
20min,GRU,1,2026,train_plus_validation_fixed_epochs,21,0.41279110312461853,
20min,GRU,1,2026,train_plus_validation_fixed_epochs,22,0.39551660418510437,
20min,GRU,1,2026,train_plus_validation_fixed_epochs,23,0.3936805725097656,
20min,GRU,1,2026,train_plus_validation_fixed_epochs,24,0.380443811416626,
20min,GRU,1,2026,train_plus_validation_fixed_epochs,25,0.3666956424713135,
20min,GRU,1,2026,train_plus_validation_fixed_epochs,26,0.374996155500412,
20min,GRU,1,2026,train_plus_validation_fixed_epochs,27,0.32645922899246216,
20min,GRU,1,2026,train_plus_validation_fixed_epochs,28,0.35457637906074524,
20min,GRU,1,2026,train_plus_validation_fixed_epochs,29,0.34765899181365967,
20min,GRU,1,2026,train_plus_validation_fixed_epochs,30,0.34339940547943115,
20min,GRU,1,2026,train_plus_validation_fixed_epochs,31,0.34297001361846924,
20min,GRU,1,2026,train_plus_validation_fixed_epochs,32,0.3349577784538269,
20min,GRU,1,2026,train_plus_validation_fixed_epochs,33,0.3004487454891205,
20min,GRU,1,2026,train_plus_validation_fixed_epochs,34,0.3183482885360718,
20min,GRU,1,2026,train_plus_validation_fixed_epochs,35,0.29864752292633057,
20min,GRU,1,2026,train_plus_validation_fixed_epochs,36,0.310097336769104,
20min,GRU,1,2026,train_plus_validation_fixed_epochs,37,0.3275432884693146,
20min,GRU,1,2026,train_plus_validation_fixed_epochs,38,0.32375219464302063,
20min,GRU,1,2026,train_plus_validation_fixed_epochs,39,0.30310752987861633,
20min,GRU,1,2026,train_plus_validation_fixed_epochs,40,0.30516135692596436,
20min,GRU,1,2026,train_plus_validation_fixed_epochs,41,0.27623802423477173,
20min,GRU,1,2027,train_plus_validation_fixed_epochs,1,0.9889420866966248,
20min,GRU,1,2027,train_plus_validation_fixed_epochs,2,0.8861122727394104,
20min,GRU,1,2027,train_plus_validation_fixed_epochs,3,0.8102999329566956,
20min,GRU,1,2027,train_plus_validation_fixed_epochs,4,0.7538676261901855,
20min,GRU,1,2027,train_plus_validation_fixed_epochs,5,0.6859371662139893,
20min,GRU,1,2027,train_plus_validation_fixed_epochs,6,0.6607707142829895,
20min,GRU,1,2027,train_plus_validation_fixed_epochs,7,0.6265511512756348,
20min,GRU,1,2027,train_plus_validation_fixed_epochs,8,0.568449079990387,
20min,GRU,1,2027,train_plus_validation_fixed_epochs,9,0.5442845225334167,
20min,GRU,1,2027,train_plus_validation_fixed_epochs,10,0.5118229985237122,
20min,GRU,1,2027,train_plus_validation_fixed_epochs,11,0.475578635931015,
20min,GRU,1,2027,train_plus_validation_fixed_epochs,12,0.47066524624824524,
20min,GRU,1,2027,train_plus_validation_fixed_epochs,13,0.4491066634654999,
20min,GRU,1,2027,train_plus_validation_fixed_epochs,14,0.4433417022228241,
20min,GRU,1,2027,train_plus_validation_fixed_epochs,15,0.38475340604782104,
20min,GRU,1,2027,train_plus_validation_fixed_epochs,16,0.39762696623802185,
20min,GRU,1,2027,train_plus_validation_fixed_epochs,17,0.39803680777549744,
20min,GRU,1,2027,train_plus_validation_fixed_epochs,18,0.3820514380931854,
20min,GRU,1,2027,train_plus_validation_fixed_epochs,19,0.34398066997528076,
20min,GRU,1,2027,train_plus_validation_fixed_epochs,20,0.3284790515899658,
20min,GRU,1,2027,train_plus_validation_fixed_epochs,21,0.3446599841117859,
20min,GRU,1,2027,train_plus_validation_fixed_epochs,22,0.3532140851020813,
20min,GRU,1,2027,train_plus_validation_fixed_epochs,23,0.3362415134906769,
20min,GRU,1,2027,train_plus_validation_fixed_epochs,24,0.3042698800563812,
20min,GRU,1,2027,train_plus_validation_fixed_epochs,25,0.31889790296554565,
20min,GRU,1,2027,train_plus_validation_fixed_epochs,26,0.3132929801940918,
20min,GRU,1,2027,train_plus_validation_fixed_epochs,27,0.31397753953933716,
20min,GRU,1,2027,train_plus_validation_fixed_epochs,28,0.3377375900745392,
20min,GRU,1,2027,train_plus_validation_fixed_epochs,29,0.284210741519928,
20min,GRU,1,2027,train_plus_validation_fixed_epochs,30,0.27681970596313477,
20min,GRU,1,2027,train_plus_validation_fixed_epochs,31,0.2812674641609192,
20min,GRU,1,2027,train_plus_validation_fixed_epochs,32,0.29600897431373596,
20min,GRU,1,2027,train_plus_validation_fixed_epochs,33,0.26990777254104614,
20min,GRU,1,2027,train_plus_validation_fixed_epochs,34,0.2726480960845947,
20min,GRU,1,2027,train_plus_validation_fixed_epochs,35,0.2805926203727722,
20min,GRU,1,2027,train_plus_validation_fixed_epochs,36,0.26431167125701904,
20min,GRU,1,2027,train_plus_validation_fixed_epochs,37,0.2748262584209442,
20min,GRU,1,2027,train_plus_validation_fixed_epochs,38,0.2540501356124878,
20min,GRU,1,2027,train_plus_validation_fixed_epochs,39,0.28833135962486267,
20min,GRU,1,2027,train_plus_validation_fixed_epochs,40,0.25357702374458313,
20min,GRU,1,2027,train_plus_validation_fixed_epochs,41,0.2475561797618866,
20min,GRU,1,2028,train_plus_validation_fixed_epochs,1,0.957736074924469,
20min,GRU,1,2028,train_plus_validation_fixed_epochs,2,0.8287997245788574,
20min,GRU,1,2028,train_plus_validation_fixed_epochs,3,0.7783990502357483,
20min,GRU,1,2028,train_plus_validation_fixed_epochs,4,0.6961350440979004,
20min,GRU,1,2028,train_plus_validation_fixed_epochs,5,0.6559486389160156,
20min,GRU,1,2028,train_plus_validation_fixed_epochs,6,0.6273030638694763,
20min,GRU,1,2028,train_plus_validation_fixed_epochs,7,0.6033204197883606,
20min,GRU,1,2028,train_plus_validation_fixed_epochs,8,0.5548899173736572,
20min,GRU,1,2028,train_plus_validation_fixed_epochs,9,0.5289953351020813,
20min,GRU,1,2028,train_plus_validation_fixed_epochs,10,0.5030326247215271,
20min,GRU,1,2028,train_plus_validation_fixed_epochs,11,0.4998370409011841,
20min,GRU,1,2028,train_plus_validation_fixed_epochs,12,0.5037403106689453,
20min,GRU,1,2028,train_plus_validation_fixed_epochs,13,0.4769379496574402,
20min,GRU,1,2028,train_plus_validation_fixed_epochs,14,0.40196147561073303,
20min,GRU,1,2028,train_plus_validation_fixed_epochs,15,0.4147398769855499,
20min,GRU,1,2028,train_plus_validation_fixed_epochs,16,0.44038116931915283,
20min,GRU,1,2028,train_plus_validation_fixed_epochs,17,0.434440553188324,
20min,GRU,1,2028,train_plus_validation_fixed_epochs,18,0.38044992089271545,
20min,GRU,1,2028,train_plus_validation_fixed_epochs,19,0.40419435501098633,
20min,GRU,1,2028,train_plus_validation_fixed_epochs,20,0.3931830823421478,
20min,GRU,1,2028,train_plus_validation_fixed_epochs,21,0.38076651096343994,
20min,GRU,1,2028,train_plus_validation_fixed_epochs,22,0.3852503299713135,
20min,GRU,1,2028,train_plus_validation_fixed_epochs,23,0.36540424823760986,
20min,GRU,1,2028,train_plus_validation_fixed_epochs,24,0.3476393222808838,
20min,GRU,1,2028,train_plus_validation_fixed_epochs,25,0.3658882975578308,
20min,GRU,1,2028,train_plus_validation_fixed_epochs,26,0.345951110124588,
20min,GRU,1,2028,train_plus_validation_fixed_epochs,27,0.3537852168083191,
20min,GRU,1,2028,train_plus_validation_fixed_epochs,28,0.3566122353076935,
20min,GRU,1,2028,train_plus_validation_fixed_epochs,29,0.3471117317676544,
20min,GRU,1,2028,train_plus_validation_fixed_epochs,30,0.32281145453453064,
20min,GRU,1,2028,train_plus_validation_fixed_epochs,31,0.336933970451355,
20min,GRU,1,2028,train_plus_validation_fixed_epochs,32,0.3713028132915497,
20min,GRU,1,2028,train_plus_validation_fixed_epochs,33,0.34052833914756775,
20min,GRU,1,2028,train_plus_validation_fixed_epochs,34,0.3391718566417694,
20min,GRU,1,2028,train_plus_validation_fixed_epochs,35,0.3390195071697235,
20min,GRU,1,2028,train_plus_validation_fixed_epochs,36,0.33951646089553833,
20min,GRU,1,2028,train_plus_validation_fixed_epochs,37,0.3146030306816101,
20min,GRU,1,2028,train_plus_validation_fixed_epochs,38,0.33417773246765137,
20min,GRU,1,2028,train_plus_validation_fixed_epochs,39,0.3102356493473053,
20min,GRU,1,2028,train_plus_validation_fixed_epochs,40,0.3203105926513672,
20min,GRU,1,2028,train_plus_validation_fixed_epochs,41,0.3120771646499634,
20min,TCN,1,2026,train_plus_validation_fixed_epochs,1,2.6858017444610596,
20min,TCN,1,2026,train_plus_validation_fixed_epochs,2,1.3192059993743896,
20min,TCN,1,2026,train_plus_validation_fixed_epochs,3,1.1483980417251587,
20min,TCN,1,2026,train_plus_validation_fixed_epochs,4,1.0512890815734863,
20min,TCN,1,2026,train_plus_validation_fixed_epochs,5,1.0370147228240967,
20min,TCN,1,2026,train_plus_validation_fixed_epochs,6,0.9690980315208435,
20min,TCN,1,2026,train_plus_validation_fixed_epochs,7,0.9632668495178223,
20min,TCN,1,2026,train_plus_validation_fixed_epochs,8,0.9378971457481384,
20min,TCN,1,2026,train_plus_validation_fixed_epochs,9,0.8968727588653564,
20min,TCN,1,2026,train_plus_validation_fixed_epochs,10,0.8198345303535461,
20min,TCN,1,2026,train_plus_validation_fixed_epochs,11,0.7840532660484314,
20min,TCN,1,2026,train_plus_validation_fixed_epochs,12,0.7664620280265808,
20min,TCN,1,2026,train_plus_validation_fixed_epochs,13,0.6987998485565186,
20min,TCN,1,2026,train_plus_validation_fixed_epochs,14,0.6535516381263733,
20min,TCN,1,2026,train_plus_validation_fixed_epochs,15,0.5954442620277405,
20min,TCN,1,2026,train_plus_validation_fixed_epochs,16,0.5650971531867981,
20min,TCN,1,2026,train_plus_validation_fixed_epochs,17,0.539467453956604,
20min,TCN,1,2026,train_plus_validation_fixed_epochs,18,0.507644772529602,
20min,TCN,1,2026,train_plus_validation_fixed_epochs,19,0.47843503952026367,
20min,TCN,1,2026,train_plus_validation_fixed_epochs,20,0.45256951451301575,
20min,TCN,1,2026,train_plus_validation_fixed_epochs,21,0.41683289408683777,
20min,TCN,1,2026,train_plus_validation_fixed_epochs,22,0.4023050367832184,
20min,TCN,1,2026,train_plus_validation_fixed_epochs,23,0.38718223571777344,
20min,TCN,1,2026,train_plus_validation_fixed_epochs,24,0.36647817492485046,
20min,TCN,1,2026,train_plus_validation_fixed_epochs,25,0.3585112988948822,
20min,TCN,1,2026,train_plus_validation_fixed_epochs,26,0.3424284756183624,
20min,TCN,1,2026,train_plus_validation_fixed_epochs,27,0.3273024260997772,
20min,TCN,1,2026,train_plus_validation_fixed_epochs,28,0.3261985778808594,
20min,TCN,1,2026,train_plus_validation_fixed_epochs,29,0.2876088619232178,
20min,TCN,1,2026,train_plus_validation_fixed_epochs,30,0.2914617657661438,
20min,TCN,1,2026,train_plus_validation_fixed_epochs,31,0.2814622223377228,
20min,TCN,1,2026,train_plus_validation_fixed_epochs,32,0.27172014117240906,
20min,TCN,1,2026,train_plus_validation_fixed_epochs,33,0.2836325764656067,
20min,TCN,1,2026,train_plus_validation_fixed_epochs,34,0.2716161608695984,
20min,TCN,1,2026,train_plus_validation_fixed_epochs,35,0.2497943788766861,
20min,TCN,1,2026,train_plus_validation_fixed_epochs,36,0.24861373007297516,
20min,TCN,1,2026,train_plus_validation_fixed_epochs,37,0.262816458940506,
20min,TCN,1,2026,train_plus_validation_fixed_epochs,38,0.2550378739833832,
20min,TCN,1,2026,train_plus_validation_fixed_epochs,39,0.23266109824180603,
20min,TCN,1,2026,train_plus_validation_fixed_epochs,40,0.23379290103912354,
20min,TCN,1,2026,train_plus_validation_fixed_epochs,41,0.238661989569664,
20min,TCN,1,2026,train_plus_validation_fixed_epochs,42,0.22832980751991272,
20min,TCN,1,2026,train_plus_validation_fixed_epochs,43,0.22919362783432007,
20min,TCN,1,2026,train_plus_validation_fixed_epochs,44,0.2153683602809906,
20min,TCN,1,2026,train_plus_validation_fixed_epochs,45,0.2110568732023239,
20min,TCN,1,2026,train_plus_validation_fixed_epochs,46,0.20684170722961426,
20min,TCN,1,2026,train_plus_validation_fixed_epochs,47,0.19656728208065033,
20min,TCN,1,2026,train_plus_validation_fixed_epochs,48,0.20616166293621063,
20min,TCN,1,2026,train_plus_validation_fixed_epochs,49,0.1989232301712036,
20min,TCN,1,2026,train_plus_validation_fixed_epochs,50,0.20850804448127747,
20min,TCN,1,2026,train_plus_validation_fixed_epochs,51,0.20077334344387054,
20min,TCN,1,2026,train_plus_validation_fixed_epochs,52,0.20399737358093262,
20min,TCN,1,2026,train_plus_validation_fixed_epochs,53,0.20017553865909576,
20min,TCN,1,2026,train_plus_validation_fixed_epochs,54,0.18805256485939026,
20min,TCN,1,2026,train_plus_validation_fixed_epochs,55,0.17249472439289093,
20min,TCN,1,2026,train_plus_validation_fixed_epochs,56,0.18445827066898346,
20min,TCN,1,2026,train_plus_validation_fixed_epochs,57,0.1731412410736084,
20min,TCN,1,2026,train_plus_validation_fixed_epochs,58,0.17667436599731445,
20min,TCN,1,2027,train_plus_validation_fixed_epochs,1,3.1091291904449463,
20min,TCN,1,2027,train_plus_validation_fixed_epochs,2,1.4027458429336548,
20min,TCN,1,2027,train_plus_validation_fixed_epochs,3,1.1444905996322632,
20min,TCN,1,2027,train_plus_validation_fixed_epochs,4,1.0136229991912842,
20min,TCN,1,2027,train_plus_validation_fixed_epochs,5,0.9664323925971985,
20min,TCN,1,2027,train_plus_validation_fixed_epochs,6,0.9271389245986938,
20min,TCN,1,2027,train_plus_validation_fixed_epochs,7,0.8997251987457275,
20min,TCN,1,2027,train_plus_validation_fixed_epochs,8,0.8811189532279968,
20min,TCN,1,2027,train_plus_validation_fixed_epochs,9,0.8487623333930969,
20min,TCN,1,2027,train_plus_validation_fixed_epochs,10,0.836256206035614,
20min,TCN,1,2027,train_plus_validation_fixed_epochs,11,0.8044452667236328,
20min,TCN,1,2027,train_plus_validation_fixed_epochs,12,0.7769378423690796,
20min,TCN,1,2027,train_plus_validation_fixed_epochs,13,0.7557990550994873,
20min,TCN,1,2027,train_plus_validation_fixed_epochs,14,0.73862224817276,
20min,TCN,1,2027,train_plus_validation_fixed_epochs,15,0.7174166440963745,
20min,TCN,1,2027,train_plus_validation_fixed_epochs,16,0.6886242628097534,
20min,TCN,1,2027,train_plus_validation_fixed_epochs,17,0.6507094502449036,
20min,TCN,1,2027,train_plus_validation_fixed_epochs,18,0.6185945868492126,
20min,TCN,1,2027,train_plus_validation_fixed_epochs,19,0.5960690379142761,
20min,TCN,1,2027,train_plus_validation_fixed_epochs,20,0.5608235001564026,
20min,TCN,1,2027,train_plus_validation_fixed_epochs,21,0.5323538184165955,
20min,TCN,1,2027,train_plus_validation_fixed_epochs,22,0.5181711316108704,
20min,TCN,1,2027,train_plus_validation_fixed_epochs,23,0.4715486466884613,
20min,TCN,1,2027,train_plus_validation_fixed_epochs,24,0.4578489661216736,
20min,TCN,1,2027,train_plus_validation_fixed_epochs,25,0.4577868580818176,
20min,TCN,1,2027,train_plus_validation_fixed_epochs,26,0.40143370628356934,
20min,TCN,1,2027,train_plus_validation_fixed_epochs,27,0.4021594822406769,
20min,TCN,1,2027,train_plus_validation_fixed_epochs,28,0.38287079334259033,
20min,TCN,1,2027,train_plus_validation_fixed_epochs,29,0.3563630282878876,
20min,TCN,1,2027,train_plus_validation_fixed_epochs,30,0.35351818799972534,
20min,TCN,1,2027,train_plus_validation_fixed_epochs,31,0.32928356528282166,
20min,TCN,1,2027,train_plus_validation_fixed_epochs,32,0.29754307866096497,
20min,TCN,1,2027,train_plus_validation_fixed_epochs,33,0.3302249610424042,
20min,TCN,1,2027,train_plus_validation_fixed_epochs,34,0.3293071687221527,
20min,TCN,1,2027,train_plus_validation_fixed_epochs,35,0.296730637550354,
20min,TCN,1,2027,train_plus_validation_fixed_epochs,36,0.2872248589992523,
20min,TCN,1,2027,train_plus_validation_fixed_epochs,37,0.2803163230419159,
20min,TCN,1,2027,train_plus_validation_fixed_epochs,38,0.27466198801994324,
20min,TCN,1,2027,train_plus_validation_fixed_epochs,39,0.28118735551834106,
20min,TCN,1,2027,train_plus_validation_fixed_epochs,40,0.2719425857067108,
20min,TCN,1,2027,train_plus_validation_fixed_epochs,41,0.23981216549873352,
20min,TCN,1,2027,train_plus_validation_fixed_epochs,42,0.2627813220024109,
20min,TCN,1,2027,train_plus_validation_fixed_epochs,43,0.24280747771263123,
20min,TCN,1,2027,train_plus_validation_fixed_epochs,44,0.24356770515441895,
20min,TCN,1,2027,train_plus_validation_fixed_epochs,45,0.2355862855911255,
20min,TCN,1,2027,train_plus_validation_fixed_epochs,46,0.23449094593524933,
20min,TCN,1,2027,train_plus_validation_fixed_epochs,47,0.23905017971992493,
20min,TCN,1,2027,train_plus_validation_fixed_epochs,48,0.24227970838546753,
20min,TCN,1,2027,train_plus_validation_fixed_epochs,49,0.2345477044582367,
20min,TCN,1,2027,train_plus_validation_fixed_epochs,50,0.2064705342054367,
20min,TCN,1,2027,train_plus_validation_fixed_epochs,51,0.22103670239448547,
20min,TCN,1,2027,train_plus_validation_fixed_epochs,52,0.22147217392921448,
20min,TCN,1,2027,train_plus_validation_fixed_epochs,53,0.22499322891235352,
20min,TCN,1,2027,train_plus_validation_fixed_epochs,54,0.21159692108631134,
20min,TCN,1,2027,train_plus_validation_fixed_epochs,55,0.20046162605285645,
20min,TCN,1,2027,train_plus_validation_fixed_epochs,56,0.21248865127563477,
20min,TCN,1,2027,train_plus_validation_fixed_epochs,57,0.20648077130317688,
20min,TCN,1,2027,train_plus_validation_fixed_epochs,58,0.2124168872833252,
20min,TCN,1,2028,train_plus_validation_fixed_epochs,1,2.1434414386749268,
20min,TCN,1,2028,train_plus_validation_fixed_epochs,2,1.3722059726715088,
20min,TCN,1,2028,train_plus_validation_fixed_epochs,3,1.1590721607208252,
20min,TCN,1,2028,train_plus_validation_fixed_epochs,4,1.0565789937973022,
20min,TCN,1,2028,train_plus_validation_fixed_epochs,5,1.0307221412658691,
20min,TCN,1,2028,train_plus_validation_fixed_epochs,6,0.9980549812316895,
20min,TCN,1,2028,train_plus_validation_fixed_epochs,7,0.9693937301635742,
20min,TCN,1,2028,train_plus_validation_fixed_epochs,8,0.9543023705482483,
20min,TCN,1,2028,train_plus_validation_fixed_epochs,9,0.9424760341644287,
20min,TCN,1,2028,train_plus_validation_fixed_epochs,10,0.9282366633415222,
20min,TCN,1,2028,train_plus_validation_fixed_epochs,11,0.913581907749176,
20min,TCN,1,2028,train_plus_validation_fixed_epochs,12,0.8827252984046936,
20min,TCN,1,2028,train_plus_validation_fixed_epochs,13,0.852971076965332,
20min,TCN,1,2028,train_plus_validation_fixed_epochs,14,0.8289476037025452,
20min,TCN,1,2028,train_plus_validation_fixed_epochs,15,0.7969555854797363,
20min,TCN,1,2028,train_plus_validation_fixed_epochs,16,0.7952632904052734,
20min,TCN,1,2028,train_plus_validation_fixed_epochs,17,0.7432481646537781,
20min,TCN,1,2028,train_plus_validation_fixed_epochs,18,0.7151088714599609,
20min,TCN,1,2028,train_plus_validation_fixed_epochs,19,0.7069815397262573,
20min,TCN,1,2028,train_plus_validation_fixed_epochs,20,0.6697361469268799,
20min,TCN,1,2028,train_plus_validation_fixed_epochs,21,0.6358290910720825,
20min,TCN,1,2028,train_plus_validation_fixed_epochs,22,0.6164958477020264,
20min,TCN,1,2028,train_plus_validation_fixed_epochs,23,0.5690705180168152,
20min,TCN,1,2028,train_plus_validation_fixed_epochs,24,0.5540235042572021,
20min,TCN,1,2028,train_plus_validation_fixed_epochs,25,0.5366299748420715,
20min,TCN,1,2028,train_plus_validation_fixed_epochs,26,0.5207329392433167,
20min,TCN,1,2028,train_plus_validation_fixed_epochs,27,0.47037336230278015,
20min,TCN,1,2028,train_plus_validation_fixed_epochs,28,0.5083802342414856,
20min,TCN,1,2028,train_plus_validation_fixed_epochs,29,0.43230175971984863,
20min,TCN,1,2028,train_plus_validation_fixed_epochs,30,0.4513903260231018,
20min,TCN,1,2028,train_plus_validation_fixed_epochs,31,0.42513027787208557,
20min,TCN,1,2028,train_plus_validation_fixed_epochs,32,0.41349971294403076,
20min,TCN,1,2028,train_plus_validation_fixed_epochs,33,0.4060712158679962,
20min,TCN,1,2028,train_plus_validation_fixed_epochs,34,0.3958020508289337,
20min,TCN,1,2028,train_plus_validation_fixed_epochs,35,0.37739598751068115,
20min,TCN,1,2028,train_plus_validation_fixed_epochs,36,0.3673875629901886,
20min,TCN,1,2028,train_plus_validation_fixed_epochs,37,0.34524503350257874,
20min,TCN,1,2028,train_plus_validation_fixed_epochs,38,0.3318052887916565,
20min,TCN,1,2028,train_plus_validation_fixed_epochs,39,0.3292543888092041,
20min,TCN,1,2028,train_plus_validation_fixed_epochs,40,0.3153158724308014,
20min,TCN,1,2028,train_plus_validation_fixed_epochs,41,0.3249495327472687,
20min,TCN,1,2028,train_plus_validation_fixed_epochs,42,0.3132331967353821,
20min,TCN,1,2028,train_plus_validation_fixed_epochs,43,0.3016048073768616,
20min,TCN,1,2028,train_plus_validation_fixed_epochs,44,0.3227907717227936,
20min,TCN,1,2028,train_plus_validation_fixed_epochs,45,0.2981356382369995,
20min,TCN,1,2028,train_plus_validation_fixed_epochs,46,0.2809329628944397,
20min,TCN,1,2028,train_plus_validation_fixed_epochs,47,0.2620469629764557,
20min,TCN,1,2028,train_plus_validation_fixed_epochs,48,0.27619707584381104,
20min,TCN,1,2028,train_plus_validation_fixed_epochs,49,0.2677944302558899,
20min,TCN,1,2028,train_plus_validation_fixed_epochs,50,0.2616230249404907,
20min,TCN,1,2028,train_plus_validation_fixed_epochs,51,0.24934092164039612,
20min,TCN,1,2028,train_plus_validation_fixed_epochs,52,0.2660362720489502,
20min,TCN,1,2028,train_plus_validation_fixed_epochs,53,0.27318623661994934,
20min,TCN,1,2028,train_plus_validation_fixed_epochs,54,0.24532757699489594,
20min,TCN,1,2028,train_plus_validation_fixed_epochs,55,0.27029693126678467,
20min,TCN,1,2028,train_plus_validation_fixed_epochs,56,0.2595720887184143,
20min,TCN,1,2028,train_plus_validation_fixed_epochs,57,0.24521708488464355,
20min,TCN,1,2028,train_plus_validation_fixed_epochs,58,0.24348607659339905,
30min,MLP,2,2026,train_plus_validation_fixed_epochs,1,2.0009379386901855,
30min,MLP,2,2026,train_plus_validation_fixed_epochs,2,1.3031346797943115,
30min,MLP,2,2026,train_plus_validation_fixed_epochs,3,0.8354232907295227,
30min,MLP,2,2026,train_plus_validation_fixed_epochs,4,0.7133365869522095,
30min,MLP,2,2026,train_plus_validation_fixed_epochs,5,0.696311891078949,
30min,MLP,2,2026,train_plus_validation_fixed_epochs,6,0.6142956614494324,
30min,MLP,2,2026,train_plus_validation_fixed_epochs,7,0.5335972905158997,
30min,MLP,2,2026,train_plus_validation_fixed_epochs,8,0.47642019391059875,
30min,MLP,2,2026,train_plus_validation_fixed_epochs,9,0.47270259261131287,
30min,MLP,2,2026,train_plus_validation_fixed_epochs,10,0.4042249023914337,
30min,MLP,2,2026,train_plus_validation_fixed_epochs,11,0.4017348885536194,
30min,MLP,2,2026,train_plus_validation_fixed_epochs,12,0.36615848541259766,
30min,MLP,2,2026,train_plus_validation_fixed_epochs,13,0.3316074013710022,
30min,MLP,2,2026,train_plus_validation_fixed_epochs,14,0.32674503326416016,
30min,MLP,2,2026,train_plus_validation_fixed_epochs,15,0.3195580542087555,
30min,MLP,2,2026,train_plus_validation_fixed_epochs,16,0.31433892250061035,
30min,MLP,2,2026,train_plus_validation_fixed_epochs,17,0.2987011671066284,
30min,MLP,2,2026,train_plus_validation_fixed_epochs,18,0.27824464440345764,
30min,MLP,2,2026,train_plus_validation_fixed_epochs,19,0.28190624713897705,
30min,MLP,2,2026,train_plus_validation_fixed_epochs,20,0.25467655062675476,
30min,MLP,2,2026,train_plus_validation_fixed_epochs,21,0.2714884579181671,
30min,MLP,2,2026,train_plus_validation_fixed_epochs,22,0.27900922298431396,
30min,MLP,2,2026,train_plus_validation_fixed_epochs,23,0.24805580079555511,
30min,MLP,2,2026,train_plus_validation_fixed_epochs,24,0.25488874316215515,
30min,MLP,2,2026,train_plus_validation_fixed_epochs,25,0.2408875823020935,
30min,MLP,2,2026,train_plus_validation_fixed_epochs,26,0.235494002699852,
30min,MLP,2,2026,train_plus_validation_fixed_epochs,27,0.23083099722862244,
30min,MLP,2,2026,train_plus_validation_fixed_epochs,28,0.23495717346668243,
30min,MLP,2,2026,train_plus_validation_fixed_epochs,29,0.23205196857452393,
30min,MLP,2,2026,train_plus_validation_fixed_epochs,30,0.22379690408706665,
30min,MLP,2,2026,train_plus_validation_fixed_epochs,31,0.21660003066062927,
30min,MLP,2,2026,train_plus_validation_fixed_epochs,32,0.2159377634525299,
30min,MLP,2,2026,train_plus_validation_fixed_epochs,33,0.22330793738365173,
30min,MLP,2,2026,train_plus_validation_fixed_epochs,34,0.21848148107528687,
30min,MLP,2,2026,train_plus_validation_fixed_epochs,35,0.20903976261615753,
30min,MLP,2,2026,train_plus_validation_fixed_epochs,36,0.20477449893951416,
30min,MLP,2,2026,train_plus_validation_fixed_epochs,37,0.19088757038116455,
30min,MLP,2,2026,train_plus_validation_fixed_epochs,38,0.187749445438385,
30min,MLP,2,2026,train_plus_validation_fixed_epochs,39,0.21382451057434082,
30min,MLP,2,2026,train_plus_validation_fixed_epochs,40,0.19587351381778717,
30min,MLP,2,2026,train_plus_validation_fixed_epochs,41,0.19084477424621582,
30min,MLP,2,2026,train_plus_validation_fixed_epochs,42,0.18887794017791748,
30min,MLP,2,2026,train_plus_validation_fixed_epochs,43,0.18635085225105286,
30min,MLP,2,2026,train_plus_validation_fixed_epochs,44,0.18490107357501984,
30min,MLP,2,2026,train_plus_validation_fixed_epochs,45,0.19734397530555725,
30min,MLP,2,2026,train_plus_validation_fixed_epochs,46,0.1796056181192398,
30min,MLP,2,2027,train_plus_validation_fixed_epochs,1,2.20023250579834,
30min,MLP,2,2027,train_plus_validation_fixed_epochs,2,1.3775110244750977,
30min,MLP,2,2027,train_plus_validation_fixed_epochs,3,1.0369187593460083,
30min,MLP,2,2027,train_plus_validation_fixed_epochs,4,0.8284642696380615,
30min,MLP,2,2027,train_plus_validation_fixed_epochs,5,0.735715925693512,
30min,MLP,2,2027,train_plus_validation_fixed_epochs,6,0.6874752044677734,
30min,MLP,2,2027,train_plus_validation_fixed_epochs,7,0.5531248450279236,
30min,MLP,2,2027,train_plus_validation_fixed_epochs,8,0.5169270634651184,
30min,MLP,2,2027,train_plus_validation_fixed_epochs,9,0.4630641043186188,
30min,MLP,2,2027,train_plus_validation_fixed_epochs,10,0.4221431314945221,
30min,MLP,2,2027,train_plus_validation_fixed_epochs,11,0.39724403619766235,
30min,MLP,2,2027,train_plus_validation_fixed_epochs,12,0.36136510968208313,
30min,MLP,2,2027,train_plus_validation_fixed_epochs,13,0.3743985891342163,
30min,MLP,2,2027,train_plus_validation_fixed_epochs,14,0.37281426787376404,
30min,MLP,2,2027,train_plus_validation_fixed_epochs,15,0.33832794427871704,
30min,MLP,2,2027,train_plus_validation_fixed_epochs,16,0.32507267594337463,
30min,MLP,2,2027,train_plus_validation_fixed_epochs,17,0.3094765245914459,
30min,MLP,2,2027,train_plus_validation_fixed_epochs,18,0.28992959856987,
30min,MLP,2,2027,train_plus_validation_fixed_epochs,19,0.27185919880867004,
30min,MLP,2,2027,train_plus_validation_fixed_epochs,20,0.2738131880760193,
30min,MLP,2,2027,train_plus_validation_fixed_epochs,21,0.2761102318763733,
30min,MLP,2,2027,train_plus_validation_fixed_epochs,22,0.281429260969162,
30min,MLP,2,2027,train_plus_validation_fixed_epochs,23,0.27914318442344666,
30min,MLP,2,2027,train_plus_validation_fixed_epochs,24,0.23547635972499847,
30min,MLP,2,2027,train_plus_validation_fixed_epochs,25,0.24326348304748535,
30min,MLP,2,2027,train_plus_validation_fixed_epochs,26,0.24154123663902283,
30min,MLP,2,2027,train_plus_validation_fixed_epochs,27,0.22422228753566742,
30min,MLP,2,2027,train_plus_validation_fixed_epochs,28,0.22938115894794464,
30min,MLP,2,2027,train_plus_validation_fixed_epochs,29,0.21941229701042175,
30min,MLP,2,2027,train_plus_validation_fixed_epochs,30,0.21121430397033691,
30min,MLP,2,2027,train_plus_validation_fixed_epochs,31,0.22039064764976501,
30min,MLP,2,2027,train_plus_validation_fixed_epochs,32,0.21982528269290924,
30min,MLP,2,2027,train_plus_validation_fixed_epochs,33,0.2189912497997284,
30min,MLP,2,2027,train_plus_validation_fixed_epochs,34,0.22695396840572357,
30min,MLP,2,2027,train_plus_validation_fixed_epochs,35,0.24062258005142212,
30min,MLP,2,2027,train_plus_validation_fixed_epochs,36,0.2178727090358734,
30min,MLP,2,2027,train_plus_validation_fixed_epochs,37,0.22070737183094025,
30min,MLP,2,2027,train_plus_validation_fixed_epochs,38,0.20988696813583374,
30min,MLP,2,2027,train_plus_validation_fixed_epochs,39,0.20216727256774902,
30min,MLP,2,2027,train_plus_validation_fixed_epochs,40,0.21385584771633148,
30min,MLP,2,2027,train_plus_validation_fixed_epochs,41,0.19497855007648468,
30min,MLP,2,2027,train_plus_validation_fixed_epochs,42,0.195091113448143,
30min,MLP,2,2027,train_plus_validation_fixed_epochs,43,0.20903322100639343,
30min,MLP,2,2027,train_plus_validation_fixed_epochs,44,0.2006036639213562,
30min,MLP,2,2027,train_plus_validation_fixed_epochs,45,0.18428051471710205,
30min,MLP,2,2027,train_plus_validation_fixed_epochs,46,0.19492463767528534,
30min,MLP,2,2028,train_plus_validation_fixed_epochs,1,2.209245204925537,
30min,MLP,2,2028,train_plus_validation_fixed_epochs,2,1.4167418479919434,
30min,MLP,2,2028,train_plus_validation_fixed_epochs,3,1.0244836807250977,
30min,MLP,2,2028,train_plus_validation_fixed_epochs,4,0.8589636087417603,
30min,MLP,2,2028,train_plus_validation_fixed_epochs,5,0.7468118071556091,
30min,MLP,2,2028,train_plus_validation_fixed_epochs,6,0.6782227158546448,
30min,MLP,2,2028,train_plus_validation_fixed_epochs,7,0.5978193879127502,
30min,MLP,2,2028,train_plus_validation_fixed_epochs,8,0.5126744508743286,
30min,MLP,2,2028,train_plus_validation_fixed_epochs,9,0.47692570090293884,
30min,MLP,2,2028,train_plus_validation_fixed_epochs,10,0.42557021975517273,
30min,MLP,2,2028,train_plus_validation_fixed_epochs,11,0.405429869890213,
30min,MLP,2,2028,train_plus_validation_fixed_epochs,12,0.37931203842163086,
30min,MLP,2,2028,train_plus_validation_fixed_epochs,13,0.37021511793136597,
30min,MLP,2,2028,train_plus_validation_fixed_epochs,14,0.347612589597702,
30min,MLP,2,2028,train_plus_validation_fixed_epochs,15,0.3320867121219635,
30min,MLP,2,2028,train_plus_validation_fixed_epochs,16,0.28956860303878784,
30min,MLP,2,2028,train_plus_validation_fixed_epochs,17,0.3107629120349884,
30min,MLP,2,2028,train_plus_validation_fixed_epochs,18,0.29319024085998535,
30min,MLP,2,2028,train_plus_validation_fixed_epochs,19,0.2768761217594147,
30min,MLP,2,2028,train_plus_validation_fixed_epochs,20,0.28521573543548584,
30min,MLP,2,2028,train_plus_validation_fixed_epochs,21,0.2660975456237793,
30min,MLP,2,2028,train_plus_validation_fixed_epochs,22,0.25773853063583374,
30min,MLP,2,2028,train_plus_validation_fixed_epochs,23,0.25228261947631836,
30min,MLP,2,2028,train_plus_validation_fixed_epochs,24,0.2539663314819336,
30min,MLP,2,2028,train_plus_validation_fixed_epochs,25,0.24570955336093903,
30min,MLP,2,2028,train_plus_validation_fixed_epochs,26,0.24289807677268982,
30min,MLP,2,2028,train_plus_validation_fixed_epochs,27,0.22786904871463776,
30min,MLP,2,2028,train_plus_validation_fixed_epochs,28,0.22975163161754608,
30min,MLP,2,2028,train_plus_validation_fixed_epochs,29,0.2251906543970108,
30min,MLP,2,2028,train_plus_validation_fixed_epochs,30,0.2310442179441452,
30min,MLP,2,2028,train_plus_validation_fixed_epochs,31,0.2210933119058609,
30min,MLP,2,2028,train_plus_validation_fixed_epochs,32,0.21350611746311188,
30min,MLP,2,2028,train_plus_validation_fixed_epochs,33,0.20533651113510132,
30min,MLP,2,2028,train_plus_validation_fixed_epochs,34,0.21621830761432648,
30min,MLP,2,2028,train_plus_validation_fixed_epochs,35,0.18812867999076843,
30min,MLP,2,2028,train_plus_validation_fixed_epochs,36,0.20213459432125092,
30min,MLP,2,2028,train_plus_validation_fixed_epochs,37,0.1921660304069519,
30min,MLP,2,2028,train_plus_validation_fixed_epochs,38,0.19211018085479736,
30min,MLP,2,2028,train_plus_validation_fixed_epochs,39,0.19391147792339325,
30min,MLP,2,2028,train_plus_validation_fixed_epochs,40,0.20481596887111664,
30min,MLP,2,2028,train_plus_validation_fixed_epochs,41,0.18912115693092346,
30min,MLP,2,2028,train_plus_validation_fixed_epochs,42,0.1908554881811142,
30min,MLP,2,2028,train_plus_validation_fixed_epochs,43,0.1869952529668808,
30min,MLP,2,2028,train_plus_validation_fixed_epochs,44,0.1944027841091156,
30min,MLP,2,2028,train_plus_validation_fixed_epochs,45,0.18202559649944305,
30min,MLP,2,2028,train_plus_validation_fixed_epochs,46,0.17458021640777588,
30min,LSTM,2,2026,train_plus_validation_fixed_epochs,1,1.0992566347122192,
30min,LSTM,2,2026,train_plus_validation_fixed_epochs,2,1.0535366535186768,
30min,LSTM,2,2026,train_plus_validation_fixed_epochs,3,0.9842354655265808,
30min,LSTM,2,2026,train_plus_validation_fixed_epochs,4,0.9566113352775574,
30min,LSTM,2,2026,train_plus_validation_fixed_epochs,5,0.9153606295585632,
30min,LSTM,2,2026,train_plus_validation_fixed_epochs,6,0.8727697730064392,
30min,LSTM,2,2026,train_plus_validation_fixed_epochs,7,0.8593436479568481,
30min,LSTM,2,2026,train_plus_validation_fixed_epochs,8,0.8222333788871765,
30min,LSTM,2,2026,train_plus_validation_fixed_epochs,9,0.7955042123794556,
30min,LSTM,2,2026,train_plus_validation_fixed_epochs,10,0.7496078610420227,
30min,LSTM,2,2026,train_plus_validation_fixed_epochs,11,0.7453578114509583,
30min,LSTM,2,2026,train_plus_validation_fixed_epochs,12,0.7196853756904602,
30min,LSTM,2,2026,train_plus_validation_fixed_epochs,13,0.6830793619155884,
30min,LSTM,2,2026,train_plus_validation_fixed_epochs,14,0.6442931890487671,
30min,LSTM,2,2026,train_plus_validation_fixed_epochs,15,0.6211685538291931,
30min,LSTM,2,2026,train_plus_validation_fixed_epochs,16,0.5979712009429932,
30min,LSTM,2,2026,train_plus_validation_fixed_epochs,17,0.585220992565155,
30min,LSTM,2,2026,train_plus_validation_fixed_epochs,18,0.5558512806892395,
30min,LSTM,2,2026,train_plus_validation_fixed_epochs,19,0.5112058520317078,
30min,LSTM,2,2026,train_plus_validation_fixed_epochs,20,0.49187079071998596,
30min,LSTM,2,2026,train_plus_validation_fixed_epochs,21,0.5097249746322632,
30min,LSTM,2,2026,train_plus_validation_fixed_epochs,22,0.46904316544532776,
30min,LSTM,2,2026,train_plus_validation_fixed_epochs,23,0.4283858835697174,
30min,LSTM,2,2026,train_plus_validation_fixed_epochs,24,0.38792678713798523,
30min,LSTM,2,2026,train_plus_validation_fixed_epochs,25,0.4253605902194977,
30min,LSTM,2,2026,train_plus_validation_fixed_epochs,26,0.41042181849479675,
30min,LSTM,2,2026,train_plus_validation_fixed_epochs,27,0.391970157623291,
30min,LSTM,2,2026,train_plus_validation_fixed_epochs,28,0.36300423741340637,
30min,LSTM,2,2026,train_plus_validation_fixed_epochs,29,0.351740300655365,
30min,LSTM,2,2026,train_plus_validation_fixed_epochs,30,0.3467685878276825,
30min,LSTM,2,2026,train_plus_validation_fixed_epochs,31,0.33979862928390503,
30min,LSTM,2,2026,train_plus_validation_fixed_epochs,32,0.3497762382030487,
30min,LSTM,2,2026,train_plus_validation_fixed_epochs,33,0.3261846601963043,
30min,LSTM,2,2026,train_plus_validation_fixed_epochs,34,0.3207058310508728,
30min,LSTM,2,2026,train_plus_validation_fixed_epochs,35,0.2932446002960205,
30min,LSTM,2,2026,train_plus_validation_fixed_epochs,36,0.3449041545391083,
30min,LSTM,2,2026,train_plus_validation_fixed_epochs,37,0.30817288160324097,
30min,LSTM,2,2026,train_plus_validation_fixed_epochs,38,0.30025166273117065,
30min,LSTM,2,2026,train_plus_validation_fixed_epochs,39,0.294740229845047,
30min,LSTM,2,2026,train_plus_validation_fixed_epochs,40,0.25874093174934387,
30min,LSTM,2,2026,train_plus_validation_fixed_epochs,41,0.28188183903694153,
30min,LSTM,2,2026,train_plus_validation_fixed_epochs,42,0.29410529136657715,
30min,LSTM,2,2026,train_plus_validation_fixed_epochs,43,0.29971903562545776,
30min,LSTM,2,2026,train_plus_validation_fixed_epochs,44,0.26423168182373047,
30min,LSTM,2,2026,train_plus_validation_fixed_epochs,45,0.2839110195636749,
30min,LSTM,2,2026,train_plus_validation_fixed_epochs,46,0.29685473442077637,
30min,LSTM,2,2026,train_plus_validation_fixed_epochs,47,0.2756604552268982,
30min,LSTM,2,2026,train_plus_validation_fixed_epochs,48,0.27083900570869446,
30min,LSTM,2,2026,train_plus_validation_fixed_epochs,49,0.288423627614975,
30min,LSTM,2,2026,train_plus_validation_fixed_epochs,50,0.250610888004303,
30min,LSTM,2,2026,train_plus_validation_fixed_epochs,51,0.25885671377182007,
30min,LSTM,2,2026,train_plus_validation_fixed_epochs,52,0.27239975333213806,
30min,LSTM,2,2026,train_plus_validation_fixed_epochs,53,0.23882842063903809,
30min,LSTM,2,2026,train_plus_validation_fixed_epochs,54,0.26473069190979004,
30min,LSTM,2,2026,train_plus_validation_fixed_epochs,55,0.2261168658733368,
30min,LSTM,2,2026,train_plus_validation_fixed_epochs,56,0.26309680938720703,
30min,LSTM,2,2026,train_plus_validation_fixed_epochs,57,0.22581206262111664,
30min,LSTM,2,2026,train_plus_validation_fixed_epochs,58,0.2468068152666092,
30min,LSTM,2,2026,train_plus_validation_fixed_epochs,59,0.25260767340660095,
30min,LSTM,2,2026,train_plus_validation_fixed_epochs,60,0.2417077124118805,
30min,LSTM,2,2026,train_plus_validation_fixed_epochs,61,0.24446573853492737,
30min,LSTM,2,2026,train_plus_validation_fixed_epochs,62,0.23047952353954315,
30min,LSTM,2,2026,train_plus_validation_fixed_epochs,63,0.24275247752666473,
30min,LSTM,2,2026,train_plus_validation_fixed_epochs,64,0.21206355094909668,
30min,LSTM,2,2026,train_plus_validation_fixed_epochs,65,0.22389180958271027,
30min,LSTM,2,2026,train_plus_validation_fixed_epochs,66,0.2520849406719208,
30min,LSTM,2,2026,train_plus_validation_fixed_epochs,67,0.23465001583099365,
30min,LSTM,2,2026,train_plus_validation_fixed_epochs,68,0.21392713487148285,
30min,LSTM,2,2026,train_plus_validation_fixed_epochs,69,0.2180740237236023,
30min,LSTM,2,2026,train_plus_validation_fixed_epochs,70,0.22864781320095062,
30min,LSTM,2,2026,train_plus_validation_fixed_epochs,71,0.2508806586265564,
30min,LSTM,2,2026,train_plus_validation_fixed_epochs,72,0.2179325371980667,
30min,LSTM,2,2026,train_plus_validation_fixed_epochs,73,0.20167480409145355,
30min,LSTM,2,2026,train_plus_validation_fixed_epochs,74,0.21985812485218048,
30min,LSTM,2,2026,train_plus_validation_fixed_epochs,75,0.22539439797401428,
30min,LSTM,2,2026,train_plus_validation_fixed_epochs,76,0.21113049983978271,
30min,LSTM,2,2026,train_plus_validation_fixed_epochs,77,0.2117883861064911,
30min,LSTM,2,2026,train_plus_validation_fixed_epochs,78,0.23579920828342438,
30min,LSTM,2,2026,train_plus_validation_fixed_epochs,79,0.21365942060947418,
30min,LSTM,2,2026,train_plus_validation_fixed_epochs,80,0.21185486018657684,
30min,LSTM,2,2027,train_plus_validation_fixed_epochs,1,1.0308552980422974,
30min,LSTM,2,2027,train_plus_validation_fixed_epochs,2,1.00636887550354,
30min,LSTM,2,2027,train_plus_validation_fixed_epochs,3,0.9662657976150513,
30min,LSTM,2,2027,train_plus_validation_fixed_epochs,4,0.9230680465698242,
30min,LSTM,2,2027,train_plus_validation_fixed_epochs,5,0.8949824571609497,
30min,LSTM,2,2027,train_plus_validation_fixed_epochs,6,0.8673359751701355,
30min,LSTM,2,2027,train_plus_validation_fixed_epochs,7,0.8578952550888062,
30min,LSTM,2,2027,train_plus_validation_fixed_epochs,8,0.8197751641273499,
30min,LSTM,2,2027,train_plus_validation_fixed_epochs,9,0.8009999394416809,
30min,LSTM,2,2027,train_plus_validation_fixed_epochs,10,0.7780232429504395,
30min,LSTM,2,2027,train_plus_validation_fixed_epochs,11,0.7688843011856079,
30min,LSTM,2,2027,train_plus_validation_fixed_epochs,12,0.7260178923606873,
30min,LSTM,2,2027,train_plus_validation_fixed_epochs,13,0.7224075198173523,
30min,LSTM,2,2027,train_plus_validation_fixed_epochs,14,0.6798297166824341,
30min,LSTM,2,2027,train_plus_validation_fixed_epochs,15,0.7039058208465576,
30min,LSTM,2,2027,train_plus_validation_fixed_epochs,16,0.6585432887077332,
30min,LSTM,2,2027,train_plus_validation_fixed_epochs,17,0.6292629241943359,
30min,LSTM,2,2027,train_plus_validation_fixed_epochs,18,0.5894166231155396,
30min,LSTM,2,2027,train_plus_validation_fixed_epochs,19,0.5688121914863586,
30min,LSTM,2,2027,train_plus_validation_fixed_epochs,20,0.5265504121780396,
30min,LSTM,2,2027,train_plus_validation_fixed_epochs,21,0.5270840525627136,
30min,LSTM,2,2027,train_plus_validation_fixed_epochs,22,0.4935089349746704,
30min,LSTM,2,2027,train_plus_validation_fixed_epochs,23,0.47339314222335815,
30min,LSTM,2,2027,train_plus_validation_fixed_epochs,24,0.44269895553588867,
30min,LSTM,2,2027,train_plus_validation_fixed_epochs,25,0.4152699410915375,
30min,LSTM,2,2027,train_plus_validation_fixed_epochs,26,0.4038546681404114,
30min,LSTM,2,2027,train_plus_validation_fixed_epochs,27,0.3717840015888214,
30min,LSTM,2,2027,train_plus_validation_fixed_epochs,28,0.36508381366729736,
30min,LSTM,2,2027,train_plus_validation_fixed_epochs,29,0.3603614270687103,
30min,LSTM,2,2027,train_plus_validation_fixed_epochs,30,0.3336228132247925,
30min,LSTM,2,2027,train_plus_validation_fixed_epochs,31,0.33448562026023865,
30min,LSTM,2,2027,train_plus_validation_fixed_epochs,32,0.33477428555488586,
30min,LSTM,2,2027,train_plus_validation_fixed_epochs,33,0.3298896253108978,
30min,LSTM,2,2027,train_plus_validation_fixed_epochs,34,0.3204280436038971,
30min,LSTM,2,2027,train_plus_validation_fixed_epochs,35,0.3040507137775421,
30min,LSTM,2,2027,train_plus_validation_fixed_epochs,36,0.3008660078048706,
30min,LSTM,2,2027,train_plus_validation_fixed_epochs,37,0.32284992933273315,
30min,LSTM,2,2027,train_plus_validation_fixed_epochs,38,0.2925451695919037,
30min,LSTM,2,2027,train_plus_validation_fixed_epochs,39,0.28406691551208496,
30min,LSTM,2,2027,train_plus_validation_fixed_epochs,40,0.2758561968803406,
30min,LSTM,2,2027,train_plus_validation_fixed_epochs,41,0.278472900390625,
30min,LSTM,2,2027,train_plus_validation_fixed_epochs,42,0.28033679723739624,
30min,LSTM,2,2027,train_plus_validation_fixed_epochs,43,0.2593119442462921,
30min,LSTM,2,2027,train_plus_validation_fixed_epochs,44,0.25842568278312683,
30min,LSTM,2,2027,train_plus_validation_fixed_epochs,45,0.2721838653087616,
30min,LSTM,2,2027,train_plus_validation_fixed_epochs,46,0.2868761718273163,
30min,LSTM,2,2027,train_plus_validation_fixed_epochs,47,0.26980966329574585,
30min,LSTM,2,2027,train_plus_validation_fixed_epochs,48,0.24900440871715546,
30min,LSTM,2,2027,train_plus_validation_fixed_epochs,49,0.24354217946529388,
30min,LSTM,2,2027,train_plus_validation_fixed_epochs,50,0.24536855518817902,
30min,LSTM,2,2027,train_plus_validation_fixed_epochs,51,0.2710582911968231,
30min,LSTM,2,2027,train_plus_validation_fixed_epochs,52,0.24343617260456085,
30min,LSTM,2,2027,train_plus_validation_fixed_epochs,53,0.24313867092132568,
30min,LSTM,2,2027,train_plus_validation_fixed_epochs,54,0.2466295063495636,
30min,LSTM,2,2027,train_plus_validation_fixed_epochs,55,0.24038566648960114,
30min,LSTM,2,2027,train_plus_validation_fixed_epochs,56,0.24933242797851562,
30min,LSTM,2,2027,train_plus_validation_fixed_epochs,57,0.23066416382789612,
30min,LSTM,2,2027,train_plus_validation_fixed_epochs,58,0.26006749272346497,
30min,LSTM,2,2027,train_plus_validation_fixed_epochs,59,0.2556813061237335,
30min,LSTM,2,2027,train_plus_validation_fixed_epochs,60,0.24042806029319763,
30min,LSTM,2,2027,train_plus_validation_fixed_epochs,61,0.2275604009628296,
30min,LSTM,2,2027,train_plus_validation_fixed_epochs,62,0.23885804414749146,
30min,LSTM,2,2027,train_plus_validation_fixed_epochs,63,0.23254723846912384,
30min,LSTM,2,2027,train_plus_validation_fixed_epochs,64,0.23234878480434418,
30min,LSTM,2,2027,train_plus_validation_fixed_epochs,65,0.2306654304265976,
30min,LSTM,2,2027,train_plus_validation_fixed_epochs,66,0.2294629067182541,
30min,LSTM,2,2027,train_plus_validation_fixed_epochs,67,0.227166548371315,
30min,LSTM,2,2027,train_plus_validation_fixed_epochs,68,0.21701686084270477,
30min,LSTM,2,2027,train_plus_validation_fixed_epochs,69,0.22239015996456146,
30min,LSTM,2,2027,train_plus_validation_fixed_epochs,70,0.20623348653316498,
30min,LSTM,2,2027,train_plus_validation_fixed_epochs,71,0.21903446316719055,
30min,LSTM,2,2027,train_plus_validation_fixed_epochs,72,0.19610317051410675,
30min,LSTM,2,2027,train_plus_validation_fixed_epochs,73,0.23148073256015778,
30min,LSTM,2,2027,train_plus_validation_fixed_epochs,74,0.21139098703861237,
30min,LSTM,2,2027,train_plus_validation_fixed_epochs,75,0.1938038319349289,
30min,LSTM,2,2027,train_plus_validation_fixed_epochs,76,0.22736820578575134,
30min,LSTM,2,2027,train_plus_validation_fixed_epochs,77,0.20979057252407074,
30min,LSTM,2,2027,train_plus_validation_fixed_epochs,78,0.21772103011608124,
30min,LSTM,2,2027,train_plus_validation_fixed_epochs,79,0.22694247961044312,
30min,LSTM,2,2027,train_plus_validation_fixed_epochs,80,0.20950205624103546,
30min,LSTM,2,2028,train_plus_validation_fixed_epochs,1,0.9847669005393982,
30min,LSTM,2,2028,train_plus_validation_fixed_epochs,2,0.9478212594985962,
30min,LSTM,2,2028,train_plus_validation_fixed_epochs,3,0.9089735150337219,
30min,LSTM,2,2028,train_plus_validation_fixed_epochs,4,0.891904890537262,
30min,LSTM,2,2028,train_plus_validation_fixed_epochs,5,0.8464937210083008,
30min,LSTM,2,2028,train_plus_validation_fixed_epochs,6,0.8236933350563049,
30min,LSTM,2,2028,train_plus_validation_fixed_epochs,7,0.8029220700263977,
30min,LSTM,2,2028,train_plus_validation_fixed_epochs,8,0.7581850290298462,
30min,LSTM,2,2028,train_plus_validation_fixed_epochs,9,0.7432082295417786,
30min,LSTM,2,2028,train_plus_validation_fixed_epochs,10,0.7115356922149658,
30min,LSTM,2,2028,train_plus_validation_fixed_epochs,11,0.6824524402618408,
30min,LSTM,2,2028,train_plus_validation_fixed_epochs,12,0.6447027921676636,
30min,LSTM,2,2028,train_plus_validation_fixed_epochs,13,0.6403529644012451,
30min,LSTM,2,2028,train_plus_validation_fixed_epochs,14,0.6226710081100464,
30min,LSTM,2,2028,train_plus_validation_fixed_epochs,15,0.5843458771705627,
30min,LSTM,2,2028,train_plus_validation_fixed_epochs,16,0.5327303409576416,
30min,LSTM,2,2028,train_plus_validation_fixed_epochs,17,0.5572420358657837,
30min,LSTM,2,2028,train_plus_validation_fixed_epochs,18,0.5077214241027832,
30min,LSTM,2,2028,train_plus_validation_fixed_epochs,19,0.47699207067489624,
30min,LSTM,2,2028,train_plus_validation_fixed_epochs,20,0.46804487705230713,
30min,LSTM,2,2028,train_plus_validation_fixed_epochs,21,0.45762932300567627,
30min,LSTM,2,2028,train_plus_validation_fixed_epochs,22,0.44809800386428833,
30min,LSTM,2,2028,train_plus_validation_fixed_epochs,23,0.4156148433685303,
30min,LSTM,2,2028,train_plus_validation_fixed_epochs,24,0.42383426427841187,
30min,LSTM,2,2028,train_plus_validation_fixed_epochs,25,0.4271492660045624,
30min,LSTM,2,2028,train_plus_validation_fixed_epochs,26,0.40038764476776123,
30min,LSTM,2,2028,train_plus_validation_fixed_epochs,27,0.3703756034374237,
30min,LSTM,2,2028,train_plus_validation_fixed_epochs,28,0.365621417760849,
30min,LSTM,2,2028,train_plus_validation_fixed_epochs,29,0.3554367423057556,
30min,LSTM,2,2028,train_plus_validation_fixed_epochs,30,0.35797572135925293,
30min,LSTM,2,2028,train_plus_validation_fixed_epochs,31,0.3338400423526764,
30min,LSTM,2,2028,train_plus_validation_fixed_epochs,32,0.34082552790641785,
30min,LSTM,2,2028,train_plus_validation_fixed_epochs,33,0.31915920972824097,
30min,LSTM,2,2028,train_plus_validation_fixed_epochs,34,0.3546314537525177,
30min,LSTM,2,2028,train_plus_validation_fixed_epochs,35,0.2987060546875,
30min,LSTM,2,2028,train_plus_validation_fixed_epochs,36,0.3137376606464386,
30min,LSTM,2,2028,train_plus_validation_fixed_epochs,37,0.28806862235069275,
30min,LSTM,2,2028,train_plus_validation_fixed_epochs,38,0.31177887320518494,
30min,LSTM,2,2028,train_plus_validation_fixed_epochs,39,0.3199649453163147,
30min,LSTM,2,2028,train_plus_validation_fixed_epochs,40,0.30611148476600647,
30min,LSTM,2,2028,train_plus_validation_fixed_epochs,41,0.30101120471954346,
30min,LSTM,2,2028,train_plus_validation_fixed_epochs,42,0.28717494010925293,
30min,LSTM,2,2028,train_plus_validation_fixed_epochs,43,0.2852877080440521,
30min,LSTM,2,2028,train_plus_validation_fixed_epochs,44,0.28199905157089233,
30min,LSTM,2,2028,train_plus_validation_fixed_epochs,45,0.301142156124115,
30min,LSTM,2,2028,train_plus_validation_fixed_epochs,46,0.258893758058548,
30min,LSTM,2,2028,train_plus_validation_fixed_epochs,47,0.299966424703598,
30min,LSTM,2,2028,train_plus_validation_fixed_epochs,48,0.24867784976959229,
30min,LSTM,2,2028,train_plus_validation_fixed_epochs,49,0.2455042153596878,
30min,LSTM,2,2028,train_plus_validation_fixed_epochs,50,0.25861063599586487,
30min,LSTM,2,2028,train_plus_validation_fixed_epochs,51,0.2759436070919037,
30min,LSTM,2,2028,train_plus_validation_fixed_epochs,52,0.25202661752700806,
30min,LSTM,2,2028,train_plus_validation_fixed_epochs,53,0.24691817164421082,
30min,LSTM,2,2028,train_plus_validation_fixed_epochs,54,0.24887001514434814,
30min,LSTM,2,2028,train_plus_validation_fixed_epochs,55,0.2383231222629547,
30min,LSTM,2,2028,train_plus_validation_fixed_epochs,56,0.274358868598938,
30min,LSTM,2,2028,train_plus_validation_fixed_epochs,57,0.2505122423171997,
30min,LSTM,2,2028,train_plus_validation_fixed_epochs,58,0.2840611934661865,
30min,LSTM,2,2028,train_plus_validation_fixed_epochs,59,0.24674339592456818,
30min,LSTM,2,2028,train_plus_validation_fixed_epochs,60,0.2500753402709961,
30min,LSTM,2,2028,train_plus_validation_fixed_epochs,61,0.23248733580112457,
30min,LSTM,2,2028,train_plus_validation_fixed_epochs,62,0.24078112840652466,
30min,LSTM,2,2028,train_plus_validation_fixed_epochs,63,0.25409069657325745,
30min,LSTM,2,2028,train_plus_validation_fixed_epochs,64,0.23241166770458221,
30min,LSTM,2,2028,train_plus_validation_fixed_epochs,65,0.262683629989624,
30min,LSTM,2,2028,train_plus_validation_fixed_epochs,66,0.2268856316804886,
30min,LSTM,2,2028,train_plus_validation_fixed_epochs,67,0.22313974797725677,
30min,LSTM,2,2028,train_plus_validation_fixed_epochs,68,0.2637084722518921,
30min,LSTM,2,2028,train_plus_validation_fixed_epochs,69,0.22216874361038208,
30min,LSTM,2,2028,train_plus_validation_fixed_epochs,70,0.21614043414592743,
30min,LSTM,2,2028,train_plus_validation_fixed_epochs,71,0.2135176956653595,
30min,LSTM,2,2028,train_plus_validation_fixed_epochs,72,0.24300453066825867,
30min,LSTM,2,2028,train_plus_validation_fixed_epochs,73,0.19899067282676697,
30min,LSTM,2,2028,train_plus_validation_fixed_epochs,74,0.22235305607318878,
30min,LSTM,2,2028,train_plus_validation_fixed_epochs,75,0.21740886569023132,
30min,LSTM,2,2028,train_plus_validation_fixed_epochs,76,0.20141483843326569,
30min,LSTM,2,2028,train_plus_validation_fixed_epochs,77,0.21646428108215332,
30min,LSTM,2,2028,train_plus_validation_fixed_epochs,78,0.2208344042301178,
30min,LSTM,2,2028,train_plus_validation_fixed_epochs,79,0.2085571438074112,
30min,LSTM,2,2028,train_plus_validation_fixed_epochs,80,0.2175150364637375,
30min,GRU,1,2026,train_plus_validation_fixed_epochs,1,1.1199276447296143,
30min,GRU,1,2026,train_plus_validation_fixed_epochs,2,1.0336204767227173,
30min,GRU,1,2026,train_plus_validation_fixed_epochs,3,0.9599181413650513,
30min,GRU,1,2026,train_plus_validation_fixed_epochs,4,0.9185675382614136,
30min,GRU,1,2026,train_plus_validation_fixed_epochs,5,0.8717261552810669,
30min,GRU,1,2026,train_plus_validation_fixed_epochs,6,0.8284478187561035,
30min,GRU,1,2026,train_plus_validation_fixed_epochs,7,0.7838013172149658,
30min,GRU,1,2026,train_plus_validation_fixed_epochs,8,0.7604304552078247,
30min,GRU,1,2026,train_plus_validation_fixed_epochs,9,0.7395085096359253,
30min,GRU,1,2026,train_plus_validation_fixed_epochs,10,0.6847023367881775,
30min,GRU,1,2026,train_plus_validation_fixed_epochs,11,0.6559624671936035,
30min,GRU,1,2026,train_plus_validation_fixed_epochs,12,0.6206467151641846,
30min,GRU,1,2026,train_plus_validation_fixed_epochs,13,0.5774897336959839,
30min,GRU,1,2026,train_plus_validation_fixed_epochs,14,0.5841941237449646,
30min,GRU,1,2026,train_plus_validation_fixed_epochs,15,0.5327379703521729,
30min,GRU,1,2026,train_plus_validation_fixed_epochs,16,0.5126813054084778,
30min,GRU,1,2026,train_plus_validation_fixed_epochs,17,0.48873254656791687,
30min,GRU,1,2026,train_plus_validation_fixed_epochs,18,0.4860999882221222,
30min,GRU,1,2026,train_plus_validation_fixed_epochs,19,0.4710730016231537,
30min,GRU,1,2026,train_plus_validation_fixed_epochs,20,0.44356393814086914,
30min,GRU,1,2026,train_plus_validation_fixed_epochs,21,0.4371955394744873,
30min,GRU,1,2026,train_plus_validation_fixed_epochs,22,0.4326966404914856,
30min,GRU,1,2026,train_plus_validation_fixed_epochs,23,0.40629738569259644,
30min,GRU,1,2026,train_plus_validation_fixed_epochs,24,0.39656761288642883,
30min,GRU,1,2026,train_plus_validation_fixed_epochs,25,0.39038339257240295,
30min,GRU,1,2026,train_plus_validation_fixed_epochs,26,0.3821467161178589,
30min,GRU,1,2026,train_plus_validation_fixed_epochs,27,0.40850985050201416,
30min,GRU,1,2026,train_plus_validation_fixed_epochs,28,0.3703985810279846,
30min,GRU,1,2026,train_plus_validation_fixed_epochs,29,0.37177136540412903,
30min,GRU,1,2026,train_plus_validation_fixed_epochs,30,0.30035293102264404,
30min,GRU,1,2026,train_plus_validation_fixed_epochs,31,0.36070141196250916,
30min,GRU,1,2026,train_plus_validation_fixed_epochs,32,0.36094895005226135,
30min,GRU,1,2026,train_plus_validation_fixed_epochs,33,0.31579843163490295,
30min,GRU,1,2026,train_plus_validation_fixed_epochs,34,0.32851025462150574,
30min,GRU,1,2026,train_plus_validation_fixed_epochs,35,0.3181919455528259,
30min,GRU,1,2026,train_plus_validation_fixed_epochs,36,0.3168571889400482,
30min,GRU,1,2026,train_plus_validation_fixed_epochs,37,0.3331497311592102,
30min,GRU,1,2026,train_plus_validation_fixed_epochs,38,0.3247606158256531,
30min,GRU,1,2026,train_plus_validation_fixed_epochs,39,0.3135271668434143,
30min,GRU,1,2026,train_plus_validation_fixed_epochs,40,0.30128300189971924,
30min,GRU,1,2026,train_plus_validation_fixed_epochs,41,0.2957955002784729,
30min,GRU,1,2026,train_plus_validation_fixed_epochs,42,0.29749298095703125,
30min,GRU,1,2026,train_plus_validation_fixed_epochs,43,0.30677446722984314,
30min,GRU,1,2026,train_plus_validation_fixed_epochs,44,0.2903474271297455,
30min,GRU,1,2026,train_plus_validation_fixed_epochs,45,0.2777717411518097,
30min,GRU,1,2026,train_plus_validation_fixed_epochs,46,0.278804749250412,
30min,GRU,1,2026,train_plus_validation_fixed_epochs,47,0.26878049969673157,
30min,GRU,1,2026,train_plus_validation_fixed_epochs,48,0.29266342520713806,
30min,GRU,1,2026,train_plus_validation_fixed_epochs,49,0.27332064509391785,
30min,GRU,1,2026,train_plus_validation_fixed_epochs,50,0.2593984603881836,
30min,GRU,1,2026,train_plus_validation_fixed_epochs,51,0.26786595582962036,
30min,GRU,1,2026,train_plus_validation_fixed_epochs,52,0.2722209692001343,
30min,GRU,1,2026,train_plus_validation_fixed_epochs,53,0.2557133138179779,
30min,GRU,1,2026,train_plus_validation_fixed_epochs,54,0.26693660020828247,
30min,GRU,1,2026,train_plus_validation_fixed_epochs,55,0.2559303939342499,
30min,GRU,1,2026,train_plus_validation_fixed_epochs,56,0.2558843195438385,
30min,GRU,1,2026,train_plus_validation_fixed_epochs,57,0.2635936141014099,
30min,GRU,1,2026,train_plus_validation_fixed_epochs,58,0.2629849314689636,
30min,GRU,1,2026,train_plus_validation_fixed_epochs,59,0.2417147308588028,
30min,GRU,1,2026,train_plus_validation_fixed_epochs,60,0.22851534187793732,
30min,GRU,1,2026,train_plus_validation_fixed_epochs,61,0.22818641364574432,
30min,GRU,1,2026,train_plus_validation_fixed_epochs,62,0.2439391314983368,
30min,GRU,1,2026,train_plus_validation_fixed_epochs,63,0.24840083718299866,
30min,GRU,1,2026,train_plus_validation_fixed_epochs,64,0.22211869060993195,
30min,GRU,1,2026,train_plus_validation_fixed_epochs,65,0.2437182515859604,
30min,GRU,1,2026,train_plus_validation_fixed_epochs,66,0.23145730793476105,
30min,GRU,1,2026,train_plus_validation_fixed_epochs,67,0.22583432495594025,
30min,GRU,1,2026,train_plus_validation_fixed_epochs,68,0.2126622349023819,
30min,GRU,1,2026,train_plus_validation_fixed_epochs,69,0.23031572997570038,
30min,GRU,1,2026,train_plus_validation_fixed_epochs,70,0.23002906143665314,
30min,GRU,1,2026,train_plus_validation_fixed_epochs,71,0.23693779110908508,
30min,GRU,1,2026,train_plus_validation_fixed_epochs,72,0.2175370156764984,
30min,GRU,1,2026,train_plus_validation_fixed_epochs,73,0.18495020270347595,
30min,GRU,1,2026,train_plus_validation_fixed_epochs,74,0.21454954147338867,
30min,GRU,1,2026,train_plus_validation_fixed_epochs,75,0.20513035356998444,
30min,GRU,1,2026,train_plus_validation_fixed_epochs,76,0.2007369101047516,
30min,GRU,1,2026,train_plus_validation_fixed_epochs,77,0.19758550822734833,
30min,GRU,1,2026,train_plus_validation_fixed_epochs,78,0.21776506304740906,
30min,GRU,1,2026,train_plus_validation_fixed_epochs,79,0.19679322838783264,
30min,GRU,1,2026,train_plus_validation_fixed_epochs,80,0.2092149555683136,
30min,GRU,1,2027,train_plus_validation_fixed_epochs,1,1.010526418685913,
30min,GRU,1,2027,train_plus_validation_fixed_epochs,2,0.9467446208000183,
30min,GRU,1,2027,train_plus_validation_fixed_epochs,3,0.907663106918335,
30min,GRU,1,2027,train_plus_validation_fixed_epochs,4,0.8422051072120667,
30min,GRU,1,2027,train_plus_validation_fixed_epochs,5,0.8029982447624207,
30min,GRU,1,2027,train_plus_validation_fixed_epochs,6,0.7563928961753845,
30min,GRU,1,2027,train_plus_validation_fixed_epochs,7,0.7224582433700562,
30min,GRU,1,2027,train_plus_validation_fixed_epochs,8,0.6820451617240906,
30min,GRU,1,2027,train_plus_validation_fixed_epochs,9,0.6548139452934265,
30min,GRU,1,2027,train_plus_validation_fixed_epochs,10,0.6279349327087402,
30min,GRU,1,2027,train_plus_validation_fixed_epochs,11,0.6009963750839233,
30min,GRU,1,2027,train_plus_validation_fixed_epochs,12,0.5807251334190369,
30min,GRU,1,2027,train_plus_validation_fixed_epochs,13,0.5897472500801086,
30min,GRU,1,2027,train_plus_validation_fixed_epochs,14,0.5289714932441711,
30min,GRU,1,2027,train_plus_validation_fixed_epochs,15,0.49909496307373047,
30min,GRU,1,2027,train_plus_validation_fixed_epochs,16,0.4970085620880127,
30min,GRU,1,2027,train_plus_validation_fixed_epochs,17,0.4708274006843567,
30min,GRU,1,2027,train_plus_validation_fixed_epochs,18,0.45484545826911926,
30min,GRU,1,2027,train_plus_validation_fixed_epochs,19,0.4372110068798065,
30min,GRU,1,2027,train_plus_validation_fixed_epochs,20,0.41509729623794556,
30min,GRU,1,2027,train_plus_validation_fixed_epochs,21,0.39357390999794006,
30min,GRU,1,2027,train_plus_validation_fixed_epochs,22,0.38447344303131104,
30min,GRU,1,2027,train_plus_validation_fixed_epochs,23,0.3880828619003296,
30min,GRU,1,2027,train_plus_validation_fixed_epochs,24,0.3720395565032959,
30min,GRU,1,2027,train_plus_validation_fixed_epochs,25,0.35360923409461975,
30min,GRU,1,2027,train_plus_validation_fixed_epochs,26,0.35834628343582153,
30min,GRU,1,2027,train_plus_validation_fixed_epochs,27,0.33031582832336426,
30min,GRU,1,2027,train_plus_validation_fixed_epochs,28,0.3226136267185211,
30min,GRU,1,2027,train_plus_validation_fixed_epochs,29,0.3274695575237274,
30min,GRU,1,2027,train_plus_validation_fixed_epochs,30,0.3102726936340332,
30min,GRU,1,2027,train_plus_validation_fixed_epochs,31,0.2933594584465027,
30min,GRU,1,2027,train_plus_validation_fixed_epochs,32,0.31534647941589355,
30min,GRU,1,2027,train_plus_validation_fixed_epochs,33,0.30622348189353943,
30min,GRU,1,2027,train_plus_validation_fixed_epochs,34,0.30392134189605713,
30min,GRU,1,2027,train_plus_validation_fixed_epochs,35,0.29345935583114624,
30min,GRU,1,2027,train_plus_validation_fixed_epochs,36,0.2782250940799713,
30min,GRU,1,2027,train_plus_validation_fixed_epochs,37,0.2880347967147827,
30min,GRU,1,2027,train_plus_validation_fixed_epochs,38,0.27858254313468933,
30min,GRU,1,2027,train_plus_validation_fixed_epochs,39,0.28396499156951904,
30min,GRU,1,2027,train_plus_validation_fixed_epochs,40,0.2697908580303192,
30min,GRU,1,2027,train_plus_validation_fixed_epochs,41,0.2684045135974884,
30min,GRU,1,2027,train_plus_validation_fixed_epochs,42,0.23312219977378845,
30min,GRU,1,2027,train_plus_validation_fixed_epochs,43,0.25145837664604187,
30min,GRU,1,2027,train_plus_validation_fixed_epochs,44,0.25537633895874023,
30min,GRU,1,2027,train_plus_validation_fixed_epochs,45,0.239624485373497,
30min,GRU,1,2027,train_plus_validation_fixed_epochs,46,0.24787630140781403,
30min,GRU,1,2027,train_plus_validation_fixed_epochs,47,0.24119974672794342,
30min,GRU,1,2027,train_plus_validation_fixed_epochs,48,0.2340247631072998,
30min,GRU,1,2027,train_plus_validation_fixed_epochs,49,0.24276426434516907,
30min,GRU,1,2027,train_plus_validation_fixed_epochs,50,0.22926858067512512,
30min,GRU,1,2027,train_plus_validation_fixed_epochs,51,0.2527554929256439,
30min,GRU,1,2027,train_plus_validation_fixed_epochs,52,0.24031727015972137,
30min,GRU,1,2027,train_plus_validation_fixed_epochs,53,0.21562232077121735,
30min,GRU,1,2027,train_plus_validation_fixed_epochs,54,0.2301975041627884,
30min,GRU,1,2027,train_plus_validation_fixed_epochs,55,0.22097142040729523,
30min,GRU,1,2027,train_plus_validation_fixed_epochs,56,0.23423925042152405,
30min,GRU,1,2027,train_plus_validation_fixed_epochs,57,0.2229434698820114,
30min,GRU,1,2027,train_plus_validation_fixed_epochs,58,0.22815416753292084,
30min,GRU,1,2027,train_plus_validation_fixed_epochs,59,0.2161630243062973,
30min,GRU,1,2027,train_plus_validation_fixed_epochs,60,0.2200724184513092,
30min,GRU,1,2027,train_plus_validation_fixed_epochs,61,0.22049276530742645,
30min,GRU,1,2027,train_plus_validation_fixed_epochs,62,0.21239139139652252,
30min,GRU,1,2027,train_plus_validation_fixed_epochs,63,0.2323259860277176,
30min,GRU,1,2027,train_plus_validation_fixed_epochs,64,0.21741726994514465,
30min,GRU,1,2027,train_plus_validation_fixed_epochs,65,0.20644409954547882,
30min,GRU,1,2027,train_plus_validation_fixed_epochs,66,0.22008240222930908,
30min,GRU,1,2027,train_plus_validation_fixed_epochs,67,0.21877974271774292,
30min,GRU,1,2027,train_plus_validation_fixed_epochs,68,0.19020943343639374,
30min,GRU,1,2027,train_plus_validation_fixed_epochs,69,0.1903296560049057,
30min,GRU,1,2027,train_plus_validation_fixed_epochs,70,0.20007464289665222,
30min,GRU,1,2027,train_plus_validation_fixed_epochs,71,0.20060119032859802,
30min,GRU,1,2027,train_plus_validation_fixed_epochs,72,0.17517945170402527,
30min,GRU,1,2027,train_plus_validation_fixed_epochs,73,0.18556122481822968,
30min,GRU,1,2027,train_plus_validation_fixed_epochs,74,0.19163650274276733,
30min,GRU,1,2027,train_plus_validation_fixed_epochs,75,0.19960792362689972,
30min,GRU,1,2027,train_plus_validation_fixed_epochs,76,0.17427726089954376,
30min,GRU,1,2027,train_plus_validation_fixed_epochs,77,0.2076733261346817,
30min,GRU,1,2027,train_plus_validation_fixed_epochs,78,0.16978827118873596,
30min,GRU,1,2027,train_plus_validation_fixed_epochs,79,0.17685875296592712,
30min,GRU,1,2027,train_plus_validation_fixed_epochs,80,0.19820865988731384,
30min,GRU,1,2028,train_plus_validation_fixed_epochs,1,1.0003122091293335,
30min,GRU,1,2028,train_plus_validation_fixed_epochs,2,0.9058904647827148,
30min,GRU,1,2028,train_plus_validation_fixed_epochs,3,0.8559596538543701,
30min,GRU,1,2028,train_plus_validation_fixed_epochs,4,0.8120647072792053,
30min,GRU,1,2028,train_plus_validation_fixed_epochs,5,0.735561192035675,
30min,GRU,1,2028,train_plus_validation_fixed_epochs,6,0.7257598042488098,
30min,GRU,1,2028,train_plus_validation_fixed_epochs,7,0.6765146851539612,
30min,GRU,1,2028,train_plus_validation_fixed_epochs,8,0.6334812045097351,
30min,GRU,1,2028,train_plus_validation_fixed_epochs,9,0.6142398715019226,
30min,GRU,1,2028,train_plus_validation_fixed_epochs,10,0.5561147332191467,
30min,GRU,1,2028,train_plus_validation_fixed_epochs,11,0.5684939026832581,
30min,GRU,1,2028,train_plus_validation_fixed_epochs,12,0.5242722034454346,
30min,GRU,1,2028,train_plus_validation_fixed_epochs,13,0.4913792312145233,
30min,GRU,1,2028,train_plus_validation_fixed_epochs,14,0.4678473472595215,
30min,GRU,1,2028,train_plus_validation_fixed_epochs,15,0.48277878761291504,
30min,GRU,1,2028,train_plus_validation_fixed_epochs,16,0.43743619322776794,
30min,GRU,1,2028,train_plus_validation_fixed_epochs,17,0.46000728011131287,
30min,GRU,1,2028,train_plus_validation_fixed_epochs,18,0.4283422529697418,
30min,GRU,1,2028,train_plus_validation_fixed_epochs,19,0.3706129789352417,
30min,GRU,1,2028,train_plus_validation_fixed_epochs,20,0.37015998363494873,
30min,GRU,1,2028,train_plus_validation_fixed_epochs,21,0.3459477126598358,
30min,GRU,1,2028,train_plus_validation_fixed_epochs,22,0.36884140968322754,
30min,GRU,1,2028,train_plus_validation_fixed_epochs,23,0.3291865885257721,
30min,GRU,1,2028,train_plus_validation_fixed_epochs,24,0.36256372928619385,
30min,GRU,1,2028,train_plus_validation_fixed_epochs,25,0.38177478313446045,
30min,GRU,1,2028,train_plus_validation_fixed_epochs,26,0.31117576360702515,
30min,GRU,1,2028,train_plus_validation_fixed_epochs,27,0.31787747144699097,
30min,GRU,1,2028,train_plus_validation_fixed_epochs,28,0.3151273727416992,
30min,GRU,1,2028,train_plus_validation_fixed_epochs,29,0.3138868808746338,
30min,GRU,1,2028,train_plus_validation_fixed_epochs,30,0.33624324202537537,
30min,GRU,1,2028,train_plus_validation_fixed_epochs,31,0.3093167543411255,
30min,GRU,1,2028,train_plus_validation_fixed_epochs,32,0.28802284598350525,
30min,GRU,1,2028,train_plus_validation_fixed_epochs,33,0.2900802791118622,
30min,GRU,1,2028,train_plus_validation_fixed_epochs,34,0.2828836143016815,
30min,GRU,1,2028,train_plus_validation_fixed_epochs,35,0.2691168189048767,
30min,GRU,1,2028,train_plus_validation_fixed_epochs,36,0.2963273525238037,
30min,GRU,1,2028,train_plus_validation_fixed_epochs,37,0.2688051164150238,
30min,GRU,1,2028,train_plus_validation_fixed_epochs,38,0.29660484194755554,
30min,GRU,1,2028,train_plus_validation_fixed_epochs,39,0.28186577558517456,
30min,GRU,1,2028,train_plus_validation_fixed_epochs,40,0.26060691475868225,
30min,GRU,1,2028,train_plus_validation_fixed_epochs,41,0.2742646336555481,
30min,GRU,1,2028,train_plus_validation_fixed_epochs,42,0.3103833794593811,
30min,GRU,1,2028,train_plus_validation_fixed_epochs,43,0.25008928775787354,
30min,GRU,1,2028,train_plus_validation_fixed_epochs,44,0.274177223443985,
30min,GRU,1,2028,train_plus_validation_fixed_epochs,45,0.27275165915489197,
30min,GRU,1,2028,train_plus_validation_fixed_epochs,46,0.23672683537006378,
30min,GRU,1,2028,train_plus_validation_fixed_epochs,47,0.2739662230014801,
30min,GRU,1,2028,train_plus_validation_fixed_epochs,48,0.24109101295471191,
30min,GRU,1,2028,train_plus_validation_fixed_epochs,49,0.25939077138900757,
30min,GRU,1,2028,train_plus_validation_fixed_epochs,50,0.2500804662704468,
30min,GRU,1,2028,train_plus_validation_fixed_epochs,51,0.2462466061115265,
30min,GRU,1,2028,train_plus_validation_fixed_epochs,52,0.26623857021331787,
30min,GRU,1,2028,train_plus_validation_fixed_epochs,53,0.2487051784992218,
30min,GRU,1,2028,train_plus_validation_fixed_epochs,54,0.24462632834911346,
30min,GRU,1,2028,train_plus_validation_fixed_epochs,55,0.23383620381355286,
30min,GRU,1,2028,train_plus_validation_fixed_epochs,56,0.22501236200332642,
30min,GRU,1,2028,train_plus_validation_fixed_epochs,57,0.24034607410430908,
30min,GRU,1,2028,train_plus_validation_fixed_epochs,58,0.2350500375032425,
30min,GRU,1,2028,train_plus_validation_fixed_epochs,59,0.22447800636291504,
30min,GRU,1,2028,train_plus_validation_fixed_epochs,60,0.2210259735584259,
30min,GRU,1,2028,train_plus_validation_fixed_epochs,61,0.21957236528396606,
30min,GRU,1,2028,train_plus_validation_fixed_epochs,62,0.2135998159646988,
30min,GRU,1,2028,train_plus_validation_fixed_epochs,63,0.21077501773834229,
30min,GRU,1,2028,train_plus_validation_fixed_epochs,64,0.22933153808116913,
30min,GRU,1,2028,train_plus_validation_fixed_epochs,65,0.21379660069942474,
30min,GRU,1,2028,train_plus_validation_fixed_epochs,66,0.24006541073322296,
30min,GRU,1,2028,train_plus_validation_fixed_epochs,67,0.19661898910999298,
30min,GRU,1,2028,train_plus_validation_fixed_epochs,68,0.23219478130340576,
30min,GRU,1,2028,train_plus_validation_fixed_epochs,69,0.22454197704792023,
30min,GRU,1,2028,train_plus_validation_fixed_epochs,70,0.21070660650730133,
30min,GRU,1,2028,train_plus_validation_fixed_epochs,71,0.19493772089481354,
30min,GRU,1,2028,train_plus_validation_fixed_epochs,72,0.21168279647827148,
30min,GRU,1,2028,train_plus_validation_fixed_epochs,73,0.2089722603559494,
30min,GRU,1,2028,train_plus_validation_fixed_epochs,74,0.2192106693983078,
30min,GRU,1,2028,train_plus_validation_fixed_epochs,75,0.2019207924604416,
30min,GRU,1,2028,train_plus_validation_fixed_epochs,76,0.19607730209827423,
30min,GRU,1,2028,train_plus_validation_fixed_epochs,77,0.1963244527578354,
30min,GRU,1,2028,train_plus_validation_fixed_epochs,78,0.2001166045665741,
30min,GRU,1,2028,train_plus_validation_fixed_epochs,79,0.1973690241575241,
30min,GRU,1,2028,train_plus_validation_fixed_epochs,80,0.18648652732372284,
30min,TCN,2,2026,train_plus_validation_fixed_epochs,1,17.362226486206055,
30min,TCN,2,2026,train_plus_validation_fixed_epochs,2,6.806192398071289,
30min,TCN,2,2026,train_plus_validation_fixed_epochs,3,3.283673048019409,
30min,TCN,2,2026,train_plus_validation_fixed_epochs,4,1.9967771768569946,
30min,TCN,2,2026,train_plus_validation_fixed_epochs,5,1.4783233404159546,
30min,TCN,2,2026,train_plus_validation_fixed_epochs,6,1.2985420227050781,
30min,TCN,2,2026,train_plus_validation_fixed_epochs,7,1.211857795715332,
30min,TCN,2,2026,train_plus_validation_fixed_epochs,8,1.13511323928833,
30min,TCN,2,2026,train_plus_validation_fixed_epochs,9,1.0966943502426147,
30min,TCN,2,2026,train_plus_validation_fixed_epochs,10,1.0144871473312378,
30min,TCN,2,2026,train_plus_validation_fixed_epochs,11,1.0070147514343262,
30min,TCN,2,2026,train_plus_validation_fixed_epochs,12,0.9950771331787109,
30min,TCN,2,2026,train_plus_validation_fixed_epochs,13,0.910830020904541,
30min,TCN,2,2026,train_plus_validation_fixed_epochs,14,0.9340794086456299,
30min,TCN,2,2026,train_plus_validation_fixed_epochs,15,0.8758955597877502,
30min,TCN,2,2026,train_plus_validation_fixed_epochs,16,0.869205892086029,
30min,TCN,2,2026,train_plus_validation_fixed_epochs,17,0.8616161942481995,
30min,TCN,2,2026,train_plus_validation_fixed_epochs,18,0.8387346863746643,
30min,TCN,2,2026,train_plus_validation_fixed_epochs,19,0.8286998271942139,
30min,TCN,2,2026,train_plus_validation_fixed_epochs,20,0.8403060436248779,
30min,TCN,2,2026,train_plus_validation_fixed_epochs,21,0.8188992738723755,
30min,TCN,2,2026,train_plus_validation_fixed_epochs,22,0.783204972743988,
30min,TCN,2,2026,train_plus_validation_fixed_epochs,23,0.7671467065811157,
30min,TCN,2,2026,train_plus_validation_fixed_epochs,24,0.7645790576934814,
30min,TCN,2,2026,train_plus_validation_fixed_epochs,25,0.7386415004730225,
30min,TCN,2,2026,train_plus_validation_fixed_epochs,26,0.7637876272201538,
30min,TCN,2,2026,train_plus_validation_fixed_epochs,27,0.7173846960067749,
30min,TCN,2,2026,train_plus_validation_fixed_epochs,28,0.7245782613754272,
30min,TCN,2,2026,train_plus_validation_fixed_epochs,29,0.6892279386520386,
30min,TCN,2,2026,train_plus_validation_fixed_epochs,30,0.6817861199378967,
30min,TCN,2,2026,train_plus_validation_fixed_epochs,31,0.663210391998291,
30min,TCN,2,2026,train_plus_validation_fixed_epochs,32,0.6470372080802917,
30min,TCN,2,2026,train_plus_validation_fixed_epochs,33,0.6343092322349548,
30min,TCN,2,2026,train_plus_validation_fixed_epochs,34,0.6231858730316162,
30min,TCN,2,2026,train_plus_validation_fixed_epochs,35,0.6015012860298157,
30min,TCN,2,2026,train_plus_validation_fixed_epochs,36,0.639811098575592,
30min,TCN,2,2026,train_plus_validation_fixed_epochs,37,0.5865835547447205,
30min,TCN,2,2026,train_plus_validation_fixed_epochs,38,0.5911803245544434,
30min,TCN,2,2026,train_plus_validation_fixed_epochs,39,0.6039113402366638,
30min,TCN,2,2026,train_plus_validation_fixed_epochs,40,0.5796734690666199,
30min,TCN,2,2026,train_plus_validation_fixed_epochs,41,0.5854810476303101,
30min,TCN,2,2026,train_plus_validation_fixed_epochs,42,0.5785397291183472,
30min,TCN,2,2026,train_plus_validation_fixed_epochs,43,0.5519759654998779,
30min,TCN,2,2026,train_plus_validation_fixed_epochs,44,0.5377849340438843,
30min,TCN,2,2026,train_plus_validation_fixed_epochs,45,0.5260169506072998,
30min,TCN,2,2026,train_plus_validation_fixed_epochs,46,0.5269615650177002,
30min,TCN,2,2026,train_plus_validation_fixed_epochs,47,0.4970688819885254,
30min,TCN,2,2026,train_plus_validation_fixed_epochs,48,0.4846929609775543,
30min,TCN,2,2026,train_plus_validation_fixed_epochs,49,0.49670863151550293,
30min,TCN,2,2026,train_plus_validation_fixed_epochs,50,0.4887699782848358,
30min,TCN,2,2026,train_plus_validation_fixed_epochs,51,0.4560457170009613,
30min,TCN,2,2026,train_plus_validation_fixed_epochs,52,0.4520867168903351,
30min,TCN,2,2026,train_plus_validation_fixed_epochs,53,0.4930972158908844,
30min,TCN,2,2026,train_plus_validation_fixed_epochs,54,0.4413755536079407,
30min,TCN,2,2026,train_plus_validation_fixed_epochs,55,0.43981945514678955,
30min,TCN,2,2026,train_plus_validation_fixed_epochs,56,0.43591320514678955,
30min,TCN,2,2026,train_plus_validation_fixed_epochs,57,0.41560620069503784,
30min,TCN,2,2026,train_plus_validation_fixed_epochs,58,0.420528382062912,
30min,TCN,2,2026,train_plus_validation_fixed_epochs,59,0.4141857922077179,
30min,TCN,2,2026,train_plus_validation_fixed_epochs,60,0.40219253301620483,
30min,TCN,2,2026,train_plus_validation_fixed_epochs,61,0.4094288647174835,
30min,TCN,2,2026,train_plus_validation_fixed_epochs,62,0.408444344997406,
30min,TCN,2,2026,train_plus_validation_fixed_epochs,63,0.3952157497406006,
30min,TCN,2,2026,train_plus_validation_fixed_epochs,64,0.3875441253185272,
30min,TCN,2,2026,train_plus_validation_fixed_epochs,65,0.37863805890083313,
30min,TCN,2,2026,train_plus_validation_fixed_epochs,66,0.3692544996738434,
30min,TCN,2,2026,train_plus_validation_fixed_epochs,67,0.3934341073036194,
30min,TCN,2,2026,train_plus_validation_fixed_epochs,68,0.36451244354248047,
30min,TCN,2,2026,train_plus_validation_fixed_epochs,69,0.39007866382598877,
30min,TCN,2,2026,train_plus_validation_fixed_epochs,70,0.3617246150970459,
30min,TCN,2,2026,train_plus_validation_fixed_epochs,71,0.34775450825691223,
30min,TCN,2,2026,train_plus_validation_fixed_epochs,72,0.3741600811481476,
30min,TCN,2,2026,train_plus_validation_fixed_epochs,73,0.3897343575954437,
30min,TCN,2,2026,train_plus_validation_fixed_epochs,74,0.37835606932640076,
30min,TCN,2,2026,train_plus_validation_fixed_epochs,75,0.3552111089229584,
30min,TCN,2,2026,train_plus_validation_fixed_epochs,76,0.3314720392227173,
30min,TCN,2,2026,train_plus_validation_fixed_epochs,77,0.3365080654621124,
30min,TCN,2,2026,train_plus_validation_fixed_epochs,78,0.35908079147338867,
30min,TCN,2,2026,train_plus_validation_fixed_epochs,79,0.3407629430294037,
30min,TCN,2,2026,train_plus_validation_fixed_epochs,80,0.35576707124710083,
30min,TCN,2,2027,train_plus_validation_fixed_epochs,1,16.885665893554688,
30min,TCN,2,2027,train_plus_validation_fixed_epochs,2,4.991994857788086,
30min,TCN,2,2027,train_plus_validation_fixed_epochs,3,2.5601460933685303,
30min,TCN,2,2027,train_plus_validation_fixed_epochs,4,1.99922776222229,
30min,TCN,2,2027,train_plus_validation_fixed_epochs,5,1.7797491550445557,
30min,TCN,2,2027,train_plus_validation_fixed_epochs,6,1.665649175643921,
30min,TCN,2,2027,train_plus_validation_fixed_epochs,7,1.5128599405288696,
30min,TCN,2,2027,train_plus_validation_fixed_epochs,8,1.3160864114761353,
30min,TCN,2,2027,train_plus_validation_fixed_epochs,9,1.2198846340179443,
30min,TCN,2,2027,train_plus_validation_fixed_epochs,10,1.149050235748291,
30min,TCN,2,2027,train_plus_validation_fixed_epochs,11,1.0864558219909668,
30min,TCN,2,2027,train_plus_validation_fixed_epochs,12,1.02346670627594,
30min,TCN,2,2027,train_plus_validation_fixed_epochs,13,1.0120482444763184,
30min,TCN,2,2027,train_plus_validation_fixed_epochs,14,0.9570848345756531,
30min,TCN,2,2027,train_plus_validation_fixed_epochs,15,0.9368637204170227,
30min,TCN,2,2027,train_plus_validation_fixed_epochs,16,0.9618663787841797,
30min,TCN,2,2027,train_plus_validation_fixed_epochs,17,0.9246878027915955,
30min,TCN,2,2027,train_plus_validation_fixed_epochs,18,0.9137979745864868,
30min,TCN,2,2027,train_plus_validation_fixed_epochs,19,0.8848803639411926,
30min,TCN,2,2027,train_plus_validation_fixed_epochs,20,0.8794575929641724,
30min,TCN,2,2027,train_plus_validation_fixed_epochs,21,0.8620515465736389,
30min,TCN,2,2027,train_plus_validation_fixed_epochs,22,0.8162804245948792,
30min,TCN,2,2027,train_plus_validation_fixed_epochs,23,0.8270358443260193,
30min,TCN,2,2027,train_plus_validation_fixed_epochs,24,0.8114091753959656,
30min,TCN,2,2027,train_plus_validation_fixed_epochs,25,0.8188043832778931,
30min,TCN,2,2027,train_plus_validation_fixed_epochs,26,0.7821064591407776,
30min,TCN,2,2027,train_plus_validation_fixed_epochs,27,0.7690820693969727,
30min,TCN,2,2027,train_plus_validation_fixed_epochs,28,0.761305034160614,
30min,TCN,2,2027,train_plus_validation_fixed_epochs,29,0.7539377808570862,
30min,TCN,2,2027,train_plus_validation_fixed_epochs,30,0.7421754598617554,
30min,TCN,2,2027,train_plus_validation_fixed_epochs,31,0.7099406123161316,
30min,TCN,2,2027,train_plus_validation_fixed_epochs,32,0.7194452285766602,
30min,TCN,2,2027,train_plus_validation_fixed_epochs,33,0.7051222920417786,
30min,TCN,2,2027,train_plus_validation_fixed_epochs,34,0.6842405796051025,
30min,TCN,2,2027,train_plus_validation_fixed_epochs,35,0.6840048432350159,
30min,TCN,2,2027,train_plus_validation_fixed_epochs,36,0.6602523922920227,
30min,TCN,2,2027,train_plus_validation_fixed_epochs,37,0.6624355912208557,
30min,TCN,2,2027,train_plus_validation_fixed_epochs,38,0.6272040009498596,
30min,TCN,2,2027,train_plus_validation_fixed_epochs,39,0.6253116130828857,
30min,TCN,2,2027,train_plus_validation_fixed_epochs,40,0.6048374176025391,
30min,TCN,2,2027,train_plus_validation_fixed_epochs,41,0.5900975465774536,
30min,TCN,2,2027,train_plus_validation_fixed_epochs,42,0.571142315864563,
30min,TCN,2,2027,train_plus_validation_fixed_epochs,43,0.5739446878433228,
30min,TCN,2,2027,train_plus_validation_fixed_epochs,44,0.562649130821228,
30min,TCN,2,2027,train_plus_validation_fixed_epochs,45,0.558116614818573,
30min,TCN,2,2027,train_plus_validation_fixed_epochs,46,0.5582804083824158,
30min,TCN,2,2027,train_plus_validation_fixed_epochs,47,0.5121371746063232,
30min,TCN,2,2027,train_plus_validation_fixed_epochs,48,0.53353351354599,
30min,TCN,2,2027,train_plus_validation_fixed_epochs,49,0.5282314419746399,
30min,TCN,2,2027,train_plus_validation_fixed_epochs,50,0.4903620779514313,
30min,TCN,2,2027,train_plus_validation_fixed_epochs,51,0.486680805683136,
30min,TCN,2,2027,train_plus_validation_fixed_epochs,52,0.5044957995414734,
30min,TCN,2,2027,train_plus_validation_fixed_epochs,53,0.4845055639743805,
30min,TCN,2,2027,train_plus_validation_fixed_epochs,54,0.4832940399646759,
30min,TCN,2,2027,train_plus_validation_fixed_epochs,55,0.45171090960502625,
30min,TCN,2,2027,train_plus_validation_fixed_epochs,56,0.46061432361602783,
30min,TCN,2,2027,train_plus_validation_fixed_epochs,57,0.4495369791984558,
30min,TCN,2,2027,train_plus_validation_fixed_epochs,58,0.4436909258365631,
30min,TCN,2,2027,train_plus_validation_fixed_epochs,59,0.44991829991340637,
30min,TCN,2,2027,train_plus_validation_fixed_epochs,60,0.4395350217819214,
30min,TCN,2,2027,train_plus_validation_fixed_epochs,61,0.4441549777984619,
30min,TCN,2,2027,train_plus_validation_fixed_epochs,62,0.4131854176521301,
30min,TCN,2,2027,train_plus_validation_fixed_epochs,63,0.4189121425151825,
30min,TCN,2,2027,train_plus_validation_fixed_epochs,64,0.4157858192920685,
30min,TCN,2,2027,train_plus_validation_fixed_epochs,65,0.3876538872718811,
30min,TCN,2,2027,train_plus_validation_fixed_epochs,66,0.402723103761673,
30min,TCN,2,2027,train_plus_validation_fixed_epochs,67,0.4183094799518585,
30min,TCN,2,2027,train_plus_validation_fixed_epochs,68,0.40011563897132874,
30min,TCN,2,2027,train_plus_validation_fixed_epochs,69,0.37430527806282043,
30min,TCN,2,2027,train_plus_validation_fixed_epochs,70,0.36777061223983765,
30min,TCN,2,2027,train_plus_validation_fixed_epochs,71,0.368463397026062,
30min,TCN,2,2027,train_plus_validation_fixed_epochs,72,0.3624922037124634,
30min,TCN,2,2027,train_plus_validation_fixed_epochs,73,0.36743971705436707,
30min,TCN,2,2027,train_plus_validation_fixed_epochs,74,0.3799017369747162,
30min,TCN,2,2027,train_plus_validation_fixed_epochs,75,0.3423488140106201,
30min,TCN,2,2027,train_plus_validation_fixed_epochs,76,0.3513426184654236,
30min,TCN,2,2027,train_plus_validation_fixed_epochs,77,0.377081960439682,
30min,TCN,2,2027,train_plus_validation_fixed_epochs,78,0.34194982051849365,
30min,TCN,2,2027,train_plus_validation_fixed_epochs,79,0.35394734144210815,
30min,TCN,2,2027,train_plus_validation_fixed_epochs,80,0.36409276723861694,
30min,TCN,2,2028,train_plus_validation_fixed_epochs,1,4.670660018920898,
30min,TCN,2,2028,train_plus_validation_fixed_epochs,2,2.476231336593628,
30min,TCN,2,2028,train_plus_validation_fixed_epochs,3,1.722338080406189,
30min,TCN,2,2028,train_plus_validation_fixed_epochs,4,1.3744816780090332,
30min,TCN,2,2028,train_plus_validation_fixed_epochs,5,1.3315156698226929,
30min,TCN,2,2028,train_plus_validation_fixed_epochs,6,1.2555646896362305,
30min,TCN,2,2028,train_plus_validation_fixed_epochs,7,1.1328760385513306,
30min,TCN,2,2028,train_plus_validation_fixed_epochs,8,1.049599051475525,
30min,TCN,2,2028,train_plus_validation_fixed_epochs,9,1.012374758720398,
30min,TCN,2,2028,train_plus_validation_fixed_epochs,10,0.9959591031074524,
30min,TCN,2,2028,train_plus_validation_fixed_epochs,11,0.9720080494880676,
30min,TCN,2,2028,train_plus_validation_fixed_epochs,12,0.9392553567886353,
30min,TCN,2,2028,train_plus_validation_fixed_epochs,13,0.9103768467903137,
30min,TCN,2,2028,train_plus_validation_fixed_epochs,14,0.8912515044212341,
30min,TCN,2,2028,train_plus_validation_fixed_epochs,15,0.8981505632400513,
30min,TCN,2,2028,train_plus_validation_fixed_epochs,16,0.8612715601921082,
30min,TCN,2,2028,train_plus_validation_fixed_epochs,17,0.8446312546730042,
30min,TCN,2,2028,train_plus_validation_fixed_epochs,18,0.8429372906684875,
30min,TCN,2,2028,train_plus_validation_fixed_epochs,19,0.8027743101119995,
30min,TCN,2,2028,train_plus_validation_fixed_epochs,20,0.8009073138237,
30min,TCN,2,2028,train_plus_validation_fixed_epochs,21,0.7710636258125305,
30min,TCN,2,2028,train_plus_validation_fixed_epochs,22,0.7590899467468262,
30min,TCN,2,2028,train_plus_validation_fixed_epochs,23,0.728304386138916,
30min,TCN,2,2028,train_plus_validation_fixed_epochs,24,0.7169740200042725,
30min,TCN,2,2028,train_plus_validation_fixed_epochs,25,0.6709628105163574,
30min,TCN,2,2028,train_plus_validation_fixed_epochs,26,0.6640824675559998,
30min,TCN,2,2028,train_plus_validation_fixed_epochs,27,0.6401067972183228,
30min,TCN,2,2028,train_plus_validation_fixed_epochs,28,0.6139758229255676,
30min,TCN,2,2028,train_plus_validation_fixed_epochs,29,0.576710045337677,
30min,TCN,2,2028,train_plus_validation_fixed_epochs,30,0.5491352677345276,
30min,TCN,2,2028,train_plus_validation_fixed_epochs,31,0.543430745601654,
30min,TCN,2,2028,train_plus_validation_fixed_epochs,32,0.5246857404708862,
30min,TCN,2,2028,train_plus_validation_fixed_epochs,33,0.5070842504501343,
30min,TCN,2,2028,train_plus_validation_fixed_epochs,34,0.4939727187156677,
30min,TCN,2,2028,train_plus_validation_fixed_epochs,35,0.48134303092956543,
30min,TCN,2,2028,train_plus_validation_fixed_epochs,36,0.47293922305107117,
30min,TCN,2,2028,train_plus_validation_fixed_epochs,37,0.4633879065513611,
30min,TCN,2,2028,train_plus_validation_fixed_epochs,38,0.44031110405921936,
30min,TCN,2,2028,train_plus_validation_fixed_epochs,39,0.42173197865486145,
30min,TCN,2,2028,train_plus_validation_fixed_epochs,40,0.41525766253471375,
30min,TCN,2,2028,train_plus_validation_fixed_epochs,41,0.40387284755706787,
30min,TCN,2,2028,train_plus_validation_fixed_epochs,42,0.4105428159236908,
30min,TCN,2,2028,train_plus_validation_fixed_epochs,43,0.4034328758716583,
30min,TCN,2,2028,train_plus_validation_fixed_epochs,44,0.38046982884407043,
30min,TCN,2,2028,train_plus_validation_fixed_epochs,45,0.3695601224899292,
30min,TCN,2,2028,train_plus_validation_fixed_epochs,46,0.36606109142303467,
30min,TCN,2,2028,train_plus_validation_fixed_epochs,47,0.3426991403102875,
30min,TCN,2,2028,train_plus_validation_fixed_epochs,48,0.33973878622055054,
30min,TCN,2,2028,train_plus_validation_fixed_epochs,49,0.34896689653396606,
30min,TCN,2,2028,train_plus_validation_fixed_epochs,50,0.3393138349056244,
30min,TCN,2,2028,train_plus_validation_fixed_epochs,51,0.3339737057685852,
30min,TCN,2,2028,train_plus_validation_fixed_epochs,52,0.33766990900039673,
30min,TCN,2,2028,train_plus_validation_fixed_epochs,53,0.3119800388813019,
30min,TCN,2,2028,train_plus_validation_fixed_epochs,54,0.30937910079956055,
30min,TCN,2,2028,train_plus_validation_fixed_epochs,55,0.3318522870540619,
30min,TCN,2,2028,train_plus_validation_fixed_epochs,56,0.2968502640724182,
30min,TCN,2,2028,train_plus_validation_fixed_epochs,57,0.29414647817611694,
30min,TCN,2,2028,train_plus_validation_fixed_epochs,58,0.2886214852333069,
30min,TCN,2,2028,train_plus_validation_fixed_epochs,59,0.28969821333885193,
30min,TCN,2,2028,train_plus_validation_fixed_epochs,60,0.2969115972518921,
30min,TCN,2,2028,train_plus_validation_fixed_epochs,61,0.2715616524219513,
30min,TCN,2,2028,train_plus_validation_fixed_epochs,62,0.27645087242126465,
30min,TCN,2,2028,train_plus_validation_fixed_epochs,63,0.2676171064376831,
30min,TCN,2,2028,train_plus_validation_fixed_epochs,64,0.270598441362381,
30min,TCN,2,2028,train_plus_validation_fixed_epochs,65,0.27607429027557373,
30min,TCN,2,2028,train_plus_validation_fixed_epochs,66,0.2765462100505829,
30min,TCN,2,2028,train_plus_validation_fixed_epochs,67,0.2663341760635376,
30min,TCN,2,2028,train_plus_validation_fixed_epochs,68,0.24259589612483978,
30min,TCN,2,2028,train_plus_validation_fixed_epochs,69,0.2759460210800171,
30min,TCN,2,2028,train_plus_validation_fixed_epochs,70,0.24596302211284637,
30min,TCN,2,2028,train_plus_validation_fixed_epochs,71,0.24252945184707642,
30min,TCN,2,2028,train_plus_validation_fixed_epochs,72,0.25836509466171265,
30min,TCN,2,2028,train_plus_validation_fixed_epochs,73,0.22594963014125824,
30min,TCN,2,2028,train_plus_validation_fixed_epochs,74,0.2553427815437317,
30min,TCN,2,2028,train_plus_validation_fixed_epochs,75,0.24315866827964783,
30min,TCN,2,2028,train_plus_validation_fixed_epochs,76,0.2507922947406769,
30min,TCN,2,2028,train_plus_validation_fixed_epochs,77,0.22936081886291504,
30min,TCN,2,2028,train_plus_validation_fixed_epochs,78,0.24735334515571594,
30min,TCN,2,2028,train_plus_validation_fixed_epochs,79,0.24060729146003723,
30min,TCN,2,2028,train_plus_validation_fixed_epochs,80,0.21672827005386353,
60min,MLP,2,2026,train_plus_validation_fixed_epochs,1,2.1067869663238525,
60min,MLP,2,2026,train_plus_validation_fixed_epochs,2,1.5968468189239502,
60min,MLP,2,2026,train_plus_validation_fixed_epochs,3,1.545249342918396,
60min,MLP,2,2026,train_plus_validation_fixed_epochs,4,1.1632171869277954,
60min,MLP,2,2026,train_plus_validation_fixed_epochs,5,1.07526433467865,
60min,MLP,2,2026,train_plus_validation_fixed_epochs,6,0.9220106601715088,
60min,MLP,2,2026,train_plus_validation_fixed_epochs,7,0.7956975698471069,
60min,MLP,2,2026,train_plus_validation_fixed_epochs,8,0.7670421004295349,
60min,MLP,2,2026,train_plus_validation_fixed_epochs,9,0.6674251556396484,
60min,MLP,2,2026,train_plus_validation_fixed_epochs,10,0.629245400428772,
60min,MLP,2,2026,train_plus_validation_fixed_epochs,11,0.5903651118278503,
60min,MLP,2,2026,train_plus_validation_fixed_epochs,12,0.5504370927810669,
60min,MLP,2,2026,train_plus_validation_fixed_epochs,13,0.4719429314136505,
60min,MLP,2,2026,train_plus_validation_fixed_epochs,14,0.4660831093788147,
60min,MLP,2,2026,train_plus_validation_fixed_epochs,15,0.4924860894680023,
60min,MLP,2,2026,train_plus_validation_fixed_epochs,16,0.47275978326797485,
60min,MLP,2,2026,train_plus_validation_fixed_epochs,17,0.46264806389808655,
60min,MLP,2,2026,train_plus_validation_fixed_epochs,18,0.43338221311569214,
60min,MLP,2,2026,train_plus_validation_fixed_epochs,19,0.4308038055896759,
60min,MLP,2,2026,train_plus_validation_fixed_epochs,20,0.41483768820762634,
60min,MLP,2,2026,train_plus_validation_fixed_epochs,21,0.37794244289398193,
60min,MLP,2,2026,train_plus_validation_fixed_epochs,22,0.3599964678287506,
60min,MLP,2,2026,train_plus_validation_fixed_epochs,23,0.33739060163497925,
60min,MLP,2,2026,train_plus_validation_fixed_epochs,24,0.3744319677352905,
60min,MLP,2,2026,train_plus_validation_fixed_epochs,25,0.3348808288574219,
60min,MLP,2,2026,train_plus_validation_fixed_epochs,26,0.34598854184150696,
60min,MLP,2,2026,train_plus_validation_fixed_epochs,27,0.3132302761077881,
60min,MLP,2,2026,train_plus_validation_fixed_epochs,28,0.3079712390899658,
60min,MLP,2,2026,train_plus_validation_fixed_epochs,29,0.30482009053230286,
60min,MLP,2,2026,train_plus_validation_fixed_epochs,30,0.31298863887786865,
60min,MLP,2,2026,train_plus_validation_fixed_epochs,31,0.2926798164844513,
60min,MLP,2,2026,train_plus_validation_fixed_epochs,32,0.28733620047569275,
60min,MLP,2,2026,train_plus_validation_fixed_epochs,33,0.29226988554000854,
60min,MLP,2,2026,train_plus_validation_fixed_epochs,34,0.2897944748401642,
60min,MLP,2,2026,train_plus_validation_fixed_epochs,35,0.274231880903244,
60min,MLP,2,2026,train_plus_validation_fixed_epochs,36,0.26373526453971863,
60min,MLP,2,2026,train_plus_validation_fixed_epochs,37,0.26873964071273804,
60min,MLP,2,2026,train_plus_validation_fixed_epochs,38,0.2602315843105316,
60min,MLP,2,2026,train_plus_validation_fixed_epochs,39,0.2283136248588562,
60min,MLP,2,2026,train_plus_validation_fixed_epochs,40,0.26034367084503174,
60min,MLP,2,2026,train_plus_validation_fixed_epochs,41,0.26502469182014465,
60min,MLP,2,2026,train_plus_validation_fixed_epochs,42,0.25925213098526,
60min,MLP,2,2026,train_plus_validation_fixed_epochs,43,0.24726079404354095,
60min,MLP,2,2026,train_plus_validation_fixed_epochs,44,0.24376755952835083,
60min,MLP,2,2026,train_plus_validation_fixed_epochs,45,0.23629644513130188,
60min,MLP,2,2026,train_plus_validation_fixed_epochs,46,0.2391756922006607,
60min,MLP,2,2026,train_plus_validation_fixed_epochs,47,0.22767339646816254,
60min,MLP,2,2026,train_plus_validation_fixed_epochs,48,0.23296722769737244,
60min,MLP,2,2026,train_plus_validation_fixed_epochs,49,0.22837582230567932,
60min,MLP,2,2026,train_plus_validation_fixed_epochs,50,0.22525539994239807,
60min,MLP,2,2026,train_plus_validation_fixed_epochs,51,0.227121502161026,
60min,MLP,2,2026,train_plus_validation_fixed_epochs,52,0.2207653969526291,
60min,MLP,2,2026,train_plus_validation_fixed_epochs,53,0.23520547151565552,
60min,MLP,2,2026,train_plus_validation_fixed_epochs,54,0.22501157224178314,
60min,MLP,2,2026,train_plus_validation_fixed_epochs,55,0.22555255889892578,
60min,MLP,2,2026,train_plus_validation_fixed_epochs,56,0.20367757976055145,
60min,MLP,2,2026,train_plus_validation_fixed_epochs,57,0.2184343934059143,
60min,MLP,2,2026,train_plus_validation_fixed_epochs,58,0.21489915251731873,
60min,MLP,2,2026,train_plus_validation_fixed_epochs,59,0.21848875284194946,
60min,MLP,2,2026,train_plus_validation_fixed_epochs,60,0.20497533679008484,
60min,MLP,2,2026,train_plus_validation_fixed_epochs,61,0.21646183729171753,
60min,MLP,2,2026,train_plus_validation_fixed_epochs,62,0.19307594001293182,
60min,MLP,2,2026,train_plus_validation_fixed_epochs,63,0.20360387861728668,
60min,MLP,2,2026,train_plus_validation_fixed_epochs,64,0.19351866841316223,
60min,MLP,2,2026,train_plus_validation_fixed_epochs,65,0.2072739154100418,
60min,MLP,2,2026,train_plus_validation_fixed_epochs,66,0.2029176950454712,
60min,MLP,2,2027,train_plus_validation_fixed_epochs,1,1.9026445150375366,
60min,MLP,2,2027,train_plus_validation_fixed_epochs,2,1.618160605430603,
60min,MLP,2,2027,train_plus_validation_fixed_epochs,3,1.2883189916610718,
60min,MLP,2,2027,train_plus_validation_fixed_epochs,4,1.1485531330108643,
60min,MLP,2,2027,train_plus_validation_fixed_epochs,5,0.9793856143951416,
60min,MLP,2,2027,train_plus_validation_fixed_epochs,6,0.90494304895401,
60min,MLP,2,2027,train_plus_validation_fixed_epochs,7,0.7946299314498901,
60min,MLP,2,2027,train_plus_validation_fixed_epochs,8,0.6512495875358582,
60min,MLP,2,2027,train_plus_validation_fixed_epochs,9,0.6184890866279602,
60min,MLP,2,2027,train_plus_validation_fixed_epochs,10,0.6324195861816406,
60min,MLP,2,2027,train_plus_validation_fixed_epochs,11,0.6047241687774658,
60min,MLP,2,2027,train_plus_validation_fixed_epochs,12,0.5429879426956177,
60min,MLP,2,2027,train_plus_validation_fixed_epochs,13,0.5166903734207153,
60min,MLP,2,2027,train_plus_validation_fixed_epochs,14,0.5201575756072998,
60min,MLP,2,2027,train_plus_validation_fixed_epochs,15,0.47799816727638245,
60min,MLP,2,2027,train_plus_validation_fixed_epochs,16,0.4855594336986542,
60min,MLP,2,2027,train_plus_validation_fixed_epochs,17,0.4366452693939209,
60min,MLP,2,2027,train_plus_validation_fixed_epochs,18,0.43554994463920593,
60min,MLP,2,2027,train_plus_validation_fixed_epochs,19,0.41714712977409363,
60min,MLP,2,2027,train_plus_validation_fixed_epochs,20,0.4113754630088806,
60min,MLP,2,2027,train_plus_validation_fixed_epochs,21,0.37734007835388184,
60min,MLP,2,2027,train_plus_validation_fixed_epochs,22,0.3863646984100342,
60min,MLP,2,2027,train_plus_validation_fixed_epochs,23,0.3540823459625244,
60min,MLP,2,2027,train_plus_validation_fixed_epochs,24,0.3193095326423645,
60min,MLP,2,2027,train_plus_validation_fixed_epochs,25,0.3526977300643921,
60min,MLP,2,2027,train_plus_validation_fixed_epochs,26,0.3637714385986328,
60min,MLP,2,2027,train_plus_validation_fixed_epochs,27,0.30956560373306274,
60min,MLP,2,2027,train_plus_validation_fixed_epochs,28,0.31720492243766785,
60min,MLP,2,2027,train_plus_validation_fixed_epochs,29,0.2867167294025421,
60min,MLP,2,2027,train_plus_validation_fixed_epochs,30,0.2851526141166687,
60min,MLP,2,2027,train_plus_validation_fixed_epochs,31,0.27873656153678894,
60min,MLP,2,2027,train_plus_validation_fixed_epochs,32,0.3056233823299408,
60min,MLP,2,2027,train_plus_validation_fixed_epochs,33,0.27700626850128174,
60min,MLP,2,2027,train_plus_validation_fixed_epochs,34,0.27351218461990356,
60min,MLP,2,2027,train_plus_validation_fixed_epochs,35,0.25193262100219727,
60min,MLP,2,2027,train_plus_validation_fixed_epochs,36,0.2825799584388733,
60min,MLP,2,2027,train_plus_validation_fixed_epochs,37,0.259832501411438,
60min,MLP,2,2027,train_plus_validation_fixed_epochs,38,0.24077804386615753,
60min,MLP,2,2027,train_plus_validation_fixed_epochs,39,0.2450312376022339,
60min,MLP,2,2027,train_plus_validation_fixed_epochs,40,0.2620640993118286,
60min,MLP,2,2027,train_plus_validation_fixed_epochs,41,0.27670976519584656,
60min,MLP,2,2027,train_plus_validation_fixed_epochs,42,0.2542210817337036,
60min,MLP,2,2027,train_plus_validation_fixed_epochs,43,0.2521915137767792,
60min,MLP,2,2027,train_plus_validation_fixed_epochs,44,0.2606087923049927,
60min,MLP,2,2027,train_plus_validation_fixed_epochs,45,0.2500452995300293,
60min,MLP,2,2027,train_plus_validation_fixed_epochs,46,0.2391347885131836,
60min,MLP,2,2027,train_plus_validation_fixed_epochs,47,0.2295910269021988,
60min,MLP,2,2027,train_plus_validation_fixed_epochs,48,0.20000098645687103,
60min,MLP,2,2027,train_plus_validation_fixed_epochs,49,0.2327652871608734,
60min,MLP,2,2027,train_plus_validation_fixed_epochs,50,0.2348015457391739,
60min,MLP,2,2027,train_plus_validation_fixed_epochs,51,0.20627425611019135,
60min,MLP,2,2027,train_plus_validation_fixed_epochs,52,0.20124641060829163,
60min,MLP,2,2027,train_plus_validation_fixed_epochs,53,0.2180320918560028,
60min,MLP,2,2027,train_plus_validation_fixed_epochs,54,0.2221556305885315,
60min,MLP,2,2027,train_plus_validation_fixed_epochs,55,0.21040645241737366,
60min,MLP,2,2027,train_plus_validation_fixed_epochs,56,0.20810672640800476,
60min,MLP,2,2027,train_plus_validation_fixed_epochs,57,0.19942985475063324,
60min,MLP,2,2027,train_plus_validation_fixed_epochs,58,0.2161024808883667,
60min,MLP,2,2027,train_plus_validation_fixed_epochs,59,0.20992830395698547,
60min,MLP,2,2027,train_plus_validation_fixed_epochs,60,0.2279193252325058,
60min,MLP,2,2027,train_plus_validation_fixed_epochs,61,0.20300829410552979,
60min,MLP,2,2027,train_plus_validation_fixed_epochs,62,0.21121524274349213,
60min,MLP,2,2027,train_plus_validation_fixed_epochs,63,0.19870053231716156,
60min,MLP,2,2027,train_plus_validation_fixed_epochs,64,0.2044641077518463,
60min,MLP,2,2027,train_plus_validation_fixed_epochs,65,0.18474255502223969,
60min,MLP,2,2027,train_plus_validation_fixed_epochs,66,0.19034604728221893,
60min,MLP,2,2028,train_plus_validation_fixed_epochs,1,1.7936207056045532,
60min,MLP,2,2028,train_plus_validation_fixed_epochs,2,1.600538969039917,
60min,MLP,2,2028,train_plus_validation_fixed_epochs,3,1.4052613973617554,
60min,MLP,2,2028,train_plus_validation_fixed_epochs,4,1.1824462413787842,
60min,MLP,2,2028,train_plus_validation_fixed_epochs,5,1.0128536224365234,
60min,MLP,2,2028,train_plus_validation_fixed_epochs,6,0.9606919884681702,
60min,MLP,2,2028,train_plus_validation_fixed_epochs,7,0.828147292137146,
60min,MLP,2,2028,train_plus_validation_fixed_epochs,8,0.7342692017555237,
60min,MLP,2,2028,train_plus_validation_fixed_epochs,9,0.6878455877304077,
60min,MLP,2,2028,train_plus_validation_fixed_epochs,10,0.6584859490394592,
60min,MLP,2,2028,train_plus_validation_fixed_epochs,11,0.6061244010925293,
60min,MLP,2,2028,train_plus_validation_fixed_epochs,12,0.5860877633094788,
60min,MLP,2,2028,train_plus_validation_fixed_epochs,13,0.5283569693565369,
60min,MLP,2,2028,train_plus_validation_fixed_epochs,14,0.5187819600105286,
60min,MLP,2,2028,train_plus_validation_fixed_epochs,15,0.5381457805633545,
60min,MLP,2,2028,train_plus_validation_fixed_epochs,16,0.46925607323646545,
60min,MLP,2,2028,train_plus_validation_fixed_epochs,17,0.4519367218017578,
60min,MLP,2,2028,train_plus_validation_fixed_epochs,18,0.4621981382369995,
60min,MLP,2,2028,train_plus_validation_fixed_epochs,19,0.43983757495880127,
60min,MLP,2,2028,train_plus_validation_fixed_epochs,20,0.3937923014163971,
60min,MLP,2,2028,train_plus_validation_fixed_epochs,21,0.4003521800041199,
60min,MLP,2,2028,train_plus_validation_fixed_epochs,22,0.3735019266605377,
60min,MLP,2,2028,train_plus_validation_fixed_epochs,23,0.3797430694103241,
60min,MLP,2,2028,train_plus_validation_fixed_epochs,24,0.37448781728744507,
60min,MLP,2,2028,train_plus_validation_fixed_epochs,25,0.362543523311615,
60min,MLP,2,2028,train_plus_validation_fixed_epochs,26,0.32938098907470703,
60min,MLP,2,2028,train_plus_validation_fixed_epochs,27,0.3164481520652771,
60min,MLP,2,2028,train_plus_validation_fixed_epochs,28,0.3463798761367798,
60min,MLP,2,2028,train_plus_validation_fixed_epochs,29,0.31989189982414246,
60min,MLP,2,2028,train_plus_validation_fixed_epochs,30,0.27847281098365784,
60min,MLP,2,2028,train_plus_validation_fixed_epochs,31,0.35333898663520813,
60min,MLP,2,2028,train_plus_validation_fixed_epochs,32,0.31601759791374207,
60min,MLP,2,2028,train_plus_validation_fixed_epochs,33,0.31536582112312317,
60min,MLP,2,2028,train_plus_validation_fixed_epochs,34,0.3023627996444702,
60min,MLP,2,2028,train_plus_validation_fixed_epochs,35,0.2730858325958252,
60min,MLP,2,2028,train_plus_validation_fixed_epochs,36,0.29466351866722107,
60min,MLP,2,2028,train_plus_validation_fixed_epochs,37,0.2790018618106842,
60min,MLP,2,2028,train_plus_validation_fixed_epochs,38,0.24168503284454346,
60min,MLP,2,2028,train_plus_validation_fixed_epochs,39,0.2736252546310425,
60min,MLP,2,2028,train_plus_validation_fixed_epochs,40,0.26763516664505005,
60min,MLP,2,2028,train_plus_validation_fixed_epochs,41,0.26937928795814514,
60min,MLP,2,2028,train_plus_validation_fixed_epochs,42,0.26385974884033203,
60min,MLP,2,2028,train_plus_validation_fixed_epochs,43,0.256792813539505,
60min,MLP,2,2028,train_plus_validation_fixed_epochs,44,0.25382107496261597,
60min,MLP,2,2028,train_plus_validation_fixed_epochs,45,0.2681116461753845,
60min,MLP,2,2028,train_plus_validation_fixed_epochs,46,0.2379237413406372,
60min,MLP,2,2028,train_plus_validation_fixed_epochs,47,0.24572773277759552,
60min,MLP,2,2028,train_plus_validation_fixed_epochs,48,0.230233296751976,
60min,MLP,2,2028,train_plus_validation_fixed_epochs,49,0.2655726373195648,
60min,MLP,2,2028,train_plus_validation_fixed_epochs,50,0.235233336687088,
60min,MLP,2,2028,train_plus_validation_fixed_epochs,51,0.24671384692192078,
60min,MLP,2,2028,train_plus_validation_fixed_epochs,52,0.22679804265499115,
60min,MLP,2,2028,train_plus_validation_fixed_epochs,53,0.22696223855018616,
60min,MLP,2,2028,train_plus_validation_fixed_epochs,54,0.2102651447057724,
60min,MLP,2,2028,train_plus_validation_fixed_epochs,55,0.22266994416713715,
60min,MLP,2,2028,train_plus_validation_fixed_epochs,56,0.22898657619953156,
60min,MLP,2,2028,train_plus_validation_fixed_epochs,57,0.233422189950943,
60min,MLP,2,2028,train_plus_validation_fixed_epochs,58,0.22943583130836487,
60min,MLP,2,2028,train_plus_validation_fixed_epochs,59,0.21568544209003448,
60min,MLP,2,2028,train_plus_validation_fixed_epochs,60,0.22275961935520172,
60min,MLP,2,2028,train_plus_validation_fixed_epochs,61,0.22548459470272064,
60min,MLP,2,2028,train_plus_validation_fixed_epochs,62,0.2203603833913803,
60min,MLP,2,2028,train_plus_validation_fixed_epochs,63,0.21682710945606232,
60min,MLP,2,2028,train_plus_validation_fixed_epochs,64,0.2158176600933075,
60min,MLP,2,2028,train_plus_validation_fixed_epochs,65,0.20903004705905914,
60min,MLP,2,2028,train_plus_validation_fixed_epochs,66,0.1999853402376175,
60min,LSTM,1,2026,train_plus_validation_fixed_epochs,1,1.0451112985610962,
60min,LSTM,1,2026,train_plus_validation_fixed_epochs,2,1.0263632535934448,
60min,LSTM,1,2026,train_plus_validation_fixed_epochs,3,1.0076813697814941,
60min,LSTM,1,2026,train_plus_validation_fixed_epochs,4,0.977340817451477,
60min,LSTM,1,2026,train_plus_validation_fixed_epochs,5,0.9539922475814819,
60min,LSTM,1,2026,train_plus_validation_fixed_epochs,6,0.9410514831542969,
60min,LSTM,1,2026,train_plus_validation_fixed_epochs,7,0.9314607381820679,
60min,LSTM,1,2026,train_plus_validation_fixed_epochs,8,0.8904550671577454,
60min,LSTM,1,2026,train_plus_validation_fixed_epochs,9,0.872725248336792,
60min,LSTM,1,2026,train_plus_validation_fixed_epochs,10,0.8567259311676025,
60min,LSTM,1,2026,train_plus_validation_fixed_epochs,11,0.8477213978767395,
60min,LSTM,1,2026,train_plus_validation_fixed_epochs,12,0.845333456993103,
60min,LSTM,1,2026,train_plus_validation_fixed_epochs,13,0.8141239881515503,
60min,LSTM,1,2026,train_plus_validation_fixed_epochs,14,0.8144504427909851,
60min,LSTM,1,2026,train_plus_validation_fixed_epochs,15,0.7970072031021118,
60min,LSTM,1,2026,train_plus_validation_fixed_epochs,16,0.7984340786933899,
60min,LSTM,1,2026,train_plus_validation_fixed_epochs,17,0.7969328165054321,
60min,LSTM,1,2026,train_plus_validation_fixed_epochs,18,0.7396253943443298,
60min,LSTM,1,2026,train_plus_validation_fixed_epochs,19,0.7423781156539917,
60min,LSTM,1,2026,train_plus_validation_fixed_epochs,20,0.741334855556488,
60min,LSTM,1,2026,train_plus_validation_fixed_epochs,21,0.6895948648452759,
60min,LSTM,1,2026,train_plus_validation_fixed_epochs,22,0.7071006894111633,
60min,LSTM,1,2026,train_plus_validation_fixed_epochs,23,0.7005518078804016,
60min,LSTM,1,2026,train_plus_validation_fixed_epochs,24,0.6697831749916077,
60min,LSTM,1,2026,train_plus_validation_fixed_epochs,25,0.670149028301239,
60min,LSTM,1,2026,train_plus_validation_fixed_epochs,26,0.6180948615074158,
60min,LSTM,1,2026,train_plus_validation_fixed_epochs,27,0.6051536798477173,
60min,LSTM,1,2026,train_plus_validation_fixed_epochs,28,0.6075252294540405,
60min,LSTM,1,2026,train_plus_validation_fixed_epochs,29,0.589698076248169,
60min,LSTM,1,2026,train_plus_validation_fixed_epochs,30,0.6070918440818787,
60min,LSTM,1,2026,train_plus_validation_fixed_epochs,31,0.557918906211853,
60min,LSTM,1,2026,train_plus_validation_fixed_epochs,32,0.5916138291358948,
60min,LSTM,1,2026,train_plus_validation_fixed_epochs,33,0.5290191173553467,
60min,LSTM,1,2026,train_plus_validation_fixed_epochs,34,0.5490677356719971,
60min,LSTM,1,2026,train_plus_validation_fixed_epochs,35,0.5325543880462646,
60min,LSTM,1,2026,train_plus_validation_fixed_epochs,36,0.4716529846191406,
60min,LSTM,1,2026,train_plus_validation_fixed_epochs,37,0.46172407269477844,
60min,LSTM,1,2026,train_plus_validation_fixed_epochs,38,0.43444687128067017,
60min,LSTM,1,2026,train_plus_validation_fixed_epochs,39,0.47182390093803406,
60min,LSTM,1,2026,train_plus_validation_fixed_epochs,40,0.44470110535621643,
60min,LSTM,1,2026,train_plus_validation_fixed_epochs,41,0.443755567073822,
60min,LSTM,1,2026,train_plus_validation_fixed_epochs,42,0.397849977016449,
60min,LSTM,1,2026,train_plus_validation_fixed_epochs,43,0.4174667000770569,
60min,LSTM,1,2026,train_plus_validation_fixed_epochs,44,0.44864600896835327,
60min,LSTM,1,2026,train_plus_validation_fixed_epochs,45,0.37611308693885803,
60min,LSTM,1,2026,train_plus_validation_fixed_epochs,46,0.42523351311683655,
60min,LSTM,1,2026,train_plus_validation_fixed_epochs,47,0.3476434648036957,
60min,LSTM,1,2026,train_plus_validation_fixed_epochs,48,0.3967759311199188,
60min,LSTM,1,2026,train_plus_validation_fixed_epochs,49,0.3934357166290283,
60min,LSTM,1,2026,train_plus_validation_fixed_epochs,50,0.41114184260368347,
60min,LSTM,1,2026,train_plus_validation_fixed_epochs,51,0.34490928053855896,
60min,LSTM,1,2026,train_plus_validation_fixed_epochs,52,0.35926273465156555,
60min,LSTM,1,2026,train_plus_validation_fixed_epochs,53,0.33772996068000793,
60min,LSTM,1,2026,train_plus_validation_fixed_epochs,54,0.3470417261123657,
60min,LSTM,1,2026,train_plus_validation_fixed_epochs,55,0.3649279475212097,
60min,LSTM,1,2026,train_plus_validation_fixed_epochs,56,0.36536288261413574,
60min,LSTM,1,2026,train_plus_validation_fixed_epochs,57,0.3268737494945526,
60min,LSTM,1,2026,train_plus_validation_fixed_epochs,58,0.3464339077472687,
60min,LSTM,1,2026,train_plus_validation_fixed_epochs,59,0.28869783878326416,
60min,LSTM,1,2026,train_plus_validation_fixed_epochs,60,0.29988640546798706,
60min,LSTM,1,2026,train_plus_validation_fixed_epochs,61,0.3045050799846649,
60min,LSTM,1,2026,train_plus_validation_fixed_epochs,62,0.279184490442276,
60min,LSTM,1,2026,train_plus_validation_fixed_epochs,63,0.28484731912612915,
60min,LSTM,1,2026,train_plus_validation_fixed_epochs,64,0.30223366618156433,
60min,LSTM,1,2026,train_plus_validation_fixed_epochs,65,0.2939329445362091,
60min,LSTM,1,2026,train_plus_validation_fixed_epochs,66,0.2856597304344177,
60min,LSTM,1,2026,train_plus_validation_fixed_epochs,67,0.27471038699150085,
60min,LSTM,1,2026,train_plus_validation_fixed_epochs,68,0.26417410373687744,
60min,LSTM,1,2026,train_plus_validation_fixed_epochs,69,0.286332368850708,
60min,LSTM,1,2026,train_plus_validation_fixed_epochs,70,0.2667310833930969,
60min,LSTM,1,2026,train_plus_validation_fixed_epochs,71,0.2548031210899353,
60min,LSTM,1,2026,train_plus_validation_fixed_epochs,72,0.2720191180706024,
60min,LSTM,1,2026,train_plus_validation_fixed_epochs,73,0.24851426482200623,
60min,LSTM,1,2026,train_plus_validation_fixed_epochs,74,0.25006574392318726,
60min,LSTM,1,2026,train_plus_validation_fixed_epochs,75,0.271519273519516,
60min,LSTM,1,2026,train_plus_validation_fixed_epochs,76,0.23735180497169495,
60min,LSTM,1,2026,train_plus_validation_fixed_epochs,77,0.24845077097415924,
60min,LSTM,1,2026,train_plus_validation_fixed_epochs,78,0.24332834780216217,
60min,LSTM,1,2026,train_plus_validation_fixed_epochs,79,0.2638971209526062,
60min,LSTM,1,2026,train_plus_validation_fixed_epochs,80,0.2208801656961441,
60min,LSTM,1,2027,train_plus_validation_fixed_epochs,1,1.0781538486480713,
60min,LSTM,1,2027,train_plus_validation_fixed_epochs,2,1.0512083768844604,
60min,LSTM,1,2027,train_plus_validation_fixed_epochs,3,1.0130506753921509,
60min,LSTM,1,2027,train_plus_validation_fixed_epochs,4,0.993769109249115,
60min,LSTM,1,2027,train_plus_validation_fixed_epochs,5,0.9725610017776489,
60min,LSTM,1,2027,train_plus_validation_fixed_epochs,6,0.954731285572052,
60min,LSTM,1,2027,train_plus_validation_fixed_epochs,7,0.9294070601463318,
60min,LSTM,1,2027,train_plus_validation_fixed_epochs,8,0.9208025932312012,
60min,LSTM,1,2027,train_plus_validation_fixed_epochs,9,0.8895311951637268,
60min,LSTM,1,2027,train_plus_validation_fixed_epochs,10,0.8918671011924744,
60min,LSTM,1,2027,train_plus_validation_fixed_epochs,11,0.8495425581932068,
60min,LSTM,1,2027,train_plus_validation_fixed_epochs,12,0.8563521504402161,
60min,LSTM,1,2027,train_plus_validation_fixed_epochs,13,0.8426381349563599,
60min,LSTM,1,2027,train_plus_validation_fixed_epochs,14,0.825520932674408,
60min,LSTM,1,2027,train_plus_validation_fixed_epochs,15,0.7928900718688965,
60min,LSTM,1,2027,train_plus_validation_fixed_epochs,16,0.7807362675666809,
60min,LSTM,1,2027,train_plus_validation_fixed_epochs,17,0.774672269821167,
60min,LSTM,1,2027,train_plus_validation_fixed_epochs,18,0.7380462288856506,
60min,LSTM,1,2027,train_plus_validation_fixed_epochs,19,0.7540481090545654,
60min,LSTM,1,2027,train_plus_validation_fixed_epochs,20,0.735790491104126,
60min,LSTM,1,2027,train_plus_validation_fixed_epochs,21,0.7275397181510925,
60min,LSTM,1,2027,train_plus_validation_fixed_epochs,22,0.7002531290054321,
60min,LSTM,1,2027,train_plus_validation_fixed_epochs,23,0.6924214363098145,
60min,LSTM,1,2027,train_plus_validation_fixed_epochs,24,0.6759047508239746,
60min,LSTM,1,2027,train_plus_validation_fixed_epochs,25,0.6781936883926392,
60min,LSTM,1,2027,train_plus_validation_fixed_epochs,26,0.6560676097869873,
60min,LSTM,1,2027,train_plus_validation_fixed_epochs,27,0.6394632458686829,
60min,LSTM,1,2027,train_plus_validation_fixed_epochs,28,0.6054395437240601,
60min,LSTM,1,2027,train_plus_validation_fixed_epochs,29,0.6005814075469971,
60min,LSTM,1,2027,train_plus_validation_fixed_epochs,30,0.588819682598114,
60min,LSTM,1,2027,train_plus_validation_fixed_epochs,31,0.5642483830451965,
60min,LSTM,1,2027,train_plus_validation_fixed_epochs,32,0.5567267537117004,
60min,LSTM,1,2027,train_plus_validation_fixed_epochs,33,0.5506721138954163,
60min,LSTM,1,2027,train_plus_validation_fixed_epochs,34,0.5315905213356018,
60min,LSTM,1,2027,train_plus_validation_fixed_epochs,35,0.49585556983947754,
60min,LSTM,1,2027,train_plus_validation_fixed_epochs,36,0.49891504645347595,
60min,LSTM,1,2027,train_plus_validation_fixed_epochs,37,0.4745725691318512,
60min,LSTM,1,2027,train_plus_validation_fixed_epochs,38,0.4672834873199463,
60min,LSTM,1,2027,train_plus_validation_fixed_epochs,39,0.4804793894290924,
60min,LSTM,1,2027,train_plus_validation_fixed_epochs,40,0.45786944031715393,
60min,LSTM,1,2027,train_plus_validation_fixed_epochs,41,0.4269886910915375,
60min,LSTM,1,2027,train_plus_validation_fixed_epochs,42,0.38455840945243835,
60min,LSTM,1,2027,train_plus_validation_fixed_epochs,43,0.4038407802581787,
60min,LSTM,1,2027,train_plus_validation_fixed_epochs,44,0.40227407217025757,
60min,LSTM,1,2027,train_plus_validation_fixed_epochs,45,0.35724788904190063,
60min,LSTM,1,2027,train_plus_validation_fixed_epochs,46,0.36112290620803833,
60min,LSTM,1,2027,train_plus_validation_fixed_epochs,47,0.35922473669052124,
60min,LSTM,1,2027,train_plus_validation_fixed_epochs,48,0.3200179636478424,
60min,LSTM,1,2027,train_plus_validation_fixed_epochs,49,0.33944568037986755,
60min,LSTM,1,2027,train_plus_validation_fixed_epochs,50,0.30164510011672974,
60min,LSTM,1,2027,train_plus_validation_fixed_epochs,51,0.3526289463043213,
60min,LSTM,1,2027,train_plus_validation_fixed_epochs,52,0.28036001324653625,
60min,LSTM,1,2027,train_plus_validation_fixed_epochs,53,0.2943570017814636,
60min,LSTM,1,2027,train_plus_validation_fixed_epochs,54,0.28387075662612915,
60min,LSTM,1,2027,train_plus_validation_fixed_epochs,55,0.29161933064460754,
60min,LSTM,1,2027,train_plus_validation_fixed_epochs,56,0.28279227018356323,
60min,LSTM,1,2027,train_plus_validation_fixed_epochs,57,0.26926079392433167,
60min,LSTM,1,2027,train_plus_validation_fixed_epochs,58,0.26177000999450684,
60min,LSTM,1,2027,train_plus_validation_fixed_epochs,59,0.2428877204656601,
60min,LSTM,1,2027,train_plus_validation_fixed_epochs,60,0.2611013352870941,
60min,LSTM,1,2027,train_plus_validation_fixed_epochs,61,0.22472190856933594,
60min,LSTM,1,2027,train_plus_validation_fixed_epochs,62,0.276686429977417,
60min,LSTM,1,2027,train_plus_validation_fixed_epochs,63,0.26214495301246643,
60min,LSTM,1,2027,train_plus_validation_fixed_epochs,64,0.23025931417942047,
60min,LSTM,1,2027,train_plus_validation_fixed_epochs,65,0.24021728336811066,
60min,LSTM,1,2027,train_plus_validation_fixed_epochs,66,0.22989174723625183,
60min,LSTM,1,2027,train_plus_validation_fixed_epochs,67,0.2077062427997589,
60min,LSTM,1,2027,train_plus_validation_fixed_epochs,68,0.2532256543636322,
60min,LSTM,1,2027,train_plus_validation_fixed_epochs,69,0.2413768768310547,
60min,LSTM,1,2027,train_plus_validation_fixed_epochs,70,0.24533911049365997,
60min,LSTM,1,2027,train_plus_validation_fixed_epochs,71,0.18903754651546478,
60min,LSTM,1,2027,train_plus_validation_fixed_epochs,72,0.20782572031021118,
60min,LSTM,1,2027,train_plus_validation_fixed_epochs,73,0.22562649846076965,
60min,LSTM,1,2027,train_plus_validation_fixed_epochs,74,0.21047811210155487,
60min,LSTM,1,2027,train_plus_validation_fixed_epochs,75,0.20652829110622406,
60min,LSTM,1,2027,train_plus_validation_fixed_epochs,76,0.1971949338912964,
60min,LSTM,1,2027,train_plus_validation_fixed_epochs,77,0.22158558666706085,
60min,LSTM,1,2027,train_plus_validation_fixed_epochs,78,0.2171528935432434,
60min,LSTM,1,2027,train_plus_validation_fixed_epochs,79,0.19126369059085846,
60min,LSTM,1,2027,train_plus_validation_fixed_epochs,80,0.18029311299324036,
60min,LSTM,1,2028,train_plus_validation_fixed_epochs,1,1.045044183731079,
60min,LSTM,1,2028,train_plus_validation_fixed_epochs,2,1.0218828916549683,
60min,LSTM,1,2028,train_plus_validation_fixed_epochs,3,0.994240939617157,
60min,LSTM,1,2028,train_plus_validation_fixed_epochs,4,0.9650689363479614,
60min,LSTM,1,2028,train_plus_validation_fixed_epochs,5,0.9370526671409607,
60min,LSTM,1,2028,train_plus_validation_fixed_epochs,6,0.9195123314857483,
60min,LSTM,1,2028,train_plus_validation_fixed_epochs,7,0.9119024872779846,
60min,LSTM,1,2028,train_plus_validation_fixed_epochs,8,0.8842822313308716,
60min,LSTM,1,2028,train_plus_validation_fixed_epochs,9,0.8741438388824463,
60min,LSTM,1,2028,train_plus_validation_fixed_epochs,10,0.8402886390686035,
60min,LSTM,1,2028,train_plus_validation_fixed_epochs,11,0.837023138999939,
60min,LSTM,1,2028,train_plus_validation_fixed_epochs,12,0.8462677597999573,
60min,LSTM,1,2028,train_plus_validation_fixed_epochs,13,0.8269609212875366,
60min,LSTM,1,2028,train_plus_validation_fixed_epochs,14,0.815736711025238,
60min,LSTM,1,2028,train_plus_validation_fixed_epochs,15,0.7664316892623901,
60min,LSTM,1,2028,train_plus_validation_fixed_epochs,16,0.7257617712020874,
60min,LSTM,1,2028,train_plus_validation_fixed_epochs,17,0.7434057593345642,
60min,LSTM,1,2028,train_plus_validation_fixed_epochs,18,0.7107847929000854,
60min,LSTM,1,2028,train_plus_validation_fixed_epochs,19,0.6856649518013,
60min,LSTM,1,2028,train_plus_validation_fixed_epochs,20,0.674955427646637,
60min,LSTM,1,2028,train_plus_validation_fixed_epochs,21,0.6646745204925537,
60min,LSTM,1,2028,train_plus_validation_fixed_epochs,22,0.6407261490821838,
60min,LSTM,1,2028,train_plus_validation_fixed_epochs,23,0.611254870891571,
60min,LSTM,1,2028,train_plus_validation_fixed_epochs,24,0.6218588948249817,
60min,LSTM,1,2028,train_plus_validation_fixed_epochs,25,0.5586391687393188,
60min,LSTM,1,2028,train_plus_validation_fixed_epochs,26,0.5543340444564819,
60min,LSTM,1,2028,train_plus_validation_fixed_epochs,27,0.5414794087409973,
60min,LSTM,1,2028,train_plus_validation_fixed_epochs,28,0.5212438106536865,
60min,LSTM,1,2028,train_plus_validation_fixed_epochs,29,0.5147496461868286,
60min,LSTM,1,2028,train_plus_validation_fixed_epochs,30,0.5087816715240479,
60min,LSTM,1,2028,train_plus_validation_fixed_epochs,31,0.49018433690071106,
60min,LSTM,1,2028,train_plus_validation_fixed_epochs,32,0.440802663564682,
60min,LSTM,1,2028,train_plus_validation_fixed_epochs,33,0.44144684076309204,
60min,LSTM,1,2028,train_plus_validation_fixed_epochs,34,0.43031108379364014,
60min,LSTM,1,2028,train_plus_validation_fixed_epochs,35,0.4360300600528717,
60min,LSTM,1,2028,train_plus_validation_fixed_epochs,36,0.4782327711582184,
60min,LSTM,1,2028,train_plus_validation_fixed_epochs,37,0.390448659658432,
60min,LSTM,1,2028,train_plus_validation_fixed_epochs,38,0.4139653444290161,
60min,LSTM,1,2028,train_plus_validation_fixed_epochs,39,0.4139444828033447,
60min,LSTM,1,2028,train_plus_validation_fixed_epochs,40,0.3933142125606537,
60min,LSTM,1,2028,train_plus_validation_fixed_epochs,41,0.37030577659606934,
60min,LSTM,1,2028,train_plus_validation_fixed_epochs,42,0.3915228545665741,
60min,LSTM,1,2028,train_plus_validation_fixed_epochs,43,0.3465408682823181,
60min,LSTM,1,2028,train_plus_validation_fixed_epochs,44,0.32199373841285706,
60min,LSTM,1,2028,train_plus_validation_fixed_epochs,45,0.34421008825302124,
60min,LSTM,1,2028,train_plus_validation_fixed_epochs,46,0.3482382297515869,
60min,LSTM,1,2028,train_plus_validation_fixed_epochs,47,0.34227579832077026,
60min,LSTM,1,2028,train_plus_validation_fixed_epochs,48,0.38376155495643616,
60min,LSTM,1,2028,train_plus_validation_fixed_epochs,49,0.322186142206192,
60min,LSTM,1,2028,train_plus_validation_fixed_epochs,50,0.35632625222206116,
60min,LSTM,1,2028,train_plus_validation_fixed_epochs,51,0.2975628077983856,
60min,LSTM,1,2028,train_plus_validation_fixed_epochs,52,0.2767513394355774,
60min,LSTM,1,2028,train_plus_validation_fixed_epochs,53,0.33150723576545715,
60min,LSTM,1,2028,train_plus_validation_fixed_epochs,54,0.27533847093582153,
60min,LSTM,1,2028,train_plus_validation_fixed_epochs,55,0.2983216345310211,
60min,LSTM,1,2028,train_plus_validation_fixed_epochs,56,0.28383007645606995,
60min,LSTM,1,2028,train_plus_validation_fixed_epochs,57,0.2781335711479187,
60min,LSTM,1,2028,train_plus_validation_fixed_epochs,58,0.3198123276233673,
60min,LSTM,1,2028,train_plus_validation_fixed_epochs,59,0.24874110519886017,
60min,LSTM,1,2028,train_plus_validation_fixed_epochs,60,0.2713032066822052,
60min,LSTM,1,2028,train_plus_validation_fixed_epochs,61,0.2734435796737671,
60min,LSTM,1,2028,train_plus_validation_fixed_epochs,62,0.3243758976459503,
60min,LSTM,1,2028,train_plus_validation_fixed_epochs,63,0.2568429112434387,
60min,LSTM,1,2028,train_plus_validation_fixed_epochs,64,0.2925209403038025,
60min,LSTM,1,2028,train_plus_validation_fixed_epochs,65,0.2852238118648529,
60min,LSTM,1,2028,train_plus_validation_fixed_epochs,66,0.23503604531288147,
60min,LSTM,1,2028,train_plus_validation_fixed_epochs,67,0.2664901912212372,
60min,LSTM,1,2028,train_plus_validation_fixed_epochs,68,0.28720128536224365,
60min,LSTM,1,2028,train_plus_validation_fixed_epochs,69,0.21660491824150085,
60min,LSTM,1,2028,train_plus_validation_fixed_epochs,70,0.2329343855381012,
60min,LSTM,1,2028,train_plus_validation_fixed_epochs,71,0.24301686882972717,
60min,LSTM,1,2028,train_plus_validation_fixed_epochs,72,0.2231735736131668,
60min,LSTM,1,2028,train_plus_validation_fixed_epochs,73,0.2233642339706421,
60min,LSTM,1,2028,train_plus_validation_fixed_epochs,74,0.23949429392814636,
60min,LSTM,1,2028,train_plus_validation_fixed_epochs,75,0.2926871180534363,
60min,LSTM,1,2028,train_plus_validation_fixed_epochs,76,0.22015692293643951,
60min,LSTM,1,2028,train_plus_validation_fixed_epochs,77,0.25205621123313904,
60min,LSTM,1,2028,train_plus_validation_fixed_epochs,78,0.27189671993255615,
60min,LSTM,1,2028,train_plus_validation_fixed_epochs,79,0.2449587732553482,
60min,LSTM,1,2028,train_plus_validation_fixed_epochs,80,0.2262449860572815,
60min,GRU,1,2026,train_plus_validation_fixed_epochs,1,1.1192220449447632,
60min,GRU,1,2026,train_plus_validation_fixed_epochs,2,1.0862482786178589,
60min,GRU,1,2026,train_plus_validation_fixed_epochs,3,1.0489400625228882,
60min,GRU,1,2026,train_plus_validation_fixed_epochs,4,0.9989110231399536,
60min,GRU,1,2026,train_plus_validation_fixed_epochs,5,0.9696795344352722,
60min,GRU,1,2026,train_plus_validation_fixed_epochs,6,0.9585113525390625,
60min,GRU,1,2026,train_plus_validation_fixed_epochs,7,0.9359375834465027,
60min,GRU,1,2026,train_plus_validation_fixed_epochs,8,0.886634349822998,
60min,GRU,1,2026,train_plus_validation_fixed_epochs,9,0.8671000599861145,
60min,GRU,1,2026,train_plus_validation_fixed_epochs,10,0.8330690860748291,
60min,GRU,1,2026,train_plus_validation_fixed_epochs,11,0.8208988308906555,
60min,GRU,1,2026,train_plus_validation_fixed_epochs,12,0.8248471617698669,
60min,GRU,1,2026,train_plus_validation_fixed_epochs,13,0.7865252494812012,
60min,GRU,1,2026,train_plus_validation_fixed_epochs,14,0.7805640697479248,
60min,GRU,1,2026,train_plus_validation_fixed_epochs,15,0.7627723217010498,
60min,GRU,1,2026,train_plus_validation_fixed_epochs,16,0.7555574178695679,
60min,GRU,1,2026,train_plus_validation_fixed_epochs,17,0.76377934217453,
60min,GRU,1,2026,train_plus_validation_fixed_epochs,18,0.6802221536636353,
60min,GRU,1,2026,train_plus_validation_fixed_epochs,19,0.681617021560669,
60min,GRU,1,2026,train_plus_validation_fixed_epochs,20,0.6899988651275635,
60min,GRU,1,2026,train_plus_validation_fixed_epochs,21,0.6452903151512146,
60min,GRU,1,2026,train_plus_validation_fixed_epochs,22,0.6418341398239136,
60min,GRU,1,2026,train_plus_validation_fixed_epochs,23,0.6359959244728088,
60min,GRU,1,2026,train_plus_validation_fixed_epochs,24,0.6025810241699219,
60min,GRU,1,2026,train_plus_validation_fixed_epochs,25,0.5889933109283447,
60min,GRU,1,2026,train_plus_validation_fixed_epochs,26,0.5490582585334778,
60min,GRU,1,2026,train_plus_validation_fixed_epochs,27,0.5399680733680725,
60min,GRU,1,2026,train_plus_validation_fixed_epochs,28,0.537944495677948,
60min,GRU,1,2026,train_plus_validation_fixed_epochs,29,0.52036452293396,
60min,GRU,1,2026,train_plus_validation_fixed_epochs,30,0.5434734225273132,
60min,GRU,1,2026,train_plus_validation_fixed_epochs,31,0.49692800641059875,
60min,GRU,1,2026,train_plus_validation_fixed_epochs,32,0.5214225649833679,
60min,GRU,1,2026,train_plus_validation_fixed_epochs,33,0.47198376059532166,
60min,GRU,1,2026,train_plus_validation_fixed_epochs,34,0.5048762559890747,
60min,GRU,1,2026,train_plus_validation_fixed_epochs,35,0.4717958867549896,
60min,GRU,1,2026,train_plus_validation_fixed_epochs,36,0.42317289113998413,
60min,GRU,1,2026,train_plus_validation_fixed_epochs,37,0.4060799479484558,
60min,GRU,1,2026,train_plus_validation_fixed_epochs,38,0.4050261676311493,
60min,GRU,1,2026,train_plus_validation_fixed_epochs,39,0.43530574440956116,
60min,GRU,1,2026,train_plus_validation_fixed_epochs,40,0.42906737327575684,
60min,GRU,1,2026,train_plus_validation_fixed_epochs,41,0.4221218526363373,
60min,GRU,1,2026,train_plus_validation_fixed_epochs,42,0.3660973608493805,
60min,GRU,1,2026,train_plus_validation_fixed_epochs,43,0.38667353987693787,
60min,GRU,1,2026,train_plus_validation_fixed_epochs,44,0.42685025930404663,
60min,GRU,1,2026,train_plus_validation_fixed_epochs,45,0.39475908875465393,
60min,GRU,1,2026,train_plus_validation_fixed_epochs,46,0.40997830033302307,
60min,GRU,1,2026,train_plus_validation_fixed_epochs,47,0.3424656391143799,
60min,GRU,1,2026,train_plus_validation_fixed_epochs,48,0.39620277285575867,
60min,GRU,1,2026,train_plus_validation_fixed_epochs,49,0.39098241925239563,
60min,GRU,1,2026,train_plus_validation_fixed_epochs,50,0.4225005507469177,
60min,GRU,1,2026,train_plus_validation_fixed_epochs,51,0.37147054076194763,
60min,GRU,1,2026,train_plus_validation_fixed_epochs,52,0.3661728799343109,
60min,GRU,1,2026,train_plus_validation_fixed_epochs,53,0.3455865979194641,
60min,GRU,1,2026,train_plus_validation_fixed_epochs,54,0.32893654704093933,
60min,GRU,1,2026,train_plus_validation_fixed_epochs,55,0.36262381076812744,
60min,GRU,1,2026,train_plus_validation_fixed_epochs,56,0.3713133931159973,
60min,GRU,1,2026,train_plus_validation_fixed_epochs,57,0.35397472977638245,
60min,GRU,1,2026,train_plus_validation_fixed_epochs,58,0.35979270935058594,
60min,GRU,1,2026,train_plus_validation_fixed_epochs,59,0.30444827675819397,
60min,GRU,1,2026,train_plus_validation_fixed_epochs,60,0.3294135630130768,
60min,GRU,1,2026,train_plus_validation_fixed_epochs,61,0.3495485484600067,
60min,GRU,1,2026,train_plus_validation_fixed_epochs,62,0.3189261555671692,
60min,GRU,1,2026,train_plus_validation_fixed_epochs,63,0.3333093523979187,
60min,GRU,1,2026,train_plus_validation_fixed_epochs,64,0.33463725447654724,
60min,GRU,1,2026,train_plus_validation_fixed_epochs,65,0.3507213592529297,
60min,GRU,1,2026,train_plus_validation_fixed_epochs,66,0.31380027532577515,
60min,GRU,1,2026,train_plus_validation_fixed_epochs,67,0.30165475606918335,
60min,GRU,1,2026,train_plus_validation_fixed_epochs,68,0.31050440669059753,
60min,GRU,1,2026,train_plus_validation_fixed_epochs,69,0.3101263642311096,
60min,GRU,1,2026,train_plus_validation_fixed_epochs,70,0.2923036813735962,
60min,GRU,1,2026,train_plus_validation_fixed_epochs,71,0.2747909128665924,
60min,GRU,1,2026,train_plus_validation_fixed_epochs,72,0.3099212646484375,
60min,GRU,1,2026,train_plus_validation_fixed_epochs,73,0.2933194637298584,
60min,GRU,1,2026,train_plus_validation_fixed_epochs,74,0.2907097041606903,
60min,GRU,1,2026,train_plus_validation_fixed_epochs,75,0.3137996196746826,
60min,GRU,1,2026,train_plus_validation_fixed_epochs,76,0.2787851393222809,
60min,GRU,1,2026,train_plus_validation_fixed_epochs,77,0.2975585162639618,
60min,GRU,1,2026,train_plus_validation_fixed_epochs,78,0.29911768436431885,
60min,GRU,1,2026,train_plus_validation_fixed_epochs,79,0.3108580708503723,
60min,GRU,1,2026,train_plus_validation_fixed_epochs,80,0.25827568769454956,
60min,GRU,1,2027,train_plus_validation_fixed_epochs,1,1.047278881072998,
60min,GRU,1,2027,train_plus_validation_fixed_epochs,2,0.9939278960227966,
60min,GRU,1,2027,train_plus_validation_fixed_epochs,3,0.9804158210754395,
60min,GRU,1,2027,train_plus_validation_fixed_epochs,4,0.9398196935653687,
60min,GRU,1,2027,train_plus_validation_fixed_epochs,5,0.9244667887687683,
60min,GRU,1,2027,train_plus_validation_fixed_epochs,6,0.9042565226554871,
60min,GRU,1,2027,train_plus_validation_fixed_epochs,7,0.8640779256820679,
60min,GRU,1,2027,train_plus_validation_fixed_epochs,8,0.8622249960899353,
60min,GRU,1,2027,train_plus_validation_fixed_epochs,9,0.8147952556610107,
60min,GRU,1,2027,train_plus_validation_fixed_epochs,10,0.8258835673332214,
60min,GRU,1,2027,train_plus_validation_fixed_epochs,11,0.7728404402732849,
60min,GRU,1,2027,train_plus_validation_fixed_epochs,12,0.7684611082077026,
60min,GRU,1,2027,train_plus_validation_fixed_epochs,13,0.7605987787246704,
60min,GRU,1,2027,train_plus_validation_fixed_epochs,14,0.7425815463066101,
60min,GRU,1,2027,train_plus_validation_fixed_epochs,15,0.6993234753608704,
60min,GRU,1,2027,train_plus_validation_fixed_epochs,16,0.6858789920806885,
60min,GRU,1,2027,train_plus_validation_fixed_epochs,17,0.6728330254554749,
60min,GRU,1,2027,train_plus_validation_fixed_epochs,18,0.6366322040557861,
60min,GRU,1,2027,train_plus_validation_fixed_epochs,19,0.6549370884895325,
60min,GRU,1,2027,train_plus_validation_fixed_epochs,20,0.6442609429359436,
60min,GRU,1,2027,train_plus_validation_fixed_epochs,21,0.6106792092323303,
60min,GRU,1,2027,train_plus_validation_fixed_epochs,22,0.616073489189148,
60min,GRU,1,2027,train_plus_validation_fixed_epochs,23,0.6060238480567932,
60min,GRU,1,2027,train_plus_validation_fixed_epochs,24,0.5848707556724548,
60min,GRU,1,2027,train_plus_validation_fixed_epochs,25,0.5935412049293518,
60min,GRU,1,2027,train_plus_validation_fixed_epochs,26,0.5584040284156799,
60min,GRU,1,2027,train_plus_validation_fixed_epochs,27,0.55901038646698,
60min,GRU,1,2027,train_plus_validation_fixed_epochs,28,0.5307998657226562,
60min,GRU,1,2027,train_plus_validation_fixed_epochs,29,0.5450620055198669,
60min,GRU,1,2027,train_plus_validation_fixed_epochs,30,0.49029213190078735,
60min,GRU,1,2027,train_plus_validation_fixed_epochs,31,0.465581476688385,
60min,GRU,1,2027,train_plus_validation_fixed_epochs,32,0.4732355773448944,
60min,GRU,1,2027,train_plus_validation_fixed_epochs,33,0.4980192482471466,
60min,GRU,1,2027,train_plus_validation_fixed_epochs,34,0.46772611141204834,
60min,GRU,1,2027,train_plus_validation_fixed_epochs,35,0.44305500388145447,
60min,GRU,1,2027,train_plus_validation_fixed_epochs,36,0.4611262381076813,
60min,GRU,1,2027,train_plus_validation_fixed_epochs,37,0.44360214471817017,
60min,GRU,1,2027,train_plus_validation_fixed_epochs,38,0.43081358075141907,
60min,GRU,1,2027,train_plus_validation_fixed_epochs,39,0.439303457736969,
60min,GRU,1,2027,train_plus_validation_fixed_epochs,40,0.4492109417915344,
60min,GRU,1,2027,train_plus_validation_fixed_epochs,41,0.4080756902694702,
60min,GRU,1,2027,train_plus_validation_fixed_epochs,42,0.3888775110244751,
60min,GRU,1,2027,train_plus_validation_fixed_epochs,43,0.3791724741458893,
60min,GRU,1,2027,train_plus_validation_fixed_epochs,44,0.36043649911880493,
60min,GRU,1,2027,train_plus_validation_fixed_epochs,45,0.3692995607852936,
60min,GRU,1,2027,train_plus_validation_fixed_epochs,46,0.36020347476005554,
60min,GRU,1,2027,train_plus_validation_fixed_epochs,47,0.368566632270813,
60min,GRU,1,2027,train_plus_validation_fixed_epochs,48,0.3179173767566681,
60min,GRU,1,2027,train_plus_validation_fixed_epochs,49,0.3576221764087677,
60min,GRU,1,2027,train_plus_validation_fixed_epochs,50,0.32953932881355286,
60min,GRU,1,2027,train_plus_validation_fixed_epochs,51,0.3893589377403259,
60min,GRU,1,2027,train_plus_validation_fixed_epochs,52,0.3280259370803833,
60min,GRU,1,2027,train_plus_validation_fixed_epochs,53,0.3389594852924347,
60min,GRU,1,2027,train_plus_validation_fixed_epochs,54,0.36687320470809937,
60min,GRU,1,2027,train_plus_validation_fixed_epochs,55,0.33557307720184326,
60min,GRU,1,2027,train_plus_validation_fixed_epochs,56,0.3172304928302765,
60min,GRU,1,2027,train_plus_validation_fixed_epochs,57,0.3158610463142395,
60min,GRU,1,2027,train_plus_validation_fixed_epochs,58,0.29603227972984314,
60min,GRU,1,2027,train_plus_validation_fixed_epochs,59,0.31402596831321716,
60min,GRU,1,2027,train_plus_validation_fixed_epochs,60,0.31359201669692993,
60min,GRU,1,2027,train_plus_validation_fixed_epochs,61,0.2722727358341217,
60min,GRU,1,2027,train_plus_validation_fixed_epochs,62,0.33264318108558655,
60min,GRU,1,2027,train_plus_validation_fixed_epochs,63,0.32439762353897095,
60min,GRU,1,2027,train_plus_validation_fixed_epochs,64,0.29819515347480774,
60min,GRU,1,2027,train_plus_validation_fixed_epochs,65,0.2819593846797943,
60min,GRU,1,2027,train_plus_validation_fixed_epochs,66,0.2955610454082489,
60min,GRU,1,2027,train_plus_validation_fixed_epochs,67,0.2570352256298065,
60min,GRU,1,2027,train_plus_validation_fixed_epochs,68,0.30970531702041626,
60min,GRU,1,2027,train_plus_validation_fixed_epochs,69,0.2940000891685486,
60min,GRU,1,2027,train_plus_validation_fixed_epochs,70,0.30211251974105835,
60min,GRU,1,2027,train_plus_validation_fixed_epochs,71,0.22738604247570038,
60min,GRU,1,2027,train_plus_validation_fixed_epochs,72,0.2718505859375,
60min,GRU,1,2027,train_plus_validation_fixed_epochs,73,0.25957438349723816,
60min,GRU,1,2027,train_plus_validation_fixed_epochs,74,0.28147467970848083,
60min,GRU,1,2027,train_plus_validation_fixed_epochs,75,0.27234992384910583,
60min,GRU,1,2027,train_plus_validation_fixed_epochs,76,0.2632588744163513,
60min,GRU,1,2027,train_plus_validation_fixed_epochs,77,0.2759725749492645,
60min,GRU,1,2027,train_plus_validation_fixed_epochs,78,0.308521032333374,
60min,GRU,1,2027,train_plus_validation_fixed_epochs,79,0.22811296582221985,
60min,GRU,1,2027,train_plus_validation_fixed_epochs,80,0.22917677462100983,
60min,GRU,1,2028,train_plus_validation_fixed_epochs,1,1.0201059579849243,
60min,GRU,1,2028,train_plus_validation_fixed_epochs,2,0.9664930701255798,
60min,GRU,1,2028,train_plus_validation_fixed_epochs,3,0.9421867728233337,
60min,GRU,1,2028,train_plus_validation_fixed_epochs,4,0.9091410636901855,
60min,GRU,1,2028,train_plus_validation_fixed_epochs,5,0.8923876285552979,
60min,GRU,1,2028,train_plus_validation_fixed_epochs,6,0.8537191152572632,
60min,GRU,1,2028,train_plus_validation_fixed_epochs,7,0.8239530920982361,
60min,GRU,1,2028,train_plus_validation_fixed_epochs,8,0.7907065153121948,
60min,GRU,1,2028,train_plus_validation_fixed_epochs,9,0.7713863253593445,
60min,GRU,1,2028,train_plus_validation_fixed_epochs,10,0.7424143552780151,
60min,GRU,1,2028,train_plus_validation_fixed_epochs,11,0.7348873019218445,
60min,GRU,1,2028,train_plus_validation_fixed_epochs,12,0.7253040671348572,
60min,GRU,1,2028,train_plus_validation_fixed_epochs,13,0.7013906836509705,
60min,GRU,1,2028,train_plus_validation_fixed_epochs,14,0.6663804650306702,
60min,GRU,1,2028,train_plus_validation_fixed_epochs,15,0.6429011225700378,
60min,GRU,1,2028,train_plus_validation_fixed_epochs,16,0.5960938334465027,
60min,GRU,1,2028,train_plus_validation_fixed_epochs,17,0.6132746338844299,
60min,GRU,1,2028,train_plus_validation_fixed_epochs,18,0.5927491784095764,
60min,GRU,1,2028,train_plus_validation_fixed_epochs,19,0.5575829744338989,
60min,GRU,1,2028,train_plus_validation_fixed_epochs,20,0.5454044938087463,
60min,GRU,1,2028,train_plus_validation_fixed_epochs,21,0.5420687794685364,
60min,GRU,1,2028,train_plus_validation_fixed_epochs,22,0.5323480367660522,
60min,GRU,1,2028,train_plus_validation_fixed_epochs,23,0.5153906345367432,
60min,GRU,1,2028,train_plus_validation_fixed_epochs,24,0.5028293132781982,
60min,GRU,1,2028,train_plus_validation_fixed_epochs,25,0.4656447172164917,
60min,GRU,1,2028,train_plus_validation_fixed_epochs,26,0.4659334719181061,
60min,GRU,1,2028,train_plus_validation_fixed_epochs,27,0.4479391574859619,
60min,GRU,1,2028,train_plus_validation_fixed_epochs,28,0.4335249662399292,
60min,GRU,1,2028,train_plus_validation_fixed_epochs,29,0.4217413663864136,
60min,GRU,1,2028,train_plus_validation_fixed_epochs,30,0.43492165207862854,
60min,GRU,1,2028,train_plus_validation_fixed_epochs,31,0.40259620547294617,
60min,GRU,1,2028,train_plus_validation_fixed_epochs,32,0.37595877051353455,
60min,GRU,1,2028,train_plus_validation_fixed_epochs,33,0.38413283228874207,
60min,GRU,1,2028,train_plus_validation_fixed_epochs,34,0.3738512098789215,
60min,GRU,1,2028,train_plus_validation_fixed_epochs,35,0.40941792726516724,
60min,GRU,1,2028,train_plus_validation_fixed_epochs,36,0.417945921421051,
60min,GRU,1,2028,train_plus_validation_fixed_epochs,37,0.3539848327636719,
60min,GRU,1,2028,train_plus_validation_fixed_epochs,38,0.35668307542800903,
60min,GRU,1,2028,train_plus_validation_fixed_epochs,39,0.39349880814552307,
60min,GRU,1,2028,train_plus_validation_fixed_epochs,40,0.3492732644081116,
60min,GRU,1,2028,train_plus_validation_fixed_epochs,41,0.35328131914138794,
60min,GRU,1,2028,train_plus_validation_fixed_epochs,42,0.4099918603897095,
60min,GRU,1,2028,train_plus_validation_fixed_epochs,43,0.3240223526954651,
60min,GRU,1,2028,train_plus_validation_fixed_epochs,44,0.3328816294670105,
60min,GRU,1,2028,train_plus_validation_fixed_epochs,45,0.31484416127204895,
60min,GRU,1,2028,train_plus_validation_fixed_epochs,46,0.3408367931842804,
60min,GRU,1,2028,train_plus_validation_fixed_epochs,47,0.3319990038871765,
60min,GRU,1,2028,train_plus_validation_fixed_epochs,48,0.3910238742828369,
60min,GRU,1,2028,train_plus_validation_fixed_epochs,49,0.30585935711860657,
60min,GRU,1,2028,train_plus_validation_fixed_epochs,50,0.3508344292640686,
60min,GRU,1,2028,train_plus_validation_fixed_epochs,51,0.2948070764541626,
60min,GRU,1,2028,train_plus_validation_fixed_epochs,52,0.268950492143631,
60min,GRU,1,2028,train_plus_validation_fixed_epochs,53,0.3156047761440277,
60min,GRU,1,2028,train_plus_validation_fixed_epochs,54,0.27281078696250916,
60min,GRU,1,2028,train_plus_validation_fixed_epochs,55,0.3167509138584137,
60min,GRU,1,2028,train_plus_validation_fixed_epochs,56,0.2795175611972809,
60min,GRU,1,2028,train_plus_validation_fixed_epochs,57,0.2926601767539978,
60min,GRU,1,2028,train_plus_validation_fixed_epochs,58,0.31295686960220337,
60min,GRU,1,2028,train_plus_validation_fixed_epochs,59,0.2589903175830841,
60min,GRU,1,2028,train_plus_validation_fixed_epochs,60,0.2806690037250519,
60min,GRU,1,2028,train_plus_validation_fixed_epochs,61,0.2747170925140381,
60min,GRU,1,2028,train_plus_validation_fixed_epochs,62,0.3335878849029541,
60min,GRU,1,2028,train_plus_validation_fixed_epochs,63,0.25709936022758484,
60min,GRU,1,2028,train_plus_validation_fixed_epochs,64,0.33421096205711365,
60min,GRU,1,2028,train_plus_validation_fixed_epochs,65,0.31302013993263245,
60min,GRU,1,2028,train_plus_validation_fixed_epochs,66,0.26584392786026,
60min,GRU,1,2028,train_plus_validation_fixed_epochs,67,0.3114745318889618,
60min,GRU,1,2028,train_plus_validation_fixed_epochs,68,0.282561331987381,
60min,GRU,1,2028,train_plus_validation_fixed_epochs,69,0.2386959046125412,
60min,GRU,1,2028,train_plus_validation_fixed_epochs,70,0.25335460901260376,
60min,GRU,1,2028,train_plus_validation_fixed_epochs,71,0.2813105285167694,
60min,GRU,1,2028,train_plus_validation_fixed_epochs,72,0.25792157649993896,
60min,GRU,1,2028,train_plus_validation_fixed_epochs,73,0.2549332082271576,
60min,GRU,1,2028,train_plus_validation_fixed_epochs,74,0.26345929503440857,
60min,GRU,1,2028,train_plus_validation_fixed_epochs,75,0.3107636868953705,
60min,GRU,1,2028,train_plus_validation_fixed_epochs,76,0.2768402099609375,
60min,GRU,1,2028,train_plus_validation_fixed_epochs,77,0.2901420593261719,
60min,GRU,1,2028,train_plus_validation_fixed_epochs,78,0.3014633059501648,
60min,GRU,1,2028,train_plus_validation_fixed_epochs,79,0.2870047092437744,
60min,GRU,1,2028,train_plus_validation_fixed_epochs,80,0.2632831633090973,
60min,TCN,1,2026,train_plus_validation_fixed_epochs,1,2.826364517211914,
60min,TCN,1,2026,train_plus_validation_fixed_epochs,2,2.1595325469970703,
60min,TCN,1,2026,train_plus_validation_fixed_epochs,3,1.7078038454055786,
60min,TCN,1,2026,train_plus_validation_fixed_epochs,4,1.48183012008667,
60min,TCN,1,2026,train_plus_validation_fixed_epochs,5,1.307200312614441,
60min,TCN,1,2026,train_plus_validation_fixed_epochs,6,1.1890507936477661,
60min,TCN,1,2026,train_plus_validation_fixed_epochs,7,1.140755295753479,
60min,TCN,1,2026,train_plus_validation_fixed_epochs,8,1.055216908454895,
60min,TCN,1,2026,train_plus_validation_fixed_epochs,9,1.0385974645614624,
60min,TCN,1,2026,train_plus_validation_fixed_epochs,10,0.9835041165351868,
60min,TCN,1,2026,train_plus_validation_fixed_epochs,11,0.9522929787635803,
60min,TCN,1,2026,train_plus_validation_fixed_epochs,12,0.9160743355751038,
60min,TCN,1,2026,train_plus_validation_fixed_epochs,13,0.8883684277534485,
60min,TCN,1,2026,train_plus_validation_fixed_epochs,14,0.902587354183197,
60min,TCN,1,2026,train_plus_validation_fixed_epochs,15,0.8550048470497131,
60min,TCN,1,2026,train_plus_validation_fixed_epochs,16,0.8386082649230957,
60min,TCN,1,2026,train_plus_validation_fixed_epochs,17,0.825634241104126,
60min,TCN,1,2026,train_plus_validation_fixed_epochs,18,0.8267064094543457,
60min,TCN,1,2026,train_plus_validation_fixed_epochs,19,0.7857041954994202,
60min,TCN,1,2026,train_plus_validation_fixed_epochs,20,0.7702080607414246,
60min,TCN,1,2026,train_plus_validation_fixed_epochs,21,0.7787424921989441,
60min,TCN,1,2026,train_plus_validation_fixed_epochs,22,0.7549251914024353,
60min,TCN,1,2026,train_plus_validation_fixed_epochs,23,0.7360321879386902,
60min,TCN,1,2026,train_plus_validation_fixed_epochs,24,0.7428995966911316,
60min,TCN,1,2026,train_plus_validation_fixed_epochs,25,0.7349041104316711,
60min,TCN,1,2026,train_plus_validation_fixed_epochs,26,0.7044863104820251,
60min,TCN,1,2026,train_plus_validation_fixed_epochs,27,0.6736881732940674,
60min,TCN,1,2026,train_plus_validation_fixed_epochs,28,0.6614902019500732,
60min,TCN,1,2026,train_plus_validation_fixed_epochs,29,0.6481122374534607,
60min,TCN,1,2026,train_plus_validation_fixed_epochs,30,0.641753077507019,
60min,TCN,1,2026,train_plus_validation_fixed_epochs,31,0.6286768913269043,
60min,TCN,1,2026,train_plus_validation_fixed_epochs,32,0.606228232383728,
60min,TCN,1,2026,train_plus_validation_fixed_epochs,33,0.6292162537574768,
60min,TCN,1,2026,train_plus_validation_fixed_epochs,34,0.5866292119026184,
60min,TCN,1,2026,train_plus_validation_fixed_epochs,35,0.5543708801269531,
60min,TCN,1,2026,train_plus_validation_fixed_epochs,36,0.4993630647659302,
60min,TCN,1,2026,train_plus_validation_fixed_epochs,37,0.5083650350570679,
60min,TCN,1,2026,train_plus_validation_fixed_epochs,38,0.5475231409072876,
60min,TCN,1,2026,train_plus_validation_fixed_epochs,39,0.4923647344112396,
60min,TCN,1,2026,train_plus_validation_fixed_epochs,40,0.5072512030601501,
60min,TCN,1,2026,train_plus_validation_fixed_epochs,41,0.4523184597492218,
60min,TCN,1,2026,train_plus_validation_fixed_epochs,42,0.4445512890815735,
60min,TCN,1,2026,train_plus_validation_fixed_epochs,43,0.44532182812690735,
60min,TCN,1,2026,train_plus_validation_fixed_epochs,44,0.45295652747154236,
60min,TCN,1,2026,train_plus_validation_fixed_epochs,45,0.4816380739212036,
60min,TCN,1,2026,train_plus_validation_fixed_epochs,46,0.42526915669441223,
60min,TCN,1,2026,train_plus_validation_fixed_epochs,47,0.5015530586242676,
60min,TCN,1,2026,train_plus_validation_fixed_epochs,48,0.40653547644615173,
60min,TCN,1,2026,train_plus_validation_fixed_epochs,49,0.4098012447357178,
60min,TCN,1,2026,train_plus_validation_fixed_epochs,50,0.41687989234924316,
60min,TCN,1,2026,train_plus_validation_fixed_epochs,51,0.3866817057132721,
60min,TCN,1,2026,train_plus_validation_fixed_epochs,52,0.3782792389392853,
60min,TCN,1,2026,train_plus_validation_fixed_epochs,53,0.33977553248405457,
60min,TCN,1,2026,train_plus_validation_fixed_epochs,54,0.37834689021110535,
60min,TCN,1,2026,train_plus_validation_fixed_epochs,55,0.3351970613002777,
60min,TCN,1,2026,train_plus_validation_fixed_epochs,56,0.37830203771591187,
60min,TCN,1,2026,train_plus_validation_fixed_epochs,57,0.34792420268058777,
60min,TCN,1,2026,train_plus_validation_fixed_epochs,58,0.33035025000572205,
60min,TCN,1,2026,train_plus_validation_fixed_epochs,59,0.32878533005714417,
60min,TCN,1,2026,train_plus_validation_fixed_epochs,60,0.3160095512866974,
60min,TCN,1,2026,train_plus_validation_fixed_epochs,61,0.31265032291412354,
60min,TCN,1,2026,train_plus_validation_fixed_epochs,62,0.33137309551239014,
60min,TCN,1,2026,train_plus_validation_fixed_epochs,63,0.31553441286087036,
60min,TCN,1,2026,train_plus_validation_fixed_epochs,64,0.3108848035335541,
60min,TCN,1,2026,train_plus_validation_fixed_epochs,65,0.2997143268585205,
60min,TCN,1,2026,train_plus_validation_fixed_epochs,66,0.28051647543907166,
60min,TCN,1,2026,train_plus_validation_fixed_epochs,67,0.2939549684524536,
60min,TCN,1,2026,train_plus_validation_fixed_epochs,68,0.26638486981391907,
60min,TCN,1,2026,train_plus_validation_fixed_epochs,69,0.2814134359359741,
60min,TCN,1,2026,train_plus_validation_fixed_epochs,70,0.27984774112701416,
60min,TCN,1,2026,train_plus_validation_fixed_epochs,71,0.27950823307037354,
60min,TCN,1,2026,train_plus_validation_fixed_epochs,72,0.2916315793991089,
60min,TCN,1,2026,train_plus_validation_fixed_epochs,73,0.2887977063655853,
60min,TCN,1,2026,train_plus_validation_fixed_epochs,74,0.2536056637763977,
60min,TCN,1,2026,train_plus_validation_fixed_epochs,75,0.25949713587760925,
60min,TCN,1,2026,train_plus_validation_fixed_epochs,76,0.2541109323501587,
60min,TCN,1,2026,train_plus_validation_fixed_epochs,77,0.2709263861179352,
60min,TCN,1,2027,train_plus_validation_fixed_epochs,1,2.654738664627075,
60min,TCN,1,2027,train_plus_validation_fixed_epochs,2,1.8966838121414185,
60min,TCN,1,2027,train_plus_validation_fixed_epochs,3,1.4225293397903442,
60min,TCN,1,2027,train_plus_validation_fixed_epochs,4,1.2924742698669434,
60min,TCN,1,2027,train_plus_validation_fixed_epochs,5,1.2205140590667725,
60min,TCN,1,2027,train_plus_validation_fixed_epochs,6,1.1759001016616821,
60min,TCN,1,2027,train_plus_validation_fixed_epochs,7,1.1238081455230713,
60min,TCN,1,2027,train_plus_validation_fixed_epochs,8,1.0849722623825073,
60min,TCN,1,2027,train_plus_validation_fixed_epochs,9,1.040751338005066,
60min,TCN,1,2027,train_plus_validation_fixed_epochs,10,1.0400487184524536,
60min,TCN,1,2027,train_plus_validation_fixed_epochs,11,1.003265380859375,
60min,TCN,1,2027,train_plus_validation_fixed_epochs,12,0.965898871421814,
60min,TCN,1,2027,train_plus_validation_fixed_epochs,13,0.9579654932022095,
60min,TCN,1,2027,train_plus_validation_fixed_epochs,14,0.9284061193466187,
60min,TCN,1,2027,train_plus_validation_fixed_epochs,15,0.9288785457611084,
60min,TCN,1,2027,train_plus_validation_fixed_epochs,16,0.9031968712806702,
60min,TCN,1,2027,train_plus_validation_fixed_epochs,17,0.920295238494873,
60min,TCN,1,2027,train_plus_validation_fixed_epochs,18,0.8785273432731628,
60min,TCN,1,2027,train_plus_validation_fixed_epochs,19,0.877087414264679,
60min,TCN,1,2027,train_plus_validation_fixed_epochs,20,0.8545951843261719,
60min,TCN,1,2027,train_plus_validation_fixed_epochs,21,0.8408210873603821,
60min,TCN,1,2027,train_plus_validation_fixed_epochs,22,0.8403397798538208,
60min,TCN,1,2027,train_plus_validation_fixed_epochs,23,0.807108461856842,
60min,TCN,1,2027,train_plus_validation_fixed_epochs,24,0.8096089363098145,
60min,TCN,1,2027,train_plus_validation_fixed_epochs,25,0.7942734956741333,
60min,TCN,1,2027,train_plus_validation_fixed_epochs,26,0.7627618908882141,
60min,TCN,1,2027,train_plus_validation_fixed_epochs,27,0.7634279727935791,
60min,TCN,1,2027,train_plus_validation_fixed_epochs,28,0.7418018579483032,
60min,TCN,1,2027,train_plus_validation_fixed_epochs,29,0.7402654886245728,
60min,TCN,1,2027,train_plus_validation_fixed_epochs,30,0.7103619575500488,
60min,TCN,1,2027,train_plus_validation_fixed_epochs,31,0.7151280641555786,
60min,TCN,1,2027,train_plus_validation_fixed_epochs,32,0.6723050475120544,
60min,TCN,1,2027,train_plus_validation_fixed_epochs,33,0.6895682215690613,
60min,TCN,1,2027,train_plus_validation_fixed_epochs,34,0.6617920398712158,
60min,TCN,1,2027,train_plus_validation_fixed_epochs,35,0.6258132457733154,
60min,TCN,1,2027,train_plus_validation_fixed_epochs,36,0.619019627571106,
60min,TCN,1,2027,train_plus_validation_fixed_epochs,37,0.5963839292526245,
60min,TCN,1,2027,train_plus_validation_fixed_epochs,38,0.5740347504615784,
60min,TCN,1,2027,train_plus_validation_fixed_epochs,39,0.5793386697769165,
60min,TCN,1,2027,train_plus_validation_fixed_epochs,40,0.5606081485748291,
60min,TCN,1,2027,train_plus_validation_fixed_epochs,41,0.554638147354126,
60min,TCN,1,2027,train_plus_validation_fixed_epochs,42,0.5499999523162842,
60min,TCN,1,2027,train_plus_validation_fixed_epochs,43,0.4589175581932068,
60min,TCN,1,2027,train_plus_validation_fixed_epochs,44,0.4708594083786011,
60min,TCN,1,2027,train_plus_validation_fixed_epochs,45,0.4804226756095886,
60min,TCN,1,2027,train_plus_validation_fixed_epochs,46,0.4510713219642639,
60min,TCN,1,2027,train_plus_validation_fixed_epochs,47,0.4536357522010803,
60min,TCN,1,2027,train_plus_validation_fixed_epochs,48,0.4469170868396759,
60min,TCN,1,2027,train_plus_validation_fixed_epochs,49,0.42772945761680603,
60min,TCN,1,2027,train_plus_validation_fixed_epochs,50,0.4287051558494568,
60min,TCN,1,2027,train_plus_validation_fixed_epochs,51,0.3790622353553772,
60min,TCN,1,2027,train_plus_validation_fixed_epochs,52,0.3801831901073456,
60min,TCN,1,2027,train_plus_validation_fixed_epochs,53,0.40138667821884155,
60min,TCN,1,2027,train_plus_validation_fixed_epochs,54,0.3756542205810547,
60min,TCN,1,2027,train_plus_validation_fixed_epochs,55,0.36428314447402954,
60min,TCN,1,2027,train_plus_validation_fixed_epochs,56,0.3473331332206726,
60min,TCN,1,2027,train_plus_validation_fixed_epochs,57,0.3455638289451599,
60min,TCN,1,2027,train_plus_validation_fixed_epochs,58,0.36012962460517883,
60min,TCN,1,2027,train_plus_validation_fixed_epochs,59,0.34336864948272705,
60min,TCN,1,2027,train_plus_validation_fixed_epochs,60,0.32666265964508057,
60min,TCN,1,2027,train_plus_validation_fixed_epochs,61,0.3213025629520416,
60min,TCN,1,2027,train_plus_validation_fixed_epochs,62,0.33356156945228577,
60min,TCN,1,2027,train_plus_validation_fixed_epochs,63,0.31789225339889526,
60min,TCN,1,2027,train_plus_validation_fixed_epochs,64,0.30550357699394226,
60min,TCN,1,2027,train_plus_validation_fixed_epochs,65,0.2934814691543579,
60min,TCN,1,2027,train_plus_validation_fixed_epochs,66,0.3026057779788971,
60min,TCN,1,2027,train_plus_validation_fixed_epochs,67,0.2816343307495117,
60min,TCN,1,2027,train_plus_validation_fixed_epochs,68,0.2684035003185272,
60min,TCN,1,2027,train_plus_validation_fixed_epochs,69,0.2719632387161255,
60min,TCN,1,2027,train_plus_validation_fixed_epochs,70,0.26453664898872375,
60min,TCN,1,2027,train_plus_validation_fixed_epochs,71,0.25484976172447205,
60min,TCN,1,2027,train_plus_validation_fixed_epochs,72,0.26592355966567993,
60min,TCN,1,2027,train_plus_validation_fixed_epochs,73,0.2581424117088318,
60min,TCN,1,2027,train_plus_validation_fixed_epochs,74,0.27864155173301697,
60min,TCN,1,2027,train_plus_validation_fixed_epochs,75,0.26992687582969666,
60min,TCN,1,2027,train_plus_validation_fixed_epochs,76,0.279888778924942,
60min,TCN,1,2027,train_plus_validation_fixed_epochs,77,0.24795426428318024,
60min,TCN,1,2028,train_plus_validation_fixed_epochs,1,1.7947276830673218,
60min,TCN,1,2028,train_plus_validation_fixed_epochs,2,1.3835923671722412,
60min,TCN,1,2028,train_plus_validation_fixed_epochs,3,1.2533237934112549,
60min,TCN,1,2028,train_plus_validation_fixed_epochs,4,1.200817346572876,
60min,TCN,1,2028,train_plus_validation_fixed_epochs,5,1.1372987031936646,
60min,TCN,1,2028,train_plus_validation_fixed_epochs,6,1.0950798988342285,
60min,TCN,1,2028,train_plus_validation_fixed_epochs,7,1.070181131362915,
60min,TCN,1,2028,train_plus_validation_fixed_epochs,8,1.0010873079299927,
60min,TCN,1,2028,train_plus_validation_fixed_epochs,9,0.9677050113677979,
60min,TCN,1,2028,train_plus_validation_fixed_epochs,10,0.9716557264328003,
60min,TCN,1,2028,train_plus_validation_fixed_epochs,11,0.9597591161727905,
60min,TCN,1,2028,train_plus_validation_fixed_epochs,12,0.9599099159240723,
60min,TCN,1,2028,train_plus_validation_fixed_epochs,13,0.9360396862030029,
60min,TCN,1,2028,train_plus_validation_fixed_epochs,14,0.9038763642311096,
60min,TCN,1,2028,train_plus_validation_fixed_epochs,15,0.8965389132499695,
60min,TCN,1,2028,train_plus_validation_fixed_epochs,16,0.8892304301261902,
60min,TCN,1,2028,train_plus_validation_fixed_epochs,17,0.8598055839538574,
60min,TCN,1,2028,train_plus_validation_fixed_epochs,18,0.863665759563446,
60min,TCN,1,2028,train_plus_validation_fixed_epochs,19,0.8373215198516846,
60min,TCN,1,2028,train_plus_validation_fixed_epochs,20,0.8401562571525574,
60min,TCN,1,2028,train_plus_validation_fixed_epochs,21,0.8062123656272888,
60min,TCN,1,2028,train_plus_validation_fixed_epochs,22,0.794834315776825,
60min,TCN,1,2028,train_plus_validation_fixed_epochs,23,0.7716971635818481,
60min,TCN,1,2028,train_plus_validation_fixed_epochs,24,0.7498473525047302,
60min,TCN,1,2028,train_plus_validation_fixed_epochs,25,0.7398526668548584,
60min,TCN,1,2028,train_plus_validation_fixed_epochs,26,0.7342840433120728,
60min,TCN,1,2028,train_plus_validation_fixed_epochs,27,0.7187259793281555,
60min,TCN,1,2028,train_plus_validation_fixed_epochs,28,0.7169961333274841,
60min,TCN,1,2028,train_plus_validation_fixed_epochs,29,0.6998483538627625,
60min,TCN,1,2028,train_plus_validation_fixed_epochs,30,0.6600512862205505,
60min,TCN,1,2028,train_plus_validation_fixed_epochs,31,0.646446704864502,
60min,TCN,1,2028,train_plus_validation_fixed_epochs,32,0.6414296627044678,
60min,TCN,1,2028,train_plus_validation_fixed_epochs,33,0.6036385297775269,
60min,TCN,1,2028,train_plus_validation_fixed_epochs,34,0.6277020573616028,
60min,TCN,1,2028,train_plus_validation_fixed_epochs,35,0.5878056287765503,
60min,TCN,1,2028,train_plus_validation_fixed_epochs,36,0.597967267036438,
60min,TCN,1,2028,train_plus_validation_fixed_epochs,37,0.5925853848457336,
60min,TCN,1,2028,train_plus_validation_fixed_epochs,38,0.5406678915023804,
60min,TCN,1,2028,train_plus_validation_fixed_epochs,39,0.5359095931053162,
60min,TCN,1,2028,train_plus_validation_fixed_epochs,40,0.5253713130950928,
60min,TCN,1,2028,train_plus_validation_fixed_epochs,41,0.4810386598110199,
60min,TCN,1,2028,train_plus_validation_fixed_epochs,42,0.5098775625228882,
60min,TCN,1,2028,train_plus_validation_fixed_epochs,43,0.4680931866168976,
60min,TCN,1,2028,train_plus_validation_fixed_epochs,44,0.48883113265037537,
60min,TCN,1,2028,train_plus_validation_fixed_epochs,45,0.4432540535926819,
60min,TCN,1,2028,train_plus_validation_fixed_epochs,46,0.46007007360458374,
60min,TCN,1,2028,train_plus_validation_fixed_epochs,47,0.43288370966911316,
60min,TCN,1,2028,train_plus_validation_fixed_epochs,48,0.4361429512500763,
60min,TCN,1,2028,train_plus_validation_fixed_epochs,49,0.43603095412254333,
60min,TCN,1,2028,train_plus_validation_fixed_epochs,50,0.4127330780029297,
60min,TCN,1,2028,train_plus_validation_fixed_epochs,51,0.40604567527770996,
60min,TCN,1,2028,train_plus_validation_fixed_epochs,52,0.4084165692329407,
60min,TCN,1,2028,train_plus_validation_fixed_epochs,53,0.3712780177593231,
60min,TCN,1,2028,train_plus_validation_fixed_epochs,54,0.40016764402389526,
60min,TCN,1,2028,train_plus_validation_fixed_epochs,55,0.37088051438331604,
60min,TCN,1,2028,train_plus_validation_fixed_epochs,56,0.3651631772518158,
60min,TCN,1,2028,train_plus_validation_fixed_epochs,57,0.34157034754753113,
60min,TCN,1,2028,train_plus_validation_fixed_epochs,58,0.345862478017807,
60min,TCN,1,2028,train_plus_validation_fixed_epochs,59,0.3548135459423065,
60min,TCN,1,2028,train_plus_validation_fixed_epochs,60,0.32030948996543884,
60min,TCN,1,2028,train_plus_validation_fixed_epochs,61,0.33946722745895386,
60min,TCN,1,2028,train_plus_validation_fixed_epochs,62,0.3378269672393799,
60min,TCN,1,2028,train_plus_validation_fixed_epochs,63,0.3354380130767822,
60min,TCN,1,2028,train_plus_validation_fixed_epochs,64,0.3072279095649719,
60min,TCN,1,2028,train_plus_validation_fixed_epochs,65,0.30323469638824463,
60min,TCN,1,2028,train_plus_validation_fixed_epochs,66,0.2827785909175873,
60min,TCN,1,2028,train_plus_validation_fixed_epochs,67,0.3066248297691345,
60min,TCN,1,2028,train_plus_validation_fixed_epochs,68,0.29584524035453796,
60min,TCN,1,2028,train_plus_validation_fixed_epochs,69,0.29213348031044006,
60min,TCN,1,2028,train_plus_validation_fixed_epochs,70,0.2549472749233246,
60min,TCN,1,2028,train_plus_validation_fixed_epochs,71,0.32174965739250183,
60min,TCN,1,2028,train_plus_validation_fixed_epochs,72,0.2843405306339264,
60min,TCN,1,2028,train_plus_validation_fixed_epochs,73,0.2816559076309204,
60min,TCN,1,2028,train_plus_validation_fixed_epochs,74,0.276177316904068,
60min,TCN,1,2028,train_plus_validation_fixed_epochs,75,0.27389469742774963,
60min,TCN,1,2028,train_plus_validation_fixed_epochs,76,0.27783510088920593,
60min,TCN,1,2028,train_plus_validation_fixed_epochs,77,0.247222900390625,
